,subreddit,subscribers,topic,subreddit_id,time
0,r/comicbookmovies,249284,Movies,t5_2qx71,1729696512.870068
1,r/titanfolk,249270,"Reading, Writing, and Literature",t5_ioe0d,1729696512.890909
2,r/blackdesertonline,249158,Gaming,t5_2w6ir,1729696512.909955
3,r/SpotifyPlaylists,249119,Music,t5_2szwj,1729696512.929468
4,r/TheLitSide,248925,Mature Themes and Adult Content,t5_bdjs18,1729696512.9487329
5,r/KneadyCats,248917,Animals and Pets,t5_3gtur,1729696512.975343
6,r/beatles,248808,Music,t5_2qt7l,1729696512.993731
7,r/FallenOrder,248796,Gaming,t5_k8d8d,1729696513.012293
8,r/robotics,248464,Technology,t5_2qh0p,1729696513.030709
9,r/learnspanish,248164,Learning and Education,t5_2rd6d,1729696513.0514188
10,r/McMansionHell,247882,Home and Garden,t5_3mscn,1729696513.111829
11,r/christmas,247857,"Culture, Race, and Ethnicity",t5_2qi2n,1729696513.130754
12,r/drums,247651,Music,t5_2qie5,1729696513.15516
13,r/bookshelf,247540,Home and Garden,t5_2s9t6,1729696513.173738
14,r/Pikabu,247246,Internet Culture and Memes,t5_2tzr0,1729696513.192428
15,r/OnlyFansReviews,247245,Mature Themes and Adult Content,t5_3odb7,1729696513.211052
16,r/southafrica,247078,Place,t5_2qney,1729696513.2296078
17,r/HonkaiStarRail_leaks,246918,Gaming,t5_55njyr,1729696513.2481332
18,r/Edinburgh,246667,Place,t5_2rffi,1729696513.266752
19,r/maryland,246594,Place,t5_2qnnv,1729696513.2854788
20,r/Stormlight_Archive,246564,"Reading, Writing, and Literature",t5_2sq9v,1729696513.304205
21,r/airfryer,246514,Food and Drink,t5_33pim,1729696513.322826
22,r/nosurf,246432,Addiction Support,t5_2st2y,1729696513.341397
23,r/trailmeals,246375,Food and Drink,t5_2t6xo,1729696513.36039
24,r/Papaplatte,246089,Podcasts and Streamers,t5_xwqca,1729696513.379494
25,r/romemes,246078,Funny/Humor,t5_fv831,1729696513.3978398
26,r/ClothedCurves,245638,Mature Themes and Adult Content,t5_2xlmop,1729696513.416089
27,r/suns,245585,Sports,t5_2szvb,1729696513.435976
28,r/Finland,245561,Place,t5_2qztz,1729696513.455362
29,r/infp,245287,Ethics and Philosophy,t5_2qn2o,1729696513.475457
30,r/software,245144,Technology,t5_2qh19,1729696513.4946618
31,r/firstimpression,244893,Meta/Reddit,t5_2sg6k,1729696513.5130801
32,r/nier,244885,Gaming,t5_2w4iz,1729696513.531281
33,r/PokemonGoSpoofing,244710,Gaming,t5_3fekc,1729696513.549355
34,r/JRPG,244690,Gaming,t5_2quw1,1729696513.56746
35,r/bikewrench,244540,Hobbies,t5_2sje0,1729696513.585637
36,r/animalid,244523,Animals and Pets,t5_2s27w,1729696513.6038039
37,r/MemesBR,244415,Internet Culture and Memes,t5_lana1,1729696513.621912
38,r/Miami,244393,Place,t5_2qi76,1729696513.6406
39,r/Egypt,244373,Place,t5_2ql2m,1729696513.65901
40,r/farcry,244266,Gaming,t5_2st42,1729696513.677643
41,r/AskMechanics,244019,Learning and Education,t5_2vsnf,1729696513.696206
42,r/Bellapoarch,243969,Mature Themes and Adult Content,t5_31s798,1729696513.7146728
43,r/ShroomID,243951,Learning and Education,t5_2xpli,1729696513.733502
44,r/PSVR,243682,Gaming,t5_3102i,1729696513.7521951
45,r/maximalism,243625,Home and Garden,t5_2vpe6,1729696513.770365
46,r/LowSodiumCyberpunk,243275,Gaming,t5_3jhabn,1729696513.788571
47,r/Mid_Century,243239,Home and Garden,t5_2syz6,1729696513.807063
48,r/diamondpainting,242893,Crafts and DIY,t5_3fbdu,1729696513.825123
49,r/Visiblemending,242849,Crafts and DIY,t5_wfdvn,1729696513.844403
50,r/PhoenixSC,242820,Podcasts and Streamers,t5_m6qqr,1729696513.8627148
51,r/Cryptozoology,242815,Internet Culture and Memes,t5_2qyez,1729696513.880769
52,r/Etsy,242704,Marketplace and Deals,t5_2qq24,1729696513.898722
53,r/writers,242637,"Reading, Writing, and Literature",t5_2r1ti,1729696513.916807
54,r/gif,242580,Internet Culture and Memes,t5_2qmfx,1729696513.935068
55,r/rockhounds,242519,Hobbies,t5_2rbfx,1729696513.95328
56,r/scaryeddie,242310,Internet Culture and Memes,t5_6pepzo,1729696513.971939
57,r/Serverlife,242247,Careers,t5_31zbw,1729696513.9903748
58,r/Songwriters,242144,Music,t5_2qtpz,1729696514.009077
59,r/volleyball,242139,Sports,t5_2rcxy,1729696514.02778
60,r/whatintarnation,242022,Internet Culture and Memes,t5_3irjz,1729696514.046365
61,r/gamedesign,241981,Gaming,t5_2qimq,1729696514.065074
62,r/IndianCinema,241936,Movies,t5_2t24o,1729696514.083563
63,r/MensLib,241831,Men's Health,t5_38jid,1729696514.102516
64,r/androiddev,241722,Technology,t5_2r26y,1729696514.121166
65,r/ElectricalEngineering,241637,Science,t5_2sey9,1729696514.139822
66,r/IncreasinglyVerbose,241594,Internet Culture and Memes,t5_3i5tr,1729696514.1587782
67,r/askTO,241522,Place,t5_2xjsd,1729696514.177058
68,r/CompTIA,241412,Learning and Education,t5_2skgs,1729696514.195713
69,r/GlowUps,240839,Beauty and Makeup,t5_ruinb,1729696514.2142022
70,r/namethatcar,240828,Cars and Motor Vehicles,t5_2ykjl,1729696514.232818
71,r/ACQR,240547,Gaming,t5_2xd2g,1729696514.251605
72,r/vanderpumprules,240505,Television,t5_302zw,1729696514.270335
73,r/transtimelines,240408,Gender,t5_2u0oa,1729696514.2888598
74,r/airplaneears,240399,Animals and Pets,t5_hwe5w,1729696514.308309
75,r/MuayThai,240366,Sports,t5_2r60y,1729696514.326899
76,r/opensource,240097,Technology,t5_2qh4n,1729696514.3454819
77,r/GoNets,240017,Sports,t5_2sro2,1729696514.3641129
78,r/canadahousing,239854,Activism,t5_425dri,1729696514.382365
79,r/gamingpc,239685,Gaming,t5_2sq2y,1729696514.40101
80,r/consoles,239624,Gaming,t5_2qxn6,1729696514.419795
81,r/TopSecretRecipes,239544,Food and Drink,t5_3e7xo,1729696514.437783
82,r/ObscureMedia,239485,Movies,t5_2rgdp,1729696514.4554381
83,r/deliciouscompliance,239471,Food and Drink,t5_3i00e,1729696514.4734368
84,r/deals,239378,Marketplace and Deals,t5_2qir9,1729696514.491269
85,r/ImaginaryWesteros,239374,Art,t5_2zkop,1729696514.509265
86,r/lies,239147,Funny/Humor,t5_2qloj,1729696514.527456
87,r/DeathStranding,239029,Gaming,t5_3f19t,1729696514.545726
88,r/tijuana,239022,Place,t5_2qk9t,1729696514.5641332
89,r/GlamourSchool,238954,Beauty and Makeup,t5_2dpu97,1729696514.582593
90,r/ArtistLounge,238723,Art,t5_2yjxy,1729696514.601287
91,r/Dashcam,238546,Cars and Motor Vehicles,t5_2ties,1729696514.6200461
92,r/secretcompartments,238515,Crafts and DIY,t5_3ge9x,1729696514.638605
93,r/swtor,238454,Gaming,t5_2qxih,1729696514.664525
94,r/iOSBeta,238451,Technology,t5_2sjys,1729696514.6838698
95,r/Slovakia,238410,Place,t5_2qyjb,1729696514.703203
96,r/battlefield2042,238407,Gaming,t5_3ocea6,1729696514.72267
97,r/talesfromcallcenters,238361,Careers,t5_2urem,1729696514.741917
98,r/InclusiveOr,238338,Internet Culture and Memes,t5_gsy4u,1729696514.761277
99,r/firstmarathon,238319,Fitness and Nutrition,t5_2xq8o,1729696514.782363
100,r/MrRobot,238074,Television,t5_37dnc,1729696514.803505
101,r/IndianSkincareAddicts,237625,Beauty and Makeup,t5_gx07z,1729696514.825697
102,r/TwoRedditorsOneCup,237594,Meta/Reddit,t5_3577y,1729696514.8471942
103,r/aspiememes,237418,Internet Culture and Memes,t5_aeo7s,1729696514.869076
104,r/2westerneurope4u,236977,"Culture, Race, and Ethnicity",t5_66zq15,1729696514.890736
105,r/TVTooHigh,236885,Home and Garden,t5_26mowr,1729696514.9145741
106,r/thecatdimension,236843,Animals and Pets,t5_39hkk,1729696514.93607
107,r/NoLawns,236732,Home and Garden,t5_u037o,1729696514.957727
108,r/Animey,236643,Anime,t5_118l32,1729696514.9792929
109,r/JustUnsubbed,236617,Meta/Reddit,t5_34bcl,1729696515.000111
110,r/polls,236568,Meta/Reddit,t5_2qh65,1729696515.020753
111,r/lockpicking,236407,Hobbies,t5_2qh7k,1729696515.040771
112,r/LegalAdviceEurope,236402,Law,t5_21xbu6,1729696515.061045
113,r/Entomology,236332,Science,t5_2qygr,1729696515.080962
114,r/Presidents,236318,History,t5_2qwlm,1729696515.1011689
115,r/SonyAlpha,236176,Art,t5_2si08,1729696515.121033
116,r/riskofrain,236049,Gaming,t5_2wi6h,1729696515.141249
117,r/TheNightFeeling,236010,Art,t5_3foq3,1729696515.160675
118,r/AustralianPolitics,235990,Politics,t5_2snwr,1729696515.1790478
119,r/Monitors,235950,Technology,t5_2ts2a,1729696515.197422
120,r/askcarsales,235873,Cars and Motor Vehicles,t5_2vhkv,1729696515.2160408
121,r/GymPawg,235692,Mature Themes and Adult Content,t5_6r56z5,1729696515.2356448
122,r/cookiedecorating,235563,Food and Drink,t5_2xe5x,1729696515.263691
123,r/DivinityOriginalSin,235458,Gaming,t5_2x1t5,1729696515.2874901
124,r/Ubuntu,235348,Technology,t5_2qh62,1729696515.308779
125,r/HungryArtists,235310,Art,t5_2wx1w,1729696515.328633
126,r/Tiresaretheenemy,235245,Funny/Humor,t5_3576x,1729696515.348593
127,r/fashionph,235023,Fashion,t5_3jb9xo,1729696515.368685
128,r/Wordpress,234825,Programming,t5_2qhjq,1729696515.3887842
129,r/Israel,234777,Place,t5_2qhvo,1729696515.408648
130,r/GIMP,234606,Technology,t5_2que6,1729696515.428957
131,r/GothGirls,234598,Fashion,t5_2v5ap,1729696515.4488058
132,r/spiderbro,233989,Animals and Pets,t5_2swdx,1729696515.468731
133,r/RedditInTheKitchen,233914,Food and Drink,t5_2dpthm,1729696515.488839
134,r/nashville,233875,Place,t5_2qimh,1729696515.508841
135,r/PinoyProgrammer,233779,Programming,t5_33gof,1729696515.528916
136,r/redditrequest,233767,Meta/Reddit,t5_2rlnw,1729696515.549558
137,r/astrologymemes,233749,Internet Culture and Memes,t5_3ndue,1729696515.5698822
138,r/pittsburgh,233664,Place,t5_2qhrn,1729696515.590986
139,r/Monopoly_GO,233660,Gaming,t5_7zifh8,1729696515.6118872
140,r/TikTok,233574,Funny/Humor,t5_34883,1729696515.631944
141,r/TedLasso,233563,Television,t5_26lae1,1729696515.653028
142,r/Mandalorian,233528,Television,t5_2toao,1729696515.673082
143,r/WeirdWheels,233361,Cars and Motor Vehicles,t5_31dn6,1729696515.693535
144,r/KeepWriting,233253,"Reading, Writing, and Literature",t5_2tl2y,1729696515.7137432
145,r/itsaunixsystem,233148,Technology,t5_2xxaq,1729696515.73377
146,r/Gundam,232987,Television,t5_2sjr4,1729696515.753155
147,r/FIREUK,232623,"Business, Economics, and Finance",t5_39jiw,1729696515.773268
148,r/Thatsactuallyverycool,232418,Internet Culture and Memes,t5_2gxqvk,1729696515.793895
149,r/curlygirl,232258,Beauty and Makeup,t5_3gm54,1729696515.813457
150,r/Indianbooks,232069,"Reading, Writing, and Literature",t5_2tiju,1729696515.834795
151,r/Fishingmemes,232029,Hobbies,t5_utbgx,1729696515.854829
152,r/AnimeMeme,231970,Anime,t5_2wdgo,1729696515.8735192
153,r/IndianHistory,231936,History,t5_2vzxs,1729696515.891924
154,r/ChatGPTPromptGenius,231786,Technology,t5_7oabud,1729696515.909986
155,r/InternetPH,231703,Technology,t5_wsr3a,1729696515.928305
156,r/Scary,231495,Mature Themes and Adult Content,t5_2ql2q,1729696515.946333
157,r/triathlon,231434,Sports,t5_2qhyh,1729696515.964729
158,r/LocalLLaMA,231411,Technology,t5_81eyvm,1729696515.983147
159,r/Mosses,230986,Outdoors and Nature,t5_36hg6,1729696516.0025978
160,r/redditmoment,230974,Meta/Reddit,t5_10xdjv,1729696516.022006
161,r/pagan,230515,Religion and Spirituality,t5_2rmnm,1729696516.040394
162,r/Catholicism,230492,Religion and Spirituality,t5_2qi4f,1729696516.0585759
163,r/MLBTheShow,230360,Sports,t5_2tjde,1729696516.0766778
164,r/sploot,230244,Animals and Pets,t5_37kco,1729696516.094757
165,r/amazon,229724,Technology,t5_2qjnx,1729696516.1128268
166,r/Appalachia,229496,Place,t5_2r9x7,1729696516.131006
167,r/ender3,229442,Technology,t5_i3pca,1729696516.149246
168,r/CBSE,229381,Careers,t5_2qt79,1729696516.167503
169,r/HollowKnightMemes,228955,Gaming,t5_j958e,1729696516.185662
170,r/CanadaPolitics,228941,Politics,t5_2s4gt,1729696516.2038069
171,r/Lost_Architecture,228755,History,t5_3l7lg,1729696516.222183
172,r/recipegifs,228701,Food and Drink,t5_38vv1,1729696516.240405
173,r/UPSC,228647,Learning and Education,t5_2tcq6,1729696516.2593658
174,r/ageofsigmar,228410,Tabletop Games,t5_38pa9,1729696516.279082
175,r/masterhacker,228257,Internet Culture and Memes,t5_3eo2g,1729696516.298832
176,r/XXXTENTACION,228143,Music,t5_3ecrg,1729696516.317055
177,r/mspaint,228083,Art,t5_2r370,1729696516.334935
178,r/Machinists,228078,Careers,t5_2s1ie,1729696516.3530161
179,r/Shortsqueeze,227980,"Business, Economics, and Finance",t5_2qaj0q,1729696516.3721778
180,r/ManchesterUnited,227964,Sports,t5_2r3io,1729696516.3905249
181,r/overlanding,227892,Travel,t5_2sm62,1729696516.408683
182,r/JeffArcuri,227555,Funny/Humor,t5_740oig,1729696516.426634
183,r/F1Game,227240,Gaming,t5_33sdn,1729696516.44474
184,r/ExperiencedDevs,227034,Programming,t5_e0gez,1729696516.4630752
185,r/BreakfastFood,226923,Food and Drink,t5_2sk2y,1729696516.4814022
186,r/SpeedOfLobsters,226850,Internet Culture and Memes,t5_opcpz,1729696516.499858
187,r/facebook,226771,Technology,t5_2qh8o,1729696516.518496
188,r/JuiceWRLD,226594,Music,t5_gm2ug,1729696516.537322
189,r/NewSkaters,226474,Sports,t5_2tqri,1729696516.556041
190,r/darkestdungeon,226368,Gaming,t5_2znp4,1729696516.574772
191,r/Drizzy,226245,Music,t5_2z4xo,1729696516.59372
192,r/mtg,226092,Tabletop Games,t5_2qhnp,1729696516.612457
193,r/miamidolphins,225989,Sports,t5_2s20n,1729696516.631111
194,r/Mountaineering,225736,Hobbies,t5_2tbyb,1729696516.649785
195,r/kittens,225633,Animals and Pets,t5_2qn3z,1729696516.668252
196,r/murdermittens,225402,Animals and Pets,t5_dgeh6,1729696516.6866581
197,r/SampleSize,225386,Science,t5_2tlqg,1729696516.7052999
198,r/DnDHomebrew,225324,Tabletop Games,t5_2xzpc,1729696516.723902
199,r/coins,225298,Hobbies,t5_2qhuq,1729696516.7431219
200,r/Youtooz,225278,Hobbies,t5_w5oni,1729696516.761651
201,r/submarines,225148,Military,t5_2s3g2,1729696516.779605
202,r/badUIbattles,224914,Programming,t5_lpjvv,1729696516.798029
203,r/Georgia,224662,Place,t5_2ql6n,1729696516.816531
204,r/tretinoin,224426,Medical and Mental Health,t5_31nsz,1729696516.8353999
205,r/sanantonio,224196,Place,t5_2qqch,1729696516.8534882
206,r/NBASpurs,224107,Sports,t5_2s53b,1729696516.872159
207,r/Borderlands2,224009,Gaming,t5_2spu9,1729696516.890432
208,r/surrealism,224005,Art,t5_2ratq,1729696516.90881
209,r/worldnewsvideo,223897,World News,t5_31m0v,1729696516.927076
210,r/drones,223848,Technology,t5_2rudk,1729696516.945523
211,r/quilting,223596,Crafts and DIY,t5_2rjcg,1729696516.9641442
212,r/Letterboxd,223593,Movies,t5_2vts7,1729696516.982211
213,r/IndieDev,223541,Programming,t5_2t1dz,1729696517.000232
214,r/ChineseLanguage,223495,Learning and Education,t5_2qyz1,1729696517.018618
215,r/Whatisthis,223404,Learning and Education,t5_2qtwp,1729696517.0372312
216,r/judo,223235,Sports,t5_2qkzy,1729696517.0559292
217,r/SexyButNotNude,223156,Mature Themes and Adult Content,t5_75rqq0,1729696517.074408
218,r/dataengineering,223039,Programming,t5_36en4,1729696517.092866
219,r/Brooklyn,223020,Place,t5_2qme3,1729696517.111701
220,r/PS3,222941,Gaming,t5_2qhhw,1729696517.130462
221,r/hellsomememes,222831,Internet Culture and Memes,t5_3l0jy,1729696517.14927
222,r/ClashOfClansRecruit,222710,Gaming,t5_30jzq,1729696517.167726
223,r/cutouts,222699,Art,t5_2uny2,1729696517.185965
224,r/papgrappen,222670,Funny/Humor,t5_31t2z,1729696517.20562
225,r/kettlebell,222486,Fitness and Nutrition,t5_2rpqv,1729696517.224161
226,r/metaldetecting,222477,Hobbies,t5_2rizx,1729696517.242191
227,r/slaythespire,222308,Gaming,t5_3hbbd,1729696517.260915
228,r/khajiithaswares,222117,Animals and Pets,t5_3894q,1729696517.279692
229,r/TheExpanse,222105,Television,t5_2xi70,1729696517.298235
230,r/Tecnologia,222103,Technology,t5_2qm9x,1729696517.316885
231,r/Indian_Academia,221956,Learning and Education,t5_idfco,1729696517.335548
232,r/TILI,221901,Internet Culture and Memes,t5_2zfhy,1729696517.354243
233,r/Vechain,221898,Crypto,t5_3osjr,1729696517.3733408
234,r/legal,221795,Law,t5_2qhsb,1729696517.391653
235,r/whatisit,221500,Learning and Education,t5_2r397,1729696517.409756
236,r/dubstep,221499,Music,t5_2qi8s,1729696517.427978
237,r/questions,221229,Learning and Education,t5_2qici,1729696517.4458408
238,r/insects,221207,Animals and Pets,t5_2r87c,1729696517.4637609
239,r/AnimalsBeingMoms,220643,Animals and Pets,t5_37h9r,1729696517.481684
240,r/wholesomejojo,220638,Anime,t5_nn1fx,1729696517.499713
241,r/revancedapp,220302,Programming,t5_61bp4y,1729696517.5180511
242,r/motorcycle,220117,Cars and Motor Vehicles,t5_2qpvo,1729696517.536282
243,r/goodyearwelt,220084,Hobbies,t5_2w64o,1729696517.5543659
244,r/granturismo,219868,Gaming,t5_2s4f7,1729696517.5725582
245,r/Gameboy,219867,Gaming,t5_2s0qt,1729696517.591263
246,r/lawschooladmissions,219773,Law,t5_2y2gn,1729696517.609822
247,r/flashlight,219341,Technology,t5_2qjmy,1729696517.6284
248,r/AujourdhuiJaiAppris,219302,Learning and Education,t5_6a8o0p,1729696517.647094
249,r/Starlink,219173,Technology,t5_2qpxi,1729696517.6683688
