,subreddit,subscribers,topic,subreddit_id,time
0,r/dawless,6973,Music,t5_3f24j,1729698302.754692
1,r/melodic_tech_house,6973,Music,t5_3ho4x,1729698302.775977
2,r/Scrypted,6972,Technology,t5_5elq1l,1729698302.794315
3,r/BotsScrewingUp,6971,Meta/Reddit,t5_2zdu2,1729698302.813084
4,r/Cafe_Infinito,6971,Podcasts and Streamers,t5_36llrb,1729698302.833269
5,r/CosplayCharacters,6971,Hobbies,t5_c0kc6h,1729698302.865403
6,r/itskirtichow,6971,Podcasts and Streamers,t5_33w5nz,1729698302.884232
7,r/maddhuntt,6971,Celebrity,t5_3o05kt,1729698302.9029708
8,r/Witch_Crafts,6971,Crafts and DIY,t5_2nlcez,1729698302.92148
9,r/appdev,6970,Programming,t5_2sk0r,1729698302.940277
10,r/DebtAdvice,6970,"Business, Economics, and Finance",t5_2tcsh,1729698303.007967
11,r/MaggieRogers,6970,Music,t5_3ev63,1729698303.02669
12,r/Complextro,6969,Music,t5_2scdk,1729698303.0522912
13,r/ConcertBand,6969,Music,t5_2spk0,1729698303.071126
14,r/kaguya_memes,6969,Internet Culture and Memes,t5_viuhl,1729698303.089849
15,r/aksjer,6968,"Business, Economics, and Finance",t5_3aql8,1729698303.108474
16,r/AnabolicEating,6968,Fitness and Nutrition,t5_2w68qp,1729698303.1270778
17,r/DeeBlock,6968,Podcasts and Streamers,t5_7f36mo,1729698303.145833
18,r/homebuildingcanada,6968,Home and Garden,t5_2xholn,1729698303.164747
19,r/AmazonWFShoppers,6967,Careers,t5_xe4h1,1729698303.1854641
20,r/BambuLab_Community,6967,Technology,t5_9f6q15,1729698303.204618
21,r/BattleForTheGrid,6967,Gaming,t5_uwea8,1729698303.2240682
22,r/schenectady,6966,Place,t5_2te0e,1729698303.242607
23,r/Erma,6964,Art,t5_hr5ff,1729698303.261292
24,r/ameliadimoldenberg,6963,Mature Themes and Adult Content,t5_3bi03v,1729698303.2799628
25,r/HangoutFest,6963,Music,t5_2twz3,1729698303.298694
26,r/StraightTalk,6963,Technology,t5_2y5ia,1729698303.317278
27,r/websecurity,6963,Technology,t5_2qvfc,1729698303.336502
28,r/AuliiCravalho,6962,Celebrity,t5_3aa4l,1729698303.3555079
29,r/JeepGrandCherokee,6962,Cars and Motor Vehicles,t5_3jf8u,1729698303.374292
30,r/MeetYourMakerGame,6962,Gaming,t5_5uk6ia,1729698303.3936682
31,r/RobloxAvatarReview,6962,Gaming,t5_2hna9j,1729698303.4121778
32,r/SacramentoFoodies,6962,Food and Drink,t5_6sinwh,1729698303.431156
33,r/OnlyBuns,6961,Animals and Pets,t5_2kznrx,1729698303.44997
34,r/windowsmemes,6961,Internet Culture and Memes,t5_3387v,1729698303.468556
35,r/BritPop,6958,Music,t5_2tndw,1729698303.487061
36,r/TeenBodybuilding,6958,Fitness and Nutrition,t5_2vabz,1729698303.505813
37,r/petslover1,6957,Animals and Pets,t5_4vkma8,1729698303.5246751
38,r/AudioPlugins,6955,Music,t5_4byvl,1729698303.543287
39,r/Komekko,6955,Anime,t5_y27oh,1729698303.562113
40,r/SouthgateMemes,6955,Sports,t5_l7e4l,1729698303.5808792
41,r/stockport,6955,Place,t5_309r1,1729698303.599745
42,r/Tokidoki,6955,Hobbies,t5_2s9pk,1729698303.617992
43,r/LolCowLive,6954,Podcasts and Streamers,t5_9y8nnn,1729698303.6367471
44,r/Welocalize,6954,Careers,t5_4uauxw,1729698303.6554399
45,r/DragKings,6953,Hobbies,t5_37u9r,1729698303.6746829
46,r/C418,6952,Music,t5_2t1t7,1729698303.69488
47,r/cism,6952,Careers,t5_2y4fu,1729698303.714091
48,r/DuroGang,6951,Hobbies,t5_45hyrr,1729698303.733114
49,r/f150ecoboost,6951,Cars and Motor Vehicles,t5_2xk5d,1729698303.752063
50,r/fembojs,6951,Gender,t5_5tl9z7,1729698303.770823
51,r/regulatoryaffairs,6951,Careers,t5_316ns,1729698303.7892082
52,r/blahajworshipers,6950,Gender,t5_8klufp,1729698303.807646
53,r/graphicdesigntools,6950,Art,t5_3jt0w,1729698303.826782
54,r/Lamotrigine,6949,Medical and Mental Health,t5_2b37pf,1729698303.846058
55,r/LibreWolf,6949,Technology,t5_3qrw5l,1729698303.8661802
56,r/lunch,6949,Food and Drink,t5_2rmm7,1729698303.8853009
57,r/medicalvaPH,6949,Careers,t5_aam52g,1729698303.903918
58,r/AnneMarieMorin_,6948,New sub for Anne Marie Morin aka cloudynoir,t5_5aohpv,1729698303.9226398
59,r/itshannahmsdsnarkfest,6948,Celebrity,t5_7uclch,1729698303.941143
60,r/cactusplantfleamarket,6947,Fashion,t5_10q5fi,1729698303.959917
61,r/RayDonovan,6947,Television,t5_2t5rq,1729698303.978666
62,r/ResumeCoverLetterTips,6947,Careers,t5_3fwqp,1729698303.997928
63,r/Vlaanderen,6947,Place,t5_2r1r3,1729698304.016692
64,r/CryptoAnarchy,6946,The discussion of modern secure systems for privacy.,t5_2smdi,1729698304.0355358
65,r/peenixsc,6946,Podcasts and Streamers,t5_8vojna,1729698304.0544808
66,r/battd,6945,Gaming,t5_libt0,1729698304.072895
67,r/OPZuser,6945,Technology,t5_hwh2f,1729698304.0915751
68,r/synth,6945,Music,t5_2qsda,1729698304.110003
69,r/TheApparatus,6944,Sports,t5_3fta2k,1729698304.128619
70,r/YourHonorTV,6944,Television,t5_3pb6u,1729698304.147327
71,r/norwegian,6943,Learning and Education,t5_2shu7,1729698304.165369
72,r/OPMFolk,6943,Anime,t5_67d35g,1729698304.185921
73,r/TheStorySoFar,6943,Music,t5_2y0uy,1729698304.204868
74,r/Desijohnson_,6941,Celebrity,t5_9uwrcs,1729698304.2237198
75,r/eliteoutfitters,6940,Gaming,t5_37am0,1729698304.242197
76,r/RHONY,6940,Television,t5_pnkr2,1729698304.260729
77,r/KnitRequest,6939,Crafts and DIY,t5_2s4n8,1729698304.2790558
78,r/perfectlycutBONK,6939,A sub for perfectly cut BONKs,t5_vpwcd,1729698304.297659
79,r/wisp,6939,Technology,t5_2se6g,1729698304.316127
80,r/ComputerChess,6938,Technology,t5_2xk7z,1729698304.335839
81,r/hum,6938,Music,t5_2xfkx,1729698304.3545978
82,r/MCULeaks2,6937,Movies,t5_81yadn,1729698304.373355
83,r/Plato,6937,Ethics and Philosophy,t5_2rwy7,1729698304.3921332
84,r/QVC,6937,Marketplace and Deals,t5_2u7vz,1729698304.4109828
85,r/everskiestrashhh,6936,Gaming,t5_8lia6y,1729698304.429709
86,r/Fiddle,6936,Music,t5_2qu5r,1729698304.4481988
87,r/Neurodivergent,6936,Medical and Mental Health,t5_4rmbda,1729698304.466789
88,r/covers,6935,Music,t5_2rj4w,1729698304.485228
89,r/okbuddyAdviceAnimals,6935,Internet Culture and Memes,t5_2hk5t0,1729698304.503996
90,r/socialbroken_billa,6935,"Welcome to our SocialBrokenBilla__!!! __*THIS SUBRED PROVIDED CONTENT IS FREE OF COPYRIGHT.!!___ This subreddit is dedicated to NSFW Indian/desi and Random homemade videos. (Random, Influencer, celebrity, Etc..) community's Aim is to Provide & Encourage Indian Adult rather than the foreigner's.(MADE IN INDIA_!!!) Our Aim is to foster a community of Indian NSFW, and random local stuff. To discuss, and share the various India based stuff.",t5_b6e87n,1729698304.5225348
91,r/MissEm_Emily,6933,Subreddit For Instagram Influencer MissEmOfficial aka _Miss.em_ aka emilysalerno.co (Emily),t5_i1kog,1729698304.541085
92,r/niagarafallsontario,6933,Place,t5_3h8v6,1729698304.559942
93,r/aircooled,6932,Cars and Motor Vehicles,t5_2sbcp,1729698304.578857
94,r/alignerr,6932,Technology,t5_bnxb7w,1729698304.5975711
95,r/RWBYOC,6932,Anime,t5_2yu61,1729698304.6161869
96,r/docsie,6930,Technology,t5_m4koy,1729698304.634627
97,r/Earrings,6929,Fashion,t5_2tby6,1729698304.653148
98,r/FireEmblemEngage_,6929,Gaming,t5_719yf1,1729698304.671836
99,r/Sparkladies,6929,Mature Themes and Adult Content,t5_6uvflg,1729698304.693123
100,r/wildernessmedicine,6929,Careers,t5_2wiyf,1729698304.712526
101,r/automower,6928,Home and Garden,t5_3llvd,1729698304.731488
102,r/CAA,6927,Careers,t5_2s39v,1729698304.750651
103,r/AverageJoeAudiophile,6926,Technology,t5_35kfx,1729698304.769331
104,r/CatTV,6926,Animals and Pets,t5_2gjqq5,1729698304.7881448
105,r/Gaza,6925,Place,t5_2qr46,1729698304.806483
106,r/NissanTitan,6925,Cars and Motor Vehicles,t5_37e5u,1729698304.826119
107,r/1500isplentyVegan,6924,Food and Drink,t5_sbspw,1729698304.845042
108,r/FrutigerMetro,6924,Art,t5_7q3vy9,1729698304.863971
109,r/GlobalNews,6924,World News,t5_2qiin,1729698304.8826208
110,r/RobloxDevelopers,6924,Gaming,t5_3cy28,1729698304.901441
111,r/Vendorsofkratom2,6924,Mature Themes and Adult Content,t5_6nxugc,1729698304.9201212
112,r/RidersgossipDK,6921,Sports,t5_6ocwwb,1729698304.9389539
113,r/vndevs,6920,"Reading, Writing, and Literature",t5_2zmuz,1729698304.957624
114,r/Casual_Photography,6919,Technology,t5_rvo27,1729698304.9760902
115,r/SSX,6919,Gaming,t5_2t5bw,1729698304.994847
116,r/StrikePack,6919,Gaming,t5_31af8n,1729698305.013695
117,r/loveislandthegametwo,6918,Gaming,t5_5wdbqc,1729698305.032467
118,r/stickerstore,6918,"Business, Economics, and Finance",t5_wag5l,1729698305.051266
119,r/Knightsanddragons,6917,Gaming,t5_2xuyy,1729698305.069943
120,r/eSIMs,6916,Technology,t5_2e8765,1729698305.088445
121,r/MiniDayZ,6916,Gaming,t5_31lru,1729698305.106978
122,r/gentlemanimals,6915,When animals act like people and think they are human...silly silly pets.,t5_2tq95,1729698305.125398
123,r/hogefinance,6915,Crypto,t5_3xnj8n,1729698305.144178
124,r/lawschooladmissionsca,6915,Learning and Education,t5_23u7km,1729698305.162596
125,r/Novelnews,6915,"Reading, Writing, and Literature",t5_bkqylb,1729698305.181628
126,r/engineteststands,6914,Science,t5_2vf91,1729698305.201301
127,r/KardiaChain,6914,Crypto,t5_saj0l,1729698305.220329
128,r/LabVIEW,6914,Programming,t5_2rk9b,1729698305.239773
129,r/CollegeTransfer,6913,Learning and Education,t5_2ytt5,1729698305.258667
130,r/FemboyStyle,6912,Sexual Orientation,t5_47njhr,1729698305.2785401
131,r/merchantmarine,6912,Careers,t5_2thwj,1729698305.418134
132,r/BadTurtleNoLettuce,6911,Politics,t5_ufub8,1729698305.4395819
133,r/CraftDocs,6911,Technology,t5_3g3dcy,1729698305.458378
134,r/SIT_Singapore,6911,Learning and Education,t5_4ed93v,1729698305.476895
135,r/blitzcrankmains,6910,Gaming,t5_3aflg,1729698305.495641
136,r/MoviesTrue,6910,Movies,t5_8k0qnd,1729698305.523127
137,r/NebulousFleetCommand,6910,Gaming,t5_42kydt,1729698305.542144
138,r/trustedhousesitters,6910,"Business, Economics, and Finance",t5_6erhuw,1729698305.5608451
139,r/CelebrityBoots,6909,Celebrity,t5_25lup0,1729698305.579256
140,r/massspectrometry,6909,Science,t5_33xbg,1729698305.598043
141,r/teethdrumming,6909,Music,t5_2xaxk,1729698305.6736588
142,r/flairwars,6908,Meta/Reddit,t5_htj2i,1729698305.697121
143,r/GoatBarPrep,6908,Learning and Education,t5_82bnr6,1729698305.7237198
144,r/IndieComicBooks,6908,"Reading, Writing, and Literature",t5_z65gi,1729698305.7430432
145,r/tourism,6908,Travel,t5_2r16i,1729698305.761825
146,r/cyclothymia,6907,Medical and Mental Health,t5_2yibm,1729698305.780671
147,r/genki,6907,Learning and Education,t5_2ybsu,1729698305.799385
148,r/YouTubeCreators,6907,Podcasts and Streamers,t5_2vpwi,1729698305.81742
149,r/animeow_irl,6906,Relatable cats/catgirls/catboys in anime.,t5_3ajqj,1729698305.8346329
150,r/Assyriology,6906,History,t5_2vzwn,1729698305.853566
151,r/optimization,6906,Programming,t5_2r5f0,1729698305.8722408
152,r/UiPath,6906,Programming,t5_2y0ng,1729698305.8910809
153,r/BarRefaeli,6905,Celebrity,t5_2t16x,1729698305.9098701
154,r/Epic40k,6905,Tabletop Games,t5_2tq8b,1729698305.92886
155,r/Finches,6905,Animals and Pets,t5_2u1p9,1729698305.94753
156,r/VA_homegrown,6905,Mature Themes and Adult Content,t5_48vg0x,1729698305.966366
157,r/otternews,6903,r/otternews is a place for news relating to anything about otters.,t5_230zqb,1729698305.98497
158,r/AliensDarkDescent,6902,Gaming,t5_6i6svk,1729698306.003617
159,r/gayfortodd,6902,Celebrity,t5_38opp,1729698306.0225432
160,r/WarofTheWorlds,6902,"Reading, Writing, and Literature",t5_2vm25,1729698306.041845
161,r/WrestleWithTheLuchas,6902,Mature Themes and Adult Content,t5_4s5qrq,1729698306.062894
162,r/Tilburg,6901,Place,t5_2s4w2,1729698306.081505
163,r/BatmanCapedCrusader,6900,Television,t5_4g39v7,1729698306.10012
164,r/Springfield,6900,Place,t5_2qzl0,1729698306.1184168
165,r/TeenFemboysUK,6900,Sexual Orientation,t5_6id5eo,1729698306.1370509
166,r/TheProdigy,6899,Music,t5_2sq9b,1729698306.155852
167,r/Witchfire,6899,Gaming,t5_6mxgy,1729698306.17417
168,r/TwitchGooned,6898,Mature Themes and Adult Content,t5_8v8puo,1729698306.194486
169,r/anarchafeminism,6897,"For those who know that capital, the patriarchy and the state are intertwined and that one cannot be overthrown without also overthrowing the others.",t5_2slxv,1729698306.2138722
170,r/ClassicOffensive,6897,Gaming,t5_3g719,1729698306.232872
171,r/EquinoxGyms,6897,Fitness and Nutrition,t5_4804jw,1729698306.2518668
172,r/kdenlive,6897,Technology,t5_38211,1729698306.2705421
173,r/Pride_and_Positivity,6897,Gender,t5_2ep7vz,1729698306.289152
174,r/WesternArt,6897,Art,t5_3n33l,1729698306.307936
175,r/QUTreddit,6896,Learning and Education,t5_2rwys,1729698306.326175
176,r/NCTDream,6895,Music,t5_26fr7j,1729698306.3445928
177,r/dokidoki,6894,Gaming,t5_2zl30,1729698306.363277
178,r/transhealth,6894,Medical and Mental Health,t5_2uypj,1729698306.381623
179,r/AlicizationLycoris,6893,Gaming,t5_yziya,1729698306.400747
180,r/HiroshiNagai,6893,Art,t5_pggwr,1729698306.419512
181,r/invinciblememes,6893,Television,t5_28uycn,1729698306.438019
182,r/YesJulzSub,6893,Mature Themes and Adult Content,t5_ag32m3,1729698306.456612
183,r/cubscouts,6892,Hobbies,t5_2strn,1729698306.4752371
184,r/maxjustrisk,6892,"Business, Economics, and Finance",t5_4alsr6,1729698306.4939
185,r/mermaid,6892,Hobbies,t5_2slyx,1729698306.514144
186,r/OrangeCountyGangs,6892,Law,t5_52yxib,1729698306.5326972
187,r/PooCoin,6892,Crypto,t5_45e57e,1729698306.550913
188,r/SaladFingers,6892,Television,t5_2ub9l,1729698306.569634
189,r/UnexpectedEminem,6891,Internet Culture and Memes,t5_3etvk,1729698306.5882702
190,r/Anu,6890,Learning and Education,t5_2qtk2,1729698306.606921
191,r/fostalicska,6890,Internet Culture and Memes,t5_2gaehq,1729698306.625542
192,r/superpowers,6890,"Reading, Writing, and Literature",t5_2tie0,1729698306.6437
193,r/AsburyPark,6889,Place,t5_2thb1,1729698306.662475
194,r/IPO_India,6889,"Business, Economics, and Finance",t5_4aae43,1729698306.681227
195,r/MPX,6888,Mature Themes and Adult Content,t5_3h98v,1729698306.701488
196,r/redalert2,6888,Gaming,t5_2soqm,1729698306.72084
197,r/SurveyCircle,6887,Learning and Education,t5_23gyws,1729698306.739796
198,r/IndianModerate,6886,Politics,t5_5sirgo,1729698306.758846
199,r/Kilkenny,6884,Place,t5_2x09m,1729698306.7777338
200,r/SagaEdition,6884,Gaming,t5_2zkcf,1729698306.796326
201,r/Tamamo,6884,Anime,t5_34epv,1729698306.8147998
202,r/Amazon_Influencer,6883,Careers,t5_4v337f,1729698306.833646
203,r/medibangpaint,6883,Art,t5_397r8,1729698306.852643
204,r/RegularHorologyFans,6883,Hobbies,t5_2rfg01,1729698306.87123
205,r/SnarkyPuppy,6883,Music,t5_2w1un,1729698306.889858
206,r/TomDelongeGuitars,6882,Music,t5_x2ulg,1729698306.908488
207,r/ageofmagic,6881,Gaming,t5_dwm8p,1729698306.927451
208,r/SeeTV,6881,Television,t5_l1wac,1729698306.945913
209,r/TheDooo,6881,Podcasts and Streamers,t5_3jp2a,1729698306.964352
210,r/thatsInterestingDude,6880,Internet Culture and Memes,t5_ce8vo1,1729698306.984041
211,r/amandatheadventurer,6879,Gaming,t5_67oitu,1729698307.0024
212,r/Bonsai_Pottery,6879,Crafts and DIY,t5_3ct89,1729698307.021269
213,r/knittingadvice,6879,Hobbies,t5_9iyzkj,1729698307.039795
214,r/SzarFurik,6879,Internet Culture and Memes,t5_26sxig,1729698307.058572
215,r/Animalcrossingfriends,6878,Gaming,t5_2jh106,1729698307.07729
216,r/NailFungus,6878,Medical and Mental Health,t5_sp8ku,1729698307.095962
217,r/Niallhoran,6878,Music,t5_32fx4,1729698307.114867
218,r/HitoriBocchiOfficial,6877,Anime,t5_hb963,1729698307.133179
219,r/KonoOtoTomare,6877,Anime,t5_mcd7a,1729698307.1515892
220,r/Lauri_Garcia,6877,Celebrity,t5_5vznll,1729698307.170354
221,r/LegionTD2,6877,Gaming,t5_32uo3,1729698307.189892
222,r/TallPeopleProblems,6876,Internet Culture and Memes,t5_2sluj,1729698307.208962
223,r/Quest_Supremacy,6875,Anime,t5_61lxuo,1729698307.2280698
224,r/Arugal,6874,Gaming,t5_22ugni,1729698307.247115
225,r/TheBasementYard,6874,Podcasts and Streamers,t5_ux28z,1729698307.266143
226,r/DigitalNotebooks,6873,Technology,t5_3p55x,1729698307.2847419
227,r/HelixEditor,6873,Technology,t5_632h1t,1729698307.303454
228,r/NewWorldCompanies,6873,Gaming,t5_2sa4su,1729698307.322081
229,r/CarFreeChicago,6872,Cars and Motor Vehicles,t5_690gyw,1729698307.34065
230,r/notebooklm,6872,Technology,t5_8ttjd0,1729698307.359762
231,r/unexpecteddnd,6872,Tabletop Games,t5_3gmns,1729698307.378633
232,r/WeatherXM,6872,Crypto,t5_5daiq6,1729698307.397558
233,r/nataliapoklonskaya,6871,Celebrity,t5_3104i,1729698307.415824
234,r/EbonySelfies,6870,Welcome to EbonySelfies,t5_8faz3c,1729698307.434489
235,r/malphitemains,6869,Gaming,t5_390f7,1729698307.454185
236,r/analog_bw,6868,Art,t5_m32gm,1729698307.4723148
237,r/CelebsWithCcups,6868,Celebrity,t5_84niq2,1729698307.490987
238,r/nginxproxymanager,6868,Programming,t5_2n96yg,1729698307.5095522
239,r/raylib,6868,Programming,t5_35v6v,1729698307.5282712
240,r/UniversityOfPunjab,6868,Learning and Education,t5_9dr73i,1729698307.5468569
241,r/Qingquemains,6867,Gaming,t5_7uw7gn,1729698307.565542
242,r/cassette,6866,Music,t5_2upkj,1729698307.584277
243,r/CNFashionBuy,6864,Fashion,t5_24jihw,1729698307.603306
244,r/AddictionAdvice,6863,Addiction Support,t5_3620x,1729698307.621578
245,r/ChildrenofMorta,6863,Gaming,t5_36et4,1729698307.6399539
246,r/RunnersInChicago,6863,Fitness and Nutrition,t5_2uw3t,1729698307.658237
247,r/worxlandroid,6862,Home and Garden,t5_3lnw4,1729698307.6767979
248,r/ANW,6861,Television,t5_2wtwk,1729698307.696863
249,r/ArtistHate,6861,Activism,t5_7n20jw,1729698307.715934
