,subreddit,subscribers,topic,subreddit_id,time
0,r/TakashiMurakami,6429,Art,t5_kskgb,1729698395.56586
1,r/tripawds,6429,Animals and Pets,t5_2ym61,1729698395.587702
2,r/MinimalistBeauty,6428,Beauty and Makeup,t5_29fa2p,1729698395.606724
3,r/neofolk,6428,Music,t5_2rh2y,1729698395.625577
4,r/grimezs,6426,Celebrity,t5_75e0h4,1729698395.644278
5,r/selfpromo,6426,Podcasts and Streamers,t5_2s9co,1729698395.6716218
6,r/ClassicalMusicians,6425,Music,t5_o2rv6,1729698395.690655
7,r/Drank,6425,Mature Themes and Adult Content,t5_2xbw8,1729698395.7095401
8,r/sandiegosocial,6425,Family and Relationships,t5_4bdvqu,1729698395.7283268
9,r/veilance,6425,Fashion,t5_3hk70,1729698395.7471108
10,r/PoeAI,6424,Technology,t5_7vbwwo,1729698395.832691
11,r/Yuqi,6424,Music,t5_3i7s5,1729698395.8508701
12,r/territorial_io,6422,Gaming,t5_4ordho,1729698395.883832
13,r/StarWarsLore,6421,"Reading, Writing, and Literature",t5_2x2nf,1729698395.903697
14,r/GiantSchnauzers,6420,Animals and Pets,t5_9bn54,1729698395.924741
15,r/SchizophreniaArtProj,6420,Art,t5_h959q,1729698395.943618
16,r/slavic_mythology,6420,Religion and Spirituality,t5_u659e,1729698395.9622872
17,r/KeralaBlasters,6419,Sports,t5_3i24g,1729698395.981427
18,r/TurningRed,6419,Movies,t5_3jk9vd,1729698396.0004952
19,r/borkdays,6418,Animals and Pets,t5_3pyfo,1729698396.020071
20,r/MixedBreedDogs,6417,Animals and Pets,t5_304ye,1729698396.039679
21,r/svengoolie,6416,Television,t5_2w67f,1729698396.0590131
22,r/SofiaCarson,6415,Celebrity,t5_39a0u,1729698396.077869
23,r/FartFetishExperiences,6414,Mature Themes and Adult Content,t5_2mt3wn,1729698396.096545
24,r/AnthropologyMemes,6413,Internet Culture and Memes,t5_uxr88,1729698396.115346
25,r/flash,6413,Technology,t5_2qhmm,1729698396.1339781
26,r/LateStageSocialism,6413,Politics,t5_3at5e,1729698396.152591
27,r/MidsomerMurders,6413,Television,t5_2y1ew,1729698396.170999
28,r/Bamboo,6412,Home and Garden,t5_2sk90,1729698396.1895502
29,r/ThoseEyes,6412,Welcome to ThoseEyes,t5_314yg,1729698396.208386
30,r/eternium,6411,Gaming,t5_3hknn,1729698396.226959
31,r/QuickFix,6411,Mature Themes and Adult Content,t5_2r5vj,1729698396.245609
32,r/F1MobileRacing,6410,Gaming,t5_kfa7o,1729698396.263983
33,r/Hermit,6410,Hobbies,t5_2tz6l,1729698396.282389
34,r/humanfallflat,6410,Gaming,t5_3on5q,1729698396.300692
35,r/XenobladeChronicles3,6410,Gaming,t5_116s0f,1729698396.319647
36,r/DaniellaWang,6409,Mature Themes and Adult Content,t5_5o2do7,1729698396.338384
37,r/OutlastTVSeries,6409,Television,t5_81c2y4,1729698396.357298
38,r/tibet,6409,Place,t5_2qhth,1729698396.376044
39,r/vsbras,6409,"Victoria's Secret and Pink bras community. Sharing the love and appreciation we got for them. You can use the flair to define the model. Approved user got a ✔️ checkmark near their tag, if you your approved tag contact a moderator to do so",t5_7lbpy7,1729698396.3972101
40,r/GoneWildAudioContent,6407,Mature Themes and Adult Content,t5_7tlbmb,1729698396.415872
41,r/Jaden,6407,Music,t5_2qijt,1729698396.434356
42,r/moleskine,6407,Hobbies,t5_2qp3q,1729698396.453057
43,r/RomanceWriters,6406,"Reading, Writing, and Literature",t5_2zuqx,1729698396.472003
44,r/TalesOfCrestoria,6406,Anime,t5_ofbky,1729698396.491488
45,r/exalted,6405,Tabletop Games,t5_2sgtt,1729698396.510664
46,r/nutanix,6405,Technology,t5_2w9bb,1729698396.5318809
47,r/workathome,6405,Careers,t5_2qlwq,1729698396.551317
48,r/NDIS,6404,Medical and Mental Health,t5_3jev5,1729698396.570464
49,r/AR80Percents,6403,Mature Themes and Adult Content,t5_2o5thb,1729698396.589868
50,r/CostcoPM,6403,Marketplace and Deals,t5_aek6ie,1729698396.6088908
51,r/NLL,6403,Sports,t5_2swcf,1729698396.627597
52,r/PokemonXenoverseGuide,6403,Gaming,t5_3lrpyn,1729698396.646506
53,r/AskSeattle,6402,Place,t5_2wc7g,1729698396.665526
54,r/culturetalkworldwide,6402,Music,t5_6rcpzz,1729698396.6838799
55,r/oscarsdeathrace,6402,Movies,t5_35zz2,1729698396.70276
56,r/Sanya_Malhotra,6402,Celebrity,t5_4ac1xi,1729698396.721712
57,r/SophiaLearning,6401,Learning and Education,t5_4r3hbb,1729698396.740382
58,r/themagicians_tv,6401,Television,t5_3cwza,1729698396.76978
59,r/WorkplaceSafety,6401,Careers,t5_2vzmf,1729698396.788212
60,r/AWDTSGisToxic,6400,Family and Relationships,t5_7pvwa6,1729698396.8065379
61,r/bossiercity,6400,Place,t5_2tfhl,1729698396.8248472
62,r/My600PoundLife,6400,Television,t5_37q9q,1729698396.843053
63,r/destiel,6399,Television,t5_2tplc,1729698396.861699
64,r/NostalriusBegins,6399,Gaming,t5_33zpm,1729698396.881561
65,r/Lora,6398,Technology,t5_2wv92,1729698396.900235
66,r/Shogi_Ayumu,6398,Anime,t5_1yviep,1729698396.918539
67,r/Tendiegreentexts,6398,Internet Culture and Memes,t5_46x5n2,1729698396.9366379
68,r/Cursedformers,6397,Hobbies,t5_28xzu9,1729698396.9548001
69,r/HuaweiWatchGT,6397,Technology,t5_pz2hd,1729698396.9730618
70,r/torontotheatre,6397,Art,t5_67jjqv,1729698396.9919438
71,r/SavedByTheBell,6396,Television,t5_2vx77,1729698397.010836
72,r/LifeCoachSnark,6395,Podcasts and Streamers,t5_7ok6mu,1729698397.031588
73,r/TCD,6395,Place,t5_2simu,1729698397.0505111
74,r/renandstimpy,6394,Television,t5_2tyde,1729698397.0694652
75,r/GenshinImpactFarming,6393,Gaming,t5_39dlbq,1729698397.0882251
76,r/jobcorps,6393,Learning and Education,t5_2tfxe,1729698397.107091
77,r/knockedloose,6393,Music,t5_3kd64,1729698397.12572
78,r/the,6393,Internet Culture and Memes,t5_2qzkg,1729698397.144784
79,r/blockchaindeveloper,6392,Technology,t5_3js2b,1729698397.1636019
80,r/CABarExam,6392,Learning and Education,t5_2z0yi,1729698397.182086
81,r/filoloji,6392,Learning and Education,t5_atk4bb,1729698397.200761
82,r/GREpreparation,6392,Learning and Education,t5_ou867,1729698397.219557
83,r/MedicalWriters,6392,Careers,t5_3lqxl,1729698397.238406
84,r/CatsWithHats,6391,A plethora of all things cats and hats.,t5_2tom5,1729698397.257287
85,r/Autodesk,6390,Technology,t5_2vrt1,1729698397.276155
86,r/Ceramic3Dprinting,6390,Technology,t5_3eiino,1729698397.294843
87,r/newtube,6390,Podcasts and Streamers,t5_2vqv5,1729698397.31374
88,r/RetroFitnessBabes,6390,A tribute to the beautiful fitness women of the ‘80s and ‘90s!,t5_7wr5cx,1729698397.332198
89,r/SaudiReaders,6390,"Reading, Writing, and Literature",t5_72xct8,1729698397.351715
90,r/steamgiftsio,6390,Gaming,t5_4u29cf,1729698397.37076
91,r/scabies,6389,Medical and Mental Health,t5_2umic,1729698397.389448
92,r/JoelHaver,6388,Podcasts and Streamers,t5_3n0kwk,1729698397.408161
93,r/NormanRockwellArt,6388,Art,t5_2bttfb,1729698397.426974
94,r/pondseidonmains,6388,Gaming,t5_391lfv,1729698397.445614
95,r/Adenium,6387,Home and Garden,t5_3fl9z,1729698397.464256
96,r/databasedevelopment,6387,Programming,t5_5f4y1u,1729698397.4828339
97,r/holdmyspaghetti,6387,Funny/Humor,t5_25jn5r,1729698397.502166
98,r/Island,6387,A subreddit dedicated to photographs of Iceland. Member of the /r/NationalPhotoSubs network.,t5_2rkjb,1729698397.521344
99,r/kingsofleon,6387,Music,t5_2sjna,1729698397.5418801
100,r/pec_flex,6387,Women flexing their pectoral muscles to make their breast bounce. Also called boob bounce or titty dance. Gluteus Maximus (glute) flex is also permitted,t5_arwpky,1729698397.561057
101,r/brightershores,6386,Gaming,t5_azqpb9,1729698397.580446
102,r/Workers_Revolt,6386,Activism,t5_5rzo5x,1729698397.599442
103,r/Ashanti,6385,Ashanti Israeli Douglas,t5_2w9mt,1729698397.6182039
104,r/RealGunDeals,6385,Mature Themes and Adult Content,t5_3880ul,1729698397.6372192
105,r/FairladyZ,6384,Cars and Motor Vehicles,t5_2t4bi,1729698397.656064
106,r/NSEBULLS,6384,"Business, Economics, and Finance",t5_6t9x9i,1729698397.674293
107,r/YTPromo,6384,Internet Culture and Memes,t5_33gd5,1729698397.692498
108,r/Cheyenne,6382,Place,t5_2qp2z,1729698397.710609
109,r/Jersey,6382,Place,t5_2rloo,1729698397.728885
110,r/NFL_Bulges,6382,Mature Themes and Adult Content,t5_6n2kmu,1729698397.7470982
111,r/ukelele,6382,Music,t5_2sofv,1729698397.7750661
112,r/programminghelp,6380,Programming,t5_2s3qq,1729698397.7932239
113,r/thatsneat,6380,Welcome to thatsneat,t5_2tc8t,1729698397.811369
114,r/diogenes_irl,6379,Ethics and Philosophy,t5_y5x7h,1729698397.8307898
115,r/PumpkinStencils,6379,Crafts and DIY,t5_paqew,1729698397.849462
116,r/BedAndBathBeauties,6378,Mature Themes and Adult Content,t5_3xsos7,1729698397.8678248
117,r/HypnosisMic,6378,Music,t5_ilx2z,1729698397.8862772
118,r/Kramergifs,6378,A subreddit for Kramer Gifs!,t5_2tfdx,1729698397.904534
119,r/March7thMains,6377,Gaming,t5_557x3e,1729698397.922973
120,r/OddTaxi,6377,Anime,t5_3zsxl6,1729698397.941247
121,r/UncapTheHouse,6377,Politics,t5_2c5awe,1729698397.960695
122,r/Dyna,6376,Cars and Motor Vehicles,t5_2zw8l,1729698397.979425
123,r/UltraInstinctShaggy,6376,When Shaggy shows the world who's boss.,t5_utz8m,1729698397.998463
124,r/JuliaErnstSnark2,6375,Celebrity,t5_abt6nu,1729698398.017684
125,r/TubaWarriors,6375,Military,t5_q9mn8,1729698398.038718
126,r/boysvsgirlsmemes,6374,Internet Culture and Memes,t5_24plbb,1729698398.057803
127,r/EsLey,6374,Law,t5_8fnyo6,1729698398.076629
128,r/Purism,6374,Technology,t5_2s537,1729698398.0953531
129,r/rosineers,6374,A better place than r/Rosin subreddit!,t5_3fhk4,1729698398.113847
130,r/tabuknelkulnoicsoport,6374,Women's Health,t5_7vyj0u,1729698398.132413
131,r/MammotionTechnology,6373,Technology,t5_7y4hbd,1729698398.150614
132,r/Tarantula_Collective,6373,Animals and Pets,t5_z51ul,1729698398.169291
133,r/joplinapp,6372,Technology,t5_11vd0m,1729698398.187722
134,r/NCAA14,6372,Gaming,t5_2xtr0,1729698398.206134
135,r/homebirth,6371,Medical and Mental Health,t5_2rt2f,1729698398.224997
136,r/ptsdrecovery,6371,Trauma Support,t5_2ynsqj,1729698398.243084
137,r/StingerGT,6371,Cars and Motor Vehicles,t5_3jj80,1729698398.261111
138,r/ArminCult,6370,Anime,t5_jdlav,1729698398.2795
139,r/E34,6370,Cars and Motor Vehicles,t5_3294g,1729698398.298959
140,r/learnpiano,6370,Learning and Education,t5_2uacd,1729698398.4390678
141,r/DynastyBaseball,6369,Sports,t5_30gm3,1729698398.4605062
142,r/kayakbassfishing,6368,Hobbies,t5_3acka,1729698398.479275
143,r/TheLastShadowPuppets,6368,Music,t5_2tyfk,1729698398.4985201
144,r/CarrieUnderwood,6367,Celebrity,t5_2utew,1729698398.5175822
145,r/DigitalCartel,6367,Home of The Whopper,t5_2zgq4,1729698398.547838
146,r/MultiVerseBeans,6367,Mature Themes and Adult Content,t5_4bsxmo,1729698398.567152
147,r/SpeziVerbrechenDE,6366,Food and Drink,t5_ab7keo,1729698398.585933
148,r/uidesign,6366,Art,t5_2s199,1729698398.6040409
149,r/Covid19Australia,6365,All things related to the Pandemic of Covid19 in Australia.,t5_2g7r2z,1729698398.622258
150,r/JodieSweetin,6365,Celebrity,t5_3bwfl,1729698398.689749
151,r/Science_India,6365,Science,t5_cgglxb,1729698398.7081652
152,r/KevinSamuels,6364,Family and Relationships,t5_3lsbvh,1729698398.733834
153,r/LuluRehab,6364,Addiction Support,t5_3ofd76,1729698398.7525172
154,r/StreamingNow,6364,Music,t5_35h7k,1729698398.780381
155,r/FirstTimeParents,6363,Family and Relationships,t5_35g1d,1729698398.7985458
156,r/StarTrekGermany,6363,Television,t5_2x96h,1729698398.8170722
157,r/TheRemarriedEmpress,6363,"Reading, Writing, and Literature",t5_32zdyo,1729698398.835433
158,r/AAAAAAAAA,6361,Internet Culture and Memes,t5_2t3ls,1729698398.85401
159,r/ArchaeologyZone,6360,History,t5_3mh829,1729698398.8722749
160,r/Shiva4President,6360,Politics,t5_9jvvle,1729698398.8907762
161,r/eBikeBuilding,6359,Cars and Motor Vehicles,t5_2slk84,1729698398.909193
162,r/GlitchTechs,6359,Television,t5_3jxvg,1729698398.9278238
163,r/bluemountains,6358,Place,t5_2scrw,1729698398.9467049
164,r/CallofCthulhumemes,6358,Gaming,t5_36e9w5,1729698398.9650922
165,r/rclone,6358,Technology,t5_3i6lz,1729698398.983545
166,r/KEF,6357,Technology,t5_3f91t,1729698399.002263
167,r/PlaySoulframe,6357,Gaming,t5_6pug89,1729698399.0217369
168,r/truckcamping,6357,Cars and Motor Vehicles,t5_3e23z,1729698399.044039
169,r/Youtubesubscribers,6357,Podcasts and Streamers,t5_3973u,1729698399.062738
170,r/BrittneyatwoodLust2,6356,Mature Themes and Adult Content,t5_5p6k3g,1729698399.083224
171,r/TheKingofRandom,6356,Crafts and DIY,t5_3az9k,1729698399.100587
172,r/crash_fever,6355,Gaming,t5_3h9po,1729698399.118321
173,r/MEMS,6355,Internet Culture and Memes,t5_2qish,1729698399.136805
174,r/KnivesOutMovie,6354,Movies,t5_298jyh,1729698399.155034
175,r/smellysoless,6354,A place for all types of female soles and feet.,t5_aykwdm,1729698399.173305
176,r/DirtRacing,6353,Sports,t5_2uewh,1729698399.191481
177,r/El_Sotano_de_Vlascko,6352,Podcasts and Streamers,t5_5qdark,1729698399.209724
178,r/idledice,6352,Gaming,t5_qmcru,1729698399.227957
179,r/Hairplay,6351,Mature Themes and Adult Content,t5_3g90q,1729698399.246284
180,r/NavalAction,6351,Gaming,t5_2zser,1729698399.26424
181,r/Phoenix_2,6351,Gaming,t5_3fos4,1729698399.28272
182,r/ReplicaWatch,6351,Fashion,t5_33r2q,1729698399.3010602
183,r/akashnetwork,6350,Crypto,t5_kfrj7,1729698399.319674
184,r/SmiteLFM,6350,Gaming,t5_2w6r8,1729698399.337922
185,r/CWIC,6349,Gaming,t5_s8s0v,1729698399.356104
186,r/KerbalControllers,6349,Gaming,t5_33uiu,1729698399.374665
187,r/rateVPNs,6349,"Rate VPNs you've used, share your experiences, and read real reviews. 🌐 Our community-driven subreddit provides insights into the performance, security, usability, and much more of various VPN providers. Whether you're looking for a new VPN or want to contribute your feedback, r/rateVPNs is the place to make informed decisions and stay updated on the best options available. 🚀",t5_73f4vc,1729698399.394012
188,r/Keto_Maintenance,6347,Fitness and Nutrition,t5_3huty,1729698399.412174
189,r/PeaPuffers,6347,Animals and Pets,t5_3ccmh,1729698399.430581
190,r/Seablock,6347,Gaming,t5_vsljl,1729698399.448998
191,r/ACNHwishlistrequest,6346,Gaming,t5_6751ja,1729698399.467478
192,r/Indiewebdev,6346,Programming,t5_3qmv82,1729698399.485973
193,r/TomatoFTW,6346,Technology,t5_37ir9,1729698399.505258
194,r/NootropicOvernight,6345,Welcome to NootropicOvernight,t5_92rxpd,1729698399.526148
195,r/villainous,6345,Television,t5_2y4ry,1729698399.5471702
196,r/Degus,6344,Animals and Pets,t5_2sdua,1729698399.56674
197,r/HoldMyEstus,6344,Gaming,t5_3j1zk,1729698399.5860639
198,r/slowjogging,6344,Fitness and Nutrition,t5_9flil,1729698399.6043541
199,r/MMFinance,6343,Crypto,t5_5hbf3c,1729698399.623196
200,r/TherosDMs,6343,Tabletop Games,t5_2gugjz,1729698399.641942
201,r/oldschoolfantasy,6342,Art,t5_3g51x,1729698399.660576
202,r/TopazLabs,6342,Technology,t5_2yw51,1729698399.6793668
203,r/Uzumaki,6342,Anime,t5_2ujlv,1729698399.698105
204,r/20questions,6341,Internet Culture and Memes,t5_2r8l6,1729698399.716989
205,r/corona,6341,Place,t5_2s7sw,1729698399.744673
206,r/DaysofOurLives,6341,Television,t5_3n06c,1729698399.763238
207,r/NeuroFunk,6341,Music,t5_2s1gn,1729698399.782114
208,r/reversejokes,6341,Funny/Humor,t5_2t5m7,1729698399.800896
209,r/UTEST,6341,Technology,t5_331oe,1729698399.819146
210,r/ATribeCalledQuest,6340,Music,t5_2wwg5,1729698399.837685
211,r/GIAC,6340,Technology,t5_xhp3e,1729698399.856562
212,r/hippos,6340,Animals and Pets,t5_2t2fl,1729698399.8753128
213,r/nightmarefuelAI,6340,Art,t5_8iy3zl,1729698399.893992
214,r/Bedroom_Producers,6339,Music,t5_31yby,1729698399.912742
215,r/KDPLowContent,6339,"Reading, Writing, and Literature",t5_249q2t,1729698399.931552
216,r/placewargame,6339,Gaming,t5_5cw30g,1729698399.950312
217,r/ShortGirlProblems,6339,Funny/Humor,t5_3bkvb,1729698399.9688199
218,r/SmartCar,6337,Cars and Motor Vehicles,t5_2tp0v,1729698399.987713
219,r/CMFTech,6335,Technology,t5_9aq7nu,1729698400.0076642
220,r/cutthebull,6335,"Business, Economics, and Finance",t5_28894j,1729698400.02653
221,r/DistantWorlds,6334,Gaming,t5_2uv6s,1729698400.0473258
222,r/emailmarketingnow,6334,"Email marketing changed in 2024, radically! Learn Modern Email Marketing! Join a community where you can engage in expert-led, friendly discussions about new email marketing. Discover how AI, updated ISP rules, and changing consumer behaviors are redefining effective strategies. Gain valuable insights about latest tools to keep you ahead. Together, you will learn the full potential of email marketing for your success!",t5_adtgio,1729698400.066835
223,r/fortify,6334,Gaming,t5_38hkf,1729698400.085484
224,r/ImaginaryNightscapes,6334,Art,t5_3aw45,1729698400.1043699
225,r/motobe,6334,Cars and Motor Vehicles,t5_38d1l,1729698400.123212
226,r/animeballsdeep,6333,Podcasts and Streamers,t5_3p90g,1729698400.141942
227,r/DarkRomanticism,6333,Art,t5_2pdksf,1729698400.160824
228,r/DotaConcepts,6333,Gaming,t5_2yu26,1729698400.17933
229,r/liquiditymining,6333,Crypto,t5_4n6i07,1729698400.1977658
230,r/torontoshots1,6333,Mature Themes and Adult Content,t5_580n1q,1729698400.216254
231,r/mcpublic,6332,Gaming,t5_2s52h,1729698400.235018
232,r/PumpItUp,6332,Gaming,t5_2t4j2,1729698400.2536268
233,r/MamaJillSnark,6331,Celebrity,t5_8bz1w1,1729698400.272175
234,r/PerfumeOils,6331,Beauty and Makeup,t5_2tq5zk,1729698400.290694
235,r/BeetlejuiceMusical,6330,Music,t5_27a70s,1729698400.309168
236,r/Jindo,6330,Animals and Pets,t5_2v53n,1729698400.327976
237,r/KULeuven,6329,Learning and Education,t5_2y7jh,1729698400.346816
238,r/lincolnmotorco,6329,Cars and Motor Vehicles,t5_390l2,1729698400.365371
239,r/Driveclub,6328,Gaming,t5_2wf2r,1729698400.3838348
240,r/Germany_Jobs,6328,Careers,t5_3ifvzt,1729698400.40259
241,r/kissoflife,6328,Music,t5_7vens5,1729698400.420854
242,r/CaymanIslands,6327,Place,t5_2udok,1729698400.439459
243,r/nflgamelive1free,6327,Welcome to nflgamelive1free,t5_4tzy5o,1729698400.457878
244,r/retrogamedev,6327,Programming,t5_2zoxu,1729698400.477018
245,r/vintageunix,6327,Programming,t5_wrchu,1729698400.4954722
246,r/plantswap,6326,Home and Garden,t5_2rmti,1729698400.514068
247,r/MonicaAlvarez,6325,Celebrity,t5_3iu28,1729698400.533897
248,r/NMS_HabitablePlanets,6325,Gaming,t5_32risj,1729698400.553659
249,r/40kImperialKnights,6324,Tabletop Games,t5_k2e5g,1729698400.573025
