,subreddit,subscribers,topic,subreddit_id,time
0,r/TaimaninAsagi,6119,Mature Themes and Adult Content,t5_28tt5f,1729698450.4601521
1,r/DesiArmpit,6118,Armpits of mostly Non-Celeb Desi Chicks,t5_6qncg8,1729698450.481628
2,r/roboinu,6118,Crypto,t5_5awuxn,1729698450.500514
3,r/SocialismVCapitalism,6118,Politics,t5_3c4n9,1729698450.518728
4,r/trapmetal,6118,Music,t5_3mso2,1729698450.5374799
5,r/Splinterlands,6117,Crypto,t5_29e5k0,1729698450.564787
6,r/Abilify_Aripiprazole,6116,Medical and Mental Health,t5_4n6fw2,1729698450.5836642
7,r/drumcringepics,6116,Music,t5_2x3xj,1729698450.602422
8,r/futureology,6116,"News from the future. Delivered to us via radio signals, hidden messages, and wormholes. Some of them are delivered personally by time travelers visiting our time. If you're a time traveler, feel free to share interesting news from your time.",t5_31533,1729698450.6207738
9,r/omaharock,6116,Funny/Humor,t5_27w2kt,1729698450.639306
10,r/ultimateadmiral,6115,Gaming,t5_wshi7,1729698450.712778
11,r/dinosaurjr,6113,Music,t5_2uibk,1729698450.731337
12,r/steroidify,6113,Mature Themes and Adult Content,t5_5tvw5k,1729698450.759362
13,r/amberspam0,6112,Mature Themes and Adult Content,t5_528cza,1729698450.778463
14,r/epochfail,6112,Funny/Humor,t5_353co,1729698450.7977548
15,r/iPhone12Pro,6112,Technology,t5_23soeg,1729698450.817916
16,r/semanticweb,6112,Programming,t5_2qhuh,1729698450.8389928
17,r/surfrock,6112,Music,t5_2s746,1729698450.857926
18,r/Utah_Food,6112,Food and Drink,t5_454vi0,1729698450.8771808
19,r/HardFestival,6111,Music,t5_38096,1729698450.895787
20,r/belttalk,6110,Sports,t5_2wz4o,1729698450.9146
21,r/bigjuicybooties,6110,"A community for the natural big booty women out there. If you didn't get it from squats or genetics then don't post here. ALSO NO BBL'S *READ ALL THE RULES AND NO PROMOTING YOUR ONLYFANS, TELEGRAM OR ANY OTHER PAID SERVICE.*",t5_aj7w7s,1729698450.93389
22,r/SurfPunk,6110,Music,t5_2yzy6,1729698450.953192
23,r/angelnumbers,6109,Religion and Spirituality,t5_3b3da,1729698450.971902
24,r/CBDFlowerUK,6109,Mature Themes and Adult Content,t5_sutgt,1729698450.9899478
25,r/hwatch,6109,Technology,t5_37cy1,1729698451.00827
26,r/joannajedrzejczyk,6109,Celebrity,t5_3no6p,1729698451.026874
27,r/GrowthStocks,6108,"Business, Economics, and Finance",t5_3oiwn,1729698451.0451221
28,r/kittenswhoyell,6108,Animals and Pets,t5_27o39l,1729698451.0634618
29,r/NewBorn,6107,Family and Relationships,t5_3bq29,1729698451.081713
30,r/PHGov,6107,Law,t5_3f6gug,1729698451.10012
31,r/SantiZapVideos,6107,Podcasts and Streamers,t5_c101gw,1729698451.118403
32,r/Dadchallengepodcast,6106,Podcasts and Streamers,t5_3rdzaq,1729698451.1367009
33,r/GeneralAviation,6106,Cars and Motor Vehicles,t5_2sbt2,1729698451.15522
34,r/hanekawa,6106,Mature Themes and Adult Content,t5_3657h,1729698451.173863
35,r/Hotrod,6106,Cars and Motor Vehicles,t5_2rtev,1729698451.192381
36,r/woundcare,6106,Medical and Mental Health,t5_2y7bk,1729698451.211061
37,r/CatastropheCrow,6105,Gaming,t5_39ksff,1729698451.229805
38,r/ColonyCats,6104,Animals and Pets,t5_26kdf1,1729698451.249732
39,r/Kazuma,6103,Anime,t5_3k8y2,1729698451.2691321
40,r/midnightclub,6103,Gaming,t5_2v9ik,1729698451.28843
41,r/EFPToeSpreads,6102,Mature Themes and Adult Content,t5_abucld,1729698451.308886
42,r/illinoispolitics,6102,Politics,t5_2s411,1729698451.327426
43,r/onerarefoodverse,6102,Crypto,t5_78i3nm,1729698451.346219
44,r/SkinWalker,6102,Internet Culture and Memes,t5_2h2pnb,1729698451.3650649
45,r/The_Bogdanoff,6101,Celebrity,t5_3iiu5,1729698451.384141
46,r/ACRebellion,6100,Gaming,t5_lj4a8,1729698451.402634
47,r/Cetaphobia,6100,Animals and Pets,t5_3fhqj,1729698451.420761
48,r/ThriftingInSaudi,6100,Marketplace and Deals,t5_at5gtg,1729698451.4392772
49,r/ReserveProtocol,6099,"Business, Economics, and Finance",t5_j5myx,1729698451.457522
50,r/FloodPictures,6098,Place,t5_3nck0,1729698451.4755259
51,r/MormonShrivel,6098,Religion and Spirituality,t5_81a61a,1729698451.49371
52,r/Gooseworx,6097,Podcasts and Streamers,t5_yyfvu,1729698451.512154
53,r/ShaggyDogStories,6096,"Reading, Writing, and Literature",t5_2tpuc,1729698451.530606
54,r/virginislands,6096,Place,t5_2tpp0,1729698451.548449
55,r/AwardBonanza,6095,Meta/Reddit,t5_42zwdr,1729698451.5668328
56,r/MoonPirate,6095,Crypto,t5_49ufve,1729698451.5848022
57,r/trakt,6095,Television,t5_2ys83,1729698451.602921
58,r/Lysithea,6094,Gaming,t5_23t5kr,1729698451.621326
59,r/EbonyFreakssss,6093,🍫Ebony Females Showing out for you ❤️❤️,t5_a9hto5,1729698451.640331
60,r/pianoteachers,6093,Music,t5_2uwcm,1729698451.65847
61,r/ProdigalSon,6093,Television,t5_ois4l,1729698451.6769788
62,r/Mallsoft,6092,Music,t5_2vybq,1729698451.6961658
63,r/politica,6092,Politics,t5_2qpc0,1729698451.714427
64,r/allaccessplaylists,6090,Music,t5_2xjp3,1729698451.732432
65,r/AR15Tutorials,6090,Hobbies,t5_3icah,1729698451.753014
66,r/athiest,6090,Religion and Spirituality,t5_2qh8l,1729698451.7728739
67,r/MaggieQ,6090,Subreddit dedicated to Maggie Q,t5_2v5nh,1729698451.791994
68,r/monogame,6090,Programming,t5_2tsuw,1729698451.810653
69,r/blotchfacecats,6089,Animals and Pets,t5_6byj7u,1729698451.8293602
70,r/CookieCollector,6089,Gaming,t5_30vrg,1729698451.8481522
71,r/StarWarsArt,6088,Art,t5_2xrkl,1729698451.867232
72,r/Tinycraft,6088,Gaming,t5_259cj8,1729698451.886373
73,r/CFBAnalysis,6086,Sports,t5_2xvqe,1729698451.905065
74,r/elderscrollsmemes,6086,Funny/Humor,t5_2tsxm,1729698451.9239638
75,r/outdaughtered,6086,Television,t5_3nukx,1729698451.94275
76,r/Torbie,6086,Animals and Pets,t5_28md7z,1729698451.9614038
77,r/BisexualHumans,6085,Sexual Orientation,t5_3uov4y,1729698451.979771
78,r/CGIorAustralia,6085,Internet Culture and Memes,t5_53i3ix,1729698451.99856
79,r/louisianatrees,6085,Mature Themes and Adult Content,t5_5i0b4i,1729698452.01702
80,r/mooncatpolish,6085,Beauty and Makeup,t5_99bs79,1729698452.035656
81,r/Rosicrucian,6085,Religion and Spirituality,t5_2t2pn,1729698452.054455
82,r/AlbumCovers,6084,Art,t5_2r6ct,1729698452.073162
83,r/zotero,6084,Learning and Education,t5_2qtps,1729698452.091847
84,r/CayleeCowanBeauty,6083,Mature Themes and Adult Content,t5_43bpvi,1729698452.110495
85,r/Dreamsnaps,6083,Gaming,t5_91kwkv,1729698452.1291971
86,r/TolkienMemes,6083,Internet Culture and Memes,t5_12jqhq,1729698452.1479301
87,r/ChangeYourChessFont,6082,Gaming,t5_7c75gm,1729698452.1665359
88,r/CollegeUltimateTeam,6082,Gaming,t5_bdwdpl,1729698452.185353
89,r/Necrons40k,6082,Tabletop Games,t5_3lcuo,1729698452.204028
90,r/AielHumor,6080,Television,t5_opwqh,1729698452.2223182
91,r/artisticeroticbeauty,6080,Mature Themes and Adult Content,t5_94mwn1,1729698452.240831
92,r/guitarmod,6080,Music,t5_2y5r7,1729698452.262194
93,r/ImaginaryIslands,6080,ImaginaryIslands [](/imtrackinglink),t5_2z8ln,1729698452.281444
94,r/SpectreDivide,6080,Gaming,t5_7millj,1729698452.3008718
95,r/Topstowners,6080,Outdoors and Nature,t5_13iyam,1729698452.3199081
96,r/whiteshirts,6080,Mature Themes and Adult Content,t5_6zwlqn,1729698452.338677
97,r/zoe_ebarb,6080,Welcome to zoe_ebarb,t5_91ema5,1729698452.3576372
98,r/3DDruck,6079,Technology,t5_35ht5,1729698452.376825
99,r/ApteraMotors,6079,Cars and Motor Vehicles,t5_30l5bb,1729698452.3954601
100,r/FZ09,6079,Cars and Motor Vehicles,t5_2zm8o,1729698452.413959
101,r/SteamDeckCheck,6079,Technology,t5_7p1goy,1729698452.432661
102,r/trueprivinv,6079,Careers,t5_3enkx,1729698452.451489
103,r/indianrealestate,6078,"Business, Economics, and Finance",t5_2ya59,1729698452.470251
104,r/LoveSimon,6078,Television,t5_4cs4k,1729698452.488814
105,r/PokemonGoHouston,6078,Gaming,t5_3f3d9,1729698452.507713
106,r/TCU,6078,Sports,t5_2rg8z,1729698452.525959
107,r/TheSmithPlays,6078,Podcasts and Streamers,t5_39k5m,1729698452.5440881
108,r/ARKbuyandsell,6077,Gaming,t5_3gydf,1729698452.562034
109,r/MInecraftRedstone,6077,Gaming,t5_2smj4,1729698452.580375
110,r/ShiftingDiscussion,6077,Religion and Spirituality,t5_3yeurz,1729698452.598506
111,r/wfpb,6077,Food and Drink,t5_3epkj,1729698452.616541
112,r/CyclePDX,6076,Fitness and Nutrition,t5_2s26i,1729698452.634901
113,r/Custodians,6075,Careers,t5_2t69g,1729698452.653174
114,r/henrymeds,6074,Fitness and Nutrition,t5_7l49cm,1729698452.671484
115,r/occulttrade,6074,Marketplace and Deals,t5_314dd,1729698452.689781
116,r/mathshelp,6072,Science,t5_2tjfu,1729698452.7097
117,r/AmeeshaPatel9,6071,Celebrity,t5_3zeqne,1729698452.7282891
118,r/aletubefun,6069,Official Reddit Community For The YouTuber Aletube!,t5_6f5xiw,1729698452.747707
119,r/GEB,6069,"Reading, Writing, and Literature",t5_2sa1u,1729698452.76772
120,r/Jalter,6069,Anime,t5_ca6tq,1729698452.786718
121,r/straightupterrifying,6069,Internet Culture and Memes,t5_23don6,1729698452.805805
122,r/Vstrom,6069,Cars and Motor Vehicles,t5_2vtjz,1729698452.824609
123,r/bfdi,6068,Celebrity,t5_4ui6a5,1729698452.843072
124,r/Peglin,6068,Gaming,t5_4unyg4,1729698452.861571
125,r/piss_gaming,6068,Internet Culture and Memes,t5_6605yk,1729698452.880961
126,r/UltBaddiesHaven,6068,Mature Themes and Adult Content,t5_cdh8su,1729698452.8995788
127,r/fifthworldvideos,6067,Videos from the fifth world.,t5_2u83w,1729698452.918345
128,r/CrowdCommentary,6066,"Have you ever stopped and looked at all the goofy people in the background of gifs and videos? Yeah, probably. Look at what these weirdos are doing.",t5_22j48w,1729698452.937088
129,r/IndianBeautyExchanges,6066,Beauty and Makeup,t5_6hszon,1729698452.955671
130,r/listentomusic,6066,Music,t5_2sbp8,1729698452.9742599
131,r/GayYoungOldCouplePics,6064,Gender,t5_3kr0uk,1729698452.992528
132,r/YoutubeChannelSharing,6063,Podcasts and Streamers,t5_2xmr7,1729698453.010785
133,r/SilverDeals,6062,Marketplace and Deals,t5_g8zy7,1729698453.0290601
134,r/xboxdeals,6061,Marketplace and Deals,t5_2vtcl,1729698453.047128
135,r/Volcanology,6060,Outdoors and Nature,t5_2ye0o,1729698453.065609
136,r/gayrural,6059,Gender,t5_4n5dj2,1729698453.08401
137,r/MotoDANK,6059,Sports,t5_2i6yll,1729698453.1027079
138,r/bigender,6058,Gender,t5_2tx6t,1729698453.1215649
139,r/MapChart,6058,Technology,t5_xlkmv,1729698453.1404622
140,r/SootSprites,6058,Animals and Pets,t5_2ouf50,1729698453.159091
141,r/ActionFigureGlory,6057,Hobbies,t5_3pbvn,1729698453.177695
142,r/TsukiOdyssey,6057,Gaming,t5_3vuo8i,1729698453.379528
143,r/CrimethInc,6056,Activism,t5_2umn2,1729698453.398746
144,r/TheNonCredibleFlorks,6056,Internet Culture and Memes,t5_8fnsdd,1729698453.417355
145,r/90sComputers,6055,Technology,t5_25f8de,1729698453.436082
146,r/BBL_Banditz,6055,Mature Themes and Adult Content,t5_anzt79,1729698453.454447
147,r/SessionSkateSim,6055,Gaming,t5_72l4lc,1729698453.472971
148,r/Cryptopia,6054,Crypto,t5_30ngx,1729698453.491798
149,r/Tufts,6054,Learning and Education,t5_2s3wv,1729698453.510389
150,r/3rdlife,6053,Gaming,t5_4ac04h,1729698453.529143
151,r/FDNY,6053,Careers,t5_2t7mx,1729698453.5472882
152,r/okayjensnark,6053,Podcasts and Streamers,t5_6gnmop,1729698453.5661
153,r/stylus,6053,Technology,t5_2yf96,1729698453.584695
154,r/thiscatisastapler,6053,Welcome to thiscatisastapler,t5_4qahf8,1729698453.603364
155,r/UberHaxorNova,6053,Podcasts and Streamers,t5_2ua48,1729698453.622394
156,r/Cyberdelinaut,6052,Religion and Spirituality,t5_2e00fa,1729698453.641197
157,r/HAVAHreddit,6052,Crypto,t5_7nrhzh,1729698453.65997
158,r/ladispute,6052,Music,t5_2tn5x,1729698453.6786401
159,r/Argonauts,6051,Sports,t5_2simm,1729698453.697338
160,r/chili,6051,Food and Drink,t5_2qscw,1729698453.716133
161,r/GHE,6051,Podcasts and Streamers,t5_2hlmga,1729698453.7350872
162,r/ImaginaryCowboys,6051,Art,t5_2z6ou,1729698453.7545862
163,r/JeremyDewitte,6051,Law,t5_2ks21s,1729698453.774252
164,r/mariorabbids,6051,Gaming,t5_3luvs,1729698453.793376
165,r/SportsMemorabilia,6051,Marketplace and Deals,t5_2uiqe,1729698453.8127239
166,r/animeportugal,6050,Anime,t5_2yrob,1729698453.831989
167,r/CroatiaPics,6050,Outdoors and Nature,t5_333g4,1729698453.850752
168,r/sweatyhotties,6050,Mature Themes and Adult Content,t5_8ig53f,1729698453.869324
169,r/taiwanica,6050,"Culture, Race, and Ethnicity",t5_6c6md2,1729698453.888423
170,r/McKnightFamSnark,6049,Celebrity,t5_4i2t7b,1729698453.907698
171,r/Ender3V3SE,6048,Technology,t5_94q0y2,1729698453.927698
172,r/neurobiology,6048,Science,t5_330mh,1729698453.946511
173,r/BlameMillennials,6047,Welcome to BlameMillennials,t5_3g18h,1729698453.965504
174,r/Bretonnian,6047,Tabletop Games,t5_7335c3,1729698453.984842
175,r/DeathsDoor,6047,Gaming,t5_3fhlk,1729698454.0034711
176,r/Atom,6046,Programming,t5_2teuh,1729698454.02234
177,r/BreakingEggs,6046,Food and Drink,t5_38vur,1729698454.040631
178,r/Fear_Street,6046,"Reading, Writing, and Literature",t5_m7qub,1729698454.059392
179,r/homebrewery,6046,Tabletop Games,t5_hu9j9,1729698454.078301
180,r/StonkFeed,6046,"Business, Economics, and Finance",t5_2mcm70,1729698454.097374
181,r/thecyclegame,6046,Gaming,t5_m2uox,1729698454.1163101
182,r/ConsoleKSP,6045,Gaming,t5_3fbmm,1729698454.135131
183,r/Metamoonshotschat,6043,Welcome to Metamoonshotschat,t5_5t5yqf,1729698454.1538281
184,r/bittree,6042,"Founded in August 2018 and headquartered in the Republic of Seychelles, Bittree is a professional service platform focusing on encrypted asset derivatives transactions",t5_7vrklp,1729698454.1726341
185,r/caterpillars,6042,Animals and Pets,t5_2vwmm,1729698454.191602
186,r/LegalNews,6042,Law,t5_2qj15,1729698454.2098958
187,r/minecraftshaders,6042,Gaming,t5_2wi3p,1729698454.2285051
188,r/NewBrunswickNJ,6042,Place,t5_2thdl,1729698454.247178
189,r/SKTT1,6042,Gaming,t5_32int,1729698454.267781
190,r/Spraypaint,6042,Crafts and DIY,t5_2uaei,1729698454.287178
191,r/BuffyverseBabes,6041,Mature Themes and Adult Content,t5_6m1uf1,1729698454.3067782
192,r/SikhMemes,6041,Religion and Spirituality,t5_3jmgc,1729698454.326195
193,r/davematthews,6040,Music,t5_2tmpr,1729698454.345085
194,r/itabag,6040,Fashion,t5_3jjjn,1729698454.36386
195,r/KimKardashianForever,6040,Mature Themes and Adult Content,t5_9gn1pl,1729698454.384842
196,r/catwifhatsolana,6039,Crypto,t5_ayge06,1729698454.469982
197,r/GoldAndGoblins,6039,Gaming,t5_3qpk9z,1729698454.50189
198,r/Lewdcast,6039,Internet Culture and Memes,t5_334wqf,1729698454.520882
199,r/PuyoPuyoTetris,6039,Gaming,t5_31ns9,1729698454.5393548
200,r/ReasonableFaith,6039,Religion and Spirituality,t5_2xgf6,1729698454.557548
201,r/comicreadingorders,6037,"Reading, Writing, and Literature",t5_38hgl,1729698454.575875
202,r/CustomerFromHell,6037,Internet Culture and Memes,t5_cjxdh8,1729698454.595076
203,r/InstacartShopper,6037,Careers,t5_35en6o,1729698454.613517
204,r/RealmDefenseTD,6037,Gaming,t5_3jwne,1729698454.631913
205,r/SuperMarioRun,6037,Gaming,t5_3g6z3,1729698454.650187
206,r/JamesBlake,6036,Music,t5_2u2u6,1729698454.668967
207,r/KaiserPermanente,6035,Medical and Mental Health,t5_33gjy,1729698454.687906
208,r/Roxy,6035,Anime,t5_2qik1,1729698454.706644
209,r/Bostonology,6034,Place,t5_3c67hh,1729698454.725348
210,r/FirefoxAddons,6034,Technology,t5_2qkbb,1729698454.74381
211,r/Framebuilding,6032,Crafts and DIY,t5_2sstk,1729698454.763204
212,r/importedhiphop,6032,Music,t5_2yzk0,1729698454.783574
213,r/Probiotics,6032,Fitness and Nutrition,t5_2todb,1729698454.80288
214,r/imsorrywaldo,6031,For seemingly innocent photos that get a lot worse if you look closer,t5_1ltugz,1729698454.8217652
215,r/Jakarta,6031,Place,t5_2rfez,1729698454.8403552
216,r/OpenAIDev,6031,Technology,t5_84dkdu,1729698454.859306
217,r/avr,6030,Science,t5_2qm3v,1729698454.878048
218,r/GradSchoolAdvice,6030,Learning and Education,t5_35y07,1729698454.8974562
219,r/OutoftheAbyss,6030,Tabletop Games,t5_ff7x2,1729698454.916578
220,r/ntbdbiwdftc,6029,Animals and Pets,t5_7l9ehx,1729698454.9352908
221,r/TAS,6029,Gaming,t5_2s55m,1729698454.955415
222,r/babesfrom1996,6028,Celebrity,t5_5wxlz4,1729698454.9741251
223,r/MSCCruises,6028,Travel,t5_vc5zt,1729698454.9928498
224,r/BNBinance,6027,Crypto,t5_4alyxj,1729698455.011433
225,r/PvZ,6027,Gaming,t5_2uwk5,1729698455.0302489
226,r/TheBesties,6027,Podcasts and Streamers,t5_35dtk3,1729698455.0488262
227,r/Crouton,6026,Technology,t5_2yv5a,1729698455.067874
228,r/DCTV,6026,Television,t5_30pa4,1729698455.086858
229,r/LegendofthePhoenix,6026,Gaming,t5_2p90ze,1729698455.105212
230,r/LegoSpace,6026,Hobbies,t5_2w8iu,1729698455.124053
231,r/seroquelmedication,6026,Medical and Mental Health,t5_2oihaz,1729698455.142876
232,r/MitsubishiEclipse,6025,Cars and Motor Vehicles,t5_2y05c,1729698455.1612558
233,r/Pierson_Wodzynski,6025,Mature Themes and Adult Content,t5_5uxio5,1729698455.180112
234,r/Dashlane,6024,Technology,t5_35wh1,1729698455.198431
235,r/PlateauRepasDuCrous,6024,Food and Drink,t5_aneebd,1729698455.217355
236,r/PUBGNEWSTATE,6024,Gaming,t5_3zg7rq,1729698455.236128
237,r/TriumphBonneville,6024,Cars and Motor Vehicles,t5_342q7,1729698455.254712
238,r/Badass,6023,Internet Culture and Memes,t5_2qh5c,1729698455.275164
239,r/carlafrigooo2,6021,Celebrity,t5_6gvvav,1729698455.2945018
240,r/MiaGothAss,6021,Celebrity,t5_2rtuk0,1729698455.313796
241,r/Internet_Box,6020,Podcasts and Streamers,t5_2ti2t,1729698455.333004
242,r/thebatman,6020,Movies,t5_2x10i,1729698455.351925
243,r/3000gt,6019,Cars and Motor Vehicles,t5_2sfaj,1729698455.370708
244,r/CannabisHardware,6019,Mature Themes and Adult Content,t5_3zfo09,1729698455.389674
245,r/TrueAchievements,6019,Gaming,t5_2vuno,1729698455.4084558
246,r/UniversityofVermont,6019,Learning and Education,t5_2spb9,1729698455.428538
247,r/Gambit,6018,"Reading, Writing, and Literature",t5_2v8pj,1729698455.4475589
248,r/PowerPlatform,6018,Technology,t5_sftx3,1729698455.466623
249,r/BridgertonRants,6017,Television,t5_6mms7d,1729698455.485434
