,subreddit,subscribers,topic,subreddit_id,time
0,r/himalayancats,5821,Animals and Pets,t5_236uxm,1729698506.294235
1,r/OverFifty,5821,Internet Culture and Memes,t5_2sbrm,1729698506.3160992
2,r/ToBeContinued,5821,Internet Culture and Memes,t5_2ya05,1729698506.335103
3,r/YaelShelbia,5821,Celebrity,t5_fbwhw,1729698506.353924
4,r/BaltimoreCounty,5820,Place,t5_2tipt,1729698506.372698
5,r/stylophone,5820,Music,t5_2ub72,1729698506.400449
6,r/ImaginaryFactories,5818,ImaginaryFactories [](/imtrackinglink),t5_2z8lv,1729698506.419898
7,r/PureLand,5818,Religion and Spirituality,t5_2uvi9,1729698506.438692
8,r/WomenGolf,5818,Sports,t5_55oxrt,1729698506.45712
9,r/worms,5818,Gaming,t5_2rz9y,1729698506.4755929
10,r/AskAlaska,5817,Place,t5_acg7mx,1729698506.545446
11,r/BlackwakeGame,5817,Gaming,t5_39ljm,1729698506.564308
12,r/GalaxyS20,5817,Technology,t5_37932,1729698506.597764
13,r/PunSpecialForces,5817,Funny/Humor,t5_wcumg,1729698506.6182559
14,r/TheTikTokStreetsSnark,5817,Celebrity,t5_9geur2,1729698506.6369212
15,r/xamarindevelopers,5817,Programming,t5_33s72,1729698506.657853
16,r/Yugioh_Duel_Links,5817,Gaming,t5_3imzk,1729698506.676759
17,r/BookCovers,5816,"Reading, Writing, and Literature",t5_2syo1,1729698506.695827
18,r/DallasFuel,5816,Gaming,t5_3oz4w,1729698506.714912
19,r/FreeCricutSVGFiles,5816,Crafts and DIY,t5_x6qml,1729698506.733692
20,r/YorForger,5816,Anime,t5_68h2xz,1729698506.752619
21,r/Armpit_addicts,5814,Welcome all ARMPIT LOVERS https://www.facebook.com/profile.php?id=100089072110985&mibextid=ZbWKwL,t5_88czwb,1729698506.771569
22,r/CaptiveWildlife,5814,Animals and Pets,t5_2stm2,1729698506.790137
23,r/ChardeeMacDennis,5814,Welcome to ChardeeMacDennis,t5_2t48k,1729698506.809172
24,r/giftcard,5814,Crypto,t5_2ryri,1729698506.8276758
25,r/morse,5814,"Reading, Writing, and Literature",t5_2rxyh,1729698506.846417
26,r/AchievementHub,5813,Gaming,t5_3vkr6u,1729698506.865197
27,r/Chicano,5813,"Culture, Race, and Ethnicity",t5_2teru,1729698506.8838232
28,r/hoegress,5813,Fitness and Nutrition,t5_4fjgt5,1729698506.902549
29,r/NursingPH,5813,Learning and Education,t5_7k4685,1729698506.92146
30,r/Stavanger,5813,Place,t5_2rpjq,1729698506.940244
31,r/ViolettBeane,5813,Mature Themes and Adult Content,t5_3ctuk,1729698506.958808
32,r/NickyWhelan,5812,Mature Themes and Adult Content,t5_32bge,1729698506.977531
33,r/TheNeighbourhood,5812,Music,t5_2x9zn,1729698506.996108
34,r/DaveFX,5811,Television,t5_2azyx0,1729698507.015029
35,r/lesbian_footfetish,5811,A place to post women engaging in feet related sexual activity together. This is a NO HOE ZONE. Dumb hoes who don't know the rules will be permanently banned.,t5_94z7oj,1729698507.033448
36,r/harrisonburg,5810,Place,t5_2qm3i,1729698507.051774
37,r/JourneyPS3,5810,Gaming,t5_2tun0,1729698507.070642
38,r/LoveAfterDivorce,5810,Television,t5_8y32ak,1729698507.0901928
39,r/psychedelicmusic,5810,Music,t5_2s7j3,1729698507.108844
40,r/TwoXriders,5810,Cars and Motor Vehicles,t5_2tkl8,1729698507.127372
41,r/ChurchofYukari,5809,Gaming,t5_32p4b,1729698507.1473138
42,r/PennyStocksCanada,5809,"Business, Economics, and Finance",t5_2qj6u0,1729698507.166579
43,r/dadswhodidntwantpets,5808,Animals and Pets,t5_2oa7uw,1729698507.186076
44,r/DCFU,5808,"Reading, Writing, and Literature",t5_3ct9r,1729698507.20541
45,r/GuardiansOftheVeil,5808,Television,t5_2dlz5m,1729698507.224471
46,r/CorrinConclave,5807,Anime,t5_v9uga,1729698507.243395
47,r/dayta,5807,Technology,t5_v4aa1,1729698507.262332
48,r/delilertimarhanesi,5807,Internet Culture and Memes,t5_5ksokq,1729698507.281007
49,r/FlatsFetish,5807,Community obsessed with women wearing ballet flats. No nudity!,t5_7bg4oz,1729698507.2994828
50,r/FurRunner,5807,Animals and Pets,t5_23s9qu,1729698507.318502
51,r/JamieLeeCurtis,5806,Mature Themes and Adult Content,t5_3980e,1729698507.33687
52,r/orangered,5806,The greatest nation in Chroma or Kingston!,t5_2qltw,1729698507.3554718
53,r/RocketLeagueAnalysis,5806,Gaming,t5_3ems5,1729698507.374337
54,r/Batch,5805,Programming,t5_2sz7y,1729698507.39326
55,r/BrunoMars,5805,Music,t5_2w39q,1729698507.412011
56,r/CamillaLuddington,5805,Mature Themes and Adult Content,t5_2vrfk,1729698507.430838
57,r/DarkSoulsTheBoardGame,5805,Tabletop Games,t5_3edv2,1729698507.449764
58,r/PresetsParadise,5805,Art,t5_6xe1nb,1729698507.468244
59,r/Sidehugs,5805,Religion and Spirituality,t5_2tjsn,1729698507.486898
60,r/WorldofCurves,5805,Mature Themes and Adult Content,t5_38bh3t,1729698507.505449
61,r/agent00,5804,Podcasts and Streamers,t5_ycd8v,1729698507.524361
62,r/imaginationrealized,5804,Art,t5_s6ywc,1729698507.543099
63,r/inmatetoroommate,5804,Television,t5_6pkgnc,1729698507.562915
64,r/Mondo,5804,Hobbies,t5_2t87f,1729698507.581795
65,r/Glamping,5803,Outdoors and Nature,t5_2x31w,1729698507.600047
66,r/concernedanimals,5802,Animals and Pets,t5_modzh,1729698507.618208
67,r/Deepspaceninememes,5802,Television,t5_mv2do,1729698507.636327
68,r/mobileDJ,5802,Music,t5_2wz8c,1729698507.657025
69,r/SpellToken,5802,Crypto,t5_4f0o46,1729698507.6763499
70,r/KLM,5801,Travel,t5_2twtz,1729698507.6956952
71,r/pond,5801,Music,t5_2t8rd,1729698507.71425
72,r/solocupgrowers,5800,Mature Themes and Adult Content,t5_2erk6m,1729698507.732657
73,r/Xiangling,5800,Gaming,t5_38bhdx,1729698507.751016
74,r/omnifocus,5799,Technology,t5_2x1cp,1729698507.769258
75,r/TaylorSwiftAutographs,5799,Celebrity,t5_2wju44,1729698507.787561
76,r/writerDeck,5799,Technology,t5_6exk8q,1729698507.805782
77,r/macrodroid,5798,Technology,t5_3cacy,1729698507.8243
78,r/JacksonGuitars,5797,Music,t5_3dccg,1729698507.843264
79,r/jamf,5797,Technology,t5_2uhgn,1729698507.861832
80,r/apple2,5796,Technology,t5_2rftp,1729698507.880529
81,r/GoddessesofBlack,5796,Art,t5_4ohao2,1729698507.899144
82,r/HormoneFreeMenopause,5796,Women's Health,t5_4e4xq2,1729698507.917436
83,r/RockAuto,5796,Cars and Motor Vehicles,t5_2rivf,1729698507.936048
84,r/saniyeler,5796,saniye,t5_227nsl,1729698507.954868
85,r/GluteGains,5795,Fitness and Nutrition,t5_3oqrcw,1729698507.9734578
86,r/ChurchOfSae,5794,Mature Themes and Adult Content,t5_3kgey,1729698507.9918458
87,r/coloringtherapy,5794,Art,t5_3aina,1729698508.010435
88,r/LetsMakeaPlaylist,5794,Music,t5_109byr,1729698508.0290759
89,r/RealWorldPolice,5794,World News,t5_pthhp,1729698508.048932
90,r/michiganfootball,5793,Sports,t5_2s9u8,1729698508.067472
91,r/AdvancedIdeas,5792,Technology,t5_2js9bp,1729698508.086405
92,r/virginients,5792,Hobbies,t5_2tjag,1729698508.10506
93,r/AthabascaUniversity,5791,Learning and Education,t5_2wz74,1729698508.1239412
94,r/Dishapatanifan,5791,Celebrity,t5_497kbw,1729698508.142588
95,r/livingaparttogether,5791,Family and Relationships,t5_2w054,1729698508.163279
96,r/LongmontPotionCastle,5791,Internet Culture and Memes,t5_2r4hh,1729698508.182802
97,r/mubi,5791,Movies,t5_5fpzkv,1729698508.201683
98,r/NoRollsBarred,5791,Podcasts and Streamers,t5_50dlx2,1729698508.220948
99,r/TarantulaKeeping,5791,Animals and Pets,t5_anbis6,1729698508.2397382
100,r/AirlinePilots,5790,Careers,t5_2vya8,1729698508.258272
101,r/ea2kcbb,5790,Gaming,t5_36w37,1729698508.277109
102,r/Bearswaving,5789,Animals and Pets,t5_2vl6w,1729698508.295941
103,r/Goosiest,5789,Podcasts and Streamers,t5_2k45bp,1729698508.314626
104,r/KittyKicks,5789,Animals and Pets,t5_u7mel,1729698508.333168
105,r/N64WrestlingGames,5789,Gaming,t5_3a9ik,1729698508.3516018
106,r/praying_mantis,5789,Outdoors and Nature,t5_33qxp,1729698508.370177
107,r/UWindsor,5789,Learning and Education,t5_2rxw1,1729698508.3888042
108,r/kakyoin,5788,Anime,t5_31118,1729698508.486773
109,r/LGBTQMentalHealth,5788,Sexual Orientation,t5_23wpn9,1729698508.5175738
110,r/Mipha,5788,Gaming,t5_3jhrg,1729698508.541327
111,r/Nostalgiefrance,5787,History,t5_bihbhd,1729698508.563573
112,r/TingyunShrine,5787,Gaming,t5_790o0z,1729698508.586451
113,r/bryanaholly,5786,Mature Themes and Adult Content,t5_2zsvr,1729698508.610303
114,r/HelloNeighborGame,5786,Gaming,t5_3grrj,1729698508.637354
115,r/muslimtechnet,5786,Careers,t5_2s1jw1,1729698508.661014
116,r/navyreserve,5786,Military,t5_368ty,1729698508.683423
117,r/Segos_Pumpkin,5786,Welcome to Segos_Pumpkin,t5_5qjuc0,1729698508.705964
118,r/architecturestudent,5785,Learning and Education,t5_2tgbs,1729698508.728093
119,r/AsianFilms,5785,Movies,t5_2snba,1729698508.74982
120,r/BidenWatch,5785,Politics,t5_34zcex,1729698508.769463
121,r/FranciaRaisa,5785,Celebrity,t5_2u8t2,1729698508.789014
122,r/Himynamesstees,5785,Himynamestee server only her,t5_beabyb,1729698508.810227
123,r/pokhara,5784,Place,t5_2u0mf,1729698508.8306031
124,r/alisonhuber,5783,Mature Themes and Adult Content,t5_lkjvf,1729698508.850999
125,r/ClubPilates,5783,Fitness and Nutrition,t5_6dxcj8,1729698508.873465
126,r/CoronavirusSouth,5783,Place,t5_2gtk5m,1729698508.8951209
127,r/2003CloneWarsMemes,5782,Internet Culture and Memes,t5_3jjiu,1729698508.914738
128,r/preschool,5782,Learning and Education,t5_2t6in,1729698508.9342
129,r/swindled,5782,Podcasts and Streamers,t5_f7rt7,1729698508.954093
130,r/HarmonyKorine,5781,Celebrity,t5_2smbl,1729698508.9738219
131,r/lineapp,5781,Technology,t5_37vhp,1729698508.996347
132,r/NPPfunny,5781,Gaming,t5_5vo6st,1729698509.01601
133,r/d3js,5780,Programming,t5_2tags,1729698509.035839
134,r/ImaginaryFlora,5780,Art,t5_384xr,1729698509.055189
135,r/ProMusicProduction,5780,Music,t5_3rq77a,1729698509.074466
136,r/WackyWest,5780,Politics,t5_4xvlkj,1729698509.09391
137,r/properanatomy,5779,where we describe the biological world in the meme-ist way possible,t5_39cc2,1729698509.112981
138,r/PKGOAtlanta,5778,Gaming,t5_3fc4o,1729698509.132509
139,r/europeanuclub,5777,Politics,t5_7090f0,1729698509.28746
140,r/robertdowneyjr,5777,Celebrity,t5_2u3mt,1729698509.310444
141,r/girlsbandcry,5776,Anime,t5_5savd4,1729698509.330038
142,r/International,5776,World News,t5_2qnpf,1729698509.3499131
143,r/android_devs,5775,Programming,t5_2aqn87,1729698509.369453
144,r/NadineVelazquez,5775,Nadine Velazquez,t5_2up2e,1729698509.398323
145,r/Rottweilers,5775,Animals and Pets,t5_2qrmg,1729698509.41777
146,r/Timeless,5775,Television,t5_2rgzz,1729698509.436287
147,r/NYTStrands,5774,Gaming,t5_axkyuo,1729698509.455044
148,r/pompaprogram,5774,"A community for prospective, current, and past clients of the Pompa Program, as well as current or previous employees to share their unfiltered experiences. This page is not owned or managed by anyone employed by or affiliated with Dr. Pompa.",t5_c7hmlq,1729698509.4740028
149,r/AmberMidthunder,5773,Celebrity,t5_k6yix,1729698509.4933388
150,r/bearandbreakfast,5773,Gaming,t5_30c5f6,1729698509.5606248
151,r/cctv,5773,Technology,t5_2qupd,1729698509.57938
152,r/dailydoseofinternet,5773,Podcasts and Streamers,t5_fuz3v,1729698509.6114619
153,r/Instruments,5773,Music,t5_2szjx,1729698509.6302578
154,r/NFLRoundTable,5773,Sports,t5_30tva,1729698509.6490629
155,r/sonicwall,5773,Technology,t5_2tkfy,1729698509.669447
156,r/KateWinslett,5772,Mature Themes and Adult Content,t5_6oho52,1729698509.688607
157,r/AlexaBlissHumiliation,5771,Mature Themes and Adult Content,t5_45qagk,1729698509.707995
158,r/buyforlifetips,5770,Marketplace and Deals,t5_7a3ha9,1729698509.727328
159,r/coinspot,5769,Crypto,t5_3mhg3,1729698509.746016
160,r/thevisoria,5769,Marketplace and Deals,t5_6hs2wb,1729698509.7649899
161,r/baemon5thgenleaders,5768,"BABYMONSTER (베이비몬스터), is a South Korean girl group under YG Entertainment. The group consists of Ruka, Pharita, Asa, Ahyeon, Rami, Rora and Chiquita. They released their pre-debut single ‘DREAM‘ on May 14, 2023. They made their long-awaited debut on November 27, 2023 as a 6-member group, excluding member Ahyeon, who is temporarily on hiatus due to health reasons",t5_adtxos,1729698509.785834
162,r/Hylics,5768,Gaming,t5_3a6ji,1729698509.8193579
163,r/UndertheOakTree,5768,Anime,t5_3kjnsw,1729698509.8382
164,r/AventurineMains,5767,Gaming,t5_89qjn3,1729698509.856983
165,r/BoneAppleTypo,5767,Funny/Humor,t5_2iu1w8,1729698509.875844
166,r/hotindianwebseries,5767,Mature Themes and Adult Content,t5_9kh2hi,1729698509.8944042
167,r/lonelywomen,5767,Women's Health,t5_z6jm4,1729698509.912701
168,r/qobuz,5767,Music,t5_38jqe,1729698509.932436
169,r/steinbach,5766,Place,t5_2shwi,1729698509.951807
170,r/TheAngelsNP,5766,Podcasts and Streamers,t5_2vjzai,1729698509.9699771
171,r/KMFDM,5765,Music,t5_2rt67,1729698509.9874492
172,r/AuroraBorealis,5764,Science,t5_2zxdi,1729698510.0056572
173,r/Celebs_Braless,5764,Mature Themes and Adult Content,t5_7nuwa4,1729698510.0230012
174,r/GemmaChan,5763,Celebrity,t5_38u5y,1729698510.041433
175,r/Heartfailure,5763,Medical and Mental Health,t5_3iyxd,1729698510.0585961
176,r/physique,5763,Fitness and Nutrition,t5_2sm3e,1729698510.075802
177,r/taos,5763,Place,t5_2tl5p,1729698510.093004
178,r/alanna_masterson,5762,Celebrity,t5_3pez4,1729698510.110527
179,r/kraut,5762,Politics,t5_2rk6n,1729698510.128918
180,r/MLjobs,5762,Careers,t5_3eq49,1729698510.147264
181,r/NIKKEGoddessofVictory,5762,Gaming,t5_5bam9t,1729698510.1656241
182,r/DreamCrossing,5761,Gaming,t5_2xu58,1729698510.1862972
183,r/FurnaceParty,5760,Internet Culture and Memes,t5_wppah,1729698510.2044191
184,r/team3dalpha,5760,Fitness and Nutrition,t5_5qmd42,1729698510.222295
185,r/planescape,5759,Gaming,t5_2tjve,1729698510.2407649
186,r/hattrick,5757,Gaming,t5_2sizd,1729698510.259257
187,r/Lubuntu,5757,Technology,t5_2uc56,1729698510.277737
188,r/Olevels,5757,Learning and Education,t5_308q32,1729698510.296109
189,r/StuffMadeHere,5757,Podcasts and Streamers,t5_37n97k,1729698510.314535
190,r/OzMedia,5756,Podcasts and Streamers,t5_xtynd,1729698510.333007
191,r/PrejudiceChallenge,5756,Activism,t5_2pb5fe,1729698510.351242
192,r/APEXracers,5755,Gaming,t5_7t5iom,1729698510.369571
193,r/crazypeople,5755,Internet Culture and Memes,t5_2td4e,1729698510.389725
194,r/GeneticGenealogyNews,5754,Law,t5_2amtn2,1729698510.408225
195,r/GiantAnimeGirls,5754,Mature Themes and Adult Content,t5_7imrc6,1729698510.426632
196,r/ibkr,5754,"Business, Economics, and Finance",t5_fqke0,1729698510.445088
197,r/jordanpagesnark,5754,Celebrity,t5_3a2svf,1729698510.463569
198,r/NudistMemes,5754,Mature Themes and Adult Content,t5_3ya940,1729698510.482404
199,r/ScotlandRugby,5754,Sports,t5_3fdau,1729698510.500739
200,r/BlackWomenDivest,5753,"Culture, Race, and Ethnicity",t5_2q1f79,1729698510.5192919
201,r/centralcoast,5753,Place,t5_2sbgz,1729698510.538136
202,r/century,5752,Gaming,t5_2rjk2,1729698510.5570729
203,r/clickbait,5752,Internet Culture and Memes,t5_3000y,1729698510.575983
204,r/googletranslate,5752,Internet Culture and Memes,t5_2wgth,1729698510.594561
205,r/DCEU,5751,Movies,t5_38yqn,1729698510.6136
206,r/Sasquatch,5751,Music,t5_2saia,1729698510.632371
207,r/Symbaroum,5751,Tabletop Games,t5_3arwr,1729698510.650887
208,r/metalslug,5750,Gaming,t5_2s1o6,1729698510.6706161
209,r/MiddleGenZ,5750,Gender,t5_8emyhw,1729698510.6905332
210,r/ramones,5750,Music,t5_2qjph,1729698510.710027
211,r/weaponsystems,5750,Military,t5_2vbam,1729698510.729185
212,r/cobiblocks,5749,Hobbies,t5_29krom,1729698510.7480261
213,r/DeathValleyNP,5749,Outdoors and Nature,t5_2z2rv,1729698510.766569
214,r/fooocus,5749,Technology,t5_aaad8e,1729698510.785493
215,r/GrayStillPlays_fans,5749,Podcasts and Streamers,t5_10cxrw,1729698510.803742
216,r/DukeBluePlanet,5748,Sports,t5_3ftv0,1729698510.822437
217,r/Terpenes,5748,Mature Themes and Adult Content,t5_3i9wf,1729698510.8412092
218,r/ThreeBeanSalad,5748,Podcasts and Streamers,t5_4ouzdm,1729698510.861283
219,r/JeffRosenstock,5747,Music,t5_2wm3x,1729698510.879503
220,r/theholotaco,5747,Beauty and Makeup,t5_36cpe9,1729698510.898216
221,r/HungryArtistsFed,5746,Art,t5_kh92k,1729698510.9179
222,r/SmallYoutubersBoost,5746,"Gain knowledge, get feedback, and connect with other YouTubers!",t5_ftlmo,1729698510.939369
223,r/eddit,5745,Meta/Reddit,t5_2qies,1729698510.961028
224,r/BusinessEmpireRichman,5744,Gaming,t5_82rp95,1729698510.985415
225,r/MartinShkreli,5744,Celebrity,t5_3a1d4,1729698511.009753
226,r/WallexTrust,5744,"Welcome to the Wallex Trust subreddit. Here you will find news and information regarding Wallex, the team and the community that supports Wallex Trust.",t5_2mkas5,1729698511.0290549
227,r/RealEstateExam,5743,Learning and Education,t5_11ewy4,1729698511.048886
228,r/newnan,5742,Place,t5_2sw8a,1729698511.068244
229,r/TaiEmery,5742,Mature Themes and Adult Content,t5_3m0i7i,1729698511.08743
230,r/CFBrevamped,5741,Gaming,t5_3rn5zf,1729698511.1068149
231,r/delorean,5741,Cars and Motor Vehicles,t5_2s597,1729698511.126186
232,r/Otamatone,5741,Music,t5_2yd6f,1729698511.145778
233,r/UnderTheStall,5741,Mature Themes and Adult Content,t5_9w1qjr,1729698511.1649652
234,r/chefknifememes,5740,Internet Culture and Memes,t5_22g9n9,1729698511.187232
235,r/JusticeForClayton,5740,Law,t5_ac4b08,1729698511.207241
236,r/PleaseTakaminesan,5740,Anime,t5_2fu279,1729698511.229492
237,r/Refold,5740,Learning and Education,t5_3azein,1729698511.250693
238,r/mariahthescientist,5739,Music,t5_29pk2s,1729698511.2700071
239,r/OpenRGB,5738,Technology,t5_2khr5m,1729698511.289362
240,r/rvs,5738,Cars and Motor Vehicles,t5_2s5pr,1729698511.308912
241,r/mansformation,5737,Family and Relationships,t5_2s8jw,1729698511.328275
242,r/NashvilleJobs,5737,Careers,t5_2urbl,1729698511.347393
243,r/depressivejojo,5736,Art,t5_2a2vv4,1729698511.3679402
244,r/Springtail,5736,Animals and Pets,t5_462hlb,1729698511.387126
245,r/yorkie,5736,Animals and Pets,t5_2urrh,1729698511.4064488
246,r/BuyingBeverlyHills,5735,Television,t5_6kuw54,1729698511.4257169
247,r/AnimeMerchandise,5734,Anime,t5_340ht,1729698511.445087
248,r/askasia,5733,"Culture, Race, and Ethnicity",t5_3n7f3,1729698511.46432
249,r/Rich_hens,5733,Crypto,t5_7cevq0,1729698511.48388
