,subreddit,subscribers,topic,subreddit_id,time
0,r/wikiHow,5647,Internet Culture and Memes,t5_2rymr,1729698544.000297
1,r/ImportantIndianImages,5646,Funny/Humor,t5_c0ryxf,1729698544.0223029
2,r/k8s,5646,Programming,t5_3gs43,1729698544.0409012
3,r/TheDeadFiles,5646,Television,t5_yn483,1729698544.059825
4,r/digitalelectronics,5645,Technology,t5_3271j,1729698544.078599
5,r/falloutequestria,5645,"Reading, Writing, and Literature",t5_2tc7u,1729698544.106244
6,r/lincolndouglas,5645,Learning and Education,t5_2rbui,1729698544.12512
7,r/multiverseofmadness,5645,Movies,t5_21p263,1729698544.14401
8,r/ranciliosilvia,5645,Food and Drink,t5_2t1v1i,1729698544.163857
9,r/StupidpolEurope,5645,Politics,t5_395t10,1729698544.183074
10,r/blackveilbrides,5644,Music,t5_2uaa7,1729698544.253265
11,r/Echocalypse,5644,Gaming,t5_66v6ay,1729698544.272094
12,r/rtms,5644,Medical and Mental Health,t5_2s86k,1729698544.304322
13,r/maconha_legal,5643,Mature Themes and Adult Content,t5_7t8so8,1729698544.323215
14,r/NewForest,5643,Place,t5_2zlt5,1729698544.342015
15,r/ghostandpals,5642,Music,t5_prqaw,1729698544.360605
16,r/GuillermoDelToro,5642,Movies,t5_316jc,1729698544.379442
17,r/neighbours,5642,Television,t5_2ruq3,1729698544.398405
18,r/wlwbooks,5642,"Reading, Writing, and Literature",t5_6acalb,1729698544.416855
19,r/geminis,5641,Religion and Spirituality,t5_2b0e1o,1729698544.435266
20,r/MotoverseNews,5641,Crypto,t5_6p2isu,1729698544.4548638
21,r/pomodoro,5641,Learning and Education,t5_2sgu0,1729698544.473558
22,r/contagioussmiles,5640,Welcome to contagioussmiles,t5_37ew3,1729698544.49243
23,r/joceyjanessa,5640,Mature Themes and Adult Content,t5_7cee2h,1729698544.510942
24,r/studentdiscounts,5640,Marketplace and Deals,t5_2wgpv,1729698544.529794
25,r/chemex,5639,Food and Drink,t5_2vupi,1729698544.548548
26,r/Fasteners,5639,Crafts and DIY,t5_2tize,1729698544.5673091
27,r/FrightenedRabbit,5639,Music,t5_2vkcq,1729698544.586354
28,r/joannalopez,5639,Law,t5_56ixwi,1729698544.6053078
29,r/Nepenthes,5639,Home and Garden,t5_2sfo5,1729698544.624091
30,r/ProDunking,5639,Sports,t5_18salk,1729698544.642754
31,r/southernfood,5639,Food and Drink,t5_2vj42,1729698544.6615858
32,r/AangryUpvote,5638,Meta/Reddit,t5_2oy4vw,1729698544.680606
33,r/Lolboosting,5638,Gaming,t5_2ww8a,1729698544.788818
34,r/officehourslive,5638,Podcasts and Streamers,t5_zg5jq,1729698544.867
35,r/Anesthesia,5637,Medical and Mental Health,t5_2tb2f,1729698544.8884192
36,r/mcsa,5637,Careers,t5_35dfu,1729698544.907487
37,r/MultiVAC_official,5637,Crypto,t5_4r0b1g,1729698544.926234
38,r/FightClub5e,5636,Tabletop Games,t5_2kjkop,1729698544.9452312
39,r/Hersheypark,5636,Travel,t5_32lkx,1729698544.973165
40,r/Hood,5636,Gaming,t5_2swmt,1729698544.992158
41,r/atming,5635,Hobbies,t5_9t6tt,1729698545.010728
42,r/ElinePowell,5635,Celebrity,t5_3es7h,1729698545.029553
43,r/FLStudioMobile,5633,Music,t5_3nqwn,1729698545.048266
44,r/MiamiMarlins,5633,Sports,t5_2sxm3,1729698545.126966
45,r/bossanova,5632,Music,t5_2ritl,1729698545.145986
46,r/HouseOnFire,5632,Celebrity,t5_69ep61,1729698545.17857
47,r/thelumineers,5632,Music,t5_2vux6,1729698545.197664
48,r/acnhtradingpost,5630,Gaming,t5_2jbodf,1729698545.216285
49,r/CompoundedSemaglutide,5630,Fitness and Nutrition,t5_8myehz,1729698545.2350771
50,r/HoboJohnson,5630,Music,t5_gz9ck,1729698545.253868
51,r/NHLbetting,5630,Mature Themes and Adult Content,t5_3jggs,1729698545.273188
52,r/redwall,5630,"Reading, Writing, and Literature",t5_2sakg,1729698545.291939
53,r/winkhub,5630,Technology,t5_35nt7,1729698545.31093
54,r/askStampCollectors,5629,Hobbies,t5_38858,1729698545.329704
55,r/PopTeamEpic,5629,Anime,t5_3p1ah,1729698545.348577
56,r/TUYU_official,5629,Music,t5_2bai1i,1729698545.367242
57,r/chinaart,5628,Art,t5_2x6l2,1729698545.386163
58,r/ChizuruMizuhara,5628,Anime,t5_291zk2,1729698545.405243
59,r/FelicityJones,5628,Celebrity,t5_2st33,1729698545.4240482
60,r/SkirkMains,5628,Gaming,t5_3xkpaw,1729698545.442222
61,r/thelastspell,5628,Gaming,t5_2sbzv1,1729698545.4605372
62,r/motorbikes,5627,Cars and Motor Vehicles,t5_2qq3q,1729698545.4820092
63,r/sabrinalynn_OF_free,5627,Mature Themes and Adult Content,t5_4zaoya,1729698545.503365
64,r/cardetailingtips,5626,Cars and Motor Vehicles,t5_2mkmap,1729698545.522239
65,r/CozyMystery,5626,"Reading, Writing, and Literature",t5_3947n,1729698545.541064
66,r/GithubCopilot,5626,Programming,t5_4ppi6b,1729698545.5594199
67,r/30daysit,5625,30-day meditation challenge! A chill place to challenge yourself and improve your practicce. Keep on meditating and best wishes!,t5_2ryuk,1729698545.577643
68,r/angelakinsey,5625,Celebrity,t5_2yf05,1729698545.596098
69,r/BigTime,5625,Podcasts and Streamers,t5_bsj0j9,1729698545.6144829
70,r/butaretheywrong,5625,Internet Culture and Memes,t5_8c9qhd,1729698545.632761
71,r/GSAT,5625,"Business, Economics, and Finance",t5_3ssz66,1729698545.651077
72,r/journalprompts,5625,Non-fiction prompts to inspire thoughtful entries for your journal.,t5_3enle,1729698545.669757
73,r/devo,5624,Music,t5_2rg90,1729698545.6884758
74,r/NightRunnersGame,5623,Gaming,t5_xo162,1729698545.706948
75,r/XboxRetailHomebrew,5623,Gaming,t5_67ay72,1729698545.725816
76,r/international_denmark,5622,Place,t5_3adtp,1729698545.744931
77,r/NintendoSwitchOnline,5622,Gaming,t5_c2bk0,1729698545.763948
78,r/The_Chocker,5622,Politics,t5_2gfyr5,1729698545.7829602
79,r/unexpectedsteamedhams,5622,Internet Culture and Memes,t5_gkfgw,1729698545.8016598
80,r/WhatRemainsEdithFinch,5622,Gaming,t5_3k661,1729698545.8206878
81,r/CRF300L,5621,Cars and Motor Vehicles,t5_3h7mwy,1729698545.839778
82,r/DevelopingStory,5621,World News,t5_bhr3r6,1729698545.8588018
83,r/FrugalWrist,5621,Marketplace and Deals,t5_35jqj,1729698545.8776808
84,r/LegoTechniques,5621,A subreddit for explaining and demonstrating building tips and techniques. Looking for a way to improve articulation of joints? Need an alternative method for joining bricks in different directions? Need ideas for building gearboxes or engines? This is the place to post ideas and ask questions!,t5_2w91q,1729698545.8967838
85,r/GreatFilter,5620,Ethics and Philosophy,t5_3ig2p,1729698545.915321
86,r/tattooflash,5620,Art,t5_2tbm1,1729698545.935159
87,r/CarrieKeagan,5619,Mature Themes and Adult Content,t5_2wzcn,1729698545.95427
88,r/Poldark,5619,Television,t5_338n8,1729698545.973248
89,r/Development,5618,Programming,t5_2rd2y,1729698545.99214
90,r/Analogmemes,5617,Internet Culture and Memes,t5_k2ik4,1729698546.011709
91,r/dota2fashionadvice,5617,Gaming,t5_2wt58,1729698546.0306728
92,r/IslamicStudies,5617,Religion and Spirituality,t5_2sh8y,1729698546.049357
93,r/LeftyPiece,5617,Politics,t5_50nmp2,1729698546.068198
94,r/lernen_German,5617,Learning and Education,t5_3myi3u,1729698546.086632
95,r/MoviesforShrooms,5617,Movies,t5_3d6ums,1729698546.105234
96,r/PlayerAuctions,5617,Gaming,t5_379rx,1729698546.123779
97,r/specialaww,5617,Animals and Pets,t5_k8gjt,1729698546.142373
98,r/BigSteppys,5616,Animals and Pets,t5_2azkni,1729698546.165508
99,r/exjwhumor,5616,Internet Culture and Memes,t5_2u7ox,1729698546.187702
100,r/NetflixDocumentaries,5616,Television,t5_3e8hg,1729698546.2118669
101,r/AbsurdistMemes,5615,Internet Culture and Memes,t5_pvi7q,1729698546.235059
102,r/FrankieMacdonald,5615,Podcasts and Streamers,t5_2yrk3,1729698546.255189
103,r/MolchatDoma,5615,Music,t5_254956,1729698546.276532
104,r/ImSorryYagoo,5614,Anime,t5_2vm8b8,1729698546.2962198
105,r/Rockhill,5614,Place,t5_2sa20,1729698546.3163378
106,r/FREEVSTS,5613,Technology,t5_ypms0,1729698546.336294
107,r/HippoCampusBand,5613,Music,t5_3evod,1729698546.355885
108,r/Kettleballs,5613,Fitness and Nutrition,t5_45joit,1729698546.3751738
109,r/YGTREASURE,5613,Music,t5_vij3o,1729698546.394475
110,r/christiansnark,5611,Celebrity,t5_4zqj6a,1729698546.413219
111,r/DragonBall34,5611,Mature Themes and Adult Content,t5_431be2,1729698546.432071
112,r/inverness,5611,Place,t5_2s9vh,1729698546.452089
113,r/ohoranails,5611,Beauty and Makeup,t5_48vim3,1729698546.4706318
114,r/HerpesQuestions,5610,Medical and Mental Health,t5_6kstt7,1729698546.48946
115,r/OnlyCompsXXX,5610,Welcome to OnlyCompsXXX,t5_8u9cg9,1729698546.508565
116,r/wohltuendemaimais,5610,Internet Culture and Memes,t5_3kcr2,1729698546.527478
117,r/gender,5609,Gender,t5_2qhiu,1729698546.546277
118,r/hondanavi,5608,Cars and Motor Vehicles,t5_5cr89s,1729698546.565268
119,r/HumanKitKat,5608,Funny/Humor,t5_2f1x9s,1729698546.586493
120,r/NarFFL,5608,Sports,t5_2rtfj,1729698546.696034
121,r/theblackcompany,5608,"Reading, Writing, and Literature",t5_2tipc,1729698546.720313
122,r/boldandbeautiful,5607,Television,t5_3jvgg,1729698546.745375
123,r/DelawareOH,5607,Place,t5_2skza,1729698546.769454
124,r/grantspass,5607,Place,t5_2smjm,1729698546.792922
125,r/Jonestown,5607,History,t5_2swkf,1729698546.815697
126,r/CustomHotWheels,5606,Hobbies,t5_34cjr,1729698546.839162
127,r/HotPepperGrowing,5606,Home and Garden,t5_361h4,1729698546.861967
128,r/thatbendywindow,5606,Home and Garden,t5_i54be,1729698546.884602
129,r/ConstructionMNGT,5605,Careers,t5_31sci,1729698546.907093
130,r/GerdFriendlyFood,5605,Food and Drink,t5_4140hr,1729698546.9314759
131,r/nswpolice,5605,Law,t5_3ml2n,1729698546.9552698
132,r/TonyRobbins,5605,Celebrity,t5_350e9,1729698546.9767869
133,r/Trapping,5605,Hobbies,t5_2s9tx,1729698546.9984078
134,r/WhatinHellisBad,5605,Gaming,t5_7ntjay,1729698547.01899
135,r/BeyoncesWorshippers,5604,Celebrity,t5_7pnof8,1729698547.0387352
136,r/Cordials,5604,Food and Drink,t5_93t992,1729698547.059434
137,r/counterstrike2,5604,Gaming,t5_7zvw1j,1729698547.080368
138,r/FlowScape,5604,Art,t5_tm3yx,1729698547.099444
139,r/ShedTheory,5604,Music,t5_6o8yf2,1729698547.120569
140,r/AnimeNYC,5603,Anime,t5_3hs4s,1729698547.1414669
141,r/darkerdungeons5e,5603,Tabletop Games,t5_iy8kk,1729698547.16083
142,r/DexMemes,5603,Internet Culture and Memes,t5_28j3b2,1729698547.1809049
143,r/Elkhart,5603,Place,t5_3058g,1729698547.202036
144,r/ToyotaGrandHighlander,5603,Cars and Motor Vehicles,t5_7qyshm,1729698547.222486
145,r/Chesapeake,5602,Place,t5_2sm9t,1729698547.243393
146,r/cigarboxguitars,5602,Music,t5_2xffk,1729698547.263135
147,r/TDNightCountry,5601,Television,t5_all1xl,1729698547.282214
148,r/victoria_3,5601,Gaming,t5_s1h32,1729698547.30128
149,r/SuzanneSchulting,5600,Mature Themes and Adult Content,t5_31utwe,1729698547.3213818
150,r/AtmosphericDnB,5599,Music,t5_2v2ld,1729698547.342637
151,r/morsecode,5599,"Reading, Writing, and Literature",t5_2slhu,1729698547.363948
152,r/obscurePDFs,5599,"Reading, Writing, and Literature",t5_wu2rm,1729698547.383872
153,r/TicwatchOfficial,5599,Fashion,t5_3fs0b,1729698547.40259
154,r/WebComic,5599,"Reading, Writing, and Literature",t5_2rd2p,1729698547.4220319
155,r/Exocolonist,5598,Gaming,t5_50cqo0,1729698547.440981
156,r/HannahStockingOF_,5598,Sub dedicated to Hannah Stocking --- Join now!,t5_bgm2b8,1729698547.459651
157,r/HomescapesOfficial,5598,Gaming,t5_235fvg,1729698547.4784498
158,r/Squidbillies,5598,Television,t5_2stwg,1729698547.496972
159,r/AncientGermanic,5596,"Culture, Race, and Ethnicity",t5_2j08i9,1729698547.515626
160,r/lorraine__SD,5596,Trying 2 bring it back💪🏽 Subreddit for the Beautiful IG: @Lorraine_SD only post stuff of Lorraine please 💯,t5_85sxpn,1729698547.535899
161,r/Natsume,5596,Anime,t5_33udp,1729698547.557214
162,r/TheaterDays,5596,Gaming,t5_3jht8,1729698547.577697
163,r/zflipcoverscreengifs,5596,Art,t5_4ylfww,1729698547.596649
164,r/bermuda,5595,Place,t5_2r94c,1729698547.615314
165,r/Grid_Ops,5595,Careers,t5_37pda,1729698547.6338549
166,r/shxtsngigs,5595,Podcasts and Streamers,t5_6amm07,1729698547.652717
167,r/lipstick.com,5594,Welcome to lipstick.com,t5_4k4c,1729698547.6713011
168,r/ToastCats,5594,Animals and Pets,t5_7wnxk9,1729698547.689801
169,r/Vlogs,5594,Podcasts and Streamers,t5_2rj8b,1729698547.70828
170,r/BeauOfTheFifthColumn,5593,Podcasts and Streamers,t5_ypmhd,1729698547.727097
171,r/gunz,5593,Gaming,t5_2s9hn,1729698547.745622
172,r/MazdaCX90,5593,Cars and Motor Vehicles,t5_5yv4u1,1729698547.7642481
173,r/Resortopia,5593,Gaming,t5_57ijka,1729698547.783036
174,r/Transcription,5593,"Reading, Writing, and Literature",t5_2qy5i,1729698547.801972
175,r/PEACHPIT,5592,Music,t5_3k2qk,1729698547.820941
176,r/SendMeCompliments,5592,Mature Themes and Adult Content,t5_6qyot8,1729698547.839914
177,r/CatsOnStereos,5591,Animals and Pets,t5_3nmg6,1729698547.8585541
178,r/EBM,5591,Music,t5_2qqp7,1729698547.877643
179,r/Rotaries,5591,Cars and Motor Vehicles,t5_2sklk,1729698547.896938
180,r/ShatteredPD,5591,Gaming,t5_4ctr22,1729698547.9156969
181,r/thousandhunny,5591,"Rules: 1 • Absolutely NO bullying or harassing 2 • This is a fun space for adults to chat about anime, cosplays, and other fun stuff! So no kids allowed 3 • NO SPOILERS 4 • No outside content/self promo 5 • If you are here to be creepy to me or anyone else, this is not the place for you and you will be kicked/banned",t5_90elf2,1729698547.9359229
182,r/goosecreekcandles,5590,Home and Garden,t5_302676,1729698547.954946
183,r/cowboybikes,5589,Cars and Motor Vehicles,t5_10wzrv,1729698547.973686
184,r/GirlsXBattle,5589,Gaming,t5_3dcsv,1729698547.992426
185,r/Onshape,5589,Technology,t5_37ade,1729698548.011054
186,r/planescapesetting,5589,Tabletop Games,t5_31sh3,1729698548.0299258
187,r/AchatPourLaVie,5588,Marketplace and Deals,t5_at0yfi,1729698548.0499892
188,r/Nba2k22,5588,Gaming,t5_4rqcmu,1729698548.068382
189,r/cyborgs,5587,c0 78 0d 84 4f bb 1a 59 9d 7d a1 84 8c 1f de 4a b0 f2 23 ea 92 c0 1f 70 7b 05 fd 2d f5 de fe f7 ed f2 cf 30 71 9d ec 2e 08 3a 04 ff 3a 93 d7 ce 2c 2b c3 d5 bf 2b 23 1e b2 5c 36 e3 fb 52 c3 f0 49 ed 91 85 cf f3 b1 69 57 d4 4e 0d ff f0 45 f9 bc f9 99 05 d8 91 29 be 2e 76 cd 4e e8 86 63 f0 ab ef 83 f4 51 c8 2b 19 89 ca 98 d7 52 5f 2a 69,t5_2s308,1729698548.08704
190,r/SydneySweeneyThirst,5587,Welcome to SydneySweeneyThirst,t5_77tao8,1729698548.105976
191,r/lifeisagift,5585,Funny/Humor,t5_qmh6z,1729698548.1248782
192,r/maimaiwirtschaft,5585,Internet Culture and Memes,t5_3jr91,1729698548.143407
193,r/Nuski_,5585,Mature Themes and Adult Content,t5_74w6k9,1729698548.162125
194,r/PrettyPastelProof,5584,Podcasts and Streamers,t5_80kcb2,1729698548.181067
195,r/TheWorldDaily,5584,"""The World Daily"" is a breaking news publication that covers a wide range of global news topics on a daily basis.",t5_8l7gww,1729698548.200122
196,r/SuperHeroDoge,5583,SUPER HERO DOGE Community,t5_4s7d3d,1729698548.218981
197,r/thesims1,5583,Gaming,t5_2wp5f,1729698548.237629
198,r/CaitlinStasey,5581,Mature Themes and Adult Content,t5_2xa7n,1729698548.2561731
199,r/CelebritySocks,5581,Mature Themes and Adult Content,t5_11k1pj,1729698548.275306
200,r/Rumi,5581,Ethics and Philosophy,t5_2vyzm,1729698548.294335
201,r/BzzAgent,5580,Marketplace and Deals,t5_2u35a,1729698548.3131
202,r/gamermemes,5580,Internet Culture and Memes,t5_4bkjs,1729698548.342185
203,r/GoGoJoJo,5580,Politics,t5_2p3lus,1729698548.406207
204,r/ARCARacing,5579,Cars and Motor Vehicles,t5_2zh55,1729698548.429518
205,r/LGBTForeverAlone,5579,Gender,t5_2vuwh,1729698548.451874
206,r/Mishifu,5579,Celebrity,t5_9mipej,1729698548.473383
207,r/rule,5579,Internet Culture and Memes,t5_2stpu,1729698548.4950888
208,r/ss14,5579,Gaming,t5_35z6k,1729698548.5163672
209,r/badjump,5578,Jumps that end badly,t5_6uhtyw,1729698548.539745
210,r/FoundTheAmerican,5578,Meta/Reddit,t5_r6gcn,1729698548.56539
211,r/harleyhaisley,5578,"Read rules , NSFW subreddit for Harley Haisley 18+",t5_apiyrs,1729698548.588156
212,r/SidneyStarrTransDiva,5578,Mature Themes and Adult Content,t5_72itzm,1729698548.61329
213,r/Knightsofpenandpaper,5577,Gaming,t5_2xn6c,1729698548.6356869
214,r/passat,5577,Cars and Motor Vehicles,t5_2thzi,1729698548.657676
215,r/SFWSwimsuits,5577,Fashion,t5_93mivk,1729698548.6797671
216,r/shirtthatgohard,5577,Fashion,t5_70o6jx,1729698548.700737
217,r/Bittboy,5576,Gaming,t5_3ml6w,1729698548.721215
218,r/Touringbicycles,5576,Hobbies,t5_366wp,1729698548.741437
219,r/pennfoster,5575,Learning and Education,t5_392s5,1729698548.76185
220,r/Surveys_in_Hebrew,5575,Learning and Education,t5_2k8ofa,1729698548.781632
221,r/VinylCutters,5575,Crafts and DIY,t5_30ecp,1729698548.802031
222,r/fibro,5574,Medical and Mental Health,t5_2sh48,1729698548.82175
223,r/TattleLife,5574,Podcasts and Streamers,t5_7g7fms,1729698548.841391
224,r/vuetifyjs,5574,Programming,t5_3nu8v,1729698548.8607612
225,r/DaniMarina,5573,Celebrity,t5_9d3jzc,1729698548.879991
226,r/getumbrel,5573,Crypto,t5_2db8n2,1729698548.899742
227,r/goetia,5573,Religion and Spirituality,t5_2wqf8,1729698548.919731
228,r/vivobarefoot,5573,Fashion,t5_9ccui,1729698548.9402618
229,r/ITSupport,5572,Technology,t5_2truu,1729698548.9606159
230,r/qdoba,5572,Food and Drink,t5_2udah,1729698548.981313
231,r/QuincyMa,5572,Place,t5_2w2yw,1729698549.0025768
232,r/TodoMomo,5572,Anime,t5_ro1wu,1729698549.024023
233,r/whatsintherug,5572,Law,t5_cleyzt,1729698549.0454972
234,r/AnimeOpenings,5571,Anime,t5_2wgki,1729698549.067512
235,r/MeetLGBT,5571,"Meet the faces of [/r/LGBT](/r/LGBT). Introduce yourself, share your stories, art, creations, pictures. It's a queer hangout, but anyone's welcome. This is the place to get to know each other better, and is **not** limited to lgbt topics.",t5_2rybg,1729698549.08935
236,r/alterbridge,5570,Music,t5_2rqza,1729698549.10942
237,r/catiabraccio,5570,Mature Themes and Adult Content,t5_5n7sr3,1729698549.130767
238,r/openscad,5570,Programming,t5_2xv9x,1729698549.1504588
239,r/BayRap,5569,Music,t5_2v3vd,1729698549.17048
240,r/ForHireFreelance,5569,Careers,t5_2u1av,1729698549.1901271
241,r/microsoft_365_copilot,5569,Technology,t5_82n1dz,1729698549.20946
242,r/naturaldye,5569,Crafts and DIY,t5_2aimwt,1729698549.228696
243,r/ZhongNichi,5569,Learning and Education,t5_81c590,1729698549.24849
244,r/antidietglp1,5568,Medical and Mental Health,t5_agmeqc,1729698549.26865
245,r/Appleboxes,5567,Hobbies,t5_xb156,1729698549.2879329
246,r/restaurants,5567,Food and Drink,t5_2qpe1,1729698549.307084
247,r/saltstack,5567,Technology,t5_2u9v8,1729698549.3259032
248,r/cocksinpanties,5566,Welcome to cocksinpanties,t5_7jh3p7,1729698549.345461
249,r/dumbassgraveyard,5566,A place for people that died due to their own purposeful stupidity. We are insensitive to people that chose death over common sense. Anti-vaxxers that died from COVID. Gun nuts that shot themselves. Terrorists that died alone. Social influencers that died to selfies. All a perfect fit. Feel free to post the news article or even some text in story form of how medieval the stupid is.,t5_4sysi2,1729698549.365215
