,subreddit,subscribers,topic,subreddit_id,time
0,r/habin_s2_,5566,Mature Themes and Adult Content,t5_6tk1q7,1729698563.459649
1,r/simplifimoney,5566,"Business, Economics, and Finance",t5_2cvvsb,1729698563.48134
2,r/Talesofdemonsandgod,5566,Anime,t5_29kdr2,1729698563.500459
3,r/mysteryfleshpit,5565,Internet Culture and Memes,t5_2ofjq5,1729698563.519392
4,r/RogerWakefieldPosts,5565,Home and Garden,t5_3cgkhi,1729698563.541915
5,r/StandardNotes,5565,Technology,t5_3hzv5,1729698563.57157
6,r/ZeroHour_Official,5565,Gaming,t5_2z0j25,1729698563.590102
7,r/howdyhowdyyallhot,5564,Mature Themes and Adult Content,t5_6aao8l,1729698563.609282
8,r/mandalas,5564,Religion and Spirituality,t5_2vric,1729698563.6297972
9,r/hoarderhouses,5563,Addiction Support,t5_3j4iq,1729698563.64961
10,r/placeukraine,5563,Meta/Reddit,t5_62od29,1729698563.735625
11,r/AMLCompliance,5561,Careers,t5_35wmg,1729698563.755151
12,r/GrowinSalviaDivinorum,5561,Home and Garden,t5_3189by,1729698563.79105
13,r/ProClubsRecruit,5561,Gaming,t5_3ljep,1729698563.811506
14,r/Techtonica,5561,Gaming,t5_5tliff,1729698563.832413
15,r/DeltaAirlines,5560,Travel,t5_4ukzmr,1729698563.852007
16,r/Lufthansa,5560,Travel,t5_2xc4u,1729698563.871308
17,r/transistor,5560,Gaming,t5_2wo7h,1729698563.890636
18,r/blackstone,5559,Food and Drink,t5_2voj6,1729698563.909927
19,r/ElectronicsList,5559,Technology,t5_3p06l,1729698563.9292889
20,r/Handstands,5559,Fitness and Nutrition,t5_35see,1729698563.948807
21,r/linksawakeningremake,5559,Gaming,t5_wj19x,1729698563.968271
22,r/Quadrants,5559,These pictures come in four split colors.,t5_3nipz,1729698563.988043
23,r/classicskateboarding,5558,Sports,t5_2vt3u,1729698564.0072188
24,r/ShatterlineFPS,5558,Gaming,t5_6xsflk,1729698564.026399
25,r/xmenmemes,5558,Movies,t5_wanf4,1729698564.045738
26,r/ualbany,5557,Learning and Education,t5_2t0c5,1729698564.0652769
27,r/996,5556,Cars and Motor Vehicles,t5_38vnq,1729698564.0846741
28,r/UCFstudenthousing,5556,Learning and Education,t5_2w0p1x,1729698564.104474
29,r/CESB,5555,"Business, Economics, and Finance",t5_2ll9r3,1729698564.124013
30,r/Fusionfall,5555,Gaming,t5_2va1n,1729698564.1443489
31,r/MusicUkraine,5554,Music,t5_82l9s3,1729698564.163806
32,r/rockpainting,5554,Art,t5_3jm27,1729698564.182814
33,r/seancarroll,5554,Science,t5_i0nkv,1729698564.201906
34,r/WhatBreedIsMyDog,5554,Animals and Pets,t5_2wufl,1729698564.221567
35,r/grincoin,5553,Crypto,t5_3kerx,1729698564.240868
36,r/JordanPeele,5553,Movies,t5_3mdw3,1729698564.25981
37,r/StatisticsZone,5553,Learning and Education,t5_2hlhw9,1729698564.2806451
38,r/Tinnedfish,5552,Food and Drink,t5_32nww4,1729698564.300062
39,r/GiorgiaVela,5551,Celebrity,t5_2vdoet,1729698564.319695
40,r/nijahownsaglock2,5551,Podcasts and Streamers,t5_amrgb7,1729698564.338912
41,r/worshipleaders,5551,Religion and Spirituality,t5_2wnsh,1729698564.358065
42,r/DoomEmacs,5550,Technology,t5_2oz8p8,1729698564.376935
43,r/MissyBevers,5550,Law,t5_ivwrn,1729698564.395527
44,r/RequestABot,5550,Programming,t5_2yfrq,1729698564.414283
45,r/STS9,5550,Music,t5_2rwk9,1729698564.432874
46,r/TowerDefense,5550,Gaming,t5_2rynj,1729698564.451775
47,r/catherinepaizmcbroom,5549,Mature Themes and Adult Content,t5_9f7oh7,1729698564.470634
48,r/LaceyClaireRodgers,5549,Mature Themes and Adult Content,t5_2xmoa0,1729698564.489562
49,r/RobloxPiggy,5549,Gaming,t5_2g94nc,1729698564.508706
50,r/schrutetoobig,5549,"In collaboration with /r/BootTooBig, /r/SchruteTooBig will be expanding! Unfortunately, the community will be private until it is ready to be viewed.",t5_4bjwc,1729698564.5271628
51,r/TemplinInstitute,5548,Podcasts and Streamers,t5_foaao,1729698564.5457752
52,r/Amine,5547,Music,t5_2tjs2,1729698564.5648372
53,r/Donegal,5547,Place,t5_2sv80,1729698564.583818
54,r/primatology,5547,Science,t5_2r02d,1729698564.602605
55,r/dogcatlover,5546,Animals and Pets,t5_76tn91,1729698564.6224918
56,r/PreOptometry,5546,Learning and Education,t5_3a3b9,1729698564.641404
57,r/VinFastComm,5546,Cars and Motor Vehicles,t5_9qecok,1729698564.659899
58,r/esl,5544,Gaming,t5_2qy2g,1729698564.6787
59,r/DeniseSchaefer,5543,Sub dedicated to the Peruvian-born model Denise Schaefer.,t5_31tli,1729698564.697301
60,r/itsalwaysafiero,5543,Cars and Motor Vehicles,t5_6rlsjj,1729698564.716185
61,r/WindowCleaning,5543,Careers,t5_2qvgt,1729698564.735418
62,r/ageregressers,5542,age regression SFW,t5_105ppj,1729698564.7538939
63,r/northampton,5541,Place,t5_2rgbi,1729698564.7741451
64,r/sonicmemes,5541,Internet Culture and Memes,t5_3jrm0,1729698564.7933109
65,r/FlowX13,5540,Technology,t5_3pqu0r,1729698564.812804
66,r/notstupidifitworks,5540,Crafts and DIY,t5_300wzm,1729698564.832098
67,r/chungus,5539,Internet Culture and Memes,t5_3mglq,1729698564.851248
68,r/DesignHomeGame,5539,Gaming,t5_3iodt,1729698564.870253
69,r/m83,5539,Music,t5_2socl,1729698564.8892758
70,r/tado,5539,Technology,t5_2zpqj,1729698564.9080389
71,r/Talisman,5539,Tabletop Games,t5_2twtp,1729698564.927022
72,r/xfinity,5539,Technology,t5_2x1kd,1729698564.9455302
73,r/Islamic_Coin_Official,5538,Crypto,t5_8rsly0,1729698564.964146
74,r/Toriko,5537,Anime,t5_2sfcq,1729698564.983178
75,r/TraditionalWicca,5537,Religion and Spirituality,t5_2v06z,1729698565.002218
76,r/GiveMeTheVirus,5536,Gaming,t5_2yvcy,1729698565.02123
77,r/holleygabriellesnark,5536,Celebrity,t5_6clh52,1729698565.04016
78,r/EnneagramType2,5535,Science,t5_fldis,1729698565.059233
79,r/ineosgrenadier,5535,Cars and Motor Vehicles,t5_2u6ouq,1729698565.077824
80,r/KawasakiVulcanRiders,5535,Cars and Motor Vehicles,t5_3bwkf,1729698565.097465
81,r/Man_Cave,5535,Mature Themes and Adult Content,t5_5s4cs5,1729698565.1162822
82,r/RecantoDoBaiacu,5535,alguém da um colchão pra esse baiacu descansar pelo AMOR DE DEUS '-',t5_2rnp9c,1729698565.1348531
83,r/FashionRepsRo,5534,Fashion,t5_2crzcz,1729698565.153568
84,r/lakokozosseg,5533,Home and Garden,t5_5ruplo,1729698565.172204
85,r/SistersInSunnah,5533,Religion and Spirituality,t5_2rsadw,1729698565.190917
86,r/crabbing,5532,Outdoors and Nature,t5_2tire,1729698565.209514
87,r/speedpaint,5532,Art,t5_2v2m3,1729698565.228374
88,r/transbodymods,5532,Fashion,t5_5e3pxb,1729698565.246969
89,r/hotmulliganband,5531,Music,t5_2hcci1,1729698565.2658648
90,r/Cruises,5530,Travel,t5_2qii9,1729698565.287355
91,r/GazaInvasionFootage,5530,Military,t5_9rtlxu,1729698565.3068569
92,r/illusions,5530,"A place to share illusions and illusion related content relative to all the senses: visual, audio, taste, smell, touch, etc. Explore the mind-bending world of visual and perceptual tricks! Discover mesmerizing optical illusions, intriguing visual puzzles, and thought-provoking perceptual phenomena. Challenge your senses and share your favorite mind-boggling creations here.",t5_2s7o9,1729698565.3263721
93,r/mammotion,5530,Technology,t5_74pz1h,1729698565.3451898
94,r/raycastapp,5530,Technology,t5_6y39uf,1729698565.36422
95,r/AnneArundelCounty,5529,Place,t5_3o0il,1729698565.382922
96,r/geoscience,5529,Science,t5_2ro7c,1729698565.401547
97,r/gdevelop,5527,Programming,t5_35kaf,1729698565.4202502
98,r/linocut,5527,Art,t5_38huu,1729698565.439153
99,r/tamorapierce,5527,"Reading, Writing, and Literature",t5_2t9hb,1729698565.4578078
100,r/Unicode,5527,Technology,t5_2qpv1,1729698565.476489
101,r/bootlickingnews,5526,Internet Culture and Memes,t5_m2e0q,1729698565.4959779
102,r/Brsgostosas_,5526,Celebrity,t5_bab4m6,1729698565.5149
103,r/HDR,5525,Technology,t5_2qsfg,1729698565.533325
104,r/ImaginaryDeserts,5525,ImaginaryDeserts [](/imtrackinglink),t5_2z8ld,1729698565.5521438
105,r/Premiumize,5525,Technology,t5_3prog,1729698565.57157
106,r/StuffedAnimals,5525,Hobbies,t5_2r97l,1729698565.590092
107,r/BitcoinUSA,5524,Crypto,t5_34hop,1729698565.6085498
108,r/ubcengineering,5523,Learning and Education,t5_31d77,1729698565.627001
109,r/socialworkjobs,5522,Careers,t5_31ahn,1729698565.645462
110,r/Eskrima,5521,Sports,t5_2s3q9,1729698565.6642702
111,r/Gshockexchange,5521,Marketplace and Deals,t5_pe9j7,1729698565.683219
112,r/penspin,5521,Hobbies,t5_26mykl,1729698565.7022421
113,r/youxi,5521,Gaming,t5_50ac55,1729698565.721175
114,r/Fujifilm_X100_series,5519,Art,t5_287q3f,1729698565.739891
115,r/GameMasterEngine,5519,Tabletop Games,t5_2hikjx,1729698565.7586591
116,r/Hotd,5519,Television,t5_2u4pl,1729698565.779215
117,r/occultrock,5519,Music,t5_2vqd9,1729698565.7988338
118,r/scoreball,5519,Sports,t5_2u2xo,1729698565.818505
119,r/sharonstone,5519,Dedicated to the beautiful film star Sharon Stone.,t5_3200m,1729698565.8380501
120,r/uvb76,5519,Hobbies,t5_2ucfz,1729698565.857037
121,r/CODZombiesMemes,5518,Gaming,t5_3fyya,1729698565.875969
122,r/FloridaUnemployment,5517,Careers,t5_2mgyez,1729698565.895026
123,r/noDCnoMarvel,5517,"Reading, Writing, and Literature",t5_46q1ax,1729698565.913999
124,r/ChuckPalahniuk,5516,"Reading, Writing, and Literature",t5_2so32,1729698565.932895
125,r/SpotTheMC,5516,Anime,t5_i10qy,1729698565.951872
126,r/BlocParty,5515,Music,t5_2t63e,1729698565.9703062
127,r/BuffCannabis,5515,Mature Themes and Adult Content,t5_6z1qxb,1729698565.9891331
128,r/marathons,5515,Fitness and Nutrition,t5_2yxpl,1729698566.008419
129,r/motherbussnark,5515,Podcasts and Streamers,t5_c4n4pu,1729698566.0278862
130,r/UsagiShima,5515,Gaming,t5_5c1dcp,1729698566.0474691
131,r/land,5514,"Business, Economics, and Finance",t5_2r8id,1729698566.066369
132,r/Random_Memes,5514,Internet Culture and Memes,t5_3g6kj,1729698566.0852401
133,r/SQLOptimization,5514,Programming,t5_2vzaa,1729698566.1039
134,r/surfingvids,5514,Sports,t5_2w6j9,1729698566.123133
135,r/tothemoon,5514,Gaming,t5_2rb3k,1729698566.1421282
136,r/ageofwonders,5513,Gaming,t5_2uamy,1729698566.161191
137,r/baeeelyn,5513,post everything kaelyn and only kaelyn,t5_6tpwxb,1729698566.179924
138,r/franksinatra,5513,Music,t5_2thuc,1729698566.199094
139,r/FashionQuestWorlds,5512,Gaming,t5_146apn,1729698566.218487
140,r/SaGa,5512,Gaming,t5_2u2m6,1729698566.2372968
141,r/Bella_AAAngel,5511,Mature Themes and Adult Content,t5_7jqvo2,1729698566.256672
142,r/countryballs,5511,"Reading, Writing, and Literature",t5_4tz7o1,1729698566.2782102
143,r/GriffithsFamilySnark,5510,Celebrity,t5_2y2dz5,1729698566.2984908
144,r/Blackmouthcur,5509,Animals and Pets,t5_2uffy,1729698566.3184562
145,r/fightingillini,5509,Sports,t5_2tgju,1729698566.337186
146,r/CharmedCW,5508,Television,t5_gulm9,1729698566.355818
147,r/Pennsylvania_Politics,5508,Politics,t5_3ls0r,1729698566.3743758
148,r/plaintextaccounting,5508,Careers,t5_3m8r8,1729698566.39253
149,r/RatsLeavingTheShip,5508,Politics,t5_25gc4o,1729698566.410662
150,r/AmateurArt,5507,Art,t5_2tsyj,1729698566.428824
151,r/GeometryDash_Memes,5507,Gaming,t5_43tw2w,1729698566.447349
152,r/Bubbleio,5506,Programming,t5_2nokqs,1729698566.465754
153,r/CK3ConsoleEdition,5506,Gaming,t5_5qugca,1729698566.484287
154,r/goev,5506,Cars and Motor Vehicles,t5_3lp5dv,1729698566.5031948
155,r/MarieAnnWatson,5506,Law,t5_jnhrn,1729698566.523378
156,r/TheGoldenBachelorette,5506,Television,t5_9gpz2j,1729698566.691788
157,r/Vintageguitars,5506,Music,t5_2smmj,1729698566.710939
158,r/anteaters,5505,Animals and Pets,t5_2sz72,1729698566.7302039
159,r/ironlung,5505,Gaming,t5_67bxjh,1729698566.749056
160,r/setx,5505,Place,t5_2s75p,1729698566.7680671
161,r/sociallyawkward,5505,Family and Relationships,t5_2scci,1729698566.789289
162,r/caregivers,5504,Careers,t5_2un8d,1729698566.809182
163,r/FilmFestivals,5504,Movies,t5_2s4fm,1729698566.828754
164,r/garminepix,5504,Technology,t5_5nfriy,1729698566.847882
165,r/lostafriend,5504,Family and Relationships,t5_2rsoel,1729698566.86699
166,r/Tikka_Shooters,5504,Mature Themes and Adult Content,t5_3b1wi,1729698566.885577
167,r/Gamebattles,5503,Gaming,t5_2sril,1729698566.9040158
168,r/MinecraftPVP,5503,Gaming,t5_2tho2,1729698566.922822
169,r/AntsCanada,5502,Animals and Pets,t5_3giit,1729698566.941654
170,r/AnycubicOfficial,5502,Technology,t5_6ibldu,1729698566.96046
171,r/BlackHistory,5502,History,t5_2rhcx,1729698566.979234
172,r/ChicksInTheOffice,5502,Podcasts and Streamers,t5_30pcrb,1729698566.998414
173,r/DisneyDoorables,5502,Hobbies,t5_4says0,1729698567.017715
174,r/DuneAI,5502,Movies,t5_74x3sc,1729698567.036361
175,r/LorcanaCollectors,5502,Tabletop Games,t5_99wgej,1729698567.055105
176,r/VolvoRecharge,5501,Cars and Motor Vehicles,t5_6hps82,1729698567.073899
177,r/recteq,5500,Food and Drink,t5_2xulhl,1729698567.092743
178,r/SecondLifeRanker,5500,"Reading, Writing, and Literature",t5_11o2ch,1729698567.1115
179,r/SmashLegends,5500,Gaming,t5_32q28w,1729698567.130238
180,r/estellexo,5499,Mature Themes and Adult Content,t5_11o5md,1729698567.14892
181,r/Bamboozle_Insurance,5498,We sell Bamboozle insurance,t5_3jw29,1729698567.167685
182,r/BCI,5498,Science,t5_2rnd6,1729698567.1864
183,r/confess,5498,Medical and Mental Health,t5_2r39q,1729698567.205025
184,r/Potastic_Jeannie,5498,Podcasts and Streamers,t5_852mp8,1729698567.224603
185,r/strangeduolingo,5498,Funny/Humor,t5_5s6lqx,1729698567.2449439
186,r/Bluelockboys,5497,Anime,t5_7sliyr,1729698567.264426
187,r/CarIndependentLA,5497,Cars and Motor Vehicles,t5_66ehpd,1729698567.284541
188,r/dogbus,5497,Animals and Pets,t5_2axaj3,1729698567.3035781
189,r/FFXIPrivateServers,5497,Gaming,t5_37a7q,1729698567.322637
190,r/GigiDolin_,5497,Mature Themes and Adult Content,t5_7fw5zf,1729698567.3416178
191,r/GoogleColab,5497,Programming,t5_wgg5k,1729698567.360335
192,r/kpopvents,5497,Music,t5_621pez,1729698567.378814
193,r/OPOF,5497,Mature Themes and Adult Content,t5_8qzlcp,1729698567.397419
194,r/RedHandedPodcast,5496,Podcasts and Streamers,t5_ls9kx,1729698567.4159071
195,r/TCK,5496,"Culture, Race, and Ethnicity",t5_2rxdj,1729698567.434314
196,r/Caltech,5495,Learning and Education,t5_2rwo2,1729698567.452888
197,r/LastMessages,5495,Internet Culture and Memes,t5_2y5yg,1729698567.4711769
198,r/ProIran,5495,Activism,t5_2f5o2u,1729698567.4895191
199,r/speedreading,5495,"Reading, Writing, and Literature",t5_2v5mo,1729698567.508467
200,r/AnimeShortFilms,5494,Anime,t5_38tqw,1729698567.527104
201,r/LandraceCannabis,5494,Mature Themes and Adult Content,t5_6c5cvl,1729698567.5455291
202,r/LastPodcastNetwork,5494,Podcasts and Streamers,t5_3o5b8,1729698567.564076
203,r/Netgate,5494,Technology,t5_3bd7s,1729698567.5827892
204,r/werewolfonline,5494,Gaming,t5_3458l,1729698567.601621
205,r/RainCode,5493,Gaming,t5_5efjd9,1729698567.620694
206,r/Minetest,5492,Gaming,t5_2twxh,1729698567.639333
207,r/placebo,5492,Music,t5_2srbp,1729698567.6579149
208,r/Section10Podcast,5492,Sports,t5_2ud3n0,1729698567.67679
209,r/BlenderAcademy,5490,Art,t5_35k3r,1729698567.695692
210,r/CaitlinClark,5490,Sports,t5_69zv1h,1729698567.715913
211,r/explainlikedonald,5490,Funny/Humor,t5_3h0pj,1729698567.734314
212,r/tribegaming,5490,Gaming,t5_gi3tx,1729698567.7530189
213,r/InterestingTalks,5489,Internet Culture and Memes,t5_73j0bs,1729698567.771758
214,r/thelastguardian,5489,Gaming,t5_2slha,1729698567.792366
215,r/WomenOver40,5489,Women's Health,t5_4hvewa,1729698567.811247
216,r/brutalRejection,5486,Funny/Humor,t5_kfkyz,1729698567.830622
217,r/CountingOnFans,5486,Welcome to the Counting On discussion group.,t5_4xg346,1729698567.8501272
218,r/birdsnamedfood,5485,Animals and Pets,t5_2uihlk,1729698567.869237
219,r/JuliannaGuill,5485,Mature Themes and Adult Content,t5_2w3vm,1729698567.888382
220,r/nostr,5484,Technology,t5_5kpxpq,1729698567.907091
221,r/QANplatform,5484,Technology,t5_28ck62,1729698567.925519
222,r/UndisputedFS1,5484,Podcasts and Streamers,t5_3hd43,1729698567.9441862
223,r/kimminjeong,5483,Music,t5_3dfoa2,1729698567.963187
224,r/LeonGang,5483,Gaming,t5_wbsi5,1729698567.9815402
225,r/AntiSchooling,5482,Activism,t5_4ze731,1729698568.000393
226,r/amiuglyorjustfat,5481,Beauty and Makeup,t5_8zq86z,1729698568.019828
227,r/freeganism,5481,Welcome to freeganism,t5_2rmat,1729698568.0382779
228,r/MichelleRodriguezz,5481,Celebrity,t5_6owzw7,1729698568.057025
229,r/PushBullet,5481,Technology,t5_2we1g,1729698568.075798
230,r/PokemonLegacy,5479,Gaming,t5_assxw1,1729698568.0945652
231,r/Arpit_Balabantary,5478,Podcasts and Streamers,t5_7wcsjr,1729698568.113311
232,r/bizzariums,5478,Animals and Pets,t5_7vxidn,1729698568.132333
233,r/GregoryAlanIsakov,5478,Music,t5_39wch,1729698568.151263
234,r/neresama,5478,se acepta contenido de otras TikTokers siempre y cuando sea +18,t5_8chy5o,1729698568.170176
235,r/NyanNekoSugarGirls,5478,Anime,t5_3ceik,1729698568.190325
236,r/wholesomejokes,5478,Welcome to wholesomejokes,t5_3i6fm,1729698568.20941
237,r/Canmore,5477,Place,t5_3ffbc,1729698568.228331
238,r/houma,5477,Place,t5_2spk3,1729698568.247076
239,r/TheoryofFearMe,5477,Art,t5_2utsi,1729698568.265784
240,r/Balding,5475,Medical and Mental Health,t5_2wfhz,1729698568.2858582
241,r/darkfunny,5475,Funny/Humor,t5_2vizq,1729698568.305413
242,r/DryJanuary,5475,Addiction Support,t5_3p8g0,1729698568.3246138
243,r/pkgame,5475,Gaming,t5_33ejx,1729698568.34403
244,r/worldwar1,5475,History,t5_2tqsv,1729698568.363255
245,r/AlienStage,5474,Art,t5_7spdvh,1729698568.382153
246,r/AnaMargaridaAlves,5474,Mature Themes and Adult Content,t5_3m0iu,1729698568.491967
247,r/cyber_fashion,5474,Fashion,t5_4t0uf1,1729698568.561815
248,r/javaScriptStudyGroup,5474,Learning and Education,t5_3bu7c,1729698568.586109
249,r/thesimslegacies,5474,Gaming,t5_2wa7u,1729698568.609138
