,subreddit,subscribers,topic,subreddit_id,time
0,r/Anprimistan,5315,Internet Culture and Memes,t5_269nla,1729699429.173386
1,r/APTests2020,5315,Learning and Education,t5_2neu1j,1729699429.194753
2,r/SwitchedAtBirth,5315,Television,t5_2ux23,1729699429.212464
3,r/channelzero,5314,Television,t5_2vb40,1729699429.2296782
4,r/glasgowmarket,5314,Marketplace and Deals,t5_3an6s,1729699429.248052
5,r/MarvelMultiverseRPG,5314,Tabletop Games,t5_4jocvq,1729699429.276391
6,r/PNWbootmakers,5314,Fashion,t5_7uu8ek,1729699429.294452
7,r/SissyBody,5312,A place for sissies who wants to take care of their bodies.,t5_989k98,1729699429.3129249
8,r/Zoho,5312,Technology,t5_31j5d,1729699429.3311129
9,r/BadJokesByJeff,5311,Funny/Humor,t5_273k0h,1729699429.3503418
10,r/endlesssky,5311,Gaming,t5_39rfp,1729699429.408092
11,r/ihardlyknowher,5311,Any clean words or phrases that end in -er are valid! Please don't post anything offensive in this sub.,t5_37ud7,1729699429.4251342
12,r/Noblesse,5311,Anime,t5_2vngf,1729699429.454174
13,r/Auscann,5310,Medical and Mental Health,t5_3lftlc,1729699429.471306
14,r/LaborPartyofAustralia,5310,Politics,t5_3jw2y,1729699429.488396
15,r/UltimateGolf,5310,Gaming,t5_2rv9ts,1729699429.505564
16,r/xboxonex,5310,Gaming,t5_3fpvj,1729699429.52258
17,r/Growing,5309,Mature Themes and Adult Content,t5_2r7cn,1729699429.539652
18,r/Theatrhythm,5309,Gaming,t5_2voje,1729699429.556698
19,r/ValenciaCF,5309,Sports,t5_2szqx,1729699429.573761
20,r/HoustonPlatonicR4R,5308,Family and Relationships,t5_29d2bq,1729699429.5918238
21,r/pistollake,5308,Fashion,t5_2yk23,1729699429.611872
22,r/BodySwapRP,5307,Mature Themes and Adult Content,t5_2a7dhd,1729699429.6294348
23,r/FTXOfficial,5307,Crypto,t5_4r6yml,1729699429.646724
24,r/MovementDEMF,5307,Music,t5_2tq8i,1729699429.663996
25,r/DnDCampaignHooks,5306,Hobbies,t5_2qll1t,1729699429.68128
26,r/oneplus7t,5306,Technology,t5_4czq0,1729699429.699101
27,r/pregnancyproblems,5306,Women's Health,t5_3hqhp,1729699429.718457
28,r/AlwaysSunnyMemes,5305,Television,t5_5b3mn8,1729699429.73565
29,r/marketpredictors,5305,"Business, Economics, and Finance",t5_6i0dqm,1729699429.753047
30,r/MushokuTenseiMemes,5305,Anime,t5_4clpii,1729699429.77325
31,r/afterjeeneet,5304,Learning and Education,t5_6lr65a,1729699429.7925818
32,r/memrise,5304,Learning and Education,t5_2t1bu,1729699429.810456
33,r/MensJewelry,5304,Fashion,t5_3idat,1729699429.828265
34,r/IITK,5302,Learning and Education,t5_2v57m,1729699429.845633
35,r/jaiyaxh,5302,Podcasts and Streamers,t5_2leoi8,1729699429.862777
36,r/OpenWebVPN,5302,Technology,t5_b6yaxu,1729699429.88007
37,r/DarylDixononAMC,5300,Television,t5_904szz,1729699429.89712
38,r/GMT800,5300,Cars and Motor Vehicles,t5_2bctqt,1729699429.914172
39,r/PantheonShow,5300,Television,t5_6rtmjh,1729699429.931293
40,r/polytheism,5300,Religion and Spirituality,t5_2sesf,1729699429.951742
41,r/videos__s,5300,Mature Themes and Adult Content,t5_5beqdg,1729699429.9703941
42,r/DOSNetwork,5299,"The fastest, zero gas fee and user-friendly blockchain network for entertainment and gaming. https://doschain.com",t5_o6slk,1729699429.989013
43,r/Medabot,5299,Anime,t5_2uj92,1729699430.007103
44,r/FOXMarvelGirls,5298,Mature Themes and Adult Content,t5_3p737,1729699430.026123
45,r/galaxys5,5298,Technology,t5_2v73m,1729699430.0432372
46,r/kards,5298,Gaming,t5_9mi8s,1729699430.0618188
47,r/PlaylistExchange,5298,Music,t5_3iq91,1729699430.079078
48,r/SeasonalWork,5298,Careers,t5_2whxb,1729699430.096451
49,r/AvatarMetal,5297,Music,t5_37toj,1729699430.114145
50,r/CBTSmod,5297,Gaming,t5_9dru7,1729699430.133183
51,r/Starchi,5297,Crypto,t5_4zms0j,1729699430.150469
52,r/VisitingNashville,5297,Place,t5_ixo8p,1729699430.167776
53,r/aabbstock,5296,"Business, Economics, and Finance",t5_3z07h2,1729699430.185089
54,r/EarthMC,5296,Gaming,t5_3htwy,1729699430.2020879
55,r/humanitarian,5296,World News,t5_2qn5p,1729699430.219651
56,r/SaaS_Email_Marketing,5296,"Email Marketing for SaaS is different. From Personalized subject line to email body that just blown you away, we see it all. This subreddit is to talk about some of the amazing SaaS email campaigns you come across. Let's Learn and Share!",t5_3i4go,1729699430.237371
57,r/AxeFx,5295,Technology,t5_2soy9,1729699430.2559822
58,r/ColinsLastStand,5295,Podcasts and Streamers,t5_3jlua,1729699430.2760901
59,r/Enneagram8,5295,Ethics and Philosophy,t5_12modl,1729699430.293959
60,r/ExpeditionaryForce,5295,"Reading, Writing, and Literature",t5_3niyo,1729699430.3119109
61,r/handmaids_irl,5295,Television,t5_11h7n1,1729699430.331863
62,r/janesaddiction,5295,Music,t5_2sy0j,1729699430.349704
63,r/Pelosi_Trades,5295,"Business, Economics, and Finance",t5_536gmu,1729699430.367018
64,r/HeuteHabeIchVerkackt,5294,Meta/Reddit,t5_4w7wl4,1729699430.384183
65,r/MnetQueendom,5294,Television,t5_5swpx0,1729699430.40153
66,r/nissanpathfinder,5294,Cars and Motor Vehicles,t5_2xia6,1729699430.4187672
67,r/Tinymight2,5294,Mature Themes and Adult Content,t5_3f2nqa,1729699430.437588
68,r/humansbeingants,5293,Funny/Humor,t5_c6ts68,1729699430.4548779
69,r/indianpeoplelinkedin,5293,Internet Culture and Memes,t5_3ftle,1729699430.473095
70,r/plantcare,5293,Home and Garden,t5_v73pz,1729699430.4908721
71,r/TropicalHouse,5293,Music,t5_31f1n,1729699430.509384
72,r/ChicagolandWhiskey,5292,Food and Drink,t5_40ydrf,1729699430.528532
73,r/Jainism,5292,Religion and Spirituality,t5_2rbgi,1729699430.546967
74,r/mensfashiontrend,5292,male fashion trend menswear fashion for men mens fashion trends mens fashion,t5_2ygjd,1729699430.5723479
75,r/PrinceGeorgesCountyMD,5292,Place,t5_2u44t,1729699430.59837
76,r/match,5291,Family and Relationships,t5_2rfc5,1729699430.6164339
77,r/tradeblockapp,5291,Fashion,t5_623nqi,1729699430.634625
78,r/autogynephilia,5289,Gender,t5_2rkwv,1729699430.653008
79,r/gridgame,5289,Gaming,t5_2vjo8,1729699430.670244
80,r/Renfaire_Costumes,5289,Hobbies,t5_7rglq4,1729699430.687333
81,r/RobinhoodYachtClub,5289,"Business, Economics, and Finance",t5_2jr05y,1729699430.7057998
82,r/TedBundy,5288,Mature Themes and Adult Content,t5_2xg95,1729699430.723466
83,r/NeatNotes,5287,"Wonderfully organized notes? Amazingly perfect math homework? Maybe you just think your notes are share worthy, Neat Notes is the sub designed for beautifully taken notes.",t5_2yr37,1729699430.740457
84,r/SetItOff,5287,Music,t5_34g0c,1729699430.758108
85,r/CameronBrinks,5286,Celebrity,t5_5opkfu,1729699430.778042
86,r/pennyboard,5286,Sports,t5_30gin,1729699430.7958689
87,r/RabbitReddit,5286,Technology,t5_38cni,1729699430.813729
88,r/Roballs,5286,Funny/Humor,t5_5elhkv,1729699430.831595
89,r/SAVA_stock,5286,"Business, Economics, and Finance",t5_40mvzd,1729699430.849132
90,r/SoloPoly,5286,Family and Relationships,t5_33t1r4,1729699430.866233
91,r/transgender_support,5286,Gender,t5_3cutt,1729699430.883453
92,r/Filmmaker4Filmmaker,5285,Movies,t5_398og,1729699430.900352
93,r/MarvelUnited,5285,Tabletop Games,t5_2fvaxo,1729699430.917309
94,r/MaximumFootball,5285,Gaming,t5_mh5af,1729699430.9345129
95,r/skiesofarcadia,5285,Gaming,t5_2t5y1,1729699430.951545
96,r/AerialHoop,5284,Sports,t5_2ryksl,1729699430.968673
97,r/FuneralDoomMetal,5284,Music,t5_2yd5l,1729699430.9860249
98,r/notHowOuijaWorks,5284,Meta/Reddit,t5_ovjrp,1729699431.003422
99,r/AnimalbeingEngineers,5283,"Animals can create and organize their environment better than humans, and animals taught humans through the duration of life-time",t5_x2tvt,1729699431.0215402
100,r/DawncasterRPG,5283,Gaming,t5_5mfhxi,1729699431.038398
101,r/DragRaceHolland,5283,Television,t5_2wshrw,1729699431.055578
102,r/TRADEMARK,5283,Law,t5_2qp5o,1729699431.072735
103,r/FateAvalon,5282,Anime,t5_2knrzj,1729699431.09006
104,r/IKEA_Hacks,5282,Crafts and DIY,t5_3gesr,1729699431.1076312
105,r/kibbedramatics,5282,Fashion,t5_36ivqa,1729699431.125416
106,r/thetick,5282,Television,t5_2u6zo,1729699431.145235
107,r/ManifestingMemes,5281,Religion and Spirituality,t5_23lka2,1729699431.164583
108,r/MySims,5281,Gaming,t5_2u5ro,1729699431.1826591
109,r/ShopliftersGoneWild,5281,Internet Culture and Memes,t5_3am3t,1729699431.2001479
110,r/smashup,5281,Tabletop Games,t5_2xt6g,1729699431.2173471
111,r/minecraftmaps,5280,Gaming,t5_2s402,1729699431.23459
112,r/RAWLUV,5280,Mature Themes and Adult Content,t5_704qg9,1729699431.251811
113,r/StainlessSteelCooking,5280,Food and Drink,t5_7mynvc,1729699431.2719638
114,r/5eNavalCampaigns,5279,Tabletop Games,t5_xv2tv,1729699431.290474
115,r/Discordjs,5279,Programming,t5_3eu72,1729699431.308366
116,r/Stickfight,5279,Gaming,t5_3no7w,1729699431.326376
117,r/FellasIsItGay,5278,Funny/Humor,t5_3o2tm,1729699431.344121
118,r/STNewHorizons,5278,Gaming,t5_3fle1,1729699431.3612611
119,r/USSRaesthetics,5278,Art,t5_2a64g0,1729699431.378565
120,r/ActionButton,5277,Podcasts and Streamers,t5_2k6p25,1729699431.395623
121,r/DanielleRobertson,5277,Welcome to the community dedicated to all things Danielle Robertson.,t5_35mzg,1729699431.412735
122,r/Greeley,5277,Place,t5_2s93r,1729699431.4311738
123,r/Phoenixville,5277,Place,t5_2vrci,1729699431.4483242
124,r/Photobooks,5277,Art,t5_2x7ue,1729699431.465415
125,r/wholesometrashy,5277,Welcome to wholesometrashy,t5_3kfdj,1729699431.4825978
126,r/RagnaCrimson,5276,Anime,t5_qfbs1,1729699431.4999459
127,r/Saturn,5276,Science,t5_2t8ap,1729699431.518093
128,r/sv650,5276,Cars and Motor Vehicles,t5_38uc4,1729699431.535174
129,r/Vivo,5276,Technology,t5_3j12u,1729699431.552337
130,r/alttpr,5275,Gaming,t5_3jxly,1729699431.569451
131,r/Blackstonefortress,5275,Tabletop Games,t5_rtpon,1729699431.586657
132,r/Deeva,5275,"Welcome to the Deeva subreddit! 🌟 Dive into the world of Deeva.ai and its captivating AI companions, Maya, Layla, and Vixen. 💬 Discuss features, share experiences, and connect with fellow enthusiasts. 💡 Discover the future of AI companionship here! 💖",t5_8me4r4,1729699431.625737
133,r/JoniMitchell,5275,Music,t5_2uin0,1729699431.660375
134,r/Suspects,5275,Gaming,t5_38ikh,1729699431.678706
135,r/2HA_immortality,5274,Anime,t5_37iw78,1729699431.696678
136,r/orchid,5274,Crypto,t5_2r5hx,1729699431.713851
137,r/PsychedelicMedicine,5274,Medical and Mental Health,t5_31e5f,1729699431.731135
138,r/BloodRavens40k,5273,Tabletop Games,t5_230nct,1729699431.7484128
139,r/Mudalads,5273,Anime,t5_12e0sf,1729699431.767654
140,r/S01E01,5273,Television,t5_3j7ml,1729699431.787387
141,r/nys_cs,5272,Careers,t5_4uofuo,1729699431.8060522
142,r/Hernia,5271,Medical and Mental Health,t5_38n7w,1729699431.82432
143,r/nook,5271,Technology,t5_2re94,1729699431.8423018
144,r/snapmaker,5271,Technology,t5_3lvly,1729699431.85961
145,r/UberEats_drivers,5271,Careers,t5_47sboj,1729699431.876817
146,r/10cloverfieldlane,5270,Movies,t5_3bw30,1729699431.893975
147,r/Detective,5269,Internet Culture and Memes,t5_2sos9,1729699431.9109719
148,r/PokemonQRCodes,5269,Gaming,t5_37237,1729699431.928981
149,r/USDegrees,5269,"USDegrees.com curates the list of affordable online U.S. College degrees with their tuition, accreditation and salary data.",t5_7awqat,1729699431.9471722
150,r/gunship,5268,Music,t5_38uwa,1729699431.964289
151,r/LibbyLibby,5268,"Reading, Writing, and Literature",t5_5urex4,1729699431.981554
152,r/netapp,5266,Technology,t5_2r5pd,1729699431.998792
153,r/AdvancedTaxStrategies,5265,"Business, Economics, and Finance",t5_4pfmh7,1729699432.017601
154,r/HardwareSwapEU,5265,Marketplace and Deals,t5_37edm,1729699432.0370078
155,r/superduty,5265,Cars and Motor Vehicles,t5_3ncib,1729699432.055577
156,r/Dibujos_,5264,Art,t5_6khxhw,1729699432.0742831
157,r/NinjalaTheGame,5264,Gaming,t5_292nk6,1729699432.092889
158,r/PrequelSeparatist,5264,Movies,t5_4lz4t6,1729699432.113034
159,r/Simagic,5264,Gaming,t5_56zi4g,1729699432.133266
160,r/TeetsAndFeets,5264,Mature Themes and Adult Content,t5_3r479e,1729699432.15272
161,r/medieval_Romanticism,5263,Art,t5_6obgp5,1729699432.171936
162,r/npm,5263,Programming,t5_35v9f,1729699432.194226
163,r/BAME_UK,5262,"Culture, Race, and Ethnicity",t5_35i3is,1729699432.2112598
164,r/RenderNetwork,5262,Crypto,t5_2rc7vo,1729699432.2286952
165,r/harmony_markets,5261,Crypto,t5_43nrxg,1729699432.246
166,r/powerengineering,5261,Careers,t5_2wlin,1729699432.263338
167,r/RitaFourEssenceSystem,5261,Fashion,t5_6h4tq2,1729699432.282938
168,r/SuperMechaFrieza,5261,Podcasts and Streamers,t5_27zkcc,1729699432.301248
169,r/UltralightAus,5261,Outdoors and Nature,t5_2wgoru,1729699432.319433
170,r/CavinderTwinsHot,5260,Celebrity,t5_83ua4d,1729699432.337842
171,r/Pandemic,5260,Medical and Mental Health,t5_2qxaf,1729699432.356488
172,r/Racheldelgado2,5260,Mature Themes and Adult Content,t5_7spgo6,1729699432.374035
173,r/web,5260,Technology,t5_2qofi,1729699432.391257
174,r/BoaConstrictors,5259,Animals and Pets,t5_32rnx,1729699432.4083169
175,r/Kettlebell_training,5259,Sports,t5_xl2q3,1729699432.425429
176,r/SurvivalTips,5259,Learning and Education,t5_2t20i,1729699432.442591
177,r/dawngate,5258,Gaming,t5_2x9kd,1729699432.459761
178,r/Defiance,5258,Gaming,t5_2siko,1729699432.477082
179,r/KingkillerMemes,5258,"Reading, Writing, and Literature",t5_gagws,1729699432.494241
180,r/ReadMyECG,5258,Medical and Mental Health,t5_3hysj7,1729699432.511158
181,r/RandomActsOfVinyl,5257,"Inspired by other ""Random Acts Of ..."" subreddits, **this is the place where vinyl records find new homes**! Offer, trade and request.",t5_2t88y,1729699432.528395
182,r/askrupaulsdragrace,5256,Television,t5_47dih2,1729699432.546378
183,r/FragrantHarbour,5256,Activism,t5_2p8mxq,1729699432.5640168
184,r/musicbee,5256,Music,t5_2sz5m,1729699432.582392
185,r/poshmarkcanada,5256,"Business, Economics, and Finance",t5_123361,1729699432.599513
186,r/rvladislavashelygina,5256,Welcome to rvladislavashelygina,t5_c29fpq,1729699432.61813
187,r/costuming,5255,Fashion,t5_2sa5d,1729699432.6359448
188,r/distributism,5255,Politics,t5_2u8gs,1729699432.653397
189,r/minimalist_phone,5255,Technology,t5_4fdicn,1729699432.671752
190,r/RetroWindowsGaming,5255,Gaming,t5_38hms,1729699432.68901
191,r/EllenJoeMains,5254,Gaming,t5_a0hh4u,1729699432.706188
192,r/IGPods,5254,Internet Culture and Memes,t5_3k4a3,1729699432.7234612
193,r/melbourneriders,5254,Cars and Motor Vehicles,t5_3332h,1729699432.7403562
194,r/WorstPremadeEver,5254,Podcasts and Streamers,t5_3oehe,1729699432.757472
195,r/AccidentalTerrariums,5252,When nature makes its own terrarium.,t5_3lyhb,1729699432.776866
196,r/fixedbytheduets,5252,Funny/Humor,t5_7on5ai,1729699432.7950048
197,r/Kanthony,5251,Television,t5_66bawv,1729699432.812765
198,r/KylieGemmell,5251,A fan subreddit dedicated to Kylie Gemmell,t5_ncxhv,1729699432.830592
199,r/newgrowers,5251,Mature Themes and Adult Content,t5_38vmhn,1729699432.8487198
200,r/powerslap,5251,Sports,t5_7d4x9d,1729699432.8665411
201,r/psychopathology,5251,Science,t5_2sa3l,1729699432.883808
202,r/xmonad,5251,Programming,t5_2r4w8,1729699432.900945
203,r/BadCycling,5250,Activism,t5_3afez,1729699432.91819
204,r/WhatsMyIdeology,5250,Politics,t5_3eiil,1729699432.935561
205,r/Xenosaga,5250,Gaming,t5_2v6kn,1729699432.953799
206,r/AskingAlexandria,5249,Music,t5_2uj1d,1729699432.970866
207,r/BastionMains,5249,Gaming,t5_3ei1h,1729699432.987891
208,r/Klonoa,5249,Gaming,t5_2s5g0,1729699433.0067399
209,r/playomerta,5249,Crypto,t5_aped0y,1729699433.025028
210,r/satoshibet,5248,"SatoshiBet is a community for gambling online using cryptocurrency. If you or someone you know is struggling with a gambling problem, please visit /r/problemgambling.",t5_2z7oo,1729699433.04277
211,r/ZaryaMains,5248,Gaming,t5_3ejvm,1729699433.059736
212,r/AlzheimersGroupBackup,5247,Internet Culture and Memes,t5_6y0h0s,1729699433.078448
213,r/bus,5247,Cars and Motor Vehicles,t5_2slz0,1729699433.0958169
214,r/informationsystems,5247,Technology,t5_2t7ou,1729699433.11292
215,r/StateofDecay3,5247,Gaming,t5_kwa5t,1729699433.130605
216,r/tedkaczysnki,5247,Activism,t5_2j17z2,1729699433.148204
217,r/Ultrahuman,5247,Technology,t5_53g135,1729699433.16545
218,r/FASTNU,5246,Learning and Education,t5_2gaque,1729699433.182521
219,r/GLP1_Ozempic_Weygovy,5246,Medical and Mental Health,t5_6gv1t5,1729699433.199682
220,r/Thundercats,5246,Television,t5_2rhna,1729699433.2167912
221,r/Bone,5245,"Reading, Writing, and Literature",t5_2vvt3,1729699433.233993
222,r/GameDevs,5245,Gaming,t5_2u84e,1729699433.251075
223,r/ilovemypolishheritage,5245,"Culture, Race, and Ethnicity",t5_8t7bl9,1729699433.268092
224,r/NYTO,5245,Internet Culture and Memes,t5_2r75v,1729699433.2883341
225,r/WomenShredders,5244,Sports,t5_31pn1,1729699433.3064198
226,r/DeadBedroomsMD,5243,Medical and Mental Health,t5_11241l,1729699433.324312
227,r/EctopicSupportGroup,5243,Women's Health,t5_3hbq0,1729699433.342088
228,r/Fertility,5243,Medical and Mental Health,t5_2riso,1729699433.35945
229,r/kimtaeyeon,5243,Music,t5_2ti0l,1729699433.377654
230,r/Sakura,5243,Music,t5_2swwf,1729699433.395948
231,r/everythingeverything,5242,Music,t5_2xusk,1729699433.414434
232,r/watchos,5242,Technology,t5_33vt8,1729699433.43272
233,r/AudioStuff,5241,Music,t5_ci1ae,1729699433.452512
234,r/orbusvr,5241,Gaming,t5_3f4fp,1729699433.470757
235,r/cropasta,5240,Internet Culture and Memes,t5_3g0ui,1729699433.487944
236,r/ManhwaNews,5240,Anime,t5_36vs45,1729699433.505087
237,r/JammedImages,5238,For all your cursed Gungeon images,t5_mrbc8,1729699433.523444
238,r/WattsCaseEvidence,5237,Law,t5_2b7enj,1729699433.540658
239,r/artistspeakeasy,5236,Art,t5_389vu,1729699433.557805
240,r/deletedmemes,5236,Meta/Reddit,t5_3maj6,1729699433.574857
241,r/SlimeBall69,5236,Welcome to SlimeBall69,t5_ab4vbm,1729699433.591975
242,r/SolsRNG,5235,Gaming,t5_alcbq0,1729699433.609163
243,r/westofloathing,5235,Gaming,t5_37j70,1729699433.626687
244,r/survivetheculling,5234,Gaming,t5_3cavp,1729699433.644407
245,r/20MinutesTillDawn,5233,Gaming,t5_6eeik0,1729699433.6621099
246,r/kratomreview100,5233,Mature Themes and Adult Content,t5_7i95pe,1729699433.679401
247,r/decimated_game,5232,"The subreddit for Decimated, the post-apocalyptic survival RPG in development using Unreal Engine 5.",t5_ocpms,1729699433.696594
248,r/earlyretirement,5232,"Business, Economics, and Finance",t5_5jcyxd,1729699433.713909
249,r/GarageDoorService,5231,Home and Garden,t5_3c4m7,1729699433.731082
