,subreddit,subscribers,topic,subreddit_id,time
0,r/Sardinia,5231,Place,t5_2xndo,1729699444.585508
1,r/Tomboys,5231,Art,t5_2qjzh,1729699444.606189
2,r/imdb,5230,Movies,t5_2sfjj,1729699444.624785
3,r/OldManDad,5230,Family and Relationships,t5_4gjsrt,1729699444.643269
4,r/PlotX,5230,Crypto,t5_36pmaj,1729699444.662091
5,r/KultCult,5228,Beauty and Makeup,t5_b9kmkr,1729699444.688664
6,r/schoolfight2,5228,Just post fights.,t5_6krf5l,1729699444.707353
7,r/valerialcalaa_,5227,Celebrity,t5_6dr941,1729699444.726784
8,r/APbio,5226,Learning and Education,t5_2sav0,1729699444.7453701
9,r/FFXIVxDnD,5226,Tabletop Games,t5_rjbmv,1729699444.764371
10,r/wingstop,5226,Food and Drink,t5_30ahk,1729699444.836137
11,r/AdultsOnly_,5225,Something to get off to 💦 A Sick Fantasy,t5_bfdf3f,1729699444.858935
12,r/CreamHeroes,5225,Podcasts and Streamers,t5_u6nwv,1729699444.885312
13,r/kpopslumberparty,5225,Music,t5_2z041,1729699444.9044118
14,r/MauriceMandy,5225,Television,t5_53q0ug,1729699444.923467
15,r/NCAA,5225,Sports,t5_2sesj,1729699444.942401
16,r/SWTORGuilds,5224,Gaming,t5_2sdgm,1729699444.961192
17,r/learntoadult,5222,This is a page for people who would rather not grow up learning things from the school of hard knocks. Learn about how to handle a bank account and basic finance. What continuing education is. Whether or not you should buy life insurance. This is how to be an adult.,t5_3d6rn,1729699444.9796329
18,r/MotorcycleMechanics,5222,Cars and Motor Vehicles,t5_ykv90,1729699444.998264
19,r/InternationalBaseball,5221,Sports,t5_2y4px,1729699445.019039
20,r/onehouronelife,5221,Gaming,t5_3ndtj,1729699445.0382988
21,r/promptcraft,5221,Art,t5_6x1mkf,1729699445.0569448
22,r/SeaList,5221,Marketplace and Deals,t5_2sall,1729699445.0752409
23,r/buildering,5220,Welcome to buildering,t5_2t1zu,1729699445.0939908
24,r/Jennifergarner,5220,Celebrity,t5_2tuc9,1729699445.11247
25,r/jncojeans,5220,Fashion,t5_2t0bn,1729699445.131289
26,r/shell,5220,Programming,t5_2qh9e,1729699445.149716
27,r/donorconceived,5219,Family and Relationships,t5_332yf,1729699445.16801
28,r/Goon,5219,Food and Drink,t5_2sqxw,1729699445.1870432
29,r/NaughtyNorseMemes,5219,Funny/Humor,t5_o8e4z,1729699445.205857
30,r/renoise,5219,Music,t5_2s7qc,1729699445.224908
31,r/catstandingup,5218,"Welcome to r/catstandingup, The subreddit for anything cats Videos, pictures, questions, and articles related cats.",t5_3ggyh,1729699445.243336
32,r/DePi,5218,Politics,t5_b6funh,1729699445.262143
33,r/SegheSuVIP_ITA,5218,Mature Themes and Adult Content,t5_9mazqg,1729699445.2809842
34,r/fixedgear,5217,Hobbies,t5_2qln0,1729699445.299735
35,r/mdsa,5217,Trauma Support,t5_9khmz,1729699445.3185658
36,r/postcolonialism,5216,"Postcolonialism is an academic discipline that comprises methods of intellectual discourse that present analyses of, and responses to, the cultural legacies of colonialism and of imperialism.",t5_2qywi,1729699445.339006
37,r/Arthurian,5215,"Reading, Writing, and Literature",t5_2zcl5,1729699445.358469
38,r/watchitbake,5215,Food and Drink,t5_25rz77,1729699445.37779
39,r/CBJ_KBJ_Dance,5214,Mature Themes and Adult Content,t5_bg3yvj,1729699445.3967519
40,r/formula1TR,5213,Sports,t5_2bubd6,1729699445.415731
41,r/HyphonixYT,5213,Podcasts and Streamers,t5_6hxd4n,1729699445.435105
42,r/instagramhoe,5213,Mature Themes and Adult Content,t5_6e8477,1729699445.453896
43,r/InternetShakespeares,5213,Internet Culture and Memes,t5_o9unr,1729699445.471723
44,r/SlayerLegend,5213,Gaming,t5_7elqsb,1729699445.490396
45,r/HaileeSteinfeldsLegs,5212,A subreddit for Hailee Steinfeld's glorious legs!,t5_462gjp,1729699445.510056
46,r/2mad42mad4madlads,5211,Internet Culture and Memes,t5_3j4sk,1729699445.53018
47,r/bettingcommunity,5211,"Welcome to your go-to hub for all things gambling! Whether you're into sports betting, esports wagers, online casinos, or any form of legal gambling, this is your community. Share tips, discuss odds, celebrate wins, and commiserate over losses. From newbies to seasoned punters, everyone's welcome to join the conversation. Remember, bet responsibly and may the odds be ever in your favor!",t5_4hrbom,1729699445.5485408
48,r/OnePlus8T,5211,Technology,t5_p4xh8,1729699445.569141
49,r/awesomerobots,5210,Welcome to awesomerobots,t5_325bj,1729699445.588187
50,r/ClickGemOfficial,5210,Crypto,t5_s4dap,1729699445.610231
51,r/femboywholesomememes,5210,Gender,t5_7qm28z,1729699445.63921
52,r/letsplaycollab,5210,Podcasts and Streamers,t5_301gw,1729699445.656818
53,r/LotsOfBunniesSexy,5210,Mature Themes and Adult Content,t5_29zhml,1729699445.674129
54,r/ramattramains,5210,Gaming,t5_7bnuxp,1729699445.6916301
55,r/WaypointVICE,5210,Podcasts and Streamers,t5_3gqlu,1729699445.709773
56,r/cornishrex,5209,Animals and Pets,t5_2x741,1729699445.729681
57,r/LegoTransformers,5209,Hobbies,t5_2939f4,1729699445.7487922
58,r/MediaSwap,5209,Marketplace and Deals,t5_6q3sqm,1729699445.7680671
59,r/KathDenShippers,5208,Celebrity,t5_bamws1,1729699445.7862132
60,r/RadiationTherapy,5208,Medical and Mental Health,t5_368qh,1729699445.8049521
61,r/A7siii,5207,Technology,t5_2wnkfm,1729699445.824067
62,r/DailyRedditDeals,5207,Marketplace and Deals,t5_3wp5qf,1729699445.850971
63,r/GordanRamsayRoasts,5207,Funny/Humor,t5_x366u,1729699445.870358
64,r/summerhouseMVbravo,5207,Television,t5_8dctj5,1729699445.889172
65,r/TheSouthAsia,5207,World News,t5_2j9klg,1729699445.908132
66,r/travelvideos,5207,Travel,t5_2x08h,1729699445.926545
67,r/babywitchhelp,5206,Religion and Spirituality,t5_2m07lq,1729699445.944888
68,r/BellaBellaBella,5206,Mature Themes and Adult Content,t5_59mmo2,1729699445.963414
69,r/MurderedWithImages,5206,Welcome to MurderedWithImages,t5_3pvme,1729699445.9835038
70,r/oldpeoplecomments,5206,Funny/Humor,t5_3a7nv,1729699446.002222
71,r/VoskCoin,5206,Crypto,t5_f5181,1729699446.022475
72,r/coneofshame,5205,Put spez in the cone,t5_30n12,1729699446.040549
73,r/DeutschePhotovoltaik,5205,Technology,t5_6dg43y,1729699446.059128
74,r/KritiSanonn,5205,Celebrity,t5_aqq6pu,1729699446.077326
75,r/wadewilson,5205,Law,t5_butnja,1729699446.0959969
76,r/ClimbingGear,5204,Sports,t5_341lg,1729699446.1145248
77,r/GoddessCafeTerrace,5204,Anime,t5_3xjj94,1729699446.133815
78,r/MsNiceNextDoorx,5204,Mature Themes and Adult Content,t5_7szj9y,1729699446.152429
79,r/musictheorymemes,5204,Learning and Education,t5_3jthn,1729699446.170748
80,r/TidalPlaylists,5204,Music,t5_3e44a,1729699446.1890078
81,r/brockhamptonleaks,5203,Music,t5_2gnoql,1729699446.207546
82,r/cymru,5203,Place,t5_2sdqw,1729699446.227054
83,r/foraeldreDK,5203,Family and Relationships,t5_5h30gz,1729699446.24601
84,r/LegoMinifigure,5203,Hobbies,t5_2u9la,1729699446.265161
85,r/Puppet,5203,Programming,t5_2rsn5,1729699446.283475
86,r/songbird,5203,Crypto,t5_2tn0h,1729699446.302187
87,r/Cinemark,5202,Movies,t5_hk4xp,1729699446.320885
88,r/IsThisADonkey,5202,Internet Culture and Memes,t5_3hsf8,1729699446.3402472
89,r/MallikaSinghHot,5201,Celebrity,t5_5qynzy,1729699446.360805
90,r/WingmanFinder,5201,Gaming,t5_jvd0t,1729699446.380367
91,r/alteredTCG,5200,Tabletop Games,t5_6j23cx,1729699446.399629
92,r/arizonatrail,5200,Travel,t5_30zb5,1729699446.419051
93,r/Euro2024Fantasy,5200,Gaming,t5_bbiuso,1729699446.43783
94,r/Rapids,5200,Sports,t5_2suti,1729699446.456778
95,r/PhonkDrumKits,5199,Music,t5_3dqp2z,1729699446.475799
96,r/vegan_irl,5199,vegan_irl,t5_3ddvt,1729699446.703351
97,r/warzonehacks,5199,Gaming,t5_2i40ri,1729699446.814822
98,r/BlondesBrunettesReds,5198,Celebrity,t5_7xnmiz,1729699446.835843
99,r/CatsWithManes,5198,Animals and Pets,t5_3myzj,1729699446.85693
100,r/frigate_nvr,5197,Technology,t5_54wu96,1729699446.8757372
101,r/FunkyBlackCat,5196,Podcasts and Streamers,t5_244l0t,1729699446.895158
102,r/soulection,5196,Music,t5_2yc4f,1729699446.9309819
103,r/suddenlywaltuh,5196,Internet Culture and Memes,t5_725yva,1729699446.952953
104,r/yvestumor,5196,Music,t5_2am3co,1729699446.9732769
105,r/BSTReps,5195,Fashion,t5_22ksrr,1729699446.9921122
106,r/NewCountry,5195,Music,t5_2vro3,1729699447.013692
107,r/UCFKnights,5195,Sports,t5_2syyt,1729699447.096373
108,r/AlphaDomains,5194,"Alpha Domains is the first registrar to offer domains ending in .alpha, a new TLD that is specifically designed for the web3 ecosystem.",t5_8anecn,1729699447.1161878
109,r/corridos,5194,Music,t5_2vneg,1729699447.143819
110,r/ExplorerGuitars,5194,Music,t5_2i3fwu,1729699447.167423
111,r/LegoUK,5194,Hobbies,t5_3h6da1,1729699447.187721
112,r/MortalOnline,5194,Gaming,t5_2s3jq,1729699447.20861
113,r/Redbox,5194,Marketplace and Deals,t5_2rk29,1729699447.2275999
114,r/TAMUAdmissions,5194,Learning and Education,t5_29knmc,1729699447.246891
115,r/OstrivGame,5193,Gaming,t5_3hf8x,1729699447.2663
116,r/climbingshoes,5192,Sports,t5_2sdbi,1729699447.285898
117,r/arttools,5191,Art,t5_2zslw,1729699447.3051689
118,r/badpuns,5191,Funny/Humor,t5_2smnp,1729699447.3247738
119,r/GrandMountainAdv,5191,Gaming,t5_ngv6u,1729699447.34524
120,r/RachelNichols,5191,Celebrity,t5_2utdr,1729699447.3664289
121,r/AdvancedPosture,5190,Medical and Mental Health,t5_2n9yfi,1729699447.3866858
122,r/EcommerceWebsite,5190,"This is the go-to community for all things related to e-commerce websites. Whether you're a seasoned entrepreneur, a budding online store owner, a web developer, or simply interested in the world of e-commerce, this subreddit is for you.",t5_3d90m,1729699447.4055622
123,r/Lopunny,5190,Gaming,t5_344ja,1729699447.4255512
124,r/NoLimitDragRacing2,5190,Gaming,t5_4dh1tv,1729699447.445764
125,r/nudibranch,5190,Animals and Pets,t5_2tw0b,1729699447.4666
126,r/shortstoryaday,5190,"Reading, Writing, and Literature",t5_2tprp,1729699447.4862988
127,r/Cartomancy,5189,Religion and Spirituality,t5_34mv4,1729699447.505951
128,r/Jemima_Robinson,5189,Celebrity,t5_54egth,1729699447.525089
129,r/DreamWorksTrolls,5188,Movies,t5_2mftku,1729699447.544666
130,r/mili,5188,Music,t5_375it,1729699447.5629802
131,r/SecondhandModParts,5188,Fashion,t5_2keo98,1729699447.581325
132,r/UnemploymentCA,5188,Careers,t5_2okzct,1729699447.598952
133,r/CaptainFalconMains,5187,Gaming,t5_39b9v,1729699447.61622
134,r/DKstudie,5187,Learning and Education,t5_8mdhvi,1729699447.633395
135,r/elkaybattlestations,5187,Home and Garden,t5_fqulf,1729699447.650539
136,r/wheelanddeal,5187,Gaming,t5_31hwk,1729699447.6677198
137,r/ZedsDeadFam,5187,Music,t5_39mac,1729699447.68494
138,r/thisiscomfortable,5186,Animals and Pets,t5_ioaa8,1729699447.7021341
139,r/verse,5186,"Reading, Writing, and Literature",t5_2rmfp,1729699447.720547
140,r/ipswich,5185,Place,t5_2s7ae,1729699447.7393868
141,r/OneTrueMirai,5185,Anime,t5_3f2sr,1729699447.7582452
142,r/PESU,5185,Learning and Education,t5_mvxta,1729699447.777163
143,r/customcontrollers,5184,Gaming,t5_2xr5v,1729699447.7959812
144,r/EL_Radical,5184,Politics,t5_67pwu4,1729699447.814956
145,r/henryrollins,5184,Music,t5_2ucp0,1729699447.833675
146,r/Hospital_Playlist,5184,Television,t5_2q0mdi,1729699447.85422
147,r/lokean,5184,Religion and Spirituality,t5_2yajc,1729699447.872894
148,r/legendarymarvel,5183,Tabletop Games,t5_31dy2,1729699447.892444
149,r/JasmineBlack,5182,Mature Themes and Adult Content,t5_385ve,1729699447.913547
150,r/Roberta_Carluccio,5182,Celebrity,t5_6yy909,1729699447.939134
151,r/UKBirds,5182,Outdoors and Nature,t5_231sm2,1729699447.959051
152,r/Xenomorphs,5182,Movies,t5_2utqh,1729699447.9802508
153,r/AcuraTSX,5181,Cars and Motor Vehicles,t5_rogi9,1729699447.999702
154,r/BrittneyAtwoodPicz,5181,Celebrity,t5_7era9p,1729699448.018811
155,r/CIMA,5181,Learning and Education,t5_32sfp,1729699448.0370739
156,r/500YearsAgo,5180,Welcome to 500YearsAgo,t5_332kx,1729699448.056106
157,r/DarkDisneyAI,5180,Mature Themes and Adult Content,t5_avn32w,1729699448.074595
158,r/Pixel6aUsers,5180,Technology,t5_6srejh,1729699448.093415
159,r/ADHD_Over30,5179,Medical and Mental Health,t5_pmeg8,1729699448.1119092
160,r/Hiddenpcbeggs,5179,Technology,t5_xj5oa,1729699448.130508
161,r/SocialWorkStudents,5179,Learning and Education,t5_25xd6m,1729699448.148581
162,r/WW2GermanMilitaryTech,5179,Military,t5_5fdvb6,1729699448.165868
163,r/CT200h,5178,Cars and Motor Vehicles,t5_35tvq,1729699448.183779
164,r/ProfilePic,5178,Art,t5_2uhke,1729699448.2019799
165,r/pvris,5178,Music,t5_33tyb,1729699448.220342
166,r/jazzfunk,5177,Music,t5_2tyy8,1729699448.238836
167,r/tarsasjatek,5176,Tabletop Games,t5_5kwdug,1729699448.257947
168,r/Turkmenistan,5176,Place,t5_2sayv,1729699448.276692
169,r/DogBreeding,5175,Animals and Pets,t5_3988r,1729699448.295739
170,r/HexManiacs,5175,Art,t5_s51qh,1729699448.316247
171,r/fortniteSolesandfeet,5174,Mature Themes and Adult Content,t5_8eyega,1729699448.333948
172,r/DamnReincarnation,5173,Anime,t5_58adh0,1729699448.351815
173,r/PRLegacyWars,5173,Gaming,t5_3jdp2,1729699448.3720682
174,r/TrinityTrice,5173,Sub dedicated to the gorgeous Trinity Trice. Subscribe for updates!,t5_pvlyb,1729699448.390217
175,r/DentonClassifieds,5172,Marketplace and Deals,t5_31aw8,1729699448.409268
176,r/qtcinderellafans,5172,Mature Themes and Adult Content,t5_7wnejk,1729699448.427677
177,r/blackhumoritalia,5171,Internet Culture and Memes,t5_2gjlt0,1729699448.4466581
178,r/AmazonFreebies,5170,"Welcome to AmazonFreebies, we invite you to join our Sub to find the best deals which we will share here daily with you. Whether it is a kitchen product or a gardening one, whether it is a electronic item or a clothing item. This is your one stop AmazonFreebies shop. While we as Mods will be sharing deals with you daily, we also appreciate and welcome your submissions that can help the community. Happy shopping everyone 😊",t5_2xckt,1729699448.4651341
179,r/DanielaCardenas,5170,Mature Themes and Adult Content,t5_2pd2ks,1729699448.482578
180,r/BritBox,5169,Television,t5_3im5w,1729699448.5002198
181,r/catvoice,5169,Animals and Pets,t5_3oa6w,1729699448.518334
182,r/Inflatablekayak,5169,Hobbies,t5_2q201z,1729699448.536396
183,r/redditwritesvsauce,5169,Can reddit write vsauce?,t5_3hwih,1729699448.554485
184,r/TheAmpHour,5169,Podcasts and Streamers,t5_2uqxu,1729699448.572732
185,r/CanadianStockExchange,5168,"Business, Economics, and Finance",t5_3y49x6,1729699448.59099
186,r/mechabreak,5168,Gaming,t5_aavpsy,1729699448.609309
187,r/tunesofthesesh,5168,Music,t5_245w82,1729699448.6278558
188,r/Brightline,5167,Travel,t5_hajam,1729699448.645922
189,r/organizr,5167,Technology,t5_3jiz9,1729699448.664046
190,r/quantitysurveying,5167,Careers,t5_3gg5n,1729699448.682772
191,r/RedditArmie,5167,THE LE REDDIT ARMY HAS ARRIVED XD,t5_324xp,1729699448.702146
192,r/T0pBaddies,5167,Mature Themes and Adult Content,t5_c12of6,1729699448.721279
193,r/BoosteroidCommunity,5166,Gaming,t5_35sfm6,1729699448.74111
194,r/nissansentra,5166,Cars and Motor Vehicles,t5_2ur8l,1729699448.7615821
195,r/Pawpaws,5166,Home and Garden,t5_2uflm,1729699448.782115
196,r/TeachMeArtSenpai,5166,Art,t5_12b4nk,1729699448.800962
197,r/womenstyleadvice,5166,Fashion,t5_2nesig,1729699448.819324
198,r/Alexiaputellashot,5165,Mature Themes and Adult Content,t5_634rs1,1729699448.8375082
199,r/EverydayRebellion,5164,Activism,t5_51lcxu,1729699448.8566568
200,r/faceting,5164,Fashion,t5_37bxx,1729699448.87748
201,r/worldnews_uncensored,5164,Mature Themes and Adult Content,t5_397wv,1729699448.896662
202,r/pnwriders,5163,Cars and Motor Vehicles,t5_2ti4e,1729699448.915756
203,r/SydneyGayBros,5163,Mature Themes and Adult Content,t5_32ipe,1729699448.934606
204,r/VelocityFrequentFlyer,5163,Travel,t5_7borgz,1729699448.952996
205,r/3Commas_io,5162,Crypto,t5_3hy3rk,1729699448.9714198
206,r/Hollyoaks_babes,5162,Mature Themes and Adult Content,t5_3hcji2,1729699448.99011
207,r/WhaleShark,5162,"Subreddit for the whale shark (Rhincodon typus), the world's largest fish.",t5_3on5c,1729699449.009229
208,r/Whittier,5161,Place,t5_2t68r,1729699449.027781
209,r/Another,5160,Anime,t5_2tfbq,1729699449.0459468
210,r/CatsSmellingThings,5160,Cats smelling things.,t5_2y2kj,1729699449.0644321
211,r/plasmacosmology,5160,Science,t5_2st51,1729699449.082828
212,r/SemaglutideCompound,5160,Medical and Mental Health,t5_6jij4y,1729699449.102006
213,r/TheTrustAGameofGreed,5160,Television,t5_ag51q2,1729699449.1218822
214,r/apatheism,5159,Ethics and Philosophy,t5_2r2dn,1729699449.140996
215,r/beachbody,5159,Fitness and Nutrition,t5_2u10q,1729699449.159762
216,r/randonaut_reports,5159,Gaming,t5_28m1xj,1729699449.178734
217,r/Sia,5159,Music,t5_2ust4,1729699449.19739
218,r/ThirdEyeBlind,5159,Music,t5_2uics,1729699449.2155
219,r/hentaichannel,5158,Backup channel of r/hentainmanga,t5_bj855z,1729699449.2340128
220,r/Moccamaster,5158,Food and Drink,t5_2a8ajs,1729699449.252707
221,r/vickypalacioteasing,5158,Mature Themes and Adult Content,t5_61yigf,1729699449.271032
222,r/Aether_Lovers,5157,Gaming,t5_4tyfds,1729699449.289196
223,r/EngagedBuddhism,5157,Religion and Spirituality,t5_38stg,1729699449.3073778
224,r/holdmypeeingtube,5157,Funny/Humor,t5_3gyrfu,1729699449.325421
225,r/IndigoPark,5157,Gaming,t5_8vxqk7,1729699449.343488
226,r/returntomoria,5157,Gaming,t5_6idujl,1729699449.365421
227,r/3D_Printing,5156,Technology,t5_1y6opd,1729699449.384493
228,r/Starfinder2e,5156,Tabletop Games,t5_6d6hbv,1729699449.4033742
229,r/funnyfrog,5155,Internet Culture and Memes,t5_u2sby,1729699449.4223402
230,r/GlowUpTvSeries,5155,Television,t5_2awe35,1729699449.440919
231,r/halo3,5155,Gaming,t5_2serg,1729699449.4594612
232,r/MagdalenaBay,5155,Music,t5_296ab5,1729699449.4795609
233,r/JunoNetwork,5154,Crypto,t5_41qpl1,1729699449.499437
234,r/siouxcity,5154,Place,t5_2s4ti,1729699449.518123
235,r/grilledcheesegonewild,5153,Show us your gaping cheese slits.,t5_37r8x,1729699449.536181
236,r/gsuitelegacymigration,5152,Technology,t5_5sa988,1729699449.554795
237,r/KobaltTools,5152,Crafts and DIY,t5_mx4ln,1729699449.5730612
238,r/TellurianLNG,5152,"Business, Economics, and Finance",t5_3uirvv,1729699449.591273
239,r/cloakanddagger,5151,Television,t5_30uog,1729699449.6094441
240,r/RWBYAmityArena,5151,Gaming,t5_iik9f,1729699449.627991
241,r/AskaManagerSnark,5150,Careers,t5_ilfoq,1729699449.646116
242,r/iAHFYart,5150,Art,t5_2pfreq,1729699449.664247
243,r/ImaginaryWaterfalls,5150,ImaginaryWaterfalls [](/imtrackinglink),t5_2ylwl,1729699449.6822772
244,r/monsterdongs,5150,Sports,t5_37t4k,1729699449.700704
245,r/sui,5150,Crypto,t5_ol0qe,1729699449.7190871
246,r/visionosdev,5150,Technology,t5_8jz5rq,1729699449.737489
247,r/colony,5149,Television,t5_2swj1,1729699449.756011
248,r/FightTheNewDrug,5149,Activism,t5_356al,1729699449.7747
249,r/IndianUHD,5149,Celebrity,t5_axzs2j,1729699449.793045
