,subreddit,subscribers,topic,subreddit_id,time
0,r/CityBuilders,4918,Gaming,t5_2s93e,1729699511.4931462
1,r/OkMateCrosseur,4918,Internet Culture and Memes,t5_3n01vo,1729699511.5131571
2,r/pathofexiledev,4918,Programming,t5_3b82d,1729699511.5316658
3,r/IpswichTownFC,4917,Sports,t5_31amy,1729699511.550276
4,r/MineZ,4917,Gaming,t5_2ubcv,1729699511.56987
5,r/TikTokAds,4917,"Business, Economics, and Finance",t5_2h0sj1,1729699511.5994828
6,r/GLI,4916,Cars and Motor Vehicles,t5_342cx,1729699511.6178591
7,r/GozneyDome,4916,Food and Drink,t5_4bp6ik,1729699511.636348
8,r/PowerTripMorningShow,4916,Podcasts and Streamers,t5_tv4gn,1729699511.654619
9,r/ShinobiCCTV,4916,Technology,t5_3i00f,1729699511.672856
10,r/AlisonBriePosts,4915,Mature Themes and Adult Content,t5_af70i9,1729699511.7399628
11,r/Coi_Leray,4915,Mature Themes and Adult Content,t5_8apcr4,1729699511.758612
12,r/DsyncTV,4915,Gaming,t5_2xhclc,1729699511.788225
13,r/dumbclub,4915,Technology,t5_3dd98,1729699511.852979
14,r/Gastonia,4915,Place,t5_2u0jp,1729699511.870274
15,r/half_alive,4915,Music,t5_3mj7m,1729699511.8874931
16,r/intelerkspodcast,4915,Podcasts and Streamers,t5_5q3qa8,1729699511.9046972
17,r/mnetiland2,4915,Television,t5_53f27m,1729699511.922082
18,r/Pewdie,4915,Podcasts and Streamers,t5_2uc3n,1729699511.9393642
19,r/WatchesIndiaExchange,4915,Welcome to WatchesIndiaExchange,t5_89d8am,1729699511.956706
20,r/horseswithjobs,4914,Animals and Pets,t5_f6rcr,1729699511.9738681
21,r/ItalyExpat,4914,Travel,t5_3dedk,1729699511.991219
22,r/AppleWhatShouldIBuy,4913,Technology,t5_39o0t,1729699512.009187
23,r/SimRacingSetups,4913,Gaming,t5_2zip3c,1729699512.0266602
24,r/BenadrylCucumberpatch,4912,oh hey here we disrespectfully butcher bendydick crumpleshort`s name for our own entertainment.,t5_jd7zy,1729699512.0437918
25,r/ConstipationAdvice,4912,Medical and Mental Health,t5_333rae,1729699512.060886
26,r/CryingCats,4912,Animals and Pets,t5_3ayxq,1729699512.078248
27,r/LingshaMains,4912,Gaming,t5_autat5,1729699512.095784
28,r/catsthegame,4911,Gaming,t5_3k385,1729699512.113548
29,r/hydrangeas,4911,Home and Garden,t5_314w3,1729699512.131077
30,r/SlowLiving,4911,Ethics and Philosophy,t5_2th3p,1729699512.149665
31,r/ElectionPolls,4910,Politics,t5_2yp32,1729699512.1675498
32,r/humblewoodworking,4910,Crafts and DIY,t5_39hqy5,1729699512.185071
33,r/ProjectHospital,4910,Gaming,t5_3wfhy,1729699512.202362
34,r/textiles,4910,Crafts and DIY,t5_2s5kq,1729699512.2199109
35,r/ASICMinersTalk,4909,Crypto,t5_45noje,1729699512.237333
36,r/Vault_Tec_Corporation,4909,Gaming,t5_3i0cd,1729699512.254647
37,r/BoardGamesNews,4908,Tabletop Games,t5_io4s3,1729699512.2719412
38,r/Chilledout,4908,"**r/Chilledout is built to chill.** We enjoy Ambient, Chill Hip-Hop/Jazz Instrumentals, Blues, Deep House, Witch House, Wave, Liquid, Lounge, Lush, World, Downtempo, Drone, New Age, Experimental, Psychedelic, Shoegaze, Trip-hop, Soft Techno, Soundtrack, Orchestral, IDM; music for coding, concentrating, studying, calming, meditation, relaxation; music to help get over a hangover on a Sunday morning; when you are swamped at work and just need some background music; mellow music to blaze to.",t5_2zqwp,1729699512.289116
39,r/jasaylaa,4908,Mature Themes and Adult Content,t5_238d9k,1729699512.306431
40,r/replybubbles,4908,Funny/Humor,t5_4ilelq,1729699512.323681
41,r/ChitraLoka,4907,Movies,t5_86f2v6,1729699512.3419478
42,r/FawltyTowers,4907,Television,t5_2tbl6,1729699512.360252
43,r/Pumpkins,4907,Hobbies,t5_2r9kr,1729699512.378289
44,r/staplercats,4907,Animals and Pets,t5_7on7do,1729699512.396457
45,r/starrealms,4907,Gaming,t5_2zi8r,1729699512.4145558
46,r/giardinaggioITA,4906,Home and Garden,t5_60gg5t,1729699512.432738
47,r/Quareia,4906,Religion and Spirituality,t5_3f8yw,1729699512.450737
48,r/Birbmemes,4905,Animals and Pets,t5_3hrs3,1729699512.467836
49,r/ColoradoSchoolOfMines,4905,Learning and Education,t5_2spd5,1729699512.4851131
50,r/Colterwall,4905,Music,t5_3oq89,1729699512.50318
51,r/gamification,4905,Ethics and Philosophy,t5_2sevy,1729699512.521426
52,r/Stuff,4905,Internet Culture and Memes,t5_2qh28,1729699512.53986
53,r/UbereatsUK,4905,Careers,t5_gnojl,1729699512.5572941
54,r/BrowserWaifus_irl,4904,Anime,t5_ohwqq,1729699512.575743
55,r/discus,4904,Animals and Pets,t5_2ybwe,1729699512.595267
56,r/FlyingCheap,4904,Travel,t5_i23qq,1729699512.61394
57,r/FrugalTO,4904,Place,t5_2wwmp,1729699512.632326
58,r/KwikTrip,4904,Marketplace and Deals,t5_31n0i,1729699512.650707
59,r/SamoyedCoin,4904,Crypto,t5_4b7cs4,1729699512.669037
60,r/BrainMemes,4903,The home of the Expanding Brain Meme.,t5_3j78t,1729699512.687244
61,r/humorgrafico,4903,Internet Culture and Memes,t5_3jb2b,1729699512.7056088
62,r/BanCars,4902,Activism,t5_t1xw3,1729699512.7239811
63,r/Dashingdiva,4902,Beauty and Makeup,t5_3dwzdg,1729699512.742532
64,r/GamePreservationists,4902,Gaming,t5_2gx4id,1729699512.760931
65,r/isopodexchange,4902,Animals and Pets,t5_4l4dxy,1729699512.7793841
66,r/PokeMeow,4902,Gaming,t5_2lnj2b,1729699512.7979698
67,r/SimpleMobileTools,4902,Technology,t5_ps7dr,1729699512.816803
68,r/teamviewer,4902,Technology,t5_2sklc,1729699512.8353379
69,r/WorldofKings,4902,Gaming,t5_xscpv,1729699512.8536901
70,r/TorontoMusic,4901,Music,t5_2x172,1729699512.8721752
71,r/BarbaraMains,4900,Gaming,t5_249xuo,1729699512.890487
72,r/DreamStanCringe,4900,Internet Culture and Memes,t5_3esavc,1729699512.9087281
73,r/holdonletmeaskreddit,4900,Internet Culture and Memes,t5_8q9kq1,1729699512.926972
74,r/mh4u,4900,Gaming,t5_322u1,1729699512.9450428
75,r/dragonblaze,4899,Gaming,t5_37mlb,1729699512.9631739
76,r/LibTears,4899,Politics,t5_6nburt,1729699512.981549
77,r/NinaWarinkofficial,4899,Mature Themes and Adult Content,t5_6y2p1r,1729699512.999934
78,r/PrivatePractice,4899,Television,t5_2xc2z,1729699513.018469
79,r/Wayne,4899,Television,t5_2qu0j,1729699513.036763
80,r/captainawkward,4898,Podcasts and Streamers,t5_3cbtk,1729699513.0559502
81,r/ChelseaSuarez,4898,Podcasts and Streamers,t5_3hkgjt,1729699513.080292
82,r/Foodnews,4898,Food and Drink,t5_2s2i4,1729699513.261536
83,r/nflalldayNFT,4898,Crypto,t5_5dvar9,1729699513.3063412
84,r/raidennetwork,4898,Crypto,t5_3eu4s,1729699513.333441
85,r/ReBBl,4898,Gaming,t5_3i18u,1729699513.359148
86,r/AnneHathawayLegs,4897,Celebrity,t5_5fafxj,1729699513.389527
87,r/NEWPOLITIC,4897,Politics,t5_2pwz1a,1729699513.4207208
88,r/Pickering,4897,Place,t5_2rlv4,1729699513.448801
89,r/PachatzkeSnark,4896,Celebrity,t5_6h34t4,1729699513.476841
90,r/renezz,4896,Podcasts and Streamers,t5_2oxnbx,1729699513.5024698
91,r/myhappypill,4895,Medical and Mental Health,t5_4bk2a,1729699513.527562
92,r/SaltwaterFlyfishing,4895,Sports,t5_38s5n,1729699513.5528178
93,r/crx,4894,Cars and Motor Vehicles,t5_2sfmr,1729699513.5758998
94,r/HydroHomie,4894,Fitness and Nutrition,t5_10ez1c,1729699513.6013188
95,r/ModernWarships,4892,Gaming,t5_28gl52,1729699513.623932
96,r/NovaScotiaGardening,4892,Home and Garden,t5_2m92hv,1729699513.646679
97,r/Belgrade,4891,Place,t5_2rod7,1729699513.669186
98,r/gammasecretkings,4891,Politics,t5_2kcpf8,1729699513.692945
99,r/roevwade2022,4891,Activism,t5_6bc8v2,1729699513.715654
100,r/Anthropic,4890,Technology,t5_7v9ahi,1729699513.737225
101,r/voynich,4890,Learning and Education,t5_2sq24,1729699513.758539
102,r/afterandbefore,4889,Internet Culture and Memes,t5_235s31,1729699513.77882
103,r/badSissyxxx,4889,"FEMBOY, TWINK, SISSY, CD Porn 18+ ONLY",t5_cct7lw,1729699513.798464
104,r/blokada,4889,Technology,t5_gtcl3,1729699513.8590379
105,r/kegerators,4889,Food and Drink,t5_2vv1r,1729699513.8799
106,r/YisusKrax,4889,Podcasts and Streamers,t5_448txh,1729699513.898816
107,r/FateSpriteComics,4888,Anime,t5_5gdgq8,1729699513.917284
108,r/RobloxTrading,4888,Gaming,t5_2zju3,1729699513.935803
109,r/TheBibites,4888,Gaming,t5_2au3og,1729699513.954265
110,r/amip,4887,Internet Culture and Memes,t5_6vsei8,1729699513.9726238
111,r/AnimalsStuckInThings,4887,should be self-explanitory,t5_303ki,1729699513.991275
112,r/echecs,4887,Tabletop Games,t5_2e9gxu,1729699514.010517
113,r/MissMeghanLane,4887,Welcome to her new subreddit! We all know why we are here.,t5_9aufqj,1729699514.029003
114,r/startrucker,4887,Gaming,t5_8jfre1,1729699514.047384
115,r/BigCityGreens,4885,Television,t5_3mzkd,1729699514.065634
116,r/Muck3Dgame,4885,Gaming,t5_4jrbd8,1729699514.08461
117,r/worldpoliticalhumour,4885,Politics,t5_2t7xm,1729699514.1032991
118,r/texarkana,4884,Place,t5_2s4zf,1729699514.121828
119,r/TheOtherTwo,4884,Television,t5_vbujc,1729699514.1399748
120,r/f5networks,4883,Technology,t5_2rc5t,1729699514.159583
121,r/Monaco,4883,Place,t5_2r2uu,1729699514.1783879
122,r/SpongebobPrequelMemes,4883,The home for all your combination Spongebob and Star Wars prequel memes.,t5_3itwx,1729699514.197694
123,r/Teeth,4882,Medical and Mental Health,t5_2rc4s,1729699514.215231
124,r/4anime,4881,Anime,t5_lsk6d,1729699514.233313
125,r/BJM,4881,Music,t5_2u94w,1729699514.251344
126,r/sablegame,4881,Gaming,t5_kblv2,1729699514.2694762
127,r/wallstreetsmallcaps,4881,"Business, Economics, and Finance",t5_72ay04,1729699514.287621
128,r/Winter,4881,Outdoors and Nature,t5_2t4nq,1729699514.30619
129,r/animecons,4880,Anime,t5_2tgyf,1729699514.324509
130,r/FantasyCities,4880,Gaming,t5_pk0qn,1729699514.342645
131,r/granddesigns,4880,Television,t5_2uopb,1729699514.36237
132,r/Hedgehogifs,4880,Animals and Pets,t5_3jhl1,1729699514.381403
133,r/livemusic,4880,Music,t5_2qml2,1729699514.400627
134,r/video_mapping,4880,Technology,t5_31d8s,1729699514.419509
135,r/wetcats,4880,Animals and Pets,t5_2ts0u,1729699514.438804
136,r/catfree,4879,Animals and Pets,t5_2tga1,1729699514.45934
137,r/developersPak,4879,Technology,t5_bzxyvx,1729699514.480153
138,r/Pillheaven,4879,Post all your photos of pills here! Non pill forms welcome. Ex. Xanax dropped gummies,t5_2o2b2a,1729699514.498663
139,r/SpringBranch,4879,Place,t5_2xlbe,1729699514.516238
140,r/AEKAthensFC,4878,Sports,t5_3ifl0,1729699514.533772
141,r/JuropijanSpeling,4878,"Heng out wid Juropijans in a pleis, were noubody is efraid to speek with en excent! Džojn d Juropijan Diskord Servr tu speek wid adr Juropijans in ril tajm! https://discord.gg/2XSMXcy",t5_3m9xe,1729699514.55199
142,r/StarWarsFanArt,4878,Art,t5_3nr7t,1729699514.569508
143,r/Stickinsects,4878,Animals and Pets,t5_29naqq,1729699514.5869272
144,r/CanadianAwardTravel,4877,Travel,t5_gscam,1729699514.604202
145,r/kalogerasisters,4877,Subreddit for fans of the Kalogeras Sisters!,t5_bde0o4,1729699514.621411
146,r/BeamNGMods,4876,Gaming,t5_3f43n,1729699514.6398
147,r/BostonJobs,4875,Careers,t5_2svnl,1729699514.656945
148,r/bungomayoi,4875,Gaming,t5_9c0nf,1729699514.674134
149,r/dramabox,4875,Television,t5_b9ka3r,1729699514.691371
150,r/OpenAstroTech,4875,Hobbies,t5_2duv7t,1729699514.7087722
151,r/chromeheartlc,4873,Fashion,t5_85n4ua,1729699514.726084
152,r/CrazyDoorbellFootage,4873,Funny/Humor,t5_3hgjz4,1729699514.7443829
153,r/PlaceNostalgia,4873,Meta/Reddit,t5_3jtay,1729699514.761664
154,r/RD2B,4873,Careers,t5_2bv3qa,1729699514.779006
155,r/AAWireless,4872,Cars and Motor Vehicles,t5_3weq7u,1729699514.797459
156,r/Ameer,4872,Celebrity,t5_31c5q,1729699514.81513
157,r/PcRetailers,4872,Technology,t5_34abf,1729699514.8322089
158,r/Arlecchino,4870,Gaming,t5_5e3trz,1729699514.849828
159,r/GlobalPowers,4870,Tabletop Games,t5_32d2e,1729699514.8672729
160,r/Phantom,4870,Crypto,t5_2tk22,1729699514.884964
161,r/SayHenloToMyLilFren,4870,Welcome to SayHenloToMyLilFren,t5_g66ts,1729699514.9033542
162,r/weeekly,4870,Music,t5_2niucu,1729699514.9206588
163,r/negativeutilitarians,4869,Ethics and Philosophy,t5_j5x1o,1729699514.937676
164,r/TheTownz,4869,Music,t5_7ub9du,1729699514.95473
165,r/AssHatHackers,4868,One day in Comp Sci class I created an infinite loop program that ran on my friend's computer while he was in the bathroom. He promptly called me an Ass Hat. Thus Ass Hat Hackers was born. For hacking to have fun and mess with people.,t5_2zrir,1729699514.9719622
166,r/GarticPhone,4868,Gaming,t5_3p4faw,1729699514.989237
167,r/paaularruizz2_2,4868,Mature Themes and Adult Content,t5_9cm724,1729699515.0070431
168,r/PeopleAreAwesome,4868,"/r/PeopleAreAwesome is a place to share amazing videos of ordinary people doing extraordinary things! All kinds of stunts, skills, tricks and flips are welcome.",t5_2tful,1729699515.0244842
169,r/mschf,4867,Fashion,t5_10fnvs,1729699515.041431
170,r/kurtvonnegut,4866,"Reading, Writing, and Literature",t5_2t3al,1729699515.0584269
171,r/Nausicaa,4866,Anime,t5_2rktw,1729699515.0754628
172,r/PicsOfUnusualSlugs,4866,Animals and Pets,t5_3298au,1729699515.092871
173,r/SimplyFortnite,4866,Gaming,t5_xsoxo,1729699515.110175
174,r/choijisu,4865,Celebrity,t5_1bklg3,1729699515.127317
175,r/InlineHockey,4865,Sports,t5_2sq4r,1729699515.1444259
176,r/montblanc,4865,Hobbies,t5_2wgdo,1729699515.161859
177,r/pythonhelp,4865,Programming,t5_2s7lv,1729699515.178956
178,r/Yodersmokers,4865,Food and Drink,t5_vtjc4,1729699515.196296
179,r/MLBtheShowLogos,4864,Gaming,t5_3jy5q,1729699515.2137642
180,r/60secondsinafrica,4863,Funny/Humor,t5_22m10y,1729699515.230867
181,r/DesertDaze,4863,Music,t5_3bzd1,1729699515.249548
182,r/DoomerGang,4863,Funny/Humor,t5_2gwio9,1729699515.266765
183,r/Eamonandbec,4863,Podcasts and Streamers,t5_3mik6i,1729699515.28454
184,r/PKMNTikTokDeals,4863,Marketplace and Deals,t5_9tjkoa,1729699515.3021529
185,r/christianmetal,4862,Music,t5_2ru48,1729699515.319316
186,r/freejazz,4862,Music,t5_2tptg,1729699515.336362
187,r/Sporcle,4862,Gaming,t5_2sf9q,1729699515.3533518
188,r/JohnnieGuilbert,4861,Podcasts and Streamers,t5_3j1fr,1729699515.3706958
189,r/NonCredibleDefence,4861,Internet Culture and Memes,t5_5ixuz2,1729699515.3878012
190,r/wholesomerevenge,4861,revenge for the ethical,t5_3ivds,1729699515.404781
191,r/englishcockerspaniel,4860,Animals and Pets,t5_28vtu0,1729699515.4218419
192,r/JustEatUK,4859,Careers,t5_22rn7c,1729699515.439015
193,r/muji,4859,Marketplace and Deals,t5_2si6f,1729699515.455965
194,r/Starbomb,4859,Music,t5_2ylly,1729699515.474157
195,r/hildalore,4858,Gaming,t5_2308l0,1729699515.4913821
196,r/Morkie,4858,Animals and Pets,t5_2956ww,1729699515.508379
197,r/ShrineOfHeadHunter,4858,Mature Themes and Adult Content,t5_mcfa0,1729699515.5255558
198,r/MiladMirg,4857,Celebrity,t5_468u02,1729699515.542613
199,r/PeterImaginesTheLoss,4857,Internet Culture and Memes,t5_ap0yjm,1729699515.559778
200,r/Poconos,4857,Place,t5_2v2h5,1729699515.576876
201,r/SlylockFox,4857,"Reading, Writing, and Literature",t5_311wgu,1729699515.5938199
202,r/WVC,4857,Technology,t5_2tqg3,1729699515.6110132
203,r/HomePodMini,4856,Technology,t5_2hz5v3,1729699515.628203
204,r/HotSpringsWest,4856,Place,t5_2sisp,1729699515.645322
205,r/tottenhamhotspur,4856,Sports,t5_2x06t,1729699515.6625652
206,r/wewantcutlery,4856,Food and Drink,t5_2nm9q0,1729699515.682529
207,r/lifecoach,4855,Learning and Education,t5_2qneh,1729699515.7001421
208,r/troyesivan,4855,Music,t5_2y4uz,1729699515.7179022
209,r/mini4wd,4854,Hobbies,t5_343j5,1729699515.7354372
210,r/Sass,4854,Programming,t5_2ruxc,1729699515.7531269
211,r/E46M3,4853,Cars and Motor Vehicles,t5_38rp2,1729699515.7729201
212,r/Islamic_History,4853,History,t5_379w7,1729699515.791106
213,r/SnapCatFilters,4853,Post your best pictures of your cat(s) under the influence of SnapCat's face filters!,t5_3d9co,1729699515.810614
214,r/virtuafighter,4853,Gaming,t5_2rqql,1729699515.82805
215,r/ConcordGame,4852,Gaming,t5_8gp64t,1729699515.8453581
216,r/habie,4852,Podcasts and Streamers,t5_3rjc9w,1729699515.863952
217,r/nqmod,4852,Gaming,t5_37srp,1729699515.8817081
218,r/MarijuanaAnonymous,4851,"MA12.org has Marijuana Anonymous meetings every day. MA is a free peer-support program focused entirely on our shared problem with cannabis addiction. We use the tools of the MA program to help free us of our addictive tendencies and physical dependence on the substance that has caused damage in our lives. +1-800-766-6779 text us anytime, volunteers will respond in under 24 hrs.",t5_2zz6o,1729699515.899071
219,r/MSUSpartans,4851,Sports,t5_2sp8o,1729699515.91637
220,r/GenEU,4850,Politics,t5_5pz6qe,1729699515.933552
221,r/nvcc,4850,Learning and Education,t5_2spbf,1729699515.9509141
222,r/EAAccess,4849,Gaming,t5_32weo,1729699515.968203
223,r/EldritchHorror,4849,Tabletop Games,t5_35ss2,1729699515.985591
224,r/jammingwiththings,4849,"For music made with unusual instruments, everyday-use objects, beats from surprising sources etc.",t5_348ke,1729699516.003329
225,r/OnePieceDnD_Rustage,4849,Tabletop Games,t5_2t5vug,1729699516.021491
226,r/Roermond,4849,Place,t5_35t2m,1729699516.0388322
227,r/screeps,4849,Programming,t5_34ioa,1729699516.05598
228,r/AucklandProperty,4848,"Business, Economics, and Finance",t5_qgl2l,1729699516.073328
229,r/Dominions5,4848,Gaming,t5_3oda9,1729699516.0909271
230,r/MississippiSnkyLnk,4848,Sneaky Links in Mississippi. Express yourself,t5_85ul56,1729699516.1091158
231,r/CryptoGamesNFT,4847,Crypto,t5_59gnlx,1729699516.128903
232,r/haircareexchange,4847,Marketplace and Deals,t5_329om,1729699516.148541
233,r/MaggotkinofNurgle,4847,Tabletop Games,t5_9w9uf,1729699516.1675992
234,r/Patterrz,4847,Podcasts and Streamers,t5_3hf8g,1729699516.185589
235,r/productfails,4846,"Learn how products performed over their lifetime, where they break, and how to fix them. Let's keep corporations accountable, and start caring about the amount of waste we produce!",t5_5sxd9u,1729699516.2037802
236,r/XMage,4846,Tabletop Games,t5_32vl0,1729699516.2213042
237,r/crz,4845,Cars and Motor Vehicles,t5_2wel1,1729699516.239278
238,r/GameScreens,4845,Gaming,t5_2yxqi,1729699516.256901
239,r/Genshin_Impact_Leaked,4845,Gaming,t5_6rw0at,1729699516.274229
240,r/CholinergicUrticaria,4844,Medical and Mental Health,t5_3iitc,1729699516.291611
241,r/payday2secret,4844,Gaming,t5_2ydua,1729699516.308831
242,r/tallyhell,4844,Internet Culture and Memes,t5_244rcr,1729699516.326596
243,r/jewlerymaking,4843,Crafts and DIY,t5_2w9sna,1729699516.345087
244,r/Bren2,4842,Mature Themes and Adult Content,t5_2nwa8a,1729699516.363505
245,r/CATIA,4842,Technology,t5_354jp,1729699516.3817039
246,r/hoodmap,4842,"Culture, Race, and Ethnicity",t5_61m4g0,1729699516.400125
247,r/Meteor,4842,Technology,t5_2twjt,1729699516.418435
248,r/nonnudecollection,4842,Check out our official Cam Site! www.sexyslutsxxx.com,t5_muszk,1729699516.436513
249,r/schijtposten,4842,Funny/Humor,t5_5uwb3d,1729699516.454615
