,subreddit,subscribers,topic,subreddit_id,time
0,r/Brawlhalla,175654,Gaming,t5_31c1d,1729696560.773349
1,r/BORUpdates,175427,Meta/Reddit,t5_8owx99,1729696560.7975302
2,r/AskHistory,175418,History,t5_2sa8i,1729696560.817554
3,r/bihar,175297,Place,t5_2s8sy,1729696560.838858
4,r/CrazyHuman,175116,Internet Culture and Memes,t5_2tl0cm,1729696560.85984
5,r/TreesSuckingOnThings,175064,Outdoors and Nature,t5_2ujn5,1729696560.8875258
6,r/CoutureReps,175003,Fashion,t5_3jxwi,1729696560.9085991
7,r/GoldenKamuy,174900,Anime,t5_3ow3v,1729696560.935725
8,r/Broadway,174830,Music,t5_2qudv,1729696560.960136
9,r/biggreenegg,174822,Food and Drink,t5_2s3tb,1729696560.994755
10,r/C_Programming,174770,Programming,t5_2qhoe,1729696561.096736
11,r/YUROP,174743,Politics,t5_2wivw,1729696561.123483
12,r/Scrubs,174663,Television,t5_2rs5a,1729696561.161547
13,r/BeansInThings,174602,Internet Culture and Memes,t5_3jbtl,1729696561.184244
14,r/shoujo,174538,Anime,t5_2ur20,1729696561.2216609
15,r/BusinessIntelligence,174411,"Business, Economics, and Finance",t5_2qnri,1729696561.2601979
16,r/capsulewardrobe,174300,Fashion,t5_3bhx8,1729696561.287869
17,r/wedding,174285,Family and Relationships,t5_2qhtr,1729696561.316502
18,r/distractible,174281,Podcasts and Streamers,t5_4fxx08,1729696561.343554
19,r/Decks,174234,Home and Garden,t5_2xc5h,1729696561.3669991
20,r/RPClipsGTA,174154,Gaming,t5_3onkg,1729696561.3925052
21,r/Keep_Track,174043,Politics,t5_3l0z5,1729696561.416171
22,r/HubermanLab,173920,Podcasts and Streamers,t5_3qyjg9,1729696561.437838
23,r/billiards,173914,Sports,t5_2r9yh,1729696561.4592152
24,r/RandomActsOfGaming,173884,Gaming,t5_2t5mo,1729696561.480961
25,r/Vive,173697,Technology,t5_378go,1729696561.5023549
26,r/CompetitiveTFT,173668,Gaming,t5_12v94g,1729696561.527922
27,r/Surface,173605,Technology,t5_2u5h1,1729696561.552681
28,r/sharktankindia,173539,Television,t5_4rdeoj,1729696561.5761201
29,r/Volkswagen,173337,Cars and Motor Vehicles,t5_2qr4f,1729696561.5978172
30,r/askswitzerland,173327,Place,t5_2tob7,1729696561.620411
31,r/ImaginaryHorrors,173322,Art,t5_2y0mz,1729696561.641671
32,r/IKEA,173286,Home and Garden,t5_2s9a5,1729696561.662236
33,r/TalesFromThePizzaGuy,173273,Careers,t5_2uh13,1729696561.682267
34,r/omad,173195,Food and Drink,t5_3bqlb,1729696561.706718
35,r/StartUpIndia,173093,"Business, Economics, and Finance",t5_37h3t,1729696561.726798
36,r/navy,173025,Military,t5_2rg06,1729696561.747536
37,r/AusSkincare,172999,Beauty and Makeup,t5_310nr,1729696561.76763
38,r/BanderitaX,172946,Podcasts and Streamers,t5_28eyep,1729696561.786282
39,r/TeslaLounge,172838,Technology,t5_3j3bn,1729696561.804984
40,r/TVDetails,172832,Television,t5_3md2n,1729696561.8261929
41,r/WaxSealers,172733,Hobbies,t5_31v6z,1729696561.847323
42,r/SPACs,172697,"Business, Economics, and Finance",t5_2ohexx,1729696561.869477
43,r/aoe2,172687,Gaming,t5_2sg7u,1729696561.889962
44,r/rickygervais,172663,Celebrity,t5_2rlm2,1729696561.911106
45,r/CompetitiveWoW,172604,Gaming,t5_35p2p,1729696561.935491
46,r/TalesFromThePharmacy,172469,Careers,t5_2v6of,1729696561.956235
47,r/CyberStuck,172425,Cars and Motor Vehicles,t5_ac04s6,1729696561.9764779
48,r/Homebuilding,172383,Home and Garden,t5_2tnqg,1729696561.996816
49,r/MLA_Official,172302,Gaming,t5_2vwras,1729696562.017324
50,r/RiseofKingdoms,172256,Gaming,t5_x046w,1729696562.040076
51,r/jschlattsubmissions,172171,Podcasts and Streamers,t5_6i3i3k,1729696562.061701
52,r/Portal,172119,Gaming,t5_2qzze,1729696562.082279
53,r/raleigh,172026,Place,t5_2r0z3,1729696562.1017962
54,r/VinylReleases,172015,Music,t5_2suhe,1729696562.120053
55,r/AncientCivilizations,172001,History,t5_33ild,1729696562.140182
56,r/FortniteCreative,171872,Gaming,t5_l9lrn,1729696562.1602051
57,r/ps2,171843,Gaming,t5_2r8uk,1729696562.18072
58,r/Toyota,171789,Cars and Motor Vehicles,t5_2qwwc,1729696562.200923
59,r/communism101,171753,Politics,t5_2uc81,1729696562.221077
60,r/Kentucky,171404,Place,t5_2qo41,1729696562.2427719
61,r/handbags,171376,Fashion,t5_2qrwg,1729696562.262976
62,r/OrphanCrushingMachine,171320,Activism,t5_37xyfo,1729696562.2825742
63,r/gopro,171183,Technology,t5_2rvat,1729696562.300107
64,r/Wicca,171172,Religion and Spirituality,t5_2rgn5,1729696562.3188639
65,r/gmod,171040,Gaming,t5_2r1m6,1729696562.374379
66,r/india_tourism,170815,Travel,t5_3pbon,1729696562.398318
67,r/titlegore,170800,Meta/Reddit,t5_2y3gz,1729696562.42146
68,r/brutalism,170675,Art,t5_2vkqp,1729696562.4851148
69,r/CorporateFacepalm,170655,Funny/Humor,t5_38jqw,1729696562.5601301
70,r/slammywhammies,170648,Animals and Pets,t5_hyon6,1729696562.579461
71,r/teslore,170643,Gaming,t5_2t5ay,1729696562.598498
72,r/jellybeantoes,170637,Animals and Pets,t5_35mcy,1729696562.617955
73,r/Ishowspeed,170603,Podcasts and Streamers,t5_47waaj,1729696562.6375291
74,r/pharmacy,170602,Careers,t5_2qjl3,1729696562.660871
75,r/deathgrips,170564,Music,t5_2tr22,1729696562.680897
76,r/Barca,170129,Sports,t5_2s561,1729696562.701182
77,r/Political_Revolution,170014,Politics,t5_3ca4m,1729696562.721492
78,r/cambodia,169974,Place,t5_2rk0o,1729696562.741521
79,r/ShokugekiNoSoma,169956,Anime,t5_322v3,1729696562.7618518
80,r/iWallpaper,169950,Art,t5_2s4td,1729696562.7846148
81,r/GenX,169941,"Culture, Race, and Ethnicity",t5_2qur9,1729696562.804884
82,r/BG3Builds,169816,Gaming,t5_37byfs,1729696562.826386
83,r/Maps,169768,Learning and Education,t5_2qiwh,1729696562.848695
84,r/Paleo,169672,Fitness and Nutrition,t5_2qzzs,1729696562.867521
85,r/Aleague,169588,Sports,t5_2s6c7,1729696562.8854342
86,r/pune,169491,Place,t5_2qvrw,1729696562.9035819
87,r/HomeServer,169429,Technology,t5_2sxqm,1729696562.921789
88,r/houkai3rd,169301,Gaming,t5_3jjhl,1729696562.9419289
89,r/Metroid,169259,Gaming,t5_2rrd6,1729696562.9602098
90,r/Depop,169247,Fashion,t5_2y4mt,1729696562.977998
91,r/Workspaces,169197,Home and Garden,t5_2t1la,1729696562.996039
92,r/kdramarecommends,169162,Television,t5_31t53,1729696563.014623
93,r/Nepal,169108,Place,t5_2qs6h,1729696563.0361369
94,r/eyebombing,169105,Internet Culture and Memes,t5_2t9gk,1729696563.0543911
95,r/fujifilm,168909,Art,t5_2yahd,1729696563.087453
96,r/bucuresti,168827,Place,t5_2rb9s,1729696563.127444
97,r/ZenlessZoneZero,168809,Gaming,t5_5van4k,1729696563.1517792
98,r/traumatizeThemBack,168658,Trauma Support,t5_6uijgu,1729696563.1728199
99,r/farming,168501,Careers,t5_2qrz8,1729696563.190469
100,r/Alabama,168429,Place,t5_2qqwk,1729696563.2097259
101,r/failarmy,168355,Internet Culture and Memes,t5_35t75,1729696563.2312908
102,r/orchids,168348,Outdoors and Nature,t5_2rib3,1729696563.2504802
103,r/VeteransBenefits,168323,Military,t5_2vlaz,1729696563.2684958
104,r/AskLondon,168281,Place,t5_2xg1m,1729696563.287957
105,r/jerseyshore,168261,Television,t5_2s039,1729696563.3061361
106,r/SympatheticMonsters,168233,Art,t5_36at7,1729696563.3241339
107,r/WFH,168219,Careers,t5_2s7wa,1729696563.3415759
108,r/SaaS,168173,"Business, Economics, and Finance",t5_2qkq6,1729696563.359534
109,r/fossilid,168039,Science,t5_2s711,1729696563.3782148
110,r/labrador,167989,Animals and Pets,t5_2taso,1729696563.396576
111,r/needforspeed,167960,Gaming,t5_2s8z6,1729696563.4145489
112,r/NCAAFBseries,167895,Gaming,t5_2tx3z,1729696563.432503
113,r/deeplearning,167839,Technology,t5_2t5eh,1729696563.479041
114,r/Anxietyhelp,167774,Medical and Mental Health,t5_2zcvb,1729696563.5015092
115,r/telescopes,167757,Hobbies,t5_2qnl1,1729696563.5232441
116,r/Market76,167695,Gaming,t5_n9nn1,1729696563.543492
117,r/AajMaineJana,167615,Learning and Education,t5_8tcjkw,1729696563.565535
118,r/WatchDogsWoofInside,167592,Animals and Pets,t5_pjbee,1729696563.586234
119,r/AndroidQuestions,167591,Technology,t5_2rtri,1729696563.606787
120,r/badminton,167557,Sports,t5_2r6dm,1729696563.625165
121,r/CharlotteHornets,167526,Sports,t5_2txxp,1729696563.643287
122,r/hinduism,167526,Religion and Spirituality,t5_2qifc,1729696563.66355
123,r/CryptoMars,167483,Crypto,t5_3nx961,1729696563.682519
124,r/Sims3,167461,Gaming,t5_2u4jl,1729696563.701313
125,r/AnimalsBeingStrange,167253,Animals and Pets,t5_2nm6yl,1729696563.721927
126,r/Kirby,167200,Gaming,t5_2r411,1729696563.740574
127,r/acnh,166971,Gaming,t5_13014l,1729696563.759014
128,r/Transmogrification,166966,Gaming,t5_2sra6,1729696563.776968
129,r/NewGirl,166954,Television,t5_2srt3,1729696563.7951
130,r/expats,166826,Travel,t5_2rhwp,1729696563.814774
131,r/GenshinImpact,166804,Gaming,t5_12p40m,1729696563.835259
132,r/IDOWORKHERELADY,166799,Careers,t5_3gt8e,1729696563.853653
133,r/Smoothies,166626,Food and Drink,t5_2qpj3,1729696563.871888
134,r/Traeger,166623,Food and Drink,t5_2tfpn,1729696563.8916779
135,r/remotework,166577,Careers,t5_2zwo3,1729696563.9118621
136,r/lost,166466,Television,t5_2qhag,1729696563.931051
137,r/Tiktokhelp,166461,Technology,t5_22k80m,1729696563.952
138,r/FlashTV,166424,Television,t5_2y6bs,1729696563.974058
139,r/Mustang,166404,Cars and Motor Vehicles,t5_2qqel,1729696563.994582
140,r/transgender,166278,Gender,t5_2qxpm,1729696564.015111
141,r/botany,166229,Science,t5_2qrcz,1729696564.0363038
142,r/askmath,166107,Learning and Education,t5_2qm4f,1729696564.055868
143,r/Megumin,166060,Anime,t5_3chmw,1729696564.074065
144,r/YourJokeButWorse,166039,Meta/Reddit,t5_1x51i8,1729696564.09427
145,r/InterestingToRead,165968,Internet Culture and Memes,t5_a01te9,1729696564.114004
146,r/fairytail,165958,Anime,t5_2s9z2,1729696564.134353
147,r/ObsidianMD,165896,Technology,t5_2mz3dr,1729696564.151925
148,r/OffGridCabins,165787,Home and Garden,t5_2y79r,1729696564.1703172
149,r/IndianOTTbestof,165595,Television,t5_7tfky0,1729696564.190038
150,r/HumanTippyTaps,165493,Internet Culture and Memes,t5_h3po4,1729696564.210061
151,r/IndianMakeupAddicts,165473,Beauty and Makeup,t5_3k59d8,1729696564.230017
152,r/Deathcore,165327,Music,t5_2ruho,1729696564.247395
153,r/BigCatGifs,164972,Animals and Pets,t5_3an0q,1729696564.288834
154,r/footballcards,164968,Sports,t5_2w93u,1729696564.309925
155,r/deathnote,164958,Anime,t5_2riqp,1729696564.329561
156,r/wrestling,164953,Sports,t5_2qqam,1729696564.347865
157,r/lucifer,164906,Television,t5_2sbp9,1729696564.366006
158,r/dreampop,164878,Music,t5_2t0sd,1729696564.3837922
159,r/CanadaCoronavirus,164797,Medical and Mental Health,t5_2gpd6g,1729696564.401678
160,r/iOSsetups,164704,Technology,t5_5nujb,1729696564.419723
161,r/ParlerWatch,164612,Activism,t5_3dw7go,1729696564.4377651
162,r/pansexual,164585,Sexual Orientation,t5_2spwe,1729696564.455287
163,r/fidelityinvestments,164509,"Business, Economics, and Finance",t5_40w64h,1729696564.472509
164,r/TerrainBuilding,164478,Hobbies,t5_2xy5e,1729696564.489753
165,r/armoredcore,164413,Gaming,t5_2tkwh,1729696564.506932
166,r/language_exchange,164371,Learning and Education,t5_2tdbm,1729696564.5242848
167,r/Canning,164363,Food and Drink,t5_2re2w,1729696564.542579
168,r/konmari,164159,Home and Garden,t5_36kvo,1729696564.56025
169,r/IcebergCharts,163946,Internet Culture and Memes,t5_3f3ue,1729696564.5778701
170,r/ArchitecturalRevival,163849,Art,t5_22pet1,1729696564.595138
171,r/steam_giveaway,163835,Gaming,t5_2zojz,1729696564.612427
172,r/realhousewives,163750,Television,t5_2tqqn,1729696564.6297688
173,r/reddeadfashion,163651,Fashion,t5_phg5t,1729696564.647666
174,r/Aliexpress,163527,"Business, Economics, and Finance",t5_2uq32,1729696564.667477
175,r/FFVIIRemake,163507,Gaming,t5_38p8s,1729696564.686202
176,r/Scarymovies,163495,Movies,t5_2ro2w,1729696564.7055979
177,r/farmingsimulator,163432,Gaming,t5_2vej0,1729696564.72591
178,r/Zerkaa,163348,Podcasts and Streamers,t5_2uuvz,1729696564.745656
179,r/Kenya,163344,Place,t5_2rcjg,1729696564.764878
180,r/tornado,163324,Outdoors and Nature,t5_2rne7,1729696564.783391
181,r/UK_Pets,163202,Animals and Pets,t5_6q9e8r,1729696564.8017752
182,r/FridgeDetective,163174,Internet Culture and Memes,t5_prg6z,1729696564.819984
183,r/learnjava,163066,Programming,t5_2saos,1729696564.838759
184,r/MacMiller,163024,Music,t5_2skyp,1729696564.857006
185,r/Socialism_101,162979,Politics,t5_2ys9x,1729696564.875618
186,r/ImFinnaGoToHell,162969,Internet Culture and Memes,t5_5kvon5,1729696564.8939672
187,r/DebateReligion,162934,Religion and Spirituality,t5_2snuc,1729696564.912199
188,r/UberEATS,162922,Food and Drink,t5_38qlm,1729696564.9302552
189,r/scuba,162857,Hobbies,t5_2qhii,1729696564.948287
190,r/30ROCK,162854,Television,t5_2rgm3,1729696564.9660149
191,r/asklinguistics,162845,Learning and Education,t5_2u7nj,1729696564.983558
192,r/thefighterandthekid,162841,Podcasts and Streamers,t5_347fo,1729696565.002398
193,r/Gatos,162797,Animals and Pets,t5_4r4kg9,1729696565.0231628
194,r/women,162749,Gender,t5_2qh8d,1729696565.049921
195,r/hopeposting,162676,Internet Culture and Memes,t5_765525,1729696565.07685
196,r/StudentNurse,162668,Learning and Education,t5_2vqzl,1729696565.0974321
197,r/rubius,162630,Internet Culture and Memes,t5_jgwhn,1729696565.117545
198,r/herbalism,162629,Home and Garden,t5_2qy4h,1729696565.138305
199,r/UXDesign,162613,Technology,t5_2u66g,1729696565.16106
200,r/FoodSanDiego,162491,Food and Drink,t5_33066,1729696565.182097
201,r/PokeLeaks,162336,Gaming,t5_2ylx9,1729696565.2025652
202,r/Landlord,162301,"Business, Economics, and Finance",t5_2qpqt,1729696565.223336
203,r/Gold,162287,Hobbies,t5_2qmqp,1729696565.2436469
204,r/summonerswar,162244,Gaming,t5_324pd,1729696565.2638552
205,r/longisland,162163,Place,t5_2qk64,1729696565.2841222
206,r/projectmanagement,162136,Careers,t5_2r66p,1729696565.304049
207,r/Silverbugs,162082,"Business, Economics, and Finance",t5_2t1b5,1729696565.3231602
208,r/fitness30plus,162065,Fitness and Nutrition,t5_2zswl,1729696565.342883
209,r/starwarsrebels,162014,Television,t5_2xavr,1729696565.362325
210,r/GardeningUK,161911,Home and Garden,t5_31s8w,1729696565.383403
211,r/guessmyage,161880,Beauty and Makeup,t5_2ssrn,1729696565.403737
212,r/Brunei,161874,Place,t5_2s0lk,1729696565.423187
213,r/OsuSkins,161864,Gaming,t5_37afw,1729696565.4421482
214,r/whatthefrockk,161862,Celebrity,t5_9bg14v,1729696565.46104
215,r/DesignDesign,161727,Art,t5_lsbff,1729696565.479223
216,r/Fantasy_Football,161560,Sports,t5_2qxqc,1729696565.4970949
217,r/SacredGeometry,161554,Art,t5_2s60u,1729696565.516424
218,r/whatstheword,161502,"Reading, Writing, and Literature",t5_2sjdt,1729696565.5347111
219,r/Cleveland,161332,Place,t5_2qkh0,1729696565.5525818
220,r/WWEGames,161315,Gaming,t5_2t9bx,1729696565.570314
221,r/facts,161258,Learning and Education,t5_2qiu7,1729696565.588311
222,r/jobsearchhacks,161199,Careers,t5_2u0m3,1729696565.606234
223,r/medicalschoolanki,161110,Learning and Education,t5_3l2jt,1729696565.623829
224,r/ActionFigures,161106,Hobbies,t5_2scrt,1729696565.6414819
225,r/Colts,161056,Sports,t5_2r6es,1729696565.661422
226,r/coloranalysis,161009,Fashion,t5_35s40,1729696565.680037
227,r/bedroompop,160873,Music,t5_394k0,1729696565.698118
228,r/xkcd,160809,Internet Culture and Memes,t5_2qh0z,1729696565.7164621
229,r/grandpajoehate,160807,Movies,t5_3f4m6,1729696565.7349818
230,r/solar,160746,Technology,t5_2qq8l,1729696565.752737
231,r/SuggestALaptop,160686,Technology,t5_2s4k5,1729696565.770895
232,r/Trophies,160652,Gaming,t5_2vath,1729696565.7945752
233,r/HotWheels,160576,Hobbies,t5_2sj2w,1729696565.857854
234,r/panthers,160528,Sports,t5_2s1w0,1729696565.982006
235,r/ironscape,160411,Gaming,t5_34728,1729696566.007164
236,r/longbeach,160377,Place,t5_2rwpt,1729696566.0299678
237,r/blenderhelp,160284,Art,t5_2t9eb,1729696566.052345
238,r/humansarespaceorcs,160155,Internet Culture and Memes,t5_w0jc9,1729696566.075011
239,r/bapcsalescanada,160035,Technology,t5_2tesr,1729696566.097566
240,r/PhD,160029,Learning and Education,t5_2qiyl,1729696566.120034
241,r/AZURE,159987,Technology,t5_2rkse,1729696566.143992
242,r/dreamsmp,159940,Gaming,t5_2uuyux,1729696566.172812
243,r/restaurant,159912,Food and Drink,t5_2r2g5,1729696566.196407
244,r/Texans,159816,Sports,t5_2s450,1729696566.219126
245,r/CoronavirusWA,159810,Medical and Mental Health,t5_2gqphb,1729696566.241735
246,r/CivVI,159793,Gaming,t5_346b8,1729696566.264016
247,r/Stargate,159625,Television,t5_2qhar,1729696566.286622
248,r/EtsySellers,159576,"Business, Economics, and Finance",t5_2wthr,1729696566.309831
249,r/touhou,159523,Gaming,t5_2qvi5,1729696566.332963
