,subreddit,subscribers,topic,subreddit_id,time
0,r/raytracing,4224,Technology,t5_2rjeg,1729699681.6312451
1,r/serafuku2D,4224,Anime,t5_42rjp6,1729699681.6535602
2,r/theEmmas,4224,Celebrity,t5_7z81as,1729699681.673159
3,r/yujin,4224,Celebrity,t5_rgg40,1729699681.692464
4,r/Axial,4223,Hobbies,t5_3fjop,1729699681.713098
5,r/jordancambridge,4223,Internet Culture and Memes,t5_w2660,1729699681.741214
6,r/magnificentcubensis,4223,Mature Themes and Adult Content,t5_6f3fnc,1729699681.7595031
7,r/Spirittea,4223,Gaming,t5_6e2l18,1729699681.777807
8,r/Streetfight,4223,Internet Culture and Memes,t5_2ujdl,1729699681.7957509
9,r/Eddiemunson,4222,Celebrity,t5_6h5gpy,1729699681.814294
10,r/Longcovidgutdysbiosis,4222,Medical and Mental Health,t5_7r6kjj,1729699681.885899
11,r/tamanpermainan,4222,Internet Culture and Memes,t5_8majyg,1729699681.904344
12,r/TerrariaSeeds,4222,Gaming,t5_3hox6,1729699681.929108
13,r/DepopUK,4221,Marketplace and Deals,t5_2hchnb,1729699681.94749
14,r/iilluminastii,4221,Podcasts and Streamers,t5_8kqttx,1729699681.9658308
15,r/IrohaBestGirl,4221,Anime,t5_38svl,1729699681.984053
16,r/lymedisease,4221,Medical and Mental Health,t5_2tlui,1729699682.002486
17,r/AskProgrammers,4220,Programming,t5_2t2vz,1729699682.020936
18,r/ChadGoesDeep,4220,Podcasts and Streamers,t5_mst1d,1729699682.039509
19,r/FacilityManagement,4220,Careers,t5_30xx8,1729699682.0578759
20,r/HypixelBedWars,4220,Gaming,t5_3m8to,1729699682.076302
21,r/MarinaRuyBarbosa,4220,Celebrity,t5_qlliv,1729699682.094516
22,r/ShulisAnonymous,4220,Podcasts and Streamers,t5_6i71uu,1729699682.112917
23,r/enneagram6,4219,Family and Relationships,t5_22hugq,1729699682.131259
24,r/MnGuns,4218,Mature Themes and Adult Content,t5_2wxh7,1729699682.149527
25,r/note10plus,4218,Technology,t5_25kysu,1729699682.168067
26,r/ReincarnationColiseum,4218,Anime,t5_6nubbv,1729699682.186559
27,r/roomandboard,4218,Marketplace and Deals,t5_2dfj54,1729699682.205794
28,r/CoronavirusLasVegas,4217,Place,t5_2gyxa7,1729699682.224666
29,r/GoodEats,4217,Television,t5_2rh03,1729699682.24317
30,r/Meowri,4217,Mature Themes and Adult Content,t5_3c34hl,1729699682.262421
31,r/StakeStockTraders,4217,"Business, Economics, and Finance",t5_2nt8mj,1729699682.281035
32,r/UniversalChildcare,4217,Family and Relationships,t5_7r8gix,1729699682.299911
33,r/Catspotting,4216,Go do a good thing today. Pick up some trash. Clean your room. Hug a loved one. Watch Dominion. Draw a pretty picture for a friend. Buy an indie game. Support a queer artist for pride month We are closed in solidarity with the protests against Reddit's recent policy change that threatens to kill many 3rd-party mobile apps. It will make many quality-of-life features not in the official app permanently inaccessible. We will stay closed INDEFINITELY reddit.com/r/Save3rdPartyApps/comments/13yh0jf,t5_362pw,1729699682.318389
34,r/GingerbreadHouses,4216,Food and Drink,t5_3b29i,1729699682.336736
35,r/Lovenexyspecial,4216,Mature Themes and Adult Content,t5_4twb9g,1729699682.354594
36,r/stealthgames,4216,Gaming,t5_2u9i8,1729699682.371843
37,r/BMWiX,4215,Cars and Motor Vehicles,t5_3e8mpp,1729699682.3892522
38,r/HeavenlyHost,4215,Gaming,t5_2zuc4,1729699682.406435
39,r/IndianBullishStocks,4215,"Business, Economics, and Finance",t5_9zf88e,1729699682.4238038
40,r/OfficialIndia,4215,"Culture, Race, and Ethnicity",t5_4y5vbr,1729699682.441901
41,r/pinescript,4215,Programming,t5_v4s2d,1729699682.4603179
42,r/AIArtwork,4214,Technology,t5_5b6naw,1729699682.478562
43,r/ego_irv,4214,photographiae animarum ipso factae,t5_qedof,1729699682.496617
44,r/Series66Exam,4214,Learning and Education,t5_lbihn,1729699682.5138812
45,r/TestMyApp,4214,Technology,t5_37hmj,1729699682.5312052
46,r/AlbanyGA,4213,Place,t5_2tdek,1729699682.54837
47,r/Schmigadoon,4213,Television,t5_2e8nhs,1729699682.566319
48,r/toptickets,4213,Marketplace and Deals,t5_39t7k,1729699682.5846379
49,r/AmericasSocialists,4212,World News,t5_29l276,1729699682.60313
50,r/MakEnts,4212,Here is a place for Ents who love makeup. Do you like blazing before you start your routine? Have you discovered that your blending skills are unmatched when you're blazed? Do you like pot? Do you like makeup? Then this is the place for you!,t5_30ksj,1729699682.620779
51,r/mnetiland,4212,Television,t5_2q0i5t,1729699682.6391602
52,r/diglettinholes,4211,Funny/Humor,t5_l821r,1729699682.65759
53,r/lookingforfriendship,4211,Family and Relationships,t5_5e2s3e,1729699682.675902
54,r/MadisonPettisNew,4211,Mature Themes and Adult Content,t5_8iqda3,1729699682.694627
55,r/anti_restaurant_work,4210,Careers,t5_72el20,1729699682.714064
56,r/darksparks,4210,Art,t5_2fuchy,1729699682.733469
57,r/illuminatedmanuscript,4210,Art,t5_2urvo,1729699682.7517178
58,r/AshleyLeechinSnark,4209,Celebrity,t5_7hjeq3,1729699682.770079
59,r/busan,4209,Place,t5_2r5be,1729699682.788291
60,r/cheltenham,4209,Place,t5_2ri6b,1729699682.8065221
61,r/MechKeyboards,4209,Gaming,t5_5vn5pw,1729699682.824654
62,r/mxbikes,4209,Gaming,t5_28ua1i,1729699682.842904
63,r/BoneID,4208,Outdoors and Nature,t5_2cqzxn,1729699682.8614862
64,r/GoBuffs,4208,Sports,t5_38274,1729699682.879942
65,r/sanjuanislands,4208,Place,t5_347is,1729699682.897919
66,r/APPsychology,4207,Learning and Education,t5_325ft,1729699682.916102
67,r/FullEpisodesofGumball,4207,Television,t5_7r6pks,1729699682.934417
68,r/GenXTalk,4207,Family and Relationships,t5_7t7yxc,1729699682.952862
69,r/GothLifestyle,4207,"A lifestyle sub for fans of Goth Rock. Here you can discuss fashion, movies, home decor, and all the things that make our music fandom a lifestyle.",t5_2gb0iw,1729699682.971321
70,r/MythofEmpires,4207,Gaming,t5_3l99ki,1729699682.989852
71,r/rode,4207,Technology,t5_yea58,1729699683.008408
72,r/northshore,4206,Place,t5_2r24o,1729699683.026761
73,r/PixelPlace,4206,Meta/Reddit,t5_3jyxk,1729699683.044953
74,r/rideshare,4206,Travel,t5_2qx0i,1729699683.063473
75,r/TankieTheDeprogram,4206,Podcasts and Streamers,t5_aejr0i,1729699683.0819058
76,r/tenthworldproblems,4206,Internet Culture and Memes,t5_2sn97,1729699683.100477
77,r/Alinamour_18,4205,Mature Themes and Adult Content,t5_5kfmii,1729699683.119047
78,r/denverwomen,4205,Gender,t5_2x73m,1729699683.137749
79,r/IBDmemes,4205,Medical and Mental Health,t5_262l27,1729699683.162844
80,r/PhentermineTopiramate,4205,Medical and Mental Health,t5_8wo7xr,1729699683.1832478
81,r/StarWarsTVC,4205,Hobbies,t5_2fojae,1729699683.202789
82,r/stockphotowar,4205,Stock photo battles,t5_2yvt1,1729699683.222111
83,r/UntilThenGame,4205,Gaming,t5_b4li0c,1729699683.24143
84,r/Bitgert,4204,Crypto,t5_5hmxke,1729699683.260874
85,r/LucasMains,4204,Gaming,t5_39bc7,1729699683.279263
86,r/StarboundPlanets,4204,Gaming,t5_2vaum,1729699683.298545
87,r/tezostrader,4204,Crypto,t5_3k9sl,1729699683.316989
88,r/VlogSquad,4204,Podcasts and Streamers,t5_3ot06,1729699683.335447
89,r/appers,4203,Music,t5_2x6hq,1729699683.353854
90,r/Earth,4203,Outdoors and Nature,t5_4uj2h1,1729699683.3723369
91,r/hyperheroes,4203,Gaming,t5_3hrow,1729699683.3906019
92,r/SEMrush,4203,Technology,t5_3c4ge,1729699683.408753
93,r/AnarchistGenerationZ,4202,Politics,t5_35nxxw,1729699683.4278889
94,r/JohnnyGosch,4202,Law,t5_11m6ff,1729699683.447237
95,r/RoFiscalitate2,4202,"Business, Economics, and Finance",t5_ap8imo,1729699683.4676359
96,r/brookeandconnor_map,4201,Podcasts and Streamers,t5_6lhiqx,1729699683.485965
97,r/diamondartclub,4201,Art,t5_5m0gv2,1729699683.504262
98,r/Mangafire,4201,Anime,t5_7wype5,1729699683.522397
99,r/DKNG,4200,"Business, Economics, and Finance",t5_2pqbw2,1729699683.540779
100,r/Fictorum,4200,Gaming,t5_3bcl6,1729699683.559571
101,r/keepaneyeonthatguy,4200,"The hub where all the creepy dudes (and potentially women) of the internet are posted for extreme cringe, disgust, and anger",t5_4uo0v7,1729699683.578055
102,r/kimber,4200,Mature Themes and Adult Content,t5_2x6vo,1729699683.5966341
103,r/PassTimeMath,4200,Learning and Education,t5_oohk7,1729699683.614688
104,r/youtube_haiku,4200,Podcasts and Streamers,t5_3h3oc,1729699683.63297
105,r/Accents,4199,Learning and Education,t5_2u4wn,1729699683.6522272
106,r/apache,4199,Technology,t5_2qnho,1729699683.6707551
107,r/beachmoe,4199,Anime,t5_bithz2,1729699683.68895
108,r/djiosmo,4199,Technology,t5_3afg6,1729699683.7072508
109,r/GodzillaDoingThings,4199,Art,t5_31w38,1729699683.725579
110,r/Reitsport,4199,Internet Culture and Memes,t5_2sabd3,1729699683.743812
111,r/RESissues,4199,Meta/Reddit,t5_2st3d,1729699683.762016
112,r/samaratramontana,4199,Mature Themes and Adult Content,t5_8hfu8h,1729699683.7804108
113,r/SolAguilera_xo,4199,Welcome to the best Sol Aguilera sub on Reddit. Please help grow the sub and spread the word by crossposting,t5_7rnc6n,1729699683.798611
114,r/TorontoMarlies,4199,Sports,t5_37bac,1729699683.816854
115,r/WGI,4199,Sports,t5_2snns,1729699683.835648
116,r/WholesomeGames,4199,"WholesomeGames is a community for gamers, developers, and content creators to come together and focus on discussing and promoting all types of wholesome, cozy, relaxing games.",t5_3j59c,1729699683.855005
117,r/r4rToronto_Clean,4198,Family and Relationships,t5_2go05m,1729699683.873715
118,r/e60,4197,Cars and Motor Vehicles,t5_3cip9,1729699683.892946
119,r/truckee,4197,Place,t5_2uoyu,1729699683.912082
120,r/aldreann,4196,Celebrity,t5_3ln26x,1729699683.930988
121,r/fanfanTwitch,4196,Mature Themes and Adult Content,t5_adw0p8,1729699683.9498482
122,r/SEO_Marketing_Offers,4196,"Are you an SEO Expert or looking to hire SEO Expert Freelancer? This is the place. Hire professional, vetted SEO Experts",t5_78pz6z,1729699683.968931
123,r/VRplugins,4196,Technology,t5_3dbyh,1729699683.987971
124,r/DeceiveInc,4195,Gaming,t5_24b9jz,1729699684.007086
125,r/DylanDreyer,4195,Celebrity,t5_3bu59,1729699684.025503
126,r/Lifepluscindy_snark,4195,Celebrity,t5_862nlo,1729699684.043605
127,r/MavicPro,4195,Hobbies,t5_3hhr0,1729699684.062256
128,r/modelplanes,4195,Hobbies,t5_2tgn5,1729699684.0799518
129,r/Skate4,4195,Gaming,t5_2wd7g,1729699684.09729
130,r/e30classifieds,4194,Cars and Motor Vehicles,t5_387vo,1729699684.1159081
131,r/INFJbooks,4194,Welcome to INFJbooks,t5_3568c,1729699684.133672
132,r/reolink,4194,Technology,t5_3gadr,1729699684.1509602
133,r/TheDreamAcademy,4194,Music,t5_94zakk,1729699684.16927
134,r/bloodandicecream,4193,Movies,t5_2xba7,1729699684.187692
135,r/creativesmallbusiness,4193,Crafts and DIY,t5_5m1gmi,1729699684.205863
136,r/Dravidiology,4193,Learning and Education,t5_7d6phr,1729699684.2240572
137,r/MidnightRacingTokyo,4193,Gaming,t5_2ltm4h,1729699684.242176
138,r/RevolutionMustHappen,4193,Activism,t5_93lki0,1729699684.2605
139,r/HalfAsInteresting,4192,Podcasts and Streamers,t5_3o1v8,1729699684.278621
140,r/JinhsiMains,4192,Gaming,t5_ausxyj,1729699684.296831
141,r/WeltMains,4192,Gaming,t5_5806li,1729699684.315137
142,r/CastIronSeasoning,4191,Food and Drink,t5_7ovth7,1729699684.333687
143,r/portangeles,4191,Place,t5_2smhr,1729699684.352298
144,r/SpiritualCrystals,4191,Religion and Spirituality,t5_8lu2qh,1729699684.370671
145,r/Worldpackers,4191,Travel,t5_3oz1et,1729699684.387956
146,r/clashofstreamers,4190,Gaming,t5_3p6lj,1729699684.405013
147,r/The_George,4190,"The_George is a never-ending rally dedicated to the 1st President of the United States, George Washington.",t5_3givv,1729699684.422385
148,r/ARTestAnswers,4189,Technology,t5_xbbuu,1729699684.4404979
149,r/aspiepositivity,4189,Medical and Mental Health,t5_2qf3na,1729699684.458745
150,r/Caamp,4189,Music,t5_p46r0,1729699684.4767911
151,r/cannabiscentral,4189,Hobbies,t5_516tzh,1729699684.495004
152,r/clivebarker,4189,"Reading, Writing, and Literature",t5_2ui81,1729699684.513165
153,r/jacksonmi,4189,Place,t5_2soqz,1729699684.531509
154,r/nonograms,4189,Gaming,t5_3d6f9,1729699684.5498722
155,r/unimog,4189,Cars and Motor Vehicles,t5_2uni3,1729699684.5690298
156,r/AskTheOuija,4188,Let the Good Spirits answer all your questions on a modern ouija board. Our board supports 'some' emoji and the Goodbyes can sometimes be multi-lingual see: https://www.reddit.com/r/AskTheOuija/wiki/goodbye.,t5_inopi,1729699684.587627
157,r/Catsplayingmtg,4188,Just some cats playing Magic.,t5_2wqbe,1729699684.6059608
158,r/HistoricalMemes,4188,History,t5_2v77y,1729699684.62434
159,r/KristinCavallari,4188,Subreddit dedicated to Kristin Cavallari,t5_2uhrx,1729699684.642684
160,r/StaffordVAgonewild,4188,Mature Themes and Adult Content,t5_5ofzbb,1729699684.6616051
161,r/ahbapkurultayi,4187,Internet Culture and Memes,t5_72f5na,1729699684.6800508
162,r/barrysbootcamp,4187,Fitness and Nutrition,t5_r9z8z,1729699684.698733
163,r/DanielleAlon,4187,Mature Themes and Adult Content,t5_a397dc,1729699684.717349
164,r/petinsurancereviews,4187,Animals and Pets,t5_3b1yd,1729699684.73615
165,r/vintagenailpolish,4187,Beauty and Makeup,t5_7tnlx4,1729699684.7545931
166,r/VizioTV,4187,Technology,t5_38zuu,1729699684.7734861
167,r/WhisperingYouLoveSong,4187,Anime,t5_3frtvl,1729699684.791908
168,r/Bauhaus,4186,This subreddit is for discussion on both the art school operational from 1919 to 1933 that combined crafts and the fine arts and the English gothic rock band Bauhaus. Feel free to discuss both of these subjects here. The best double subject subreddit since 2012!,t5_2tk7w,1729699684.8105779
169,r/ImaginaryDestruction,4186,Art,t5_1y589c,1729699684.8292139
170,r/MonsteraAlbo,4186,Home and Garden,t5_2xnw8v,1729699684.848167
171,r/Necronomipod,4186,Podcasts and Streamers,t5_26nmj4,1729699684.867003
172,r/Pepecryptocurrency,4186,Crypto,t5_8btpsf,1729699684.885687
173,r/PokemonGoArizona,4186,Gaming,t5_3fcij,1729699684.904413
174,r/thatscrazybro,4186,Internet Culture and Memes,t5_bxtgp5,1729699684.923133
175,r/Verilog,4186,Programming,t5_2sy9x,1729699684.942154
176,r/HockeyLegacyManager,4185,Sports,t5_1zoj6u,1729699684.96109
177,r/PaigePorcelain_05,4185,Mature Themes and Adult Content,t5_5t0dyo,1729699684.979542
178,r/infiniteflight,4184,Gaming,t5_2z20p,1729699684.9983191
179,r/romaniacrazy,4184,Funny/Humor,t5_ciu1s4,1729699685.017494
180,r/creditunions,4183,"Business, Economics, and Finance",t5_2t2pp,1729699685.038341
181,r/plantbreeding,4183,Science,t5_31flb,1729699685.057229
182,r/skylanderselling,4183,Marketplace and Deals,t5_5t8mbg,1729699685.075679
183,r/EmmaBlackery,4182,Podcasts and Streamers,t5_2x7xf,1729699685.094561
184,r/MedievalMerge,4182,Gaming,t5_5swkjb,1729699685.11315
185,r/Towson,4182,Learning and Education,t5_2rocn,1729699685.13166
186,r/CocoJones,4181,Music,t5_51pqhp,1729699685.150017
187,r/HadiseAcikgoz,4181,Celebrity,t5_225bcz,1729699685.168297
188,r/indieplushies,4181,Crafts and DIY,t5_3ora1h,1729699685.187286
189,r/srna,4181,Learning and Education,t5_w3lle,1729699685.2062669
190,r/flessedimages,4180,Internet Culture and Memes,t5_10jm4q,1729699685.224917
191,r/griftlands,4180,Gaming,t5_3lurk,1729699685.2431371
192,r/Jungkook,4180,Celebrity,t5_3co6q,1729699685.261652
193,r/Arnhem,4179,Place,t5_2s4sc,1729699685.2800288
194,r/IzabelGoulart,4179,Mature Themes and Adult Content,t5_2vt4g,1729699685.2985542
195,r/onlineceramics,4179,Fashion,t5_3exdub,1729699685.3176389
196,r/MotoGPGaming,4178,Gaming,t5_m8trj,1729699685.3358872
197,r/adhdindia,4177,Medical and Mental Health,t5_1i84zl,1729699685.354336
198,r/JPL,4177,Careers,t5_2zixv,1729699685.372837
199,r/MommyMewtwo,4177,Podcasts and Streamers,t5_96o1iz,1729699685.391273
200,r/Prometheus,4177,Movies,t5_2t984,1729699685.409796
201,r/RepHeads,4177,Fashion,t5_8qo7zd,1729699685.428511
202,r/alexisbledel,4176,Rory Gilmore and more.,t5_2t3cu,1729699685.4470358
203,r/BowersWilkins,4176,Technology,t5_2s5tb,1729699685.465697
204,r/OverDrive1050,4176,Podcasts and Streamers,t5_3d7j6,1729699685.484309
205,r/whennews,4176,Internet Culture and Memes,t5_c5ne2q,1729699685.504101
206,r/apollosideloaded,4175,Technology,t5_ao8cuy,1729699685.5232341
207,r/GrimQuest,4175,Gaming,t5_2tohqi,1729699685.5420318
208,r/DatingStory,4174,Family and Relationships,t5_pylw7,1729699685.5604858
209,r/GarrettWatts,4174,Podcasts and Streamers,t5_3j9er,1729699685.57882
210,r/Keloids,4174,Medical and Mental Health,t5_30por,1729699685.596968
211,r/TattooVideos,4174,Art,t5_3kx8nz,1729699685.615232
212,r/AmazonCoolestGadget,4173,Internet Culture and Memes,t5_bapm1i,1729699685.633497
213,r/ArizonaGardening,4173,Home and Garden,t5_39q7b,1729699685.652085
214,r/Blexit,4173,Politics,t5_qhh4w,1729699685.6708539
215,r/LosAlamos,4173,Place,t5_2uu77,1729699685.689551
216,r/solarenergycanada,4173,Technology,t5_3eupx8,1729699685.70845
217,r/4Runner_1stGen,4172,Cars and Motor Vehicles,t5_38hk9,1729699685.727224
218,r/CelebLBDs,4172,Celebrity,t5_amc178,1729699685.745846
219,r/NanoDogeCoin,4172,Crypto,t5_4ponnj,1729699685.7643461
220,r/Quilt,4172,Art,t5_32qyh,1729699685.7833889
221,r/TacoToken,4172,Crypto,t5_51p06k,1729699685.80477
222,r/IrishFishing,4171,Hobbies,t5_3edy8,1729699685.8282838
223,r/IronThroneRP,4171,Hobbies,t5_345ny,1729699685.846678
224,r/applewatchbands,4170,Fashion,t5_37urv,1729699685.8649259
225,r/getwell,4170,"Send a card to a random child or adult, be it they're sick, needy or you just plain think they deserve it. Read the rules in the sidebar for info on how to make a request!",t5_2uj58,1729699685.883271
226,r/honkaisapphicrail,4170,Gaming,t5_8benif,1729699685.902109
227,r/LockwoodandCo,4170,"Reading, Writing, and Literature",t5_56q6yj,1729699685.92238
228,r/CowboyBebopDeepCuts,4169,Anime,t5_382cn,1729699685.942015
229,r/Xcaret,4169,Travel,t5_2h0cuw,1729699685.961566
230,r/Alee_babeyyy,4168,"👍Keep it only Alejandra Olivera. Keep it respectfull Alee_babe_ , Alee_babes, Alee_babey fans",t5_8htrkq,1729699685.982396
231,r/leftisthistorymemes,4167,Funny/Humor,t5_2nwz2i,1729699686.0007071
232,r/skincancer,4167,Medical and Mental Health,t5_3ma60,1729699686.019233
233,r/CoolAcoustics,4166,Post videos with really cool acoustic locations that are not common place.,t5_2zpya,1729699686.0377731
234,r/National_Mutthal,4166,Mature Themes and Adult Content,t5_bttl7w,1729699686.055933
235,r/TracFone,4166,Technology,t5_2vanb,1729699686.073903
236,r/TWGOK,4166,Anime,t5_2suex,1729699686.092018
237,r/NeonSigns,4165,Art,t5_2z1z2,1729699686.110361
238,r/PokemonGoIndia,4165,Gaming,t5_3fdcx,1729699686.128705
239,r/scioly,4165,Learning and Education,t5_2ukeb,1729699686.147004
240,r/TiffaniThiessen,4165,Celebrity,t5_2wqsl,1729699686.165527
241,r/GirlsAreBadies,4164,Mature Themes and Adult Content,t5_94pk3r,1729699686.183996
242,r/Maitland_Ward_XXX,4164,Mature Themes and Adult Content,t5_bkv3ke,1729699686.203059
243,r/NousSommesNesLibre,4164,Trauma Support,t5_4r9cwz,1729699686.2216141
244,r/RolexWatches,4164,Fashion,t5_2uxkg,1729699686.240244
245,r/Runaways,4164,Television,t5_2xgmj,1729699686.259238
246,r/smallerhouses,4164,"We are big advocates for /r/tinyhouses and share a lot of ideas and ideals with that community, but in a slightly larger sized house. Photos, ideas, dreams and controversies are all welcome.",t5_2vusn,1729699686.278062
247,r/stillwoozy,4164,Music,t5_nvroh,1729699686.297001
248,r/Svalbard,4164,Place,t5_2x405,1729699686.315691
