,subreddit,subscribers,topic,subreddit_id,time
0,r/badMovies,159448,Movies,t5_2rgwi,1729696577.78074
1,r/rva,159318,Place,t5_2qpvj,1729696577.8030562
2,r/CringePurgatory,159226,Internet Culture and Memes,t5_45hf8f,1729696577.823401
3,r/EnoughMuskSpam,159197,Politics,t5_3blr7,1729696577.843576
4,r/laptops,159185,Technology,t5_2qoip,1729696577.86307
5,r/TouchThaFishy,159145,Animals and Pets,t5_ejk02,1729696577.8894951
6,r/gofundme,159068,"Business, Economics, and Finance",t5_2vdzc,1729696577.908403
7,r/CapitolConsequences,158915,Politics,t5_3p77e0,1729696577.927092
8,r/Frugal_Jerk,158682,Internet Culture and Memes,t5_2vdcr,1729696577.945763
9,r/lucknow,158652,Place,t5_2uyfp,1729696577.964535
10,r/juststart,158603,"Business, Economics, and Finance",t5_3bvyi,1729696578.0264928
11,r/TheTryGuys,158595,Podcasts and Streamers,t5_m1ld2,1729696578.04888
12,r/CFA,158440,Learning and Education,t5_2rzsx,1729696578.075381
13,r/synology,158405,Technology,t5_2s4co,1729696578.0948942
14,r/DeadlockTheGame,158289,Gaming,t5_bjbudo,1729696578.113824
15,r/bristol,158205,Place,t5_2r52c,1729696578.1327739
16,r/CatsInSinks,158183,Animals and Pets,t5_2ulhx,1729696578.151773
17,r/amateurradio,158053,Hobbies,t5_2qi86,1729696578.170839
18,r/kollywood,158035,Movies,t5_2qhqm,1729696578.18968
19,r/cricut,157970,Crafts and DIY,t5_2tkav,1729696578.2088
20,r/startup,157918,Careers,t5_2qhyd,1729696578.2277691
21,r/camphalfblood,157837,"Reading, Writing, and Literature",t5_2sxzy,1729696578.2469661
22,r/thessaloniki,157825,Place,t5_2r6q9,1729696578.26595
23,r/Doppleganger,157820,Internet Culture and Memes,t5_2s1th,1729696578.2850401
24,r/RASPBERRY_PI_PROJECTS,157735,Technology,t5_333hx,1729696578.30413
25,r/coronanetherlands,157727,Medical and Mental Health,t5_2hkqkr,1729696578.322825
26,r/MechanicalEngineering,157727,Careers,t5_2s8xv,1729696578.341857
27,r/Shibainucoin,157705,Crypto,t5_3uqe5a,1729696578.360745
28,r/NewOrleans,157702,Place,t5_2qhp5,1729696578.37977
29,r/NFCWestMemeWar,157621,Sports,t5_29qwyp,1729696578.3985229
30,r/UAP,157590,Internet Culture and Memes,t5_2spcv,1729696578.4172852
31,r/CFL,157499,Sports,t5_2qiwn,1729696578.436193
32,r/AskSocialScience,157328,Science,t5_2sml9,1729696578.455054
33,r/neuroscience,157249,Science,t5_2r3cs,1729696578.473695
34,r/PhilosophyofScience,157226,Ethics and Philosophy,t5_2r7mh,1729696578.4925592
35,r/tiltshift,157212,Art,t5_2sh57,1729696578.511754
36,r/compoface,157177,Internet Culture and Memes,t5_3pvfd,1729696578.530865
37,r/PHikingAndBackpacking,157140,Outdoors and Nature,t5_3a1j8,1729696578.552115
38,r/MyChemicalRomance,157030,Music,t5_2s0v1,1729696578.572885
39,r/SharedBPM,156879,Music,t5_pjloz,1729696578.591878
40,r/21stCenturyHumour,156804,Internet Culture and Memes,t5_2r73m9,1729696578.611221
41,r/SubsIFellFor,156777,Meta/Reddit,t5_j4b3a,1729696578.6299782
42,r/AnimalTracking,156414,Animals and Pets,t5_3c8er,1729696578.6486888
43,r/AppalachianTrail,156356,Outdoors and Nature,t5_2stbz,1729696578.6677299
44,r/CriticalTheory,156345,Ethics and Philosophy,t5_2tmcb,1729696578.687403
45,r/amateur_boxing,156311,Sports,t5_2ss7o,1729696578.7061949
46,r/AusPropertyChat,156192,"Business, Economics, and Finance",t5_lm80k,1729696578.724826
47,r/reading,156167,Place,t5_2revv,1729696578.7434812
48,r/Xennials,156046,History,t5_3maq3,1729696578.762248
49,r/RetroPie,155971,Technology,t5_31mi1,1729696578.781416
50,r/Ibai,155968,Podcasts and Streamers,t5_2kyy11,1729696578.8003252
51,r/cryptids,155948,Internet Culture and Memes,t5_2syct,1729696578.819272
52,r/Beatmatch,155887,Music,t5_2syix,1729696578.838018
53,r/goblincore,155883,Hobbies,t5_rd0hj,1729696578.856931
54,r/castlevania,155866,Gaming,t5_2ss33,1729696578.875833
55,r/cincinnati,155816,Place,t5_2qt1k,1729696578.894631
56,r/Aquascape,155801,Hobbies,t5_2vegt,1729696578.913335
57,r/Filosofia,155795,Ethics and Philosophy,t5_30zsi,1729696578.93235
58,r/xbox360,155786,Gaming,t5_2qhk2,1729696578.951214
59,r/DynastyFF,155774,Sports,t5_2umu4,1729696578.9700081
60,r/vintage,155742,"Culture, Race, and Ethnicity",t5_2qsbw,1729696578.989078
61,r/whatsthissnake,155720,Animals and Pets,t5_2xtic,1729696579.0115452
62,r/GamerPals,155666,Gaming,t5_2wfh2,1729696579.033869
63,r/trap,155596,Music,t5_2qx81,1729696579.055203
64,r/DuelLinks,155503,Gaming,t5_3g70s,1729696579.075521
65,r/SoundsLikeMusic,155357,Internet Culture and Memes,t5_390br,1729696579.096179
66,r/DesignJobs,155340,Careers,t5_2sufr,1729696579.116992
67,r/TeslaModelY,155252,Cars and Motor Vehicles,t5_3egmz,1729696579.136984
68,r/digimon,155237,Anime,t5_2rxw7,1729696579.157059
69,r/BooksThatFeelLikeThis,155189,"Reading, Writing, and Literature",t5_mup9b,1729696579.1767502
70,r/ATLA,155170,Anime,t5_2u5py,1729696579.195701
71,r/MicrosoftFlightSim,155082,Gaming,t5_12wqpf,1729696579.217372
72,r/PokemonLegendsArceus,155029,Gaming,t5_40vn2t,1729696579.236751
73,r/SchittsCreek,154973,Television,t5_35vhk,1729696579.2604501
74,r/bloxfruits,154706,Gaming,t5_2epu8u,1729696579.280978
75,r/saudiarabia,154676,Place,t5_2roj4,1729696579.299548
76,r/freelanceWriters,154640,"Reading, Writing, and Literature",t5_2s9hc,1729696579.317971
77,r/DemocraticSocialism,154624,Politics,t5_2vh0v,1729696579.336404
78,r/Unity2D,154456,Programming,t5_2yfb2,1729696579.354781
79,r/indianbikes,154303,Cars and Motor Vehicles,t5_2wajs,1729696579.373315
80,r/Madrid,154271,Place,t5_2si9y,1729696579.391863
81,r/JennaOrtegaLust,154212,Mature Themes and Adult Content,t5_54ndtr,1729696579.410605
82,r/AmIhotAF,154160,Beauty and Makeup,t5_3son0v,1729696579.4307961
83,r/migraine,154124,Medical and Mental Health,t5_2qr75,1729696579.451166
84,r/DnDIY,154087,Tabletop Games,t5_39om9,1729696579.470172
85,r/Kenshi,153977,Gaming,t5_2td4i,1729696579.488915
86,r/LogitechG,153725,Technology,t5_32hzg,1729696579.509593
87,r/randonauts,153636,Travel,t5_ybyvh,1729696579.5293188
88,r/belowdeck,153603,Television,t5_3gyzu,1729696579.552159
89,r/Haircare,153532,Beauty and Makeup,t5_2rxqn,1729696579.573217
90,r/onetruegod,153500,Celebrity,t5_2t0lj,1729696579.594667
91,r/WorldofTanks,153472,Gaming,t5_2s113,1729696579.6160262
92,r/mentalillness,153431,Medical and Mental Health,t5_2qwyh,1729696579.636863
93,r/basketballjerseys,153420,Hobbies,t5_32zkb,1729696579.656951
94,r/Jaguars,153375,Sports,t5_2s4u2,1729696579.676397
95,r/PressureCooking,153343,Food and Drink,t5_2skqy,1729696579.6959648
96,r/Wetshaving,153294,Beauty and Makeup,t5_2rb88,1729696579.715523
97,r/jerma985,153287,Podcasts and Streamers,t5_2yt2x,1729696579.7345989
98,r/bigbangtheory,153233,Television,t5_2s85x,1729696579.7530901
99,r/freepatterns,153222,Crafts and DIY,t5_34czo,1729696579.771965
100,r/work,153193,Careers,t5_2qhne,1729696579.791279
101,r/Cosmere,152911,"Reading, Writing, and Literature",t5_2t7vi,1729696579.811293
102,r/araragi,152831,Anime,t5_2tdi5,1729696579.832136
103,r/TropicalWeather,152779,Science,t5_2sue1,1729696579.8515441
104,r/HappyTrees,152745,Art,t5_2sbc6,1729696579.8728619
105,r/conan,152635,Celebrity,t5_2qzg7,1729696579.893566
106,r/firefly,152555,Television,t5_2qs24,1729696579.914005
107,r/ClassroomOfTheElite,152522,Anime,t5_3nt9z,1729696579.934927
108,r/ExNoContact,152519,Family and Relationships,t5_319jr,1729696579.9553778
109,r/CatsWhoSqueak,152404,Animals and Pets,t5_vq1b5,1729696579.975829
110,r/masterduel,152399,Gaming,t5_3l4bg9,1729696579.9963012
111,r/GoldCoast,152367,Place,t5_2shzr,1729696580.016981
112,r/babyanimals,152332,Animals and Pets,t5_2s9yc,1729696580.0383449
113,r/okbuddycinephile,152325,Funny/Humor,t5_2gpmw9,1729696580.0593019
114,r/austinfood,152278,Food and Drink,t5_2ve11,1729696580.079189
115,r/desitravellers,152250,Travel,t5_9gv1dc,1729696580.099052
116,r/TheWire,152054,Television,t5_2reco,1729696580.119203
117,r/troutfishing,152044,Hobbies,t5_2uiat,1729696580.138984
118,r/chat,152021,Family and Relationships,t5_2qphw,1729696580.158983
119,r/BackpackingDogs,151931,Animals and Pets,t5_3430h,1729696580.178772
120,r/lookatmydog,151865,Animals and Pets,t5_2s6t5,1729696580.1987069
121,r/berkeley,151848,Place,t5_2qh9w,1729696580.218431
122,r/Kayaking,151788,Sports,t5_2rbz0,1729696580.23823
123,r/museum,151696,Art,t5_2rti0,1729696580.258383
124,r/Blogging,151686,"Reading, Writing, and Literature",t5_2qhjr,1729696580.277662
125,r/overwatch2,151652,Gaming,t5_34fcr,1729696580.296756
126,r/Harley,151606,Cars and Motor Vehicles,t5_2rbr0,1729696580.316237
127,r/spop,151555,Music,t5_2ueyu,1729696580.3353448
128,r/tollywood,151489,Movies,t5_2qhql,1729696580.35378
129,r/AmazonBudgetFinds,151386,Food and Drink,t5_afkd7z,1729696580.372304
130,r/GreekMythology,151364,History,t5_2tm3w,1729696580.392409
131,r/RVLiving,151351,Travel,t5_32nyt,1729696580.411325
132,r/civilengineering,151322,Careers,t5_2qo8j,1729696580.429665
133,r/AnthemTheGame,151315,Gaming,t5_3lspr,1729696580.451471
134,r/Catsmirin,151306,Animals and Pets,t5_3en5n,1729696580.472367
135,r/AudioPost,151269,Music,t5_2seyx,1729696580.492245
136,r/MakeupRehab,151269,Beauty and Makeup,t5_32g1x,1729696580.514672
137,r/Pathfinder_RPG,151252,Tabletop Games,t5_2trms,1729696580.5382972
138,r/poppunkers,151252,Music,t5_2sayb,1729696580.557992
139,r/VPN,151246,Technology,t5_2qxhk,1729696580.577686
140,r/ChatGPTCoding,151138,Programming,t5_7ipnaj,1729696580.597048
141,r/BrasiIeirasGostosas,151132,Mature Themes and Adult Content,t5_6o4xmx,1729696580.616286
142,r/carbage,151131,Cars and Motor Vehicles,t5_3cssl,1729696580.636396
143,r/Jujutsushi,151102,Anime,t5_445fo9,1729696580.6559072
144,r/grammar,151017,Learning and Education,t5_2qhwy,1729696580.675488
145,r/amazonreviews,150930,Funny/Humor,t5_2ud6j,1729696580.6949198
146,r/handtools,150846,Crafts and DIY,t5_352si,1729696580.7145119
147,r/Cubers,150844,Hobbies,t5_2r6a3,1729696580.734286
148,r/woweconomy,150795,Gaming,t5_2v9u2,1729696580.752906
149,r/Trucks,150748,Cars and Motor Vehicles,t5_2qsrb,1729696580.776767
150,r/crappymusic,150692,Music,t5_2sdja,1729696580.798454
151,r/ReverseEngineering,150677,Technology,t5_2qmd0,1729696580.819974
152,r/HotPeppers,150651,Food and Drink,t5_2tlk9,1729696580.841356
153,r/mathematics,150555,Science,t5_2qjc8,1729696580.862593
154,r/beatsaber,150469,Gaming,t5_e075w,1729696580.883373
155,r/biotech,150445,Science,t5_2qyja,1729696580.9042912
156,r/InstagramMarketing,150407,Marketplace and Deals,t5_3izku,1729696580.925371
157,r/AcademicPsychology,150352,Science,t5_2sluh,1729696580.945952
158,r/Anthropology,150332,Science,t5_2qkdk,1729696580.965083
159,r/bikepacking,150311,Outdoors and Nature,t5_2shbh,1729696580.9841468
160,r/amazonprime,149949,Marketplace and Deals,t5_2u7hc,1729696581.002848
161,r/4x4,149917,Cars and Motor Vehicles,t5_2qu1p,1729696581.021767
162,r/iPadPro,149707,Technology,t5_316hw,1729696581.040499
163,r/SmallYTChannel,149621,Internet Culture and Memes,t5_2wvij,1729696581.060999
164,r/sypherpk,149584,Gaming,t5_kylwj,1729696581.079929
165,r/Positivity,149544,Ethics and Philosophy,t5_2s5f5,1729696581.099099
166,r/IndianPets,149516,Animals and Pets,t5_7ajclp,1729696581.1189902
167,r/DesiFragranceAddicts,149445,Beauty and Makeup,t5_52t40p,1729696581.14032
168,r/vmware,149431,Technology,t5_2qnan,1729696581.160307
169,r/Fighters,149420,Gaming,t5_2s5rz,1729696581.179976
170,r/identifythisfont,149412,Learning and Education,t5_2sl6p,1729696581.199834
171,r/Homesteading,149331,Home and Garden,t5_2r5dx,1729696581.218585
172,r/Barber,149292,Beauty and Makeup,t5_2w333,1729696581.237421
173,r/DarkTide,149209,Gaming,t5_2t7ck,1729696581.255997
174,r/mcservers,149160,Gaming,t5_2s3kg,1729696581.274862
175,r/CatDistributionSystem,149144,Animals and Pets,t5_7l5bxn,1729696581.293756
176,r/Heavymind,149112,Art,t5_2srjv,1729696581.3128169
177,r/charcoal,149098,Food and Drink,t5_2s931,1729696581.3316312
178,r/AskProgramming,149065,Programming,t5_2seko,1729696581.350293
179,r/snes,149000,Gaming,t5_2rany,1729696581.369175
180,r/HostileArchitecture,148638,Activism,t5_3emwm,1729696581.389345
181,r/papermoney,148601,Hobbies,t5_2u3xh,1729696581.408383
182,r/goodboomerhumor,148533,Internet Culture and Memes,t5_27341w,1729696581.427257
183,r/sweatystartup,148466,"Business, Economics, and Finance",t5_vzpfe,1729696581.446082
184,r/Xenoblade_Chronicles,148457,Gaming,t5_2vcc3,1729696581.464771
185,r/AskScienceDiscussion,148405,Science,t5_2vlah,1729696581.483495
186,r/Sherlock,148329,Television,t5_2ryt0,1729696581.501971
187,r/trackandfield,148236,Sports,t5_2ry5t,1729696581.5217412
188,r/biggboss,148185,Television,t5_2yktv,1729696581.5408452
189,r/brandonsanderson,148165,"Reading, Writing, and Literature",t5_2s2s6,1729696581.560718
190,r/deepseacreatures,148059,Animals and Pets,t5_2vzg7,1729696581.5963619
191,r/HistoryWhatIf,148040,History,t5_35koa,1729696581.623005
192,r/FinalFantasyVII,147993,Gaming,t5_2tezb,1729696581.660012
193,r/BisexualTeens,147965,Sexual Orientation,t5_2vahj,1729696581.683764
194,r/podcasting,147882,Podcasts and Streamers,t5_2s41r,1729696581.7068632
195,r/pic,147842,Art,t5_2qheq,1729696581.730335
196,r/jpop,147826,Music,t5_2rmjc,1729696581.752119
197,r/NewVegasMemes,147767,Gaming,t5_3ju96,1729696581.773474
198,r/Battlecars,147727,Cars and Motor Vehicles,t5_30yds,1729696581.7949498
199,r/shrinkflation,147627,Food and Drink,t5_3lknx,1729696581.8158772
200,r/bugout,147609,Hobbies,t5_2s4l5,1729696581.836767
201,r/iOSProgramming,147544,Programming,t5_2s61a,1729696581.856492
202,r/mfdoom,147443,Music,t5_2spn1,1729696581.875875
203,r/OnionLovers,147405,Food and Drink,t5_3g2cj,1729696581.895731
204,r/selfpublish,147199,"Reading, Writing, and Literature",t5_2sew3,1729696581.9158158
205,r/usajobs,147173,Careers,t5_36omy,1729696581.935787
206,r/insomnia,147160,Medical and Mental Health,t5_2qh3g,1729696581.955287
207,r/humanresources,147114,Careers,t5_2qibb,1729696581.974985
208,r/dji,147053,Technology,t5_2wu4v,1729696581.994663
209,r/axolotls,147036,Animals and Pets,t5_2sm50,1729696582.014925
210,r/AskLosAngeles,146992,Place,t5_2zay0,1729696582.035115
211,r/chrome,146977,Technology,t5_2qlz9,1729696582.0545459
212,r/askspain,146959,Place,t5_3ofkf,1729696582.074155
213,r/herpetology,146886,Animals and Pets,t5_2re9t,1729696582.096281
214,r/Healthy_Recipes,146829,Food and Drink,t5_2ual1,1729696582.1169071
215,r/Otters,146794,Animals and Pets,t5_2rrsr,1729696582.137532
216,r/fnafcringe,146689,Gaming,t5_35spm,1729696582.158195
217,r/kubernetes,146458,Technology,t5_33f68,1729696582.178358
218,r/AOC,146422,Politics,t5_2sbqz,1729696582.196831
219,r/copenhagen,146419,Place,t5_2qtd1,1729696582.216434
220,r/UtterlyUniquePhotos,146401,History,t5_a2tdr1,1729696582.235465
221,r/FixMyPrint,146372,Technology,t5_30mvb,1729696582.254645
222,r/notdisneyvacation,146326,Internet Culture and Memes,t5_g5co4,1729696582.279865
223,r/StocksAndTrading,146197,"Business, Economics, and Finance",t5_2wwow,1729696582.303158
224,r/realonlyfansreviews,146152,Mature Themes and Adult Content,t5_2951j7,1729696582.3241432
225,r/PHCreditCards,146105,"Business, Economics, and Finance",t5_2sg1co,1729696582.344291
226,r/FilmClubPH,146009,Movies,t5_3ld3y,1729696582.364177
227,r/awwnverts,145932,Animals and Pets,t5_2vtf7,1729696582.384277
228,r/microbiology,145879,Science,t5_2qirk,1729696582.40496
229,r/RelatosDoReddit,145866,Internet Culture and Memes,t5_72ljkj,1729696582.425237
230,r/regularshow,145811,Television,t5_2sfbv,1729696582.444628
231,r/lifeisstrange,145776,Gaming,t5_32tf7,1729696582.463142
232,r/AIDKE,145675,Animals and Pets,t5_232j2q,1729696582.481638
233,r/HaveWeMet,145669,Internet Culture and Memes,t5_3j00n,1729696582.49948
234,r/BG3,145589,Gaming,t5_35s7n,1729696582.5173671
235,r/teaching,145573,Careers,t5_2qyj9,1729696582.535213
236,r/WRX,145513,Cars and Motor Vehicles,t5_2vbwe,1729696582.553031
237,r/balkans_irl,145504,"Culture, Race, and Ethnicity",t5_n458w,1729696582.571071
238,r/Izlam,145500,Internet Culture and Memes,t5_336mg,1729696582.591666
239,r/AskBalkans,145476,"Culture, Race, and Ethnicity",t5_xmk1t,1729696582.612709
240,r/House,145461,Music,t5_2qkb5,1729696582.633584
241,r/mapmaking,145447,Hobbies,t5_2sfsa,1729696582.6539168
242,r/ScienceBasedParenting,145409,Family and Relationships,t5_mh1fw,1729696582.6731431
243,r/AustralianMakeup,145377,Beauty and Makeup,t5_2ys2j,1729696582.692082
244,r/shieldbro,145369,Anime,t5_34fix,1729696582.7110898
245,r/Demotivational,145251,Internet Culture and Memes,t5_2qm1v,1729696582.7299762
246,r/doommetal,145231,Music,t5_2riaf,1729696582.748878
247,r/Padres,145202,Sports,t5_2s8d6,1729696582.7684522
248,r/Frieren,145184,Anime,t5_2liohd,1729696582.787195
249,r/iOSthemes,145163,Technology,t5_2w997,1729696582.805862
