,subreddit,subscribers,topic,subreddit_id,time
0,r/DIYfurniture,4038,"DIYfurniture is a subreddit dedicated to home made furniture and other miscellaneous DIY home items. If you're looking to post your own projects, look for design inspiration or ask for help, this is place.",t5_2wqk4,1729699733.440465
1,r/dollhouseminiatures,4038,"This subreddit focuses on miniatures in the 1/12, 1/24, 1/48 & 1/144 scales. It focuses on miniatures as a hobby rather than gaming or train miniatures.",t5_2up2h,1729699733.461504
2,r/DygmaLab,4038,Gaming,t5_2hdm2x,1729699733.480406
3,r/gamenostalgia,4038,Gaming,t5_2ror4,1729699733.499097
4,r/RedditForCats,4038,Animals and Pets,t5_kv88p,1729699733.5178628
5,r/UAH,4038,Learning and Education,t5_2spd3,1729699733.54419
6,r/whyunified,4038,Why Unified® is a nationally recognized dropshipping platform that's rated as one of the fastest growing companies in the United States on the Inc. 5000 list (#418).,t5_7rdk7w,1729699733.564068
7,r/BeautifullyTerrifying,4037,"Pictures that are both beautiful, yet terrifying.",t5_3f6ui,1729699733.585151
8,r/ConfusedMoney,4037,"Business, Economics, and Finance",t5_72j469,1729699733.60398
9,r/GlideOutside,4037,"Business, Economics, and Finance",t5_3iikfi,1729699733.622921
10,r/HuaweiDevelopers,4037,Technology,t5_2k0d2x,1729699733.6838741
11,r/shortfashion,4037,Fashion,t5_3fdb8,1729699733.7025611
12,r/USAuthoritarianism,4037,Politics,t5_znhu1,1729699733.741354
13,r/gangsta,4036,Anime,t5_2qm78,1729699733.759871
14,r/GarminFenix7,4036,Technology,t5_604rik,1729699733.778163
15,r/GJones,4036,Music,t5_3lxtm,1729699733.79668
16,r/Halestorm,4036,Music,t5_2tg0b,1729699733.81536
17,r/hyperacusis,4036,Medical and Mental Health,t5_2wh6n,1729699733.834131
18,r/Netflixwatch,4036,Television,t5_332dtv,1729699733.852383
19,r/PhightingRoblox,4036,Gaming,t5_6sxtbj,1729699733.870698
20,r/SynthesizerV,4036,Music,t5_21x80k,1729699733.889052
21,r/toast,4036,Food and Drink,t5_2qx6d,1729699733.907535
22,r/cactiexchange,4035,Home and Garden,t5_6k5wid,1729699733.926534
23,r/DaiDark,4035,Anime,t5_oficv,1729699733.945567
24,r/gettoknowtheothers,4035,Internet Culture and Memes,t5_afk0nh,1729699733.9641469
25,r/OldSchoolUK,4035,History,t5_8w9sxs,1729699733.982856
26,r/PrayerOrSlayer,4035,Music,t5_38smb,1729699734.001864
27,r/taengoo,4035,Celebrity,t5_2tdvx,1729699734.02065
28,r/countingcrows,4034,Music,t5_2sl3t,1729699734.039076
29,r/FootFetishStorytime,4033,Mature Themes and Adult Content,t5_4rswt1,1729699734.0577002
30,r/KoreanFoodVideos,4033,Food and Drink,t5_12e8hf,1729699734.076045
31,r/Maricopa,4033,Place,t5_2smov,1729699734.0947661
32,r/NMS_Switch,4033,Gaming,t5_758i73,1729699734.113734
33,r/tombihn,4033,Fashion,t5_2u2c8,1729699734.133742
34,r/AI_Agents,4032,Technology,t5_8b5cvj,1729699734.1526778
35,r/chronicallyonline,4032,Internet Culture and Memes,t5_4qxbck,1729699734.171668
36,r/MusicElectronics,4032,Music,t5_2vthl,1729699734.1906922
37,r/Nascarheat5,4032,Gaming,t5_2fwv8d,1729699734.209452
38,r/SustainableBuildings,4032,Activism,t5_35hwb6,1729699734.228784
39,r/TheProsecutorsPodcast,4032,Podcasts and Streamers,t5_4m0asz,1729699734.247452
40,r/TShirtsDesigns,4032,Fashion,t5_3lmau,1729699734.266297
41,r/dccofficial,4031,DCC is the infrastructure behind credit data exchange - a credit data protocol. Check here for all DCC Token news!! #DCC,t5_hgetl,1729699734.285037
42,r/DorianElectra,4031,Music,t5_10oxqk,1729699734.3038368
43,r/mousegore,4031,Technology,t5_nzchn,1729699734.322571
44,r/EvaDeVil,4030,Mature Themes and Adult Content,t5_33hp60,1729699734.341433
45,r/Flirty_Teasers,4030,Mature Themes and Adult Content,t5_6ujveu,1729699734.3596742
46,r/PreciousPitbulls,4030,Animals and Pets,t5_40uck4,1729699734.37853
47,r/saerom,4030,Celebrity,t5_k4y2t,1729699734.397461
48,r/Bamaology,4029,Music,t5_7w2v0l,1729699734.416225
49,r/IndoR4R,4029,Family and Relationships,t5_4twllq,1729699734.434886
50,r/Aulani,4028,Travel,t5_39o8w,1729699734.4535081
51,r/eCommerceSEO,4028,"A community for Ecommerce SEO links, news, tips, site reviews, and discussions.",t5_3fx7z,1729699734.4717288
52,r/HeroesOfMiddleEarth,4028,Gaming,t5_6cdqja,1729699734.489921
53,r/juliannemoore,4028,Mature Themes and Adult Content,t5_2xp8w,1729699734.508065
54,r/minivelo,4028,Hobbies,t5_2ujvy,1729699734.5263932
55,r/63rd_Rule,4027,Art,t5_13u6l2,1729699734.544669
56,r/F100,4027,Cars and Motor Vehicles,t5_2w2ns,1729699734.5631201
57,r/isabelamercedlove,4027,Welcome To The Isabela Merced Love Page You May Post Photos And Videos,t5_6z3cz3,1729699734.5822332
58,r/kcregionalwx,4027,Place,t5_24mln5,1729699734.600758
59,r/BrisbanePhotography,4026,Art,t5_ws4dz,1729699734.618948
60,r/Crokinole,4026,Tabletop Games,t5_2sc28,1729699734.637286
61,r/FamousTongues,4026,Celebrity,t5_8nwglw,1729699734.655864
62,r/FlyFF,4026,Gaming,t5_2rgnh,1729699734.674269
63,r/lorepodcast,4026,Podcasts and Streamers,t5_385jd,1729699734.692831
64,r/teganandsara,4026,Music,t5_2rmyz,1729699734.711215
65,r/eclipse,4025,Programming,t5_2qkqg,1729699734.7294452
66,r/ShambhalaBuddhism,4025,Religion and Spirituality,t5_30ui4,1729699734.7477388
67,r/DIYAutoRepair,4024,Cars and Motor Vehicles,t5_r85je,1729699734.765934
68,r/insidejokes,4024,Internet Culture and Memes,t5_2sstl,1729699734.784138
69,r/keffals,4024,Podcasts and Streamers,t5_62afur,1729699734.802485
70,r/neocentrism,4024,Politics,t5_24jqdm,1729699734.820719
71,r/SynologyForum,4024,Technology,t5_2jiulj,1729699734.8392022
72,r/teams,4024,Technology,t5_3gl4g,1729699734.857325
73,r/LHBTI,4022,Sexual Orientation,t5_5ke29x,1729699734.875926
74,r/wvmedicalcannabis,4022,Mature Themes and Adult Content,t5_55jfzr,1729699734.894631
75,r/GirlsNextDoorBUNNIES,4021,Television,t5_8dn73v,1729699734.913095
76,r/originalmusic,4021,Music,t5_2sgxq,1729699734.9316401
77,r/ShadWatch,4021,Podcasts and Streamers,t5_9c9k47,1729699734.950027
78,r/autoadvies,4020,Cars and Motor Vehicles,t5_bl0mgw,1729699734.968426
79,r/gostosasreais,4020,Chega de ficar pagando pau pra essas novinhas milionárias padraozinho onlyfans. Aqui o negócio é divulgar as piranhas mais deliciosas que gostam de se exibir na internet! SEGUE AÍ PRA VER SÓ GOSTOSA REBOLANDO!!!!,t5_c77bpe,1729699734.986774
80,r/Heartstoppercast,4020,Television,t5_6vz2ru,1729699735.0051332
81,r/SuperRare,4020,Crypto,t5_i3ak6,1729699735.023695
82,r/TrueFrancescaCapaldi,4020,Celebrity,t5_3hccj,1729699735.0441
83,r/adaslar,4019,Podcasts and Streamers,t5_6aniyk,1729699735.0632792
84,r/dokkan,4019,Gaming,t5_39sfq,1729699735.082518
85,r/HotMen,4019,Mature Themes and Adult Content,t5_2sjsu,1729699735.1017432
86,r/LoneLobos,4019,Podcasts and Streamers,t5_58ejrm,1729699735.120872
87,r/RSPS,4019,Gaming,t5_2swnr,1729699735.13947
88,r/CrashArchive,4018,Cars and Motor Vehicles,t5_2t3tuy,1729699735.1585011
89,r/Dream_Minecraft,4018,Podcasts and Streamers,t5_2ibu7i,1729699735.177367
90,r/cursedindiancomments,4017,Funny/Humor,t5_5co5w1,1729699735.1962729
91,r/DarrylGang,4017,Gaming,t5_wjhmz,1729699735.214859
92,r/nopolishtoes,4017,This is a foot fetish community for those who have an appreciation for women's pretty toes without any polish; something that seems to be rare. Share those bare toes (with and without sandals)!,t5_70r76g,1729699735.2337658
93,r/RockyMemes,4017,Movies,t5_73ii2,1729699735.252307
94,r/VintageScooters,4017,Cars and Motor Vehicles,t5_2uipk,1729699735.270787
95,r/ArabCelebsFeet,4016,Celebrity,t5_68whpc,1729699735.289354
96,r/Chapters,4016,Gaming,t5_31lng,1729699735.307911
97,r/LandyachtzBoards,4016,Hobbies,t5_3ey88,1729699735.32639
98,r/PRPS,4016,Crypto,t5_3pogx,1729699735.3448188
99,r/SenkoBread,4016,Anime,t5_2ojxwy,1729699735.3629282
100,r/HomeAssistantDeals,4015,Hobbies,t5_5pyet8,1729699735.381223
101,r/mormonpolitics,4015,Politics,t5_2uubs,1729699735.3993988
102,r/MyastheniaGravis,4015,Medical and Mental Health,t5_2vhvf,1729699735.4176488
103,r/nukethemall,4015,Gaming,t5_ab9idf,1729699735.4362729
104,r/RoyalChaos,4015,Gaming,t5_lmwl8,1729699735.455209
105,r/Situationism,4015,Ethics and Philosophy,t5_2uufo,1729699735.473648
106,r/UConnBasketball,4015,Sports,t5_2vcdq,1729699735.492243
107,r/AsianSocialists,4014,Politics,t5_29dqmp,1729699735.511413
108,r/DustyDoll,4014,Animals and Pets,t5_am36lu,1729699735.530138
109,r/lindybeige,4014,Podcasts and Streamers,t5_2zptd,1729699735.548821
110,r/Muemmler_iel,4014,Internet Culture and Memes,t5_6gawzt,1729699735.567543
111,r/AbandonedBeauties,4013,History,t5_5399lp,1729699735.5863008
112,r/agedfoamprops,4013,"Where your childhood goes to die (credit to u/bittleguess for logo) When posting, consider adding the movie title and year in your title in this format: Movie Title (year)",t5_2vgusa,1729699735.604817
113,r/navidrome,4013,Music,t5_2e9ohu,1729699735.623091
114,r/ImaginaryNewNewYork,4012,Futurama Fan Art,t5_3340y,1729699735.641633
115,r/mashgifs,4012,Gifs from the TV series MASH,t5_36zqm,1729699735.660136
116,r/RealEstateMarketing,4012,"Business, Economics, and Finance",t5_35r66,1729699735.6790102
117,r/somnicartography,4012,Science,t5_pqc33,1729699735.697644
118,r/TalkieOfficial,4012,Technology,t5_9ndu3d,1729699735.716203
119,r/tenilledashwood,4012,Celebrity,t5_abr8e,1729699735.734638
120,r/themonstermath,4012,Meta/Reddit,t5_31kmy,1729699735.753238
121,r/heartstoppersyndrome,4011,Television,t5_6bfcd0,1729699735.7711601
122,r/mcloughlin_girls,4011,Welcome to mcloughlin_girls,t5_6z0adb,1729699735.78948
123,r/peggle,4011,Gaming,t5_2tad5,1729699735.807646
124,r/HotSauces,4010,Food and Drink,t5_2rhj6,1729699735.82585
125,r/ShowInfrared,4010,Politics,t5_3xjxn3,1729699735.844077
126,r/vwbug,4010,Cars and Motor Vehicles,t5_2z0vs,1729699735.86272
127,r/APSeminar,4009,Learning and Education,t5_3bcjb,1729699735.880807
128,r/BrimstoneMains,4009,Gaming,t5_2gcl4r,1729699735.8991418
129,r/Cryptomator,4009,Technology,t5_3jxda,1729699735.917281
130,r/Girona,4009,Place,t5_2ymwv,1729699735.935329
131,r/gogame,4009,Gaming,t5_2qlsb,1729699735.953503
132,r/HorizonScreenshots,4009,Gaming,t5_3ji0a,1729699735.973127
133,r/libertarianbestof,4009,A subreddit to post all of the best comments from over Reddit. Basically the libertarian version of this [/r/bestof](http://www.reddit.com/r/bestof/),t5_2vwxj,1729699735.9918988
134,r/rva_housing,4009,Marketplace and Deals,t5_30pin,1729699736.010606
135,r/srne,4009,"Business, Economics, and Finance",t5_3usb5l,1729699736.028949
136,r/apandah_r34,4008,Internet Culture and Memes,t5_3n4w5y,1729699736.0470011
137,r/MIR4,4008,Gaming,t5_4tlcrl,1729699736.065405
138,r/podcastguests,4008,Podcasts and Streamers,t5_3a1ts,1729699736.082512
139,r/thesongofachilles,4008,"Reading, Writing, and Literature",t5_3et5gs,1729699736.0998662
140,r/VeganLobby,4008,Activism,t5_5sfdxq,1729699736.1178901
141,r/blackhatseo,4007,Black Hat SEO has been around since the beginning of Search Engines. If you are old enough you will remember individuals spamming keywords across the top of their websites in an effort to full search engines like altavista (RIP). The more times you spammed the keyword the more likely you would show in the top ten results. The along came Google.....,t5_2qjt2,1729699736.135985
142,r/coasttocoast,4007,Podcasts and Streamers,t5_2rqqr,1729699736.1540182
143,r/FortBend,4007,An all-purpose sub for the residents of Fort Bend County in Texas. *Arcola *Beasley *Fairchilds *Fulshear *Katy *Kendleton *Meadows Place *Missouri City *Needville *Orchard *Pleak *Richmond *Rosenberg *Simonton *Stafford *Weston Lakes,t5_2shj0,1729699736.172153
144,r/littlestpetshopfakes,4007,Hobbies,t5_7wo5yx,1729699736.190635
145,r/Tak,4007,Gaming,t5_32t90,1729699736.208746
146,r/SugarRelationship,4006,Mature Themes and Adult Content,t5_5qktf4,1729699736.226899
147,r/CigarReview,4005,Hobbies,t5_38ogg,1729699736.244992
148,r/hookertalk,4005,Crafts and DIY,t5_3414o,1729699736.263318
149,r/MyCatWillMurderMe,4005,Animals and Pets,t5_6rg83h,1729699736.281607
150,r/uAlbertaCrush,4005,Family and Relationships,t5_26qn95,1729699736.299754
151,r/aliexpressreviews,4004,Marketplace and Deals,t5_35s8s,1729699736.3180108
152,r/audiotechnica,4004,Technology,t5_32i8p,1729699736.33645
153,r/BurningWheel,4004,Tabletop Games,t5_2tr3t,1729699736.354653
154,r/Cringopolis,4004,"Post the cringe here, pleaaaaase and thank you",t5_697uf3,1729699736.3732119
155,r/RangoMemes,4004,Internet Culture and Memes,t5_onirk,1729699736.3915908
156,r/AlexMurdaughTrial,4003,Law,t5_6rkxfk,1729699736.410037
157,r/CultofMorganLeFay,4003,Anime,t5_4lcq2f,1729699736.429609
158,r/FortCollinsClassified,4003,Marketplace and Deals,t5_306mz,1729699736.44868
159,r/heartland,4003,Television,t5_2vcid,1729699736.467603
160,r/PersiaDidNothingWrong,4003,Internet Culture and Memes,t5_2l9nep,1729699736.486006
161,r/Pokemonlegends,4003,Gaming,t5_2tpmd,1729699736.504373
162,r/RealSaintsRow,4003,Gaming,t5_4yamwh,1729699736.521575
163,r/scleroderma,4003,Medical and Mental Health,t5_2xt2m,1729699736.538838
164,r/solidjs,4003,Programming,t5_1xfyoo,1729699736.555989
165,r/Addons4Wako,4002,Movies,t5_27y614,1729699736.574068
166,r/primerlearning,4002,Learning and Education,t5_jdhph,1729699736.591358
167,r/CanningRebels,4001,Food and Drink,t5_2o7ysq,1729699736.608402
168,r/DeepikaPadukoneClub,4001,"A place to celebrate Bollywood Superstar Deepika Padukone, her movies, mission and life. You can share news, articles, photos, views about her. Talk about her brands, her upcoming projects and your excitement for the same! Please keep the discussions civil. While talking about other’s unnecessary hate on her, avoid disrespectful language. No place for Deepika Haters but you can share your views as to why you make not like something about her . But NO BAD WORDS. Live, Love, and Laugh!",t5_83p0p6,1729699736.626801
169,r/DeeShanelll,4001,Mature Themes and Adult Content,t5_5a99il,1729699736.6450381
170,r/fifatactics,4001,Gaming,t5_7t9ass,1729699736.66334
171,r/floorball,4001,Sports,t5_2sddy,1729699736.681552
172,r/XoversNobodyAskedFor,4001,"The Reddit Community from the same crew that runs the famous 520k member Facebook page, ""Crossovers nobody asked for""! Here you can post images and videos that would classify as a crossover, with their elements coming from at least 2 different sources. Unlike facebook, you can get away with a bit more riskier posts as well, if you have the proper tags!",t5_12d8b3,1729699736.699662
173,r/celebtonguekissing,4000,"Dedicated to the passionate art of tongue kissing in movies/tv shows/music videos. (No porn, pornstars or gay posts allowed)",t5_bb61sj,1729699736.717856
174,r/Neoplatonism,4000,Ethics and Philosophy,t5_2srqs,1729699736.7360861
175,r/NoStraightRoads,4000,Gaming,t5_105gv5,1729699736.754236
176,r/TravelerMains,4000,Gaming,t5_3nky1c,1729699736.772678
177,r/UnexpectedStarTrek,4000,Television,t5_3h5rs,1729699736.791187
178,r/DisneyCM,3999,Careers,t5_6qz0i9,1729699736.809821
179,r/fragileancaps,3999,Politics,t5_2sfpyz,1729699736.828094
180,r/GTNH,3999,Gaming,t5_3gldl,1729699736.8466508
181,r/LearnSomali,3999,Learning and Education,t5_jyhlf,1729699736.865139
182,r/PiNetworkSC,3999,Crypto,t5_3ztp8t,1729699736.884743
183,r/SeBikes,3999,Sports,t5_3n2pr,1729699736.9035919
184,r/ShadowWizardMoneyGang,3999,wizard and general fantasy shitposting,t5_7viwu7,1729699736.922357
185,r/whitefish,3999,Place,t5_2vwd5,1729699736.9409459
186,r/WredditCountryClub,3999,Sports,t5_3c7jw,1729699736.959765
187,r/BreachMains,3998,Gaming,t5_2j7ox9,1729699736.9785368
188,r/explorables,3998,"A subreddit around interactive explanations, thinking tools, concept visualizations, and other media for communicating and generating ideas.",t5_3fp8r,1729699736.9974558
189,r/lekkulovers,3998,Movies,t5_31v4j,1729699737.0163279
190,r/Onodera,3998,Anime,t5_32k9y,1729699737.0351071
191,r/Prettyredzz,3998,Lexissoriya,t5_8lgnmu,1729699737.0538409
192,r/FloridaBarExam,3997,Learning and Education,t5_3jzlq,1729699737.0727549
193,r/gesaffelstein,3997,Music,t5_2vrpx,1729699737.091349
194,r/kdramamemes,3997,Television,t5_24rqdn,1729699737.10944
195,r/Somerset,3997,Place,t5_2r48v,1729699737.127868
196,r/ArtBattle,3996,A place for artists to practice their art and positively critique each other while helping good causes,t5_2ss3t,1729699737.1464782
197,r/iPhone15ProMaxFans,3996,Technology,t5_9b1k98,1729699737.165374
198,r/LeagueCoaching,3996,Gaming,t5_33d5v,1729699737.184336
199,r/OldSchoolHipHop,3996,Music,t5_2txbe,1729699737.2031722
200,r/Patamatmemes,3996,Funny/Humor,t5_2p009d,1729699737.222295
201,r/vintagetelevision,3996,Technology,t5_3b3im,1729699737.240428
202,r/deltaforce,3995,Gaming,t5_2tuob,1729699737.2586539
203,r/DifferentialEquations,3995,Science,t5_30b5d,1729699737.277123
204,r/dylan,3995,Internet Culture and Memes,t5_2qh7y,1729699737.295567
205,r/HeroFactoryLego,3995,Hobbies,t5_2w3wr,1729699737.314135
206,r/PrivateEquityDeals,3995,"Business, Economics, and Finance",t5_5efq0c,1729699737.332553
207,r/ZOIA,3995,Music,t5_z59mx,1729699737.351956
208,r/ReaperMiniatures,3994,Tabletop Games,t5_2uv03,1729699737.37077
209,r/whatisthisspider,3994,Outdoors and Nature,t5_30w6ge,1729699737.38915
210,r/exid,3993,Music,t5_2w48z,1729699737.407506
211,r/SimoneGiertz,3993,Podcasts and Streamers,t5_3cbyz,1729699737.425696
212,r/Sole4L,3993,Mature Themes and Adult Content,t5_9zau8h,1729699737.452598
213,r/gundamwing,3992,Anime,t5_2tki9,1729699737.474886
214,r/handpoke,3992,Art,t5_2jt8mm,1729699737.494258
215,r/Infomercials,3992,Television,t5_2sdsy,1729699737.513623
216,r/planinarenje,3992,Outdoors and Nature,t5_69nl02,1729699737.5327191
217,r/Refinable,3992,"Business, Economics, and Finance",t5_43j41s,1729699737.550836
218,r/TheAmityAffliction,3992,Music,t5_2w8o8,1729699737.569605
219,r/warlocksriseup,3992,Gaming,t5_rjvx1,1729699737.587786
220,r/YukioMishima,3992,"Reading, Writing, and Literature",t5_2ul8f,1729699737.6061
221,r/AustinHousing,3991,"Business, Economics, and Finance",t5_29u62r,1729699737.624074
222,r/DebateACatholic,3991,Religion and Spirituality,t5_2teju,1729699737.642108
223,r/GenshinImpactMemes,3991,Gaming,t5_36wuan,1729699737.661282
224,r/n00bs,3991,Welcome to n00bs,t5_2tfss,1729699737.680622
225,r/sakunaofriceandruin,3991,Gaming,t5_13b04x,1729699737.699434
226,r/weldingjobs,3991,Job postings related specifically to welding and fabrication.,t5_2xhy6,1729699737.717578
227,r/CHERUB,3990,"Reading, Writing, and Literature",t5_2wpsh,1729699737.73714
228,r/CrystalMountain,3990,Place,t5_29n6yc,1729699737.75509
229,r/ChesterfieldVA,3989,Place,t5_2youh,1729699737.773441
230,r/ElevenTableTennis,3989,Gaming,t5_2hcnxe,1729699737.790776
231,r/Los_Vectorgas,3989,Podcasts and Streamers,t5_84msy2,1729699737.808109
232,r/LowSodium,3989,Food and Drink,t5_2zqs1,1729699737.82641
233,r/MakingTheCut,3989,Television,t5_16h2to,1729699737.844322
234,r/professionalcycling,3989,"News and reports, opinion and analysis of professional cyclesport - road, track, MTB, BMX. For race result postings please mark with [spoiler] and then the race description eg ""TDF 2013, Stage 1 results"" rather than the 123.",t5_2r77n,1729699737.8615968
235,r/ValorantAccounts,3989,Gaming,t5_2ju0jw,1729699737.878927
236,r/mtgmisprints,3988,Tabletop Games,t5_lmzma,1729699737.896506
237,r/Sade,3988,Music,t5_2rqya,1729699737.9145331
238,r/TerryLegs,3988,Funny/Humor,t5_24phdg,1729699737.9329531
239,r/AngelicTheGame,3987,"The official subreddit for Angelic, a narrative Strategy-RPG set in a dark and collaborative sci-fi universe.",t5_35ob6a,1729699737.951359
240,r/BeckyLynchDomination,3987,Celebrity,t5_43x9vt,1729699737.969375
241,r/LilMosey,3987,Music,t5_iyw3i,1729699737.987618
242,r/makerbot,3987,Technology,t5_2rm4h,1729699738.006167
243,r/Nix,3987,Technology,t5_2rge3,1729699738.023838
244,r/TeslaModelS,3987,Cars and Motor Vehicles,t5_3dd3t,1729699738.041385
245,r/WisDan,3987,The subreddit for Danny Sexbang,t5_2y180,1729699738.059753
246,r/fighton,3986,Sports,t5_2ry60,1729699738.078133
247,r/gmbinder,3986,Tabletop Games,t5_3peso,1729699738.096319
248,r/JailbreakPirates,3986,"iOS Jailbreaking Pirates: Tweaks, Extensions, Themes, Development, and more for Jailbroken iPhones, iPads, and iPod touches. Sometimes they cost a lot, and we like them being free. Now partnered with CyCake Cydia Repo!",t5_2vpmx,1729699738.114468
249,r/excel_fr,3985,Technology,t5_68ygvd,1729699738.1327128
