,subreddit,subscribers,topic,subreddit_id,time
0,r/GabeTheDogCoin,3925,The official Reddit page of Gabe Coin. Bork Bork!,t5_4iw93n,1729699766.149766
1,r/IndianCoins,3925,"Welcome to Indian Coin Forvm! A place to discuss and learn more about Indian coins. Feel free to post your coins and learn about the beautiful hobby of numismatics. Posting of notes, stamps and other collectibles is also permitted. Discussions about valuations are not permitted. Please take these discussions to the Telegram group. www.forvm.in",t5_53waij,1729699766.171978
2,r/investingUK,3925,"Business, Economics, and Finance",t5_aj0g4z,1729699766.190809
3,r/EU4maps,3924,Gaming,t5_3gjwl,1729699766.209562
4,r/GeorgiaNudists,3924,Mature Themes and Adult Content,t5_5ixl3y,1729699766.22867
5,r/lancashire,3924,Place,t5_2s5db,1729699766.257571
6,r/murderedbymemes,3924,People getting annihilated by memes.,t5_b4sap,1729699766.2770932
7,r/GCPCertification,3923,Learning and Education,t5_28j5ym,1729699766.2955148
8,r/newmusicrelease,3923,Music,t5_gwxm5,1729699766.313798
9,r/PeruPics,3923,Art,t5_34i7c,1729699766.332244
10,r/SLPcareertransitions,3923,Careers,t5_4a0z6n,1729699766.39341
11,r/winehq,3923,Technology,t5_2qq7x,1729699766.41235
12,r/Abhorsen,3922,"Reading, Writing, and Literature",t5_35vpl,1729699766.437545
13,r/ApocalypseWorld,3922,Hobbies,t5_2zo2m,1729699766.4564202
14,r/coolsticks,3922,Outdoors and Nature,t5_x930z,1729699766.475261
15,r/disneysprings,3922,Travel,t5_30in8,1729699766.494178
16,r/Easy_Ukulele,3922,Music,t5_3atod,1729699766.5128179
17,r/jasminamarazita,3922,Photos of the amazingly beautiful Jasmina Marazita,t5_4gamrn,1729699766.531647
18,r/thebookofrad,3922,"Account of Jesus' miracles through the Forgotten Disciples, Brad and Chad",t5_3j9al,1729699766.550215
19,r/LVAnimation,3921,Podcasts and Streamers,t5_31tzqx,1729699766.568956
20,r/MarsaiMartin_Fanpage,3921,Celebrity,t5_6lmbgz,1729699766.587299
21,r/Sommelier,3921,Careers,t5_2xfou,1729699766.6059651
22,r/CoronavirusIA,3920,Place,t5_2heh2l,1729699766.6247869
23,r/dumbquestions,3920,Learning and Education,t5_2ra6v,1729699766.643625
24,r/PokemonWilds,3920,Gaming,t5_58hxyu,1729699766.662108
25,r/tuxedocomputers,3920,Technology,t5_3jv4p,1729699766.680623
26,r/Altium,3919,Technology,t5_2sz16,1729699766.699171
27,r/fortmac,3919,Place,t5_2s46j,1729699766.717777
28,r/humboldtstate,3919,Learning and Education,t5_2s5om,1729699766.736532
29,r/SarahMagusara_,3919,Mature Themes and Adult Content,t5_2h9y5m,1729699766.75618
30,r/SenranKaguraLovers,3919,Mature Themes and Adult Content,t5_2na45m,1729699766.77473
31,r/SozinGetTheComet,3919,Television,t5_2vui67,1729699766.793143
32,r/USVisas,3919,"Community is all about US Immigration. Share, Discuss and Help each other on US Immigration related topics like getting US Visa, USCIS Processing, Work Visas like H1B Visa, Getting Green Cards, Processing Times, etc.",t5_2svhg2,1729699766.8117068
33,r/GTAPhotography,3918,Gaming,t5_2yji5,1729699766.830395
34,r/junglejuicewebtoon,3918,Anime,t5_40e8wt,1729699766.849082
35,r/SavannahSoto,3918,Law,t5_afir31,1729699766.8678179
36,r/ThighCrushing,3918,Funny/Humor,t5_39qa55,1729699766.886494
37,r/CornwallOnt,3917,Place,t5_2x8qd,1729699766.9051661
38,r/EldenRingUntarnished,3917,Gaming,t5_5frt9x,1729699766.923863
39,r/0x10c,3916,Gaming,t5_2tu92,1729699766.942601
40,r/bioniclemocs,3916,Hobbies,t5_314hp,1729699766.9609458
41,r/bleedingedge,3916,Gaming,t5_2visz,1729699766.979676
42,r/enstrumanlar,3916,Music,t5_99meck,1729699766.9985569
43,r/FunnyAdvertising,3916,Funny/Humor,t5_3fr1wb,1729699767.017461
44,r/Seether,3916,Music,t5_2tmbd,1729699767.035912
45,r/AfricanArt,3915,Art,t5_2s9oi,1729699767.054189
46,r/BoardgameOrganizing,3915,Tabletop Games,t5_29z3l4,1729699767.0721679
47,r/FIFAFashion,3915,Gaming,t5_p1qok,1729699767.090461
48,r/HappyMarriages,3915,Family and Relationships,t5_gh78c,1729699767.108869
49,r/Hauntings,3915,Religion and Spirituality,t5_3f4vj,1729699767.127423
50,r/admob,3914,Technology,t5_2v5u6,1729699767.1475918
51,r/bettasorority,3914,Animals and Pets,t5_3a9jg,1729699767.166821
52,r/GhibliMemes,3914,Funny/Humor,t5_2i5av6,1729699767.185905
53,r/Golfcards,3914,"The official subreddit for golf cards and golf card collectors! Post your pulls, discuss the hobby and get excited for all things golf cards!",t5_3ic17d,1729699767.2049012
54,r/IowaState,3914,Learning and Education,t5_2spg0,1729699767.2237499
55,r/sukka,3914,Anime,t5_2pg5dm,1729699767.2427342
56,r/wrestlingmemorabilia,3914,Hobbies,t5_39q8u,1729699767.261473
57,r/BigShortDotCom,3913,"Business, Economics, and Finance",t5_84nxil,1729699767.280035
58,r/idealists,3913,"This is a space for ENFPs, INFPs, ENFJs, and INFJs to put their powers together and improve themselves & the universe. http://en.wikipedia.org/wiki/Idealist_temperament",t5_2ussn,1729699767.2985768
59,r/nordtheme,3913,Art,t5_v5szo,1729699767.317438
60,r/Youshouldsamplethis,3913,"Place for non-melodic samples like dialogue clips from movies, interesting personal audio recordings from places like train places and nature, quick sounds like a glass breaking which could be placed in sampler or sequencer, and historical sounds like NASA sounds and famous speeches etc.",t5_34i96,1729699767.3364742
61,r/bestofbirdbuddy,3912,"Welcome to 'Best of Bird Buddy', a subreddit dedicated to bird photos and videos, as well as memes made from photos/videos from your Bird Buddy smart bird feeder. Share your love for birds! Birds are amazing! <3",t5_77kryp,1729699767.3558269
62,r/Moms,3912,Family and Relationships,t5_4wp2fp,1729699767.374711
63,r/MovingToBrisbane,3912,Place,t5_2n56q2,1729699767.393363
64,r/sportsreference,3912,Sports,t5_3b8nz,1729699767.4122171
65,r/storagespave,3912,STORAGE SPACE. NEED SPACE IN MY PHONE POSTING ALL MY GOOD STUFF HERE,t5_bbi3f1,1729699767.431047
66,r/WizardsOfWaverlyPlace,3912,Television,t5_2vk56,1729699767.449822
67,r/bilmuri,3911,Music,t5_ihcvm,1729699767.4685729
68,r/ChicagoOutdoors,3911,Outdoors and Nature,t5_2rcky6,1729699767.4871209
69,r/heidyclub,3911,Celebrity,t5_ck3b1p,1729699767.5057821
70,r/irl,3911,Internet Culture and Memes,t5_2qua6,1729699767.524508
71,r/btcfork,3910,"This is a subreddit for discussion of forking Bitcoin to allow a free-market and consent-based approach to Bitcoin's / Bitcoin Cash's progress. In Bitcoin Cash we brought together like minded people - users, developers, miners - to carry on the experiment that is Bitcoin. We stand ready to fork again should it become necessary to protect Bitcoin to ensure the option of peer-to-peer electronic cash can survive and thrive.",t5_3fpq3,1729699767.543336
72,r/HawaiiFood,3910,Food and Drink,t5_2sdk49,1729699767.562212
73,r/LeanForum,3910,Mature Themes and Adult Content,t5_88ny5u,1729699767.580895
74,r/MakeStories,3910,"The OP posts the first line to a story and everyone has to use one or two lines to make the story progress. The OP can also put a tag on the post, for example (funny) and it will be a story with humorous replies.",t5_2y2fu,1729699767.5990982
75,r/retrocars,3910,Cars and Motor Vehicles,t5_3ftbqz,1729699767.617517
76,r/nuscp,3909,"Reading, Writing, and Literature",t5_wckgs,1729699767.637353
77,r/ScottishPhotos,3909,Art,t5_35nux,1729699767.655869
78,r/WarnerBros,3909,Movies,t5_33f47,1729699767.674064
79,r/WrenandJacqueline,3909,Podcasts and Streamers,t5_bausfk,1729699767.692398
80,r/BRCA,3908,Women's Health,t5_3eibw,1729699767.710867
81,r/mapping,3908,Science,t5_2rohl,1729699767.72937
82,r/riseofnations,3908,Gaming,t5_2ra2z,1729699767.748708
83,r/BlueOysterCult,3907,Music,t5_2sj8z,1729699767.767257
84,r/Composing,3907,Music,t5_2s7u2,1729699767.785773
85,r/MaanDeSteenwinkel,3907,Celebrity,t5_39wi4m,1729699767.8039649
86,r/rpgresources,3907,Gaming,t5_2sja0,1729699767.822218
87,r/TheTriangleFactory,3907,Internet Culture and Memes,t5_c9au9b,1729699767.840598
88,r/TrueDeemo,3907,Gaming,t5_37hln,1729699767.8591518
89,r/BlueMountainState,3906,Television,t5_2sa2x,1729699767.877671
90,r/FalseFriends,3906,"Reading, Writing, and Literature",t5_30zpv,1729699767.896575
91,r/loremipsum,3906,Internet Culture and Memes,t5_2s050,1729699767.915415
92,r/TheCTeam,3906,Podcasts and Streamers,t5_3mfiw,1729699767.934324
93,r/AsteriskWar,3905,Anime,t5_3aav1,1729699767.9527712
94,r/microsoftoffice,3905,Technology,t5_2uipe,1729699767.971482
95,r/StephenHiltonSnark,3905,Celebrity,t5_87e7bg,1729699767.990289
96,r/stufferswomen,3905,Welcome to stufferswomen,t5_6hi573,1729699768.019285
97,r/CloneDrone,3904,Gaming,t5_3hj7o,1729699768.365765
98,r/CokeWithoutCommunism,3904,Mature Themes and Adult Content,t5_84dl54,1729699768.3852649
99,r/hardspecevo,3904,Hobbies,t5_4p5jxg,1729699768.403889
100,r/NiagaraFalls,3904,Place,t5_2remy,1729699768.422745
101,r/T3Arena,3904,Gaming,t5_5p25a2,1729699768.441505
102,r/bicikli,3903,Sports,t5_2o1q9l,1729699768.460364
103,r/HondaRuckus,3903,Cars and Motor Vehicles,t5_2suhf,1729699768.479294
104,r/lilboredx,3903,Funny/Humor,t5_3bft5m,1729699768.49792
105,r/ProjectListen,3903,Music,t5_4ie55f,1729699768.516706
106,r/legoinvesting,3902,"Business, Economics, and Finance",t5_2uss0,1729699768.5356941
107,r/mishacollins,3902,Welcome to mishacollins,t5_2tdtj,1729699768.554718
108,r/ricohGRIIIx,3902,Technology,t5_5agq0s,1729699768.573279
109,r/AutoGenAI,3901,Technology,t5_9gf6pd,1729699768.591857
110,r/michaelduvallsnark,3901,Welcome to the Official Michael Duvall Snark! PLEASE READ THE RULES BEFORE POSTING. Happy snarking 💅🏻,t5_awkn5j,1729699768.61108
111,r/printnc,3901,Crafts and DIY,t5_29rr9x,1729699768.629971
112,r/fried,3900,Food and Drink,t5_2setm,1729699768.648673
113,r/havens_jh,3900,Podcasts and Streamers,t5_59cyx7,1729699768.667503
114,r/Kingman,3900,Place,t5_2rzw2,1729699768.686356
115,r/RedditNeulinge,3900,Meta/Reddit,t5_3fz3g1,1729699768.7051048
116,r/BeybladeBurst,3899,Hobbies,t5_3op29,1729699768.723974
117,r/DeSantisThreatensUSA,3899,Politics,t5_6a9dq8,1729699768.742718
118,r/GamingVideos,3899,Gaming,t5_2t2n0,1729699768.761696
119,r/TravelTales,3899,"Post all your stories and encounters from travelling afar, happy or sad, weird or normal.",t5_32cyt,1729699768.780285
120,r/louderthanlife,3898,Music,t5_33y9d,1729699768.798901
121,r/clothpads,3897,Medical and Mental Health,t5_2whv3,1729699768.817334
122,r/LesbianDomsAndSubs,3897,"Celebrating our favorite lesbian dominants and submissives! This group is only for XX chromosome people. If you post spam, have an OF (or similar) account, or engage in FinDom then you will be permanently banned.",t5_743yn6,1729699768.836034
123,r/Loveandhiphop,3897,Television,t5_ir0wl,1729699768.8545191
124,r/mostgilded,3897,Meta/Reddit,t5_2xelv,1729699768.873237
125,r/OttawaBuySell,3897,Marketplace and Deals,t5_2sj8j,1729699768.891988
126,r/ThisCountry,3897,Television,t5_3jacw,1729699768.911735
127,r/idealparentfigures,3896,Medical and Mental Health,t5_6jpb55,1729699768.93028
128,r/ImaginaryTrolls,3896,Trolls in any shape or form,t5_2y0n8,1729699768.9487958
129,r/ItsPortalTimeDude,3896,Television,t5_bhmsur,1729699768.9674938
130,r/modelrocketry,3896,Welcome to modelrocketry,t5_2qk7c,1729699768.986057
131,r/PrimevalEvilShatters,3896,Podcasts and Streamers,t5_4om1wt,1729699769.00493
132,r/SeekingBrotherHusband,3896,"TLC is truly the oasis for shows about polygamy. From Sister Wives to Seeking Sister Wives, the network has no lack of shows about men with multiple spouses. However, the network’s latest polygamy-themed offering is about to turn everything around: get ready for Seeking Brother Husband!",t5_7qjnlf,1729699769.023628
133,r/Toloka,3896,Technology,t5_3snvs6,1729699769.0421162
134,r/BlueBeetle,3895,Movies,t5_2yr41,1729699769.0604339
135,r/churchofthebrokengod,3895,Internet Culture and Memes,t5_116w5z,1729699769.078702
136,r/prakharkpravachan,3895,Podcasts and Streamers,t5_bhzn3j,1729699769.097034
137,r/TraegerGrills,3895,Food and Drink,t5_3gxik,1729699769.115436
138,r/DenonPrime,3894,Music,t5_htyvv,1729699769.1337972
139,r/Elyse,3894,Celebrity,t5_3bhp3,1729699769.1526568
140,r/girlsgottaeatsnark,3894,Podcasts and Streamers,t5_7444em,1729699769.170866
141,r/Hi_Waifu_chatbot_app,3894,Technology,t5_8gtw5n,1729699769.189578
142,r/LSATHelp,3894,Learning and Education,t5_2t8cn,1729699769.20845
143,r/Medals,3894,Military,t5_3551d,1729699769.227085
144,r/pastelaesthetic,3894,Art,t5_nq1qg,1729699769.24579
145,r/Premonition,3894,Religion and Spirituality,t5_396nr,1729699769.264888
146,r/BackpackHero,3893,Gaming,t5_611ta1,1729699769.2832482
147,r/LinksysVelop,3893,Technology,t5_wg9yd,1729699769.301839
148,r/MuskEX_CN,3893,Welcome to MuskEX_CN,t5_auprc3,1729699769.320467
149,r/silvaultramindsystem,3893,Religion and Spirituality,t5_4dggub,1729699769.339242
150,r/Sofia_Yunes,3893,"A place to share pictures, memes, fanart, and gifs/videos of Sofia Yunes.... Un lugar para compartir fotos, memes, fanart y gifs/videos de Sofia Yunes.",t5_6myww9,1729699769.357941
151,r/TheHangar,3893,Marketplace and Deals,t5_39zxu,1729699769.378332
152,r/bbl_world2,3892,Pretty is still a requirement 😭,t5_8o18vh,1729699769.397171
153,r/DJIMavicAir2,3892,Technology,t5_2kv1uj,1729699769.415869
154,r/minimalism_music,3892,Music,t5_2tlca,1729699769.434401
155,r/Oshkosh,3892,Place,t5_2se26,1729699769.453393
156,r/CouchConcerts,3891,Music,t5_2k25g9,1729699769.472065
157,r/dadditchefs,3891,Food and Drink,t5_6yhwiw,1729699769.4907148
158,r/NandeKokoNiSenseiGa,3891,Mature Themes and Adult Content,t5_p2lzs,1729699769.5094469
159,r/OooIsBeautiful,3891,A place to share your favourite shots and stills from Adventure Time!,t5_380wv,1729699769.528358
160,r/PinePhoneOfficial,3891,Technology,t5_2k997c,1729699769.546845
161,r/BambiLesbians,3890,Gender,t5_23894j,1729699769.565578
162,r/bloodydisgusting,3890,Movies,t5_3ehl9,1729699769.584126
163,r/FlamboyantGamine,3890,Fashion,t5_2zx7y0,1729699769.6021361
164,r/PeetPile,3890,Animals and Pets,t5_bxvi60,1729699769.620102
165,r/thedumbzone,3890,Podcasts and Streamers,t5_8yf8id,1729699769.6382651
166,r/artstation,3889,Art,t5_37vxy,1729699769.656499
167,r/AugustSmartLock,3889,Technology,t5_34nxp,1729699769.67491
168,r/Carcharodons40k,3889,Tabletop Games,t5_32ovjj,1729699769.69373
169,r/KundaliniAwakening,3889,Religion and Spirituality,t5_2zeyq,1729699769.712214
170,r/AdultDreamlightValley,3888,Gaming,t5_97ow13,1729699769.730525
171,r/AnimalAdvice,3888,Animals and Pets,t5_2s7tp,1729699769.7488692
172,r/debridmediamanager,3888,Technology,t5_86tqrb,1729699769.7678442
173,r/phigrosGame,3888,Gaming,t5_3qflm6,1729699769.786656
174,r/stoneroses,3888,Music,t5_2t01h,1729699769.8052878
175,r/wolfvsgoat,3888,Fashion,t5_31d7o,1729699769.82416
176,r/ashleycarnduff,3887,Podcasts and Streamers,t5_6oe9zk,1729699769.844259
177,r/CatsWhoQuack,3887,Welcome to CatsWhoQuack,t5_128go0,1729699769.8624508
178,r/MOHAMMADRAjABWALI,3887,Celebrity,t5_2wljvk,1729699769.880888
179,r/TheDarkKnightRises,3887,Movies,t5_2sa7s,1729699769.8996081
180,r/D23Expo,3886,Movies,t5_3999t,1729699769.9184608
181,r/Idol,3886,Podcasts and Streamers,t5_2thu5,1729699769.9371588
182,r/mildhighclub,3886,Music,t5_3a1q3,1729699769.95593
183,r/2XLookbook,3885,Welcome to 2XLookbook,t5_2sqpm,1729699769.9746509
184,r/crystalclear,3885,Music,t5_37ce5,1729699769.9934778
185,r/foxfanclub,3885,Animals and Pets,t5_3zqb66,1729699770.012417
186,r/HumboldtSeedCompany,3885,Mature Themes and Adult Content,t5_4myr0e,1729699770.0309582
187,r/NASLSoccer,3885,Sports,t5_2tjhu,1729699770.049946
188,r/No_Ragrets,3885,"This subreddit is for bad tattoos only. Please post anything with irony, misspellings, or maybe just looks funny on a fat person.",t5_34jqa,1729699770.068574
189,r/OverwatchLore,3885,Gaming,t5_34k3k,1729699770.087533
190,r/4eDnD,3884,Tabletop Games,t5_2wd5u,1729699770.10614
191,r/MuayPro,3884,Sports,t5_3wfnnv,1729699770.12525
192,r/PaintedRocks,3884,Art,t5_3joa2,1729699770.143789
193,r/DNBONTHEBIKE,3883,Music,t5_5vltrh,1729699770.162184
194,r/GMMemes,3883,Internet Culture and Memes,t5_fiutp,1729699770.180305
195,r/Sausage,3883,Food and Drink,t5_2qm7b,1729699770.198498
196,r/vogelen,3883,Outdoors and Nature,t5_2jwmcj,1729699770.216888
197,r/angrybirdsepic,3882,Gaming,t5_3ebbv,1729699770.235862
198,r/gaydreamclub,3882,join discord: https://discord.gg/qqkkcSu8,t5_6to0jx,1729699770.254665
199,r/KillersoftheFlowerMoo,3882,Movies,t5_932qyk,1729699770.273094
200,r/multireddit,3882,Meta/Reddit,t5_2siik,1729699770.291496
201,r/PuntoGVIP,3882,Mature Themes and Adult Content,t5_9o1vx6,1729699770.311177
202,r/snail,3882,Animals and Pets,t5_32jey,1729699770.327672
203,r/TheRealKultInsiders,3882,Marketplace and Deals,t5_7yezgu,1729699770.344764
204,r/Pativalpati,3881,Celebrity,t5_24hovg,1729699770.362036
205,r/TwoDoorCinemaClub,3881,Music,t5_2t9q8,1729699770.3801181
206,r/BAMEVoicesUK,3880,"Culture, Race, and Ethnicity",t5_2a67tv,1729699770.397262
207,r/chromeapks,3880,"This subreddit explores the functionality of running Android applications on Chrome OS, Windows, OS X and Linux.",t5_33lso,1729699770.414795
208,r/CongressStockWatcher,3880,Disclosing and discussing trades done in Congress found on SenateStockWatcher.com or HouseStockWatcher.com,t5_4accb0,1729699770.432447
209,r/LifeRPG,3880,Gaming,t5_2v296,1729699770.449622
210,r/AncientMigrations,3879,"A place for all news and interesting findings related to ancient human human migrations, genetic genealogy and DNA ancestry.",t5_2w4yb,1729699770.46679
211,r/MoroccoPics,3879,Place,t5_34i94,1729699770.483933
212,r/Yamaha_R1,3879,Cars and Motor Vehicles,t5_3amve,1729699770.501049
213,r/CelebWivesNash2,3878,Celebrity,t5_cbbbj1,1729699770.518052
214,r/MontagneParfums,3878,Beauty and Makeup,t5_ajgcf8,1729699770.53602
215,r/beautiful,3877,Outdoors and Nature,t5_2qlrp,1729699770.5541089
216,r/ketoendurance,3877,Fitness and Nutrition,t5_3h2ri,1729699770.572345
217,r/LinkedInLudjaci,3877,Funny/Humor,t5_bl0r60,1729699770.59037
218,r/OurLifeFanPage,3877,Gaming,t5_3ggnzb,1729699770.608656
219,r/TestDriveUnlimited,3877,Gaming,t5_29j1uq,1729699770.6269472
220,r/Workhorse,3877,"Business, Economics, and Finance",t5_h12la,1729699770.6451788
221,r/72scale,3876,Hobbies,t5_37x6t,1729699770.663291
222,r/Doesthisexist,3876,Meta/Reddit,t5_2rvrq,1729699770.681847
223,r/SmallandOfficial,3876,Gaming,t5_45wdzw,1729699770.700354
224,r/atmosphericmetal,3875,Music,t5_2siph,1729699770.718849
225,r/bandainamco,3875,Gaming,t5_37o76,1729699770.737
226,r/carpenterbrut,3875,Music,t5_35w0p,1729699770.7568278
227,r/closetswap,3875,Marketplace and Deals,t5_2sc5a,1729699770.775237
228,r/HeavyRain,3875,Gaming,t5_2reaf,1729699770.793916
229,r/PandRgifs,3875,Television,t5_3dos2,1729699770.811824
230,r/steveirwin,3875,Celebrity,t5_2ul5z,1729699770.830024
231,r/Costcovegetarian,3874,Food and Drink,t5_3ugro7,1729699770.848226
232,r/fastpacking,3874,Outdoors and Nature,t5_32ml3,1729699770.866459
233,r/Incase_Art,3874,Mature Themes and Adult Content,t5_6xunmx,1729699770.884684
234,r/NetBSD,3874,Technology,t5_2rayq,1729699770.902177
235,r/NextOrder,3874,Gaming,t5_3e7ps,1729699770.919211
236,r/PraxisTube,3874,Politics,t5_23ga0g,1729699770.937688
237,r/skinks,3874,Animals and Pets,t5_2xpxp,1729699770.9549341
238,r/ToastPOS,3874,Careers,t5_4fnbph,1729699770.972128
239,r/ForestHills,3873,Place,t5_2zphu,1729699770.989376
240,r/MemesAsGaeilge,3873,Internet Culture and Memes,t5_2ourxe,1729699771.007781
241,r/posterdesign,3873,Reddit's community for poster design - recently made public again!,t5_2sdkx,1729699771.025105
242,r/2ndComingOfGluttony,3872,"Reading, Writing, and Literature",t5_2amr0r,1729699771.043096
243,r/HollandAmerica,3872,Travel,t5_3b7ktv,1729699771.061384
244,r/kegel,3872,Medical and Mental Health,t5_3bogm,1729699771.079575
245,r/spiritualabuse,3872,Religion and Spirituality,t5_3kewl,1729699771.096919
246,r/AmsterdamDanceEvent,3871,Music,t5_3fvzf,1729699771.114136
247,r/Coil,3871,Music,t5_2t64p,1729699771.1321468
248,r/bocconi,3870,Learning and Education,t5_2tr05,1729699771.150321
249,r/Drunkmemes,3870,Internet Culture and Memes,t5_3pxhf,1729699771.16857
