,subreddit,subscribers,topic,subreddit_id,time
0,r/LidlUS,3819,Marketplace and Deals,t5_3k6bw,1729699806.1348422
1,r/prelaw,3819,Learning and Education,t5_2ymr8,1729699806.158685
2,r/soundslikeacultpod,3819,Podcasts and Streamers,t5_6fkhsd,1729699806.177771
3,r/Bydgoszcz,3818,Place,t5_33fhe,1729699806.196843
4,r/CampAndHikeTexas,3818,Outdoors and Nature,t5_34ktj,1729699806.215837
5,r/doncaster,3818,Place,t5_2sguo,1729699806.2428648
6,r/FlipaClip,3818,Technology,t5_klhst,1729699806.261874
7,r/mixedmedia,3818,Art,t5_2ujzb,1729699806.280669
8,r/OSTvinyl,3818,Music,t5_im2j3,1729699806.29919
9,r/ultimaker,3818,Technology,t5_2txcg,1729699806.320856
10,r/EgyptTech,3817,Technology,t5_c7p8ll,1729699806.412391
11,r/flatpak,3817,Technology,t5_3k6jw,1729699806.431077
12,r/Pame_Pear,3817,Mature Themes and Adult Content,t5_85lk8q,1729699806.463321
13,r/FTMHysto,3816,Medical and Mental Health,t5_5bsp2k,1729699806.4822369
14,r/KingOfAvalon,3816,Gaming,t5_3i5xc,1729699806.501166
15,r/MarySkinnerSnark,3816,Podcasts and Streamers,t5_6gn7oz,1729699806.519444
16,r/OnePercentLifeProTips,3816,Life Pro Tips for the richest 1%.,t5_36ka8,1729699806.537405
17,r/PreciousMetalRefining,3816,Hobbies,t5_35llr,1729699806.555497
18,r/ScienceFantasyAwesome,3816,Hobbies,t5_3sra92,1729699806.5736582
19,r/anonymousgoals,3815,Anonymous Goals: Where all goals are created equal,t5_3lz7p,1729699806.591889
20,r/buddhistrecovery,3815,Addiction Support,t5_33snf,1729699806.6102169
21,r/kaceytron,3815,Podcasts and Streamers,t5_2z23r,1729699806.629175
22,r/MixandMasterAdvanced,3815,Music,t5_2nhpng,1729699806.647653
23,r/ROSHTEIN,3815,Mature Themes and Adult Content,t5_ie7sp,1729699806.666204
24,r/SkincareRehab,3815,Beauty and Makeup,t5_3hpko,1729699806.685057
25,r/spaceforce_,3815,Television,t5_utxag,1729699806.7035341
26,r/Thuma,3815,Home and Garden,t5_2bed2m,1729699806.7224371
27,r/AllThemWitches,3814,Music,t5_3d95x,1729699806.741045
28,r/CaucasianDreadlocks,3814,Beauty and Makeup,t5_9d54cz,1729699806.7597399
29,r/DeadLoch,3814,Television,t5_8igxj3,1729699806.778263
30,r/Everdell,3814,Tabletop Games,t5_2iap1v,1729699806.797062
31,r/mixedreality,3814,Technology,t5_306nu,1729699806.815446
32,r/homeandaway,3813,Television,t5_2ua6e,1729699806.833916
33,r/ImperialAgents_40K,3813,Tabletop Games,t5_8hmsxd,1729699806.852422
34,r/Shalltear,3813,Mature Themes and Adult Content,t5_12hvau,1729699806.871555
35,r/BiggerPockets,3812,BiggerPockets is a complete resource for anyone looking to succeed in real estate investing. Join us free at BiggerPockets.com,t5_5bl5tu,1729699806.890239
36,r/CombatCompilations,3812,Military,t5_absx69,1729699806.9088252
37,r/Happycryingeveryone,3812,Funny/Humor,t5_10s1m0,1729699806.927418
38,r/PowerElectronics,3812,Music,t5_2tp94,1729699806.946333
39,r/Vaporeon,3812,Art,t5_318es,1729699806.9648561
40,r/CSUC,3811,Learning and Education,t5_2spca,1729699806.983616
41,r/EnglishGrammar,3811,Science,t5_3h8sd,1729699807.002306
42,r/OuranHostClub,3811,Anime,t5_2x3hg,1729699807.020719
43,r/plantER,3811,Home and Garden,t5_uqzcm,1729699807.039497
44,r/ArlingtonVirginia,3810,Place,t5_31a2i,1729699807.0579321
45,r/BitcoinNO,3810,Alt om Bitcoin på norsk eller i Norge.,t5_2wt6r,1729699807.076318
46,r/BrawlStarsEsports,3810,Gaming,t5_6he21x,1729699807.094752
47,r/oldgames,3810,Gaming,t5_2r4xb,1729699807.1141062
48,r/Samantha_Fox,3810,Celebrity,t5_3qlz6v,1729699807.132607
49,r/SheffieldWednesday,3810,Sports,t5_2t233,1729699807.151238
50,r/thennnow,3810,Welcome to thennnow,t5_2t7fl,1729699807.1686358
51,r/FrugalShopping,3809,"Frugality is the mental approach we each take when considering our resource allocations. It includes time, money, convenience, and many other factors. This is the place to seek product requests, post shopping tips, and more!",t5_s3txp,1729699807.186903
52,r/MGTOWBan,3809,Activism,t5_44itb9,1729699807.20496
53,r/umpc,3809,Technology,t5_3g1um,1729699807.223089
54,r/ZenithWatches,3809,Fashion,t5_3aqqip,1729699807.241171
55,r/earthbagbuilding,3808,Home and Garden,t5_332rk,1729699807.259295
56,r/NickBabes,3808,Celebrity,t5_3lomif,1729699807.277361
57,r/NYPDcandidate,3808,Careers,t5_8ff0lz,1729699807.295441
58,r/TiktokTickling,3808,Mature Themes and Adult Content,t5_9utleb,1729699807.3133829
59,r/VocaTorrent,3808,Technology,t5_2w4rv,1729699807.3316832
60,r/bestofmumsnet,3807,Family and Relationships,t5_3e8jz,1729699807.350026
61,r/correlationcausation,3807,Science,t5_3c75m,1729699807.368412
62,r/organized,3807,Home and Garden,t5_2xxfr,1729699807.38693
63,r/amitheonlyone,3806,Meta/Reddit,t5_2qt50,1729699807.405206
64,r/Jevil,3806,I CAN DO ANYTHING!,t5_qxcyz,1729699807.4237618
65,r/manlybadasshero,3806,Podcasts and Streamers,t5_2hk195,1729699807.442795
66,r/prequellememes,3806,Internet Culture and Memes,t5_iptuf,1729699807.46167
67,r/audiovisual,3805,Technology,t5_2s54j,1729699807.4802701
68,r/ChrisTitusTech,3805,Podcasts and Streamers,t5_s8uz0,1729699807.499021
69,r/KatyaZamolodchikova,3805,Celebrity,t5_3h0am,1729699807.5178509
70,r/AlightMotion,3804,Technology,t5_25vfxq,1729699807.537524
71,r/CanonR5,3804,Technology,t5_2lyx9q,1729699807.557921
72,r/ClassicTV,3804,Television,t5_2tdfa,1729699807.5774589
73,r/foliage,3804,"Foliage, because /r/trees isn't about trees.",t5_2un9e,1729699807.597441
74,r/IdleSkilling,3804,Gaming,t5_rfgjk,1729699807.618558
75,r/theview,3804,Television,t5_394pz,1729699807.6405911
76,r/TrashTVGermany,3804,Television,t5_aaxbu9,1729699807.660801
77,r/HCLW,3803,Anime,t5_12byz7,1729699807.6809652
78,r/Playmobil,3803,Hobbies,t5_2sxzk,1729699807.700127
79,r/pawnstars,3802,Television,t5_2s5bg,1729699807.7199318
80,r/simplychristina87,3802,Celebrity,t5_4snhgc,1729699807.738977
81,r/BrittBakerDMD,3801,Celebrity,t5_3aihmr,1729699807.758087
82,r/Jasmine_Tookes,3801,Welcome to the community dedicated to all things for VS Angel Jasmine Tookes.,t5_3e8k4,1729699807.77686
83,r/JimmyCarterForScale,3801,History,t5_biv4r6,1729699807.79583
84,r/NottaGlamawSnark,3801,Celebrity,t5_9kktfp,1729699807.814829
85,r/Prince_Albert,3801,Travel,t5_2ti1h,1729699807.834198
86,r/90smovies,3800,Movies,t5_312bg,1729699807.8532438
87,r/CDpantyhose,3800,"Place to show off your legs in pantyhose, nylons and tights",t5_68gwxi,1729699807.872499
88,r/donnadadondadaa,3800,Welcome to donnadadondadaa,t5_8v69wr,1729699807.891127
89,r/SonofaBoyDad,3800,Podcasts and Streamers,t5_4no5h9,1729699807.910174
90,r/TheDiplomat,3800,Television,t5_86lfpn,1729699807.928797
91,r/DCdump,3799,"Have something you want to sell or get rid of? DUMP IT! Put your item on DCdump and you may just find someone willing to take it off of your hands. It never hurts to have more than one avenue to sell something, so we hope this helps!",t5_2u5hj,1729699807.947822
92,r/GiveMe40Days,3799,Welcome to GiveMe40Days,t5_2skxv,1729699807.966397
93,r/Lacey,3799,Place,t5_30m40,1729699807.985152
94,r/Hellfest,3798,Music,t5_34j7v,1729699808.003818
95,r/Nederland,3798,Place,t5_4vlokb,1729699808.021291
96,r/SenpaiGaUrusai,3798,Anime,t5_ksqah,1729699808.0387478
97,r/Abilene,3797,Place,t5_2wezb,1729699808.0562491
98,r/PaganVeiling,3797,Religion and Spirituality,t5_248tzf,1729699808.075577
99,r/Renue,3797,Medical and Mental Health,t5_5w28yx,1729699808.094605
100,r/MomazosBeelce1,3796,Podcasts and Streamers,t5_95fbhr,1729699808.112829
101,r/mspaintflags,3796,Funny/Humor,t5_km2hu,1729699808.131061
102,r/plotagraph,3796,Art,t5_3m7pv,1729699808.149428
103,r/CallOfDutyMemes,3795,Internet Culture and Memes,t5_2xkcf,1729699808.167547
104,r/FIFACareer,3795,Gaming,t5_332b9,1729699808.185863
105,r/motheroflearning,3795,"Reading, Writing, and Literature",t5_3gvwp,1729699808.204044
106,r/PuneClassifieds,3795,Marketplace and Deals,t5_6g3hh4,1729699808.222236
107,r/themenzingers,3795,Music,t5_2wgdb,1729699808.240535
108,r/truths,3795,Internet Culture and Memes,t5_50x5c0,1729699808.258913
109,r/AskAnime,3794,Anime,t5_2vir9,1729699808.277138
110,r/CommunityColleges,3794,Learning and Education,t5_3jlh5,1729699808.295404
111,r/HardFlaccidSyndrome,3794,"[Official source of Hard Flaccid Syndrome.] Dedicated to trustworthy insights, outlooks, and information.",t5_6ipolc,1729699808.313932
112,r/electronicdancemusic,3793,Music that makes you want to dance that happens to be electronic,t5_2shv5,1729699808.332384
113,r/GreenTileLeaks,3793,Music,t5_4jmrc5,1729699808.3507872
114,r/MattShea,3793,A place for MattShea related things.,t5_2zcwa,1729699808.369138
115,r/TruckDispatchers,3793,Careers,t5_41hkpl,1729699808.387617
116,r/HerthaBSC,3792,Sports,t5_2t5jh,1729699808.404907
117,r/MarketingDigitalBlack,3792,"Business, Economics, and Finance",t5_850d54,1729699808.422077
118,r/NakedPastor,3792,Religion and Spirituality,t5_3fwg0x,1729699808.439347
119,r/PoorAzula,3792,Television,t5_4knduh,1729699808.4565492
120,r/TankieJerk2,3792,Politics,t5_4khtar,1729699808.47395
121,r/TheofficeSWM,3792,Gaming,t5_5k2hgz,1729699808.4912362
122,r/wakingUp,3792,Religion and Spirituality,t5_30p6k,1729699808.509342
123,r/Bashar_Essassani,3791,Religion and Spirituality,t5_3sgd75,1729699808.527512
124,r/birdmemes,3791,Internet Culture and Memes,t5_2tmkl,1729699808.547452
125,r/hwforcashp,3791,"r/hwforcashp is an subreddit that welcomes students of all levels to deepen their learning experience. We believe all students should have access to high quality tutors, regardless of their time, location, or budget constraints. join discord Server https://discord.com/invite/eMf46vF7pW",t5_9y9o4s,1729699808.56572
126,r/MinecraftSwitch,3791,Gaming,t5_3ii65,1729699808.584172
127,r/thewritespace,3791,"Reading, Writing, and Literature",t5_2tsv1s,1729699808.6024141
128,r/WriteStreakJP,3791,Learning and Education,t5_3g82qp,1729699808.620679
129,r/Cynthoni,3790,Music,t5_bhbfhn,1729699808.63885
130,r/EOSDev,3790,Programming,t5_3lnof,1729699808.656992
131,r/gooby,3790,All things Gooby,t5_2tq2b,1729699808.674748
132,r/iomtt,3790,Sports,t5_2x4kw,1729699808.692941
133,r/rocketleaguetrades,3790,Your single destination for Rocket League Content Trading!,t5_3exxy,1729699808.7112541
134,r/ArmoredCoreEmblems,3789,Gaming,t5_96b6pg,1729699808.729621
135,r/filtersweep,3789,Music,t5_25wnxg,1729699808.748065
136,r/SportsBettingandDFS,3789,Sports,t5_3xu425,1729699808.766311
137,r/BFDImemes,3788,Podcasts and Streamers,t5_zoori,1729699808.7843578
138,r/HannibalFanfiction,3788,"Reading, Writing, and Literature",t5_2px38j,1729699808.8026052
139,r/JourneysInMiddleEarth,3788,Tabletop Games,t5_uhvo3,1729699808.820682
140,r/MilleniumMachines,3788,Hobbies,t5_314ybi,1729699808.838954
141,r/azunyan,3787,Anime,t5_2t9ae,1729699808.857246
142,r/DeLand,3787,Place,t5_2sikj,1729699808.875444
143,r/financeonloans,3787,"Business, Economics, and Finance",t5_bbo3ch,1729699808.894154
144,r/melatonin,3787,Medical and Mental Health,t5_2vny2,1729699808.9122078
145,r/RealHousewivesofATL,3787,Television,t5_2lkt4f,1729699808.929337
146,r/Salinas,3787,Place,t5_2ui96,1729699808.946382
147,r/tirzepatidehelp,3787,Fitness and Nutrition,t5_clbd6t,1729699808.96367
148,r/uncommonwords,3787,This sub is for any words that are uncommon. Ideally they should be funny/interesting.,t5_3azebj,1729699808.9811149
149,r/blackpool,3786,Place,t5_2qyt8,1729699809.000431
150,r/CivIV,3786,Gaming,t5_2w7xx,1729699809.018427
151,r/NormalDayInSweden,3786,Just what you'd expect on a normal day in Sweden.,t5_3dexf,1729699809.0357308
152,r/RodeoStampede,3786,Gaming,t5_3f7wl,1729699809.053144
153,r/VirtualBoy,3786,Gaming,t5_2suzk,1729699809.071429
154,r/WriteStreakRU,3786,"Reading, Writing, and Literature",t5_3g997l,1729699809.089776
155,r/anvilempires,3785,Gaming,t5_5dru7d,1729699809.1078532
156,r/katespade,3785,Fashion,t5_35ds8,1729699809.12606
157,r/Vesteria,3785,Gaming,t5_p7omr,1729699809.1438851
158,r/Amateurartists,3784,Art,t5_3042y,1729699809.162085
159,r/ChroniclesOfElyria,3784,Gaming,t5_35ag3,1729699809.179488
160,r/graphics,3784,Art,t5_2qhcj,1729699809.1969311
161,r/Particl,3784,Crypto,t5_3ilzr,1729699809.2153862
162,r/Rapamycin,3784,Medical and Mental Health,t5_2bntzb,1729699809.233642
163,r/XdinaryHeroes,3784,Music,t5_59lnwo,1729699809.2519271
164,r/AbSoul,3783,Music,t5_342f9,1729699809.270098
165,r/DirtyHeads,3783,Music,t5_2twyn,1729699809.2884119
166,r/McCreeMains,3783,Gaming,t5_3dyrk,1729699809.306644
167,r/sesamestreet,3783,Television,t5_2sjsk,1729699809.3249311
168,r/Shincheonji,3783,Religion and Spirituality,t5_21uxsq,1729699809.343117
169,r/unrealshaders,3783,A community based on sharing unreal engine shaders in a practical and concise way.,t5_p6ylk,1729699809.3612502
170,r/BeginnerGuitar,3782,Learning and Education,t5_30mxv,1729699809.3795352
171,r/SmallBusinessSellers,3782,Hello this subreddit is created for all those people that make and want to sell things online. I encourage everyone to show off their arts and crafts and post them here for others to see and buy!,t5_35yl7,1729699809.397825
172,r/videozeugs,3782,Mature Themes and Adult Content,t5_42ov1d,1729699809.415921
173,r/AmazingCultivationSim,3781,Gaming,t5_2bxc2q,1729699809.43412
174,r/ArtOnPsychedelics,3781,Art,t5_48e145,1729699809.4538949
175,r/Durhamu,3781,Learning and Education,t5_2si68,1729699809.472258
176,r/ErikaBellaX,3781,Mature Themes and Adult Content,t5_6hf1gz,1729699809.490506
177,r/Lemmy,3781,Technology,t5_53b7ah,1729699809.5088909
178,r/mogwai,3781,Music,t5_2tj1c,1729699809.527384
179,r/note8,3781,Subreddit for the Samsung Galaxy Note8,t5_391dw,1729699809.545811
180,r/pinknosedcats,3781,Animals and Pets,t5_md70y,1729699809.5641868
181,r/Tehachapi,3781,"A place to discuss everything about Tehachapi, CA.",t5_2wprw,1729699809.582608
182,r/Lodge49,3780,Religion and Spirituality,t5_39r21,1729699809.601105
183,r/MinersHaven,3780,Gaming,t5_38ucc,1729699809.619751
184,r/ProEra,3780,Music,t5_2vvbp,1729699809.63814
185,r/VAGardening,3780,Home and Garden,t5_3nsxy3,1729699809.656944
186,r/franzferdinand,3779,Music,t5_2r0fe,1729699809.675607
187,r/NewCubes,3779,Hobbies,t5_2zngwa,1729699809.694177
188,r/PhoenixTheBand,3779,Music,t5_35w32,1729699809.71262
189,r/AmericanDadApocalypse,3778,Gaming,t5_250msu,1729699809.731116
190,r/bazarr,3778,Technology,t5_w811i,1729699809.749532
191,r/CandaceOwens,3778,Politics,t5_ln077,1729699809.768023
192,r/figures,3778,Hobbies,t5_2s8ab,1729699809.786896
193,r/FranchiseHockey,3778,Gaming,t5_32841,1729699809.8059509
194,r/trans_sapphic,3778,Gender,t5_6y9cke,1729699809.8248372
195,r/GoBearcats,3777,Sports,t5_3hpxj,1729699809.8436968
196,r/tomclancy,3777,"Reading, Writing, and Literature",t5_2t6ef,1729699809.862274
197,r/AeronauticaImperialis,3776,Tabletop Games,t5_34f98,1729699809.881092
198,r/GracePark,3776,Celebrity,t5_2v5ha,1729699809.900206
199,r/Christchurch_NZ,3775,Place,t5_3zxeja,1729699809.920497
200,r/imagesofthe1980s,3775,Welcome to imagesofthe1980s,t5_3a776,1729699809.939389
201,r/packinglists,3775,"Who doesn't love geeking out over packing lists? The packing lists here are mostly travel-oriented. Do you have a list, or have you run across one? Awesome! Submit it here! Self posts, links to websites or blogs, video packing lists, and images of the gear you or others have packed are all welcome.",t5_313q6,1729699809.957886
202,r/unm,3775,Learning and Education,t5_2rj5g,1729699809.9757671
203,r/Computer_Memories,3774,A subreddit about computers!,t5_6yigqx,1729699810.0045922
204,r/EmoGothStyle,3774,Fashion,t5_cc1cdj,1729699810.0228128
205,r/protest_the_hero,3774,Music,t5_2sfum,1729699810.0409799
206,r/PS4SupportPage,3774,Gaming,t5_3jd4w,1729699810.060013
207,r/TheExpanseBooks,3774,"Reading, Writing, and Literature",t5_39fos,1729699810.0786428
208,r/bellator,3773,Sports,t5_2wgm5,1729699810.0977159
209,r/GreenLanternCorps,3773,Television,t5_2sb2j,1729699810.1166239
210,r/ImaginaryCanyons,3773,ImaginaryCanyons [](/imtrackinglink),t5_2z8lc,1729699810.135442
211,r/jablinski,3772,Podcasts and Streamers,t5_tcrff,1729699810.154027
212,r/TheChangelingTVShow,3772,Television,t5_932ipq,1729699810.172467
213,r/therapydogs,3772,Animals and Pets,t5_3a4tt,1729699810.190783
214,r/yeonwoo,3772,Celebrity,t5_fxzub,1729699810.209116
215,r/bsv,3771,Crypto,t5_nj6ae,1729699810.2275221
216,r/Joe_Millionaire,3771,Television,t5_5dd5xl,1729699810.246336
217,r/OfficePolitics,3771,Careers,t5_2swj4,1729699810.264833
218,r/thank_mr_skeltal,3771,thank mr skeltal,t5_32loo,1729699810.28322
219,r/wodoio,3771,Subreddit for Wodo.network platform,t5_5gtf67,1729699810.301337
220,r/Zowie,3771,Technology,t5_2xjlv,1729699810.31954
221,r/DatingAfterTwenty,3770,Family and Relationships,t5_7bh562,1729699810.337782
222,r/ImaginaryVolcanoes,3770,ImaginaryVolcanoes [](/imtrackinglink),t5_2z8mk,1729699810.3561962
223,r/NopeIReadThatRight,3770,"Had to double take on a statement and then realise, nope I read that right.",t5_28zsnx,1729699810.374665
224,r/Part4memes,3770,Internet Culture and Memes,t5_264kba,1729699810.570709
225,r/sampling,3770,Music,t5_2skwo,1729699810.710857
226,r/TimePrincess,3770,Gaming,t5_4k1396,1729699810.732338
227,r/whips,3770,Hobbies,t5_2sftx,1729699810.751171
228,r/WilburSootARG,3770,Podcasts and Streamers,t5_3ava30,1729699810.770266
229,r/DinoToys,3769,Hobbies,t5_378lv,1729699810.7892349
230,r/JerryOfTheDay,3769,Sports,t5_3is41,1729699810.8160808
231,r/BadTranslations,3768,Funny/Humor,t5_2y61u,1729699810.834919
232,r/GlassNegativeEra,3768,History,t5_42ji2p,1729699810.853527
233,r/ItPlaysBadApple,3768,Technology,t5_3vw9id,1729699810.871886
234,r/MXC,3768,Television,t5_2tcpz,1729699810.8912818
235,r/OrchestraMemes,3768,For all your music meme needs and wants.,t5_vytij,1729699810.974962
236,r/shandaVanderArk,3768,Law,t5_akc0ee,1729699811.003207
237,r/WGU_Military,3768,Learning and Education,t5_gnd9a,1729699811.034401
238,r/David,3767,Internet Culture and Memes,t5_2qigl,1729699811.052659
239,r/FlyQuest,3767,Gaming,t5_3ibkm,1729699811.070771
240,r/ImaginaryScars,3767,Art,t5_2ogifs,1729699811.089012
241,r/Plugplay,3767,Mature Themes and Adult Content,t5_2jwkgp,1729699811.10708
242,r/WeOwnThisCity,3767,"Premieres April 25 on HBO. Based on the book by Baltimore Sun reporter Justin Fenton, We Own This City is a six-hour limited series chronicling the rise and fall of the Baltimore Police Department's Gun Trace Task Force — and the corruption and moral collapse that befell an American city in which the policies of drug prohibition and mass arrest were championed at the expense of actual police work",t5_51o3dm,1729699811.1266859
243,r/bondha_diaries,3766,"Reading, Writing, and Literature",t5_5k1ku0,1729699811.147434
244,r/Epomaker,3766,Technology,t5_36uf92,1729699811.1661062
245,r/KozyrevMirrors,3766,Hobbies,t5_8k3tj7,1729699811.1845171
246,r/NBAanalytics,3766,Sports,t5_2vrl5,1729699811.202699
247,r/NotAgainBrad,3766,Funny/Humor,t5_2m7k59,1729699811.220932
248,r/taylortomlinson,3766,Mature Themes and Adult Content,t5_2mk8kb,1729699811.239349
249,r/ThailandPics,3766,A subreddit dedicated to photographs of The Kingdom of Thailand! Member of the /r/NationalPhotoSubs network.,t5_34i7n,1729699811.257546
