,subreddit,subscribers,topic,subreddit_id,time
0,r/linkdies,3415,Gaming,t5_nq89r,1729699964.0215402
1,r/Madagascar,3415,Place,t5_2r2qe,1729699964.0429828
2,r/Aptos,3414,Crypto,t5_394nk,1729699964.061354
3,r/Biomechanics,3414,Careers,t5_2tupw,1729699964.079743
4,r/dairyfarming,3414,Careers,t5_2rnle,1729699964.098874
5,r/surfpics,3414,Sports,t5_3k4v6,1729699964.127703
6,r/trese,3414,Anime,t5_2t7ef,1729699964.154648
7,r/deepsea,3413,"A subreddit to discuss the deep sea. Links or pictures about discoveries, inventions, developments are all welcome, however this is not a typical /r/pics type subreddit.",t5_2si3r,1729699964.20331
8,r/CleanSpark,3412,"Business, Economics, and Finance",t5_35skn7,1729699964.224204
9,r/BanCongressTrading,3411,"A subreddit with two purposes: 1) Demonstrating support for increased regulation around financial dealings by our elected officials. 2) Bringing increased accountability to these elected officials in the meantime, through analysis of their stock transactions.",t5_5z37zr,1729699964.245742
10,r/Falloutdadjokes,3411,Why does Skyrim get all the good Dad Jokes?,t5_38tec,1729699964.329302
11,r/redheeler,3411,Animals and Pets,t5_3h356,1729699964.349479
12,r/SB737,3411,Podcasts and Streamers,t5_12f3w9,1729699964.368854
13,r/tampajobs,3411,Careers,t5_2tcbu,1729699964.388248
14,r/TheUniversim,3411,Gaming,t5_2yi3f,1729699964.407157
15,r/Brewstew,3410,Podcasts and Streamers,t5_2wtmv,1729699964.426954
16,r/customerexperience,3410,"Business, Economics, and Finance",t5_2tkdz,1729699964.446281
17,r/EA_FIFA,3410,Gaming,t5_2uh1s,1729699964.4654589
18,r/InconvenienceStore,3410,Internet Culture and Memes,t5_2plre8,1729699964.484315
19,r/intelmao,3410,Technology,t5_3da3i,1729699964.503447
20,r/nashua,3410,Place,t5_2rq99,1729699964.521844
21,r/nodogsinspace,3410,Podcasts and Streamers,t5_2diel1,1729699964.5408692
22,r/Rogue,3410,"Reading, Writing, and Literature",t5_2suju,1729699964.55984
23,r/Saturn_Cars,3410,Cars and Motor Vehicles,t5_2z0zd,1729699964.57875
24,r/SingularityNetwork,3410,"The Singularity Network subreddit is an umbrella group, devoted to increasing and popularizing awareness of the greatest event mankind will experience. Uniting the technology, space, Singularity, post-humanity, and Futurology subreddits, we hope to exponentially increase the influence and power of our presence on Reddit, welcoming our new robot overlords, ultimately seeking to incur a friendly, intended, and controlled Singularity.",t5_2u6db,1729699964.5976179
25,r/Solving41818,3410,This is dedicated to solving the mystery behind the creepy voicemail that was posted by Ty on Twitter,t5_gzoj5,1729699964.616658
26,r/StoryIdeas,3410,"Reading, Writing, and Literature",t5_2tc3k,1729699964.635208
27,r/versus,3410,Anime,t5_2qvk0,1729699964.653582
28,r/CYOA_stories,3409,"Reading, Writing, and Literature",t5_goxp7,1729699964.672446
29,r/MeAndMyShadow,3409,Mature Themes and Adult Content,t5_27mgzv,1729699964.6910138
30,r/MusicProductionMemes,3409,Internet Culture and Memes,t5_xlhtw,1729699964.709404
31,r/PodcastAddict,3409,Technology,t5_xzu0w,1729699964.727968
32,r/Schooladvice,3409,Learning and Education,t5_32zm7,1729699964.746669
33,r/CaribbeanFood,3408,Food and Drink,t5_3frue,1729699964.768348
34,r/CatsGagging,3407,A place to post cats gagging,t5_10jv09,1729699964.787162
35,r/ProductViz,3407,Technology,t5_2j8akd,1729699964.8066869
36,r/RubiRoseGooners,3407,Welcome to RubiRoseGooners,t5_c3fd7y,1729699964.8255832
37,r/SpiritsUnleashed,3407,Gaming,t5_61kvgc,1729699964.844905
38,r/taskernet,3407,Programming,t5_10mft3,1729699964.8639302
39,r/veganscience,3407,A place for vegans to discuss their lifestyle free from pseudoscience and to debunk nutrition myths.,t5_31dm3,1729699964.883122
40,r/DynastyIdiots,3406,Sports,t5_4xidvq,1729699964.902004
41,r/hypnotherapy,3406,Medical and Mental Health,t5_2rawc,1729699964.920764
42,r/MiloMurphysLaw,3406,Television,t5_3cqfk,1729699964.9399302
43,r/anasoclash1,3405,Mature Themes and Adult Content,t5_94f1p6,1729699964.959095
44,r/BobLennon,3405,Podcasts and Streamers,t5_2xyrr,1729699964.9778602
45,r/CupboardDetective,3405,Food and Drink,t5_aoxayp,1729699964.996407
46,r/hoya,3405,Home and Garden,t5_33jun,1729699965.0152268
47,r/LatinLanguage,3405,Learning and Education,t5_xgiww,1729699965.036771
48,r/ThePriceIsRight,3405,Television,t5_2s3hn,1729699965.057353
49,r/wildhorses,3405,Animals and Pets,t5_2zp0t,1729699965.0794082
50,r/coleus,3404,Home and Garden,t5_2x5cb,1729699965.099186
51,r/eff,3404,Technology,t5_2rju3,1729699965.117933
52,r/hondainsight,3404,Cars and Motor Vehicles,t5_30i64,1729699965.136682
53,r/newburgh,3404,Place,t5_2trmr,1729699965.1552498
54,r/pctroubleshooting,3404,Technology,t5_2z9nq,1729699965.174012
55,r/agitation,3403,Welcome to agitation,t5_2t8yu,1729699965.192517
56,r/B5Audi,3403,Cars and Motor Vehicles,t5_3g7zb,1729699965.210978
57,r/FullEpsOfRegularShow,3403,Television,t5_8jynep,1729699965.23068
58,r/Lamenters,3403,Tabletop Games,t5_30bwzp,1729699965.249771
59,r/Paintedtoenailmale,3403,Beauty and Makeup,t5_34k9mu,1729699965.268384
60,r/Real,3403,Internet Culture and Memes,t5_2qp05,1729699965.287198
61,r/bassclarinet,3402,Music,t5_2t5fb,1729699965.305911
62,r/pdftextbooks,3402,Learning and Education,t5_8jd1oc,1729699965.3244128
63,r/Salojin,3402,The posts of Salojin in /r/WritingPrompts,t5_3g37m,1729699965.342984
64,r/exsaudi,3401,Religion and Spirituality,t5_69anii,1729699965.3618839
65,r/geotracker,3401,Cars and Motor Vehicles,t5_2u29x,1729699965.380754
66,r/BoscoMornings,3400,A sub dedicated to cats that you befriend in your neighborhood or city!,t5_pr08y,1729699965.3992891
67,r/DadsGaming,3400,Gaming,t5_32bw1,1729699965.41819
68,r/ragbrai,3400,Hobbies,t5_2rvfj,1729699965.437116
69,r/sierravista,3400,Place,t5_2thli,1729699965.45574
70,r/typedesign,3400,Art,t5_2vc5x,1729699965.474417
71,r/ClothedSmoothPits,3399,Mature Themes and Adult Content,t5_5acpsg,1729699965.492873
72,r/cyclebar,3399,Fitness and Nutrition,t5_234xs3,1729699965.5115662
73,r/MichaelMyersMasks,3399,Art,t5_134v06,1729699965.530522
74,r/Skyforce,3399,Gaming,t5_33kck,1729699965.549109
75,r/thqtty,3399,Celebrity,t5_5lbtzy,1729699965.568117
76,r/CaveDiving,3398,"Cave Diving related articles, photos, videos, etc...",t5_2yli7,1729699965.58725
77,r/SofieDossiGoneWild,3398,Mature Themes and Adult Content,t5_7v3gnz,1729699965.606155
78,r/polishfunny,3397,Internet Culture and Memes,t5_xjnwk,1729699965.625042
79,r/RandomActsOfCrafts,3397,Crafts and DIY,t5_2yj5y,1729699965.643975
80,r/StokeCityFC,3397,Sports,t5_2sbum,1729699965.6630259
81,r/Vindicta4all,3397,Beauty and Makeup,t5_45f4tt,1729699965.6822872
82,r/amarantavpp,3396,Welcome to amarantavpp,t5_a1jeoq,1729699965.70191
83,r/Cointracker,3396,Crypto,t5_gyb73,1729699965.7207859
84,r/Composites,3396,Crafts and DIY,t5_2tcxu,1729699965.739886
85,r/disneyphotography,3396,Place,t5_2wlsm,1729699965.7590861
86,r/LukeBelmar,3396,"Business, Economics, and Finance",t5_6vffs2,1729699965.778195
87,r/BoycottIsrael,3395,Politics,t5_98xf2a,1729699965.7972
88,r/FOAMed911,3395,Medical and Mental Health,t5_8um4g4,1729699965.8161018
89,r/LifeHacker,3395,Learning and Education,t5_2qje1,1729699965.835029
90,r/NeedThisToday,3395,Internet Culture and Memes,t5_by6kyh,1729699965.858271
91,r/taewworld,3395,Mature Themes and Adult Content,t5_452kc0,1729699965.877165
92,r/USCellular,3395,Technology,t5_2t5rw,1729699965.895626
93,r/campsnapcamera,3394,Technology,t5_9k5fy9,1729699965.9142091
94,r/Gunnit,3394,Welcome to Gunnit,t5_2s0e3,1729699965.933014
95,r/kalyan_dombivli,3394,Place,t5_273rti,1729699965.9517388
96,r/LinguisticsMemes,3394,Internet Culture and Memes,t5_q9sfs,1729699965.9704478
97,r/RipeStories,3394,Podcasts and Streamers,t5_11gbld,1729699965.989136
98,r/studydotcom,3394,Learning and Education,t5_6eiw88,1729699966.007848
99,r/Trebel,3394,Music,t5_25hb85,1729699966.0264478
100,r/worldpolitics2,3394,Politics,t5_2n4b2s,1729699966.044812
101,r/ZhuYuanMains,3394,Gaming,t5_b4gp22,1729699966.063861
102,r/100sets,3393,"Embrace the challenge to overcome social anxiety and enhance your dating competency here at the 100 Sets Subreddit. Our mission revolves around utilizing consistent, step-by-step social interaction strategies (or ""sets"") to build confidence and improve your social and dating skills. We particularly encourage beginners or those less experienced in the dating scene to embark on the journey of 100 sets. This involves engaging in 100 distinct social interactions with strangers, fostering personal",t5_2spw3,1729699966.082766
103,r/failuretolaunch,3393,Medical and Mental Health,t5_2se2q,1729699966.101422
104,r/grimfandango,3393,Gaming,t5_2smwq,1729699966.120221
105,r/USOS,3393,Internet Culture and Memes,t5_35jx6,1729699966.464448
106,r/AnimeGirlsRaceQueens,3392,Anime,t5_7emuin,1729699966.486804
107,r/heos,3392,Technology,t5_38roh,1729699966.505834
108,r/LifetimeLittleWomen,3392,Television,t5_3c98u,1729699966.524703
109,r/Listenbourg,3392,Internet Culture and Memes,t5_7ammej,1729699966.543347
110,r/lolitaaliya,3392,Lolita Aliya 👉 r/EastAfricanGirl,t5_3ddlbq,1729699966.570865
111,r/glitches,3391,Gaming,t5_2sz4r,1729699966.589764
112,r/hostels,3391,Travel,t5_2r0iz,1729699966.608465
113,r/luckybamboo,3391,Home and Garden,t5_30ftx,1729699966.627908
114,r/PokemonGoPittsburgh,3391,Gaming,t5_3fc69,1729699966.646843
115,r/suburban,3391,Cars and Motor Vehicles,t5_35gxl,1729699966.666174
116,r/breakinglayoffs,3390,"Business, Economics, and Finance",t5_6qo0pp,1729699966.732259
117,r/colorstreet,3390,Beauty and Makeup,t5_hil54,1729699966.7496362
118,r/KatSticklerr,3390,Mature Themes and Adult Content,t5_87b26m,1729699966.767908
119,r/PinoyDramarama,3390,Internet Culture and Memes,t5_3kcpt,1729699966.78628
120,r/scenery,3390,Outdoors and Nature,t5_2rap8,1729699966.804505
121,r/TheThinkingFox,3390,"Reading, Writing, and Literature",t5_100uqq,1729699966.821721
122,r/ClosedTerrariums,3389,Crafts and DIY,t5_49s20p,1729699966.838906
123,r/ergodex,3389,Crypto,t5_4hxtcj,1729699966.85609
124,r/FilmIndustryYVR,3389,Careers,t5_2i2o4g,1729699966.873834
125,r/ICanDrawThatFurry,3389,Art,t5_4z57ik,1729699966.891973
126,r/indianactressss,3389,Welcome to indianactressss,t5_ayljic,1729699966.9102972
127,r/onegoodsentence,3388,"Reading, Writing, and Literature",t5_333ts,1729699966.92844
128,r/OnlyOneOf,3388,Music,t5_13307c,1729699966.9461
129,r/AnimeBikerBabes,3387,Anime,t5_7ez1gg,1729699966.964531
130,r/EHM,3387,Gaming,t5_2un4p,1729699966.982848
131,r/EncounterPlus,3387,Tabletop Games,t5_1138gj,1729699967.0012171
132,r/MUSIC_SHARE,3387,Music,t5_3eyv5,1729699967.019126
133,r/placeAtlas,3386,Meta/Reddit,t5_3juk8,1729699967.036063
134,r/unexpecteddankpods,3386,Meta/Reddit,t5_2rc4ik,1729699967.0546718
135,r/WoodenPotatoes,3386,Podcasts and Streamers,t5_34l7g,1729699967.076023
136,r/FireTrucks,3385,Cars and Motor Vehicles,t5_2zj45,1729699967.094167
137,r/kiacarnivals,3385,Cars and Motor Vehicles,t5_4iuhyl,1729699967.112484
138,r/MrDitkovichMemes,3385,Celebrity,t5_28w8rc,1729699967.131691
139,r/subtleindiantraits,3385,Funny/Humor,t5_2mj87w,1729699967.151628
140,r/catgamecatcollector,3384,Gaming,t5_h74ig,1729699967.171662
141,r/Nonbinaryfashion,3384,Fashion,t5_3p5m7,1729699967.19045
142,r/OptimalFrequency,3384,Technology,t5_461wwh,1729699967.20891
143,r/poemsbyreddit,3384,"Reading, Writing, and Literature",t5_2y6t5,1729699967.227317
144,r/TrveBlackMetal,3384,Music,t5_39a5r,1729699967.245801
145,r/TVLeaksAndRumors,3384,Television,t5_3xrt4z,1729699967.264204
146,r/DragonNestMobile,3383,Gaming,t5_icdot,1729699967.282717
147,r/methandfetamemes,3383,"Methamphetamine: meth and feta meme. Memes about meth and feta, I guess.",t5_24dt99,1729699967.301294
148,r/micromew,3383,Animals and Pets,t5_xwou8,1729699967.3199282
149,r/becomingsecure,3382,Family and Relationships,t5_4igrgm,1729699967.338828
150,r/NLEChoppa,3382,Music,t5_wrvjp,1729699967.357632
151,r/Thunderbirds,3382,Television,t5_2sw86,1729699967.37643
152,r/UnderTheBanner,3382,Under the Banner of Heaven: A Story of Violent Faith.,t5_6acieu,1729699967.395318
153,r/Velma,3382,Television,t5_2v1zs,1729699967.414422
154,r/DDlgroleplay,3381,"This is a site for strictly roleplaying, fiction, we are not that strict like other roleplay sites, but still, we expect it to stay clean and safe. it's a fantasy world, but participants MUST be 18+.",t5_7qp7ax,1729699967.432729
155,r/ticktocktreasures,3381,"We discuss wrist watches (not smartwatch). This will be a safe space to share your watch insights and ask questions with a little, friendly banter to keep things interesting. Namaste!",t5_amkwyh,1729699967.449997
156,r/applescript,3380,Technology,t5_2qlfm,1729699967.467181
157,r/alphacentauri,3379,Gaming,t5_2s5xl,1729699967.484619
158,r/MTSU,3379,Learning and Education,t5_2qxwn,1729699967.503732
159,r/NatalieDecker,3379,Celebrity,t5_fo5gd,1729699967.5219252
160,r/SmolHumans,3379,Family and Relationships,t5_29v7e8,1729699967.539104
161,r/AutoZone2,3378,Careers,t5_7b3r7g,1729699967.55618
162,r/CarrieUnderwood_Lust,3378,Mature Themes and Adult Content,t5_25j0ua,1729699967.5733829
163,r/FoundNBC,3377,Television,t5_8zx8dt,1729699967.590716
164,r/LhasaApso,3377,Animals and Pets,t5_2vvy0,1729699967.60901
165,r/OldSchoolMusic,3377,Music,t5_312sw,1729699967.6273699
166,r/vicegripgarage,3377,Cars and Motor Vehicles,t5_2rsst7,1729699967.64567
167,r/CeltPilled,3376,History,t5_bjhll9,1729699967.663997
168,r/Kyiv,3376,Place,t5_2usxz,1729699967.6822212
169,r/udon,3376,Food and Drink,t5_333ip,1729699967.700272
170,r/flowcytometry,3375,Science,t5_2uink,1729699967.717705
171,r/HungarianHistoryMemes,3375,History,t5_2mkpb9,1729699967.735279
172,r/MusicMidtown,3375,Music,t5_2swv4,1729699967.753381
173,r/No_Zero_Days,3375,Meta/Reddit,t5_ccve04,1729699967.77073
174,r/Scarface,3375,Movies,t5_2u67c,1729699967.788129
175,r/Statistics_Class_help,3375,Are you stuck with statistics/Data Science/Math class? This is a community of tutors ready to help with your class. Let's help you get the class out of the way. Engage us here or drop an email:Statisticianjames@gmail.com,t5_5w1rep,1729699967.806425
176,r/Tacoma_FD,3375,Television,t5_vebiq,1729699967.824903
177,r/WorldsWorstRedDot,3375,Mature Themes and Adult Content,t5_4cx4p6,1729699967.843002
178,r/xychromosomes,3375,Gender,t5_2s83v,1729699967.861407
179,r/AskComicbooks,3373,"Reading, Writing, and Literature",t5_2vt5f,1729699967.8797681
180,r/haveyoutriedrice,3373,Technology,t5_2u66nn,1729699967.897852
181,r/KeikenZumi,3373,Anime,t5_412305,1729699967.9160771
182,r/Memesana,3373,Internet Culture and Memes,t5_2feh97,1729699967.934104
183,r/ReyOfLight,3373,Movies,t5_2gc4bt,1729699967.952506
184,r/SchoolSocialWork,3373,Careers,t5_3nxzk,1729699967.972359
185,r/FelixTheMemelord,3372,Internet Culture and Memes,t5_bs48z8,1729699967.990879
186,r/JennaJenovich,3372,Jenna Jenovich,t5_3c5ph,1729699968.0095758
187,r/oldschoolaudi,3372,Cars and Motor Vehicles,t5_rzqtj,1729699968.0279412
188,r/streetfighterv,3372,Gaming,t5_2w7py,1729699968.046397
189,r/theNoaPerets,3372,Celebrity,t5_6b8ow9,1729699968.063968
190,r/christianhiphop,3371,Music,t5_2szsv,1729699968.082388
191,r/idiotsonfire,3371,Pictures or videos of people that likely have no business handling even the round pointed scissors lighting themselves on fire through either accident or really poor decision making. Enjoy the deepening of the gene pool!,t5_1k4jz3,1729699968.100706
192,r/InfectedMushroom,3371,Music,t5_2sh30,1729699968.118331
193,r/iOSDevelopment,3371,Programming,t5_31iqv,1729699968.135663
194,r/mondaydotcom,3371,Technology,t5_563rsj,1729699968.1545641
195,r/ShreddersGame,3371,Gaming,t5_2wellk,1729699968.172508
196,r/Amyris,3370,"Business, Economics, and Finance",t5_3k4m3,1729699968.190364
197,r/AndroidHelp,3370,Technology,t5_2spuy,1729699968.2087638
198,r/GrillaGrills,3370,Food and Drink,t5_2bwkas,1729699968.2264051
199,r/rooneymara,3370,Mature Themes and Adult Content,t5_2tdht,1729699968.2437398
200,r/girlstoiletpooping,3369,girls pooping and farting on toilet only no scat,t5_6zkd47,1729699968.2611258
201,r/Nilesy,3369,The sub reddit all about our favorite Nilesy lad!,t5_2wx97,1729699968.278357
202,r/bajasae,3368,Sports,t5_2z3lj,1729699968.296055
203,r/GalinaDubenenkoo,3368,Celebrity,t5_6o424r,1729699968.313388
204,r/JuliaChild,3368,Food and Drink,t5_3js6e,1729699968.3304782
205,r/SeriesLandRover,3368,Cars and Motor Vehicles,t5_2u4ki,1729699968.3477068
206,r/starseed,3368,Religion and Spirituality,t5_30lri,1729699968.364916
207,r/LAMaine,3367,Place,t5_3bxhw,1729699968.3823931
208,r/BattlefrontCaptures,3366,Gaming,t5_hd8mx,1729699968.4004989
209,r/Bigfoot1,3366,Hobbies,t5_3kbwg,1729699968.420301
210,r/future_economics,3366,"A place to discuss economics as it relates to our technological future. Zero marginal cost, basic income, blockchain technology, collaborative commons, technological unemployment, virtual reality are all examples of things that might impact that discussion.",t5_35pb1,1729699968.438451
211,r/MorphinMemes,3366,Internet Culture and Memes,t5_q3584,1729699968.456684
212,r/PixelHeroesGlobal,3366,Gaming,t5_asfh19,1729699968.475007
213,r/thenormies,3366,Podcasts and Streamers,t5_3engi,1729699968.493324
214,r/BroughtYouThisThingYT,3365,Podcasts and Streamers,t5_9xmrci,1729699968.5114
215,r/Gaia_Garavaglia,3365,Celebrity,t5_7a4c6g,1729699968.538474
216,r/trash,3365,Mature Themes and Adult Content,t5_2qjze,1729699968.5568058
217,r/WeirdWest,3365,Gaming,t5_5a4h46,1729699968.5750542
218,r/adoptdontshop,3364,Animals and Pets,t5_3pklm,1729699968.593316
219,r/BloggersCommunity,3364,"Reading, Writing, and Literature",t5_379l9,1729699968.611456
220,r/FRANKIEonPC,3364,Podcasts and Streamers,t5_2zmr0,1729699968.629549
221,r/GuardaWallet,3364,Crypto,t5_u43qi,1729699968.647825
222,r/yikyak,3364,Technology,t5_30n3j,1729699968.666091
223,r/AlexandraBreckenridge,3363,Actress,t5_35yfx,1729699968.6842089
224,r/EvilQueenChelsey,3363,Celebrity,t5_80b5c5,1729699968.702602
225,r/KTF,3363,"Reading, Writing, and Literature",t5_fp8mk,1729699968.7208881
226,r/maddy_dodd,3363,Official subreddit for the goddess Maddy Dodd,t5_7zud8c,1729699968.73894
227,r/me_atm,3363,This subreddit was created as a place for people to post what they are doing in real-time (give or take). What are you up to? Getting gas? Stuck in traffic? In a meeting? WHATEVER! We invite you to share a snapshot of what YOUR life is like at this moment.,t5_3ii31,1729699968.757045
228,r/MLC,3363,Sports,t5_2swh0,1729699968.775645
229,r/Mourninggeckos,3363,Animals and Pets,t5_2b0i6a,1729699968.794379
230,r/UnexpectedYoda,3363,Funny/Humor,t5_3fa25,1729699968.813071
231,r/Insect,3362,Outdoors and Nature,t5_3i3bw,1729699968.831525
232,r/Zillow,3362,"Business, Economics, and Finance",t5_2uzff,1729699968.849854
233,r/atari8bit,3361,Technology,t5_2z7cm,1729699968.8683488
234,r/blacklegion40k,3361,Tabletop Games,t5_i8vz2,1729699968.888408
235,r/dondanews,3361,Celebrity,t5_2zxom5,1729699968.907285
236,r/jeffjackson,3361,Celebrity,t5_3i59a,1729699968.9258611
237,r/KemperProfiler,3361,Music,t5_354ey,1729699968.94539
238,r/OrchidsOnTrees,3361,"Would you agree, that there should be an orchid on every tree? If so, then this is the place for you!",t5_2ypkx,1729699968.964832
239,r/sibiu,3361,Place,t5_2rytt,1729699968.983839
240,r/unotheactivist,3361,Music,t5_3isk9,1729699969.002548
241,r/Wholesaling,3361,Marketplace and Deals,t5_3fs0w,1729699969.021294
242,r/yoitschill,3361,Welcome to yoitschill,t5_6x5151,1729699969.0398169
243,r/200Situps,3360,Welcome to 200Situps,t5_2tfh0,1729699969.058454
244,r/BookPromotion,3360,"A place for authors, old and new, to learn and share what they know about book promotion and marketing. This is also a safe place to post your book promotions in moderation.",t5_2rlm6,1729699969.07688
245,r/sarahandersen,3360,"A fan page featuring comics, illustrations, and other related content from Sarah Andersen.",t5_3a6mm,1729699969.095364
246,r/divineoffice,3359,Religion and Spirituality,t5_2zdmg,1729699969.113983
247,r/FlotationDevices,3359,Mature Themes and Adult Content,t5_8meg54,1729699969.132527
248,r/insectpinning,3359,Hobbies,t5_2ryexw,1729699969.151228
249,r/lawn,3359,Home and Garden,t5_2su0g,1729699969.170052
