,subreddit,subscribers,topic,subreddit_id,time
0,r/ShwetaTiwari_,3311,A subredddit dedicated to the actress Shweta Tiwari.,t5_6knk4c,1729700006.6079638
1,r/sunflowerseeds,3311,Food and Drink,t5_2xl1e,1729700006.6305122
2,r/MinecraftJava,3310,Gaming,t5_3lttu,1729700006.649657
3,r/Overwolf,3310,Technology,t5_2uygc,1729700006.668514
4,r/wirexappofficial,3310,Crypto,t5_mz16d,1729700006.69106
5,r/dicemasters,3309,Tabletop Games,t5_30xmi,1729700006.719861
6,r/F1Cards,3309,Hobbies,t5_3k1ask,1729700006.738364
7,r/Johngreen,3309,"Reading, Writing, and Literature",t5_2vjt3,1729700006.756704
8,r/PostTransitionTrans,3309,Gender,t5_2rxhfg,1729700006.775485
9,r/Serinide,3309,Celebrity,t5_2gvy5g,1729700006.79442
10,r/turanspidey,3309,Podcasts and Streamers,t5_7zpdxo,1729700006.8608892
11,r/clozemaster,3308,Learning and Education,t5_3eofv,1729700006.8800588
12,r/Danbury,3308,Place,t5_2vj7l,1729700006.918925
13,r/hurtat,3308,Animals and Pets,t5_8aksnt,1729700006.9374511
14,r/sabamba,3308,Funny/Humor,t5_ujcqr,1729700006.9558442
15,r/YouTube3rdParty,3308,A subreddit dedicated to the discussion and development of YouTube extensions and other services made by the YouTube community.,t5_2en5k6,1729700006.9743109
16,r/AustralianPets,3307,Animals and Pets,t5_88itkp,1729700006.992783
17,r/badgebunnies,3307,Mature Themes and Adult Content,t5_7hqap,1729700007.011532
18,r/ILC,3307,Learning and Education,t5_2vqjs,1729700007.02996
19,r/Integromat,3307,Technology,t5_3hvve,1729700007.047936
20,r/livingwithliterals,3307,"We all live with someone - or we are the one - who never get the metaphor or play on words but points out how it fails in the most, well, literal sense. This subreddit is dedicated to those comments - the exasperating and sometimes funny moments we encounter living with literals.",t5_m5zop,1729700007.0661361
21,r/nipponichi,3307,Gaming,t5_2s1wd,1729700007.0845199
22,r/rangefinders,3307,Hobbies,t5_jl7fc,1729700007.103538
23,r/saltwateraquariums,3307,Animals and Pets,t5_31zmb,1729700007.1222558
24,r/statesboro,3307,Place,t5_2sajl,1729700007.1408849
25,r/ClassicHowardStern,3306,Podcasts and Streamers,t5_apj5ck,1729700007.159384
26,r/DecideThisForMe,3306,Here you can ask people to vote on your small decisions to cure your indecision.,t5_2lwif4,1729700007.1778119
27,r/First4FiguresOfficial,3306,Gaming,t5_2vzlwo,1729700007.1964018
28,r/premodernMTG,3306,Tabletop Games,t5_ko8ib,1729700007.215241
29,r/romani,3306,"Culture, Race, and Ethnicity",t5_2quqi,1729700007.234134
30,r/SAINtJHN,3306,Music,t5_hq3vl,1729700007.253907
31,r/bitcoinhardware,3305,Bitcoin Hardware,t5_2zjdw,1729700007.273261
32,r/svg,3305,Technology,t5_2r8xh,1729700007.292193
33,r/CanadianActresses,3304,Celebrity,t5_7yvjw5,1729700007.310994
34,r/FiveMRPServers,3304,Gaming,t5_67w1q3,1729700007.3300889
35,r/iMac,3304,Technology,t5_4vy1by,1729700007.3486989
36,r/InStarsAndTime,3304,Gaming,t5_85eflm,1729700007.367358
37,r/OdysseyoftheDragon,3304,Tabletop Games,t5_11pxcg,1729700007.38624
38,r/Okita,3304,Anime,t5_gfgbu,1729700007.40513
39,r/amsterdamsgarden,3303,Mature Themes and Adult Content,t5_34lp1,1729700007.423925
40,r/Creepystory,3303,Creepy Story - Giving your creepy stories and weird tales a home since 2014. Remember to invite your friend’s if you are having a fun and engaging time in this subreddit.,t5_31bb1,1729700007.442924
41,r/DeathAndTaxesMTG,3303,Gaming,t5_3bzyg,1729700007.461709
42,r/EmilyDBaker,3303,Law,t5_3i43w1,1729700007.4803698
43,r/ExcavatorSkills,3303,Funny/Humor,t5_qrwt7,1729700007.499152
44,r/GymTips,3303,Fitness and Nutrition,t5_2wdbs,1729700007.517954
45,r/kimyojong,3303,Celebrity,t5_2lyp6j,1729700007.5367901
46,r/LaughingCrew,3303,Funny/Humor,t5_7t0466,1729700007.55533
47,r/Rezi,3303,Technology,t5_3ird9,1729700007.574385
48,r/TotalWireless,3303,Technology,t5_3f5s1,1729700007.593278
49,r/aircadets,3302,Military,t5_2r4dd,1729700007.612235
50,r/blackgunowners,3302,"Welcome to our community of Black and Brown gun owners! This is a safe space to engage in thoughtful discussions about all things firearms. Whether you're a seasoned enthusiast or just starting out, feel free to ask questions, seek advice, and share your experiences. Together, let's empower one another and celebrate our shared passion for responsible gun ownership.",t5_2ndrwv,1729700007.631125
51,r/budgethomelab,3302,Technology,t5_pm8x4,1729700007.6498392
52,r/calfire,3302,Careers,t5_2xgor,1729700007.66898
53,r/Conflux_Network,3302,Technology,t5_3x8luf,1729700007.687714
54,r/GachaFNAFcringe,3302,Podcasts and Streamers,t5_2q4aot,1729700007.70651
55,r/MinecraftServerShare,3302,Gaming,t5_43qmhj,1729700007.725976
56,r/Shego,3302,Television,t5_2pi3hf,1729700007.745007
57,r/WesAndersonStyle,3302,Movies,t5_11toft,1729700007.764621
58,r/AvatarTheories,3301,Television,t5_2u7yr,1729700007.783714
59,r/platformer,3301,Gaming,t5_2x9tx,1729700007.802125
60,r/TorrieWilsonPathetic,3301,"Subreddit to post and talk about Torrie Wilson Being Stripped, Humiliated, Or Being Pathetic.",t5_5swtpp,1729700007.821172
61,r/UmeeCrossChain,3301,Umee is a decentralized finance (DeFi) hub that was created for cross-chain interactions between Ethereum and Cosmos blockchains.,t5_4tyu4m,1729700007.8400571
62,r/WholsomeRwby,3301,Anime,t5_123xzv,1729700007.858901
63,r/badpiggies,3300,Gaming,t5_2vp69,1729700007.8776488
64,r/ChurchOfFuuka,3300,Anime,t5_33f67,1729700007.8965461
65,r/Colonist,3300,Gaming,t5_a6pum,1729700007.9157188
66,r/Hopefulcasesmusic,3300,Podcasts and Streamers,t5_34qvfd,1729700007.93473
67,r/KEXP,3300,Music,t5_2s4h2,1729700007.953429
68,r/lasskicker,3300,Sports,t5_3k2hc,1729700007.972336
69,r/M365Reports,3300,Technology,t5_504fxc,1729700007.991534
70,r/secularhomeschool,3300,Reddit's spot for secular homeschooling,t5_30l69,1729700008.010591
71,r/bmwz3,3299,Cars and Motor Vehicles,t5_3byk1,1729700008.029164
72,r/cookie,3299,Food and Drink,t5_2qjry,1729700008.047654
73,r/Deals1n1,3299,Finding deals on variety of products 🏷️save money discounts coupons. Today best offers shopping deals1n1,t5_3j4zvb,1729700008.06625
74,r/DeathMarch,3299,Anime,t5_37c57,1729700008.085203
75,r/StathLetsFlats,3299,Television,t5_240bhl,1729700008.103647
76,r/TransportForLondon,3299,Cars and Motor Vehicles,t5_3m61t,1729700008.12247
77,r/uoit,3299,Learning and Education,t5_2s1kn,1729700008.1410618
78,r/ExpatsTVSeries,3298,Television,t5_ap6ha5,1729700008.16015
79,r/HerbalMagic,3298,"A place for those with an interest in herbalism, folklore, magic and witchcraft.",t5_37ihs,1729700008.179611
80,r/Mansoura_Dakahlyia,3298,Place,t5_ao5k02,1729700008.197977
81,r/PrincessLexie,3298,"Subreddit for fans of femdom content creator Princess Lexie. Themes include SPH, CEI, JOI, chastity, and forced bisexuality. https://twitter.com/PrincessLexieXO http://IWantPrincessLexie.com",t5_35rd2,1729700008.218237
82,r/WTFNature,3298,WTFNature,t5_2xqjg,1729700008.236437
83,r/cheatonlineproctor,3297,Learning and Education,t5_3k7m3c,1729700008.255348
84,r/FlightOrFight,3297,"Will it take off, or will it square up?",t5_3frcl,1729700008.274034
85,r/ZoneMinder,3297,Technology,t5_2yhsx,1729700008.292277
86,r/C3ai,3296,"Business, Economics, and Finance",t5_3jcbte,1729700008.310622
87,r/cakewallet,3296,Crypto,t5_3nt7s,1729700008.329056
88,r/EndlessOcean,3296,Gaming,t5_2re6h,1729700008.347494
89,r/GMOMyths,3296,Science,t5_2wlze,1729700008.365847
90,r/howlonggone,3296,Podcasts and Streamers,t5_2oh4yf,1729700008.384186
91,r/LUNCArmy,3296,Crypto,t5_6gwmqp,1729700008.402557
92,r/reinaangel,3296,Mature Themes and Adult Content,t5_8w0ooc,1729700008.4209971
93,r/SelfieHeaven,3296,Welcome to r/SelfieHeaven! Share your best selfies and enjoy the love from our community.,t5_afypzu,1729700008.439384
94,r/Wellthatslucky,3296,Welcome to Wellthatslucky,t5_33j4q,1729700008.457802
95,r/GSU,3295,Learning and Education,t5_2rjzr,1729700008.476311
96,r/Rockhunters,3295,Hobbies,t5_37z9y,1729700008.494619
97,r/WuTangAmericanSaga,3295,Television,t5_24hujr,1729700008.5130749
98,r/BathroomAcapella,3294,Funny/Humor,t5_11up14,1729700008.5314078
99,r/bloxd,3294,Gaming,t5_70k3qm,1729700008.5498781
100,r/brokenheart,3294,Medical and Mental Health,t5_2xeik,1729700008.5684412
101,r/christophersaintbooth,3294,Music,t5_biathv,1729700008.587086
102,r/cz75,3294,Mature Themes and Adult Content,t5_31wai,1729700008.6057248
103,r/starwarsd20,3294,Tabletop Games,t5_2xqu9,1729700008.624217
104,r/SWFanfic,3294,"Reading, Writing, and Literature",t5_6twb1t,1729700008.643081
105,r/UselessPotterFacts,3294,This is the subreddit for any facts that you think are useless and add nothing to the Harry Potter universe.,t5_uavte,1729700008.681965
106,r/AhiruNoSora,3293,Anime,t5_mbb5i,1729700009.022754
107,r/Catbehavior,3293,Animals and Pets,t5_2pbxv6,1729700009.0451682
108,r/CrealitySonicPad,3293,Technology,t5_6xjr5u,1729700009.06444
109,r/milgram,3293,Music,t5_56xsb0,1729700009.083346
110,r/QueenOfTears,3293,Television,t5_b04wjr,1729700009.101886
111,r/SomethingWasWrongSWW,3293,Podcasts and Streamers,t5_845hg7,1729700009.129222
112,r/FrankIero,3292,Music,t5_31ivh,1729700009.147773
113,r/GoogleSites,3292,Technology,t5_2uc1n,1729700009.166228
114,r/medicaladvice,3292,Medical and Mental Health,t5_4xrdqx,1729700009.184782
115,r/ActionBoyz,3291,Podcasts and Streamers,t5_pomp4,1729700009.203556
116,r/DesignSystems,3291,Technology,t5_3oy8g,1729700009.288167
117,r/diablo4ATClub,3291,Gaming,t5_8essb7,1729700009.307271
118,r/electribe,3291,Music,t5_2zhmz,1729700009.334613
119,r/KNX,3291,Technology,t5_34en5,1729700009.3538089
120,r/mediterraneancooking,3291,Food and Drink,t5_695m7r,1729700009.372628
121,r/Knightsofthebutton,3290,Meta/Reddit,t5_37niy,1729700009.3915808
122,r/SCICertifications,3290,Technology,t5_6npm19,1729700009.410231
123,r/ArabelleRaphaelBJS,3289,The place to CUM when you want to Arabelle Raphael SUCK COCK ! And more 💦,t5_c3vw6t,1729700009.429112
124,r/DueDiligence,3289,"Business, Economics, and Finance",t5_32lg9,1729700009.447873
125,r/norajoy,3289,Mature Themes and Adult Content,t5_aqz0z9,1729700009.467069
126,r/OnlyfansServices,3289,"This community was born to help Onlyfans creators (both new and experienced) in growing their page. We can help you improving your content and maximizing your advertisement. There is no bad or unlucky creators, just creators who needs some help and we are here to provide it to you. We have a large community outside Reddit of Creators that have been helped in achieving big numbers, and in time we'll create a large one here as well. Please read the pinned post below to start your journey.",t5_5gv0au,1729700009.485962
127,r/SCU,3288,Learning and Education,t5_2s8yh,1729700009.505395
128,r/Anthrax,3287,Music,t5_2uwtj,1729700009.5242019
129,r/hopsin,3287,Music,t5_2u53s,1729700009.54256
130,r/Jfigggs_Fanfix,3287,Mature Themes and Adult Content,t5_9keo6o,1729700009.5610828
131,r/WrongPiece,3287,Internet Culture and Memes,t5_2vtwo,1729700009.579776
132,r/Churchofthefrost,3286,Gaming,t5_2nwwod,1729700009.598419
133,r/FakeMarv,3286,A subreddit dedicated to all those wonderful people who stand in for Marv while he's away!,t5_sxopm,1729700009.617249
134,r/Georgiatoffolo,3286,Mature Themes and Adult Content,t5_1421j2,1729700009.636204
135,r/Homeshake,3286,Music,t5_33h9w,1729700009.656113
136,r/TankFishYT,3286,Podcasts and Streamers,t5_2pc6bt,1729700009.677563
137,r/tpbgm,3286,Gaming,t5_31nbil,1729700009.696295
138,r/UltimateNurse,3286,Gaming,t5_ifkpm,1729700009.7151392
139,r/ChevySS,3285,Cars and Motor Vehicles,t5_32520,1729700009.733794
140,r/CURRENTEVENTS,3285,World News,t5_2r9j8,1729700009.752831
141,r/GolfStory,3285,Gaming,t5_3m015,1729700009.771832
142,r/neology,3285,"Neology: the use of a new word or expression or of an established word in a new or different sense : the use of new expressions that are not sanctioned by conventional standard usage : the introduction of such expressions into a language. ----- This subreddit is for introducing new words, discussing the new use for an existing word, or seeking help in creating a new word based on a provided definition.",t5_2snyc,1729700009.790379
143,r/NicoleDollanganger,3285,Music,t5_39sxc,1729700009.80905
144,r/paywalledalternatives,3285,Welcome to paywalledalternatives,t5_c6qglw,1729700009.827936
145,r/rollsomememes,3285,Internet Culture and Memes,t5_3k3ff,1729700009.846171
146,r/suddenlyJojo,3285,for when jojos bizzare adventure is sudden,t5_9zhj8,1729700009.864942
147,r/IndieOtome,3284,Gaming,t5_3nekcy,1729700009.88378
148,r/OcularMigraines,3284,Medical and Mental Health,t5_3aale,1729700009.902519
149,r/Scrolls,3284,Gaming,t5_2scq0,1729700009.92151
150,r/SpottedOnSpareRoom,3284,"Business, Economics, and Finance",t5_b8dgdv,1729700009.940235
151,r/ZeldaTabletop,3284,Tabletop Games,t5_tui7g,1729700009.959169
152,r/DragonBallGT,3283,Anime,t5_2svy3,1729700009.9782069
153,r/extrasbeingextra,3283,Film and television extras going the extra mile,t5_g6hii,1729700009.997083
154,r/khajiitcats,3283,This subreddit is a place where we share our encounters with khajiits IRL.,t5_38953,1729700010.016086
155,r/legendslime,3283,Gaming,t5_7aq8nt,1729700010.0347211
156,r/PujieBlack,3283,Technology,t5_q50q5,1729700010.053235
157,r/quietstreets,3283,For everything quiet on streets,t5_10ilxy,1729700010.0717802
158,r/Wirral,3283,Place,t5_2udzz,1729700010.0912158
159,r/CFILounge,3282,Careers,t5_nc0pq,1729700010.110154
160,r/rancher,3282,Technology,t5_38fjj,1729700010.130771
161,r/abacchio_irl,3281,"Fuck you, Giorno, I know I forgot the other ""b"" in my name",t5_rkicm,1729700010.149537
162,r/DTU__Delhi,3281,Learning and Education,t5_baxbn6,1729700010.168204
163,r/GimpTutorials,3281,Post or request for a Gimp Tutorials.,t5_34mec,1729700010.186902
164,r/pcabominations,3281,Technology,t5_2d9hi2,1729700010.205546
165,r/switchfoot,3281,Music,t5_2sw9b,1729700010.2242188
166,r/WOWMythicPlus,3281,Gaming,t5_odxct,1729700010.242812
167,r/believeyoume,3280,Podcasts and Streamers,t5_ft2sl,1729700010.26158
168,r/highschoolfootball,3280,Sports,t5_2srkt,1729700010.2800949
169,r/Jekyll,3280,Programming,t5_2tv1l,1729700010.3024352
170,r/LastEpochBuilds,3280,Gaming,t5_5pns26,1729700010.330417
171,r/Michigan_Politics,3280,Politics,t5_3ncw2,1729700010.35745
172,r/moldycondomcrusaders,3280,We commit shitpost here.,t5_55nrtt,1729700010.3810592
173,r/DemoniaShoes,3279,Fashion,t5_3ap6y9,1729700010.4020019
174,r/Genova,3279,Place,t5_2t10x,1729700010.42148
175,r/Karmaland,3279,"Este es un subreddit para que los seguidores de la serie de Karmaland compartan sus creaciones con la comunidad (e.j. memes, fan art, canciones, etc.)",t5_2slth,1729700010.440692
176,r/RuralDemocrats,3279,Politics,t5_3kfwp,1729700010.4593658
177,r/TrapShooting,3279,Hobbies,t5_2s9y0,1729700010.478121
178,r/ELIHulk,3278,"This is a subreddit similar to /r/explainlikeimfive, except instead of the answers being explained like you're five, they're explained like you're Hulk!",t5_rupk2,1729700010.496772
179,r/FearsToFathom,3278,Gaming,t5_531kqc,1729700010.51546
180,r/InstantMustHaves,3278,Internet Culture and Memes,t5_busuz0,1729700010.534047
181,r/shadowexplainsthejoke,3278,Internet Culture and Memes,t5_9tsgho,1729700010.552762
182,r/TheWayHomeHallmark,3278,Television,t5_7tasb3,1729700010.5713742
183,r/arianadukess,3277,Mature Themes and Adult Content,t5_62sbab,1729700010.590112
184,r/EmmaHartley,3277,Celebrity,t5_pvuc8,1729700010.60866
185,r/Bodysurfing,3276,Sports,t5_2s3ns,1729700010.628771
186,r/ernstandyoung,3276,Careers,t5_382jb,1729700010.64711
187,r/Omnism,3276,Religion and Spirituality,t5_2tf7l,1729700010.666013
188,r/sophiadiamondgif,3276,Mature Themes and Adult Content,t5_6k17f8,1729700010.6850939
189,r/starxxx,3276,Welcome to starxxx,t5_83kwgu,1729700010.7039318
190,r/ArizonaFishing,3275,Hobbies,t5_3iqu7,1729700010.7228081
191,r/BritishRadio,3275,Podcasts and Streamers,t5_2sbl7,1729700010.7415302
192,r/FoodOnFeet,3275,Mature Themes and Adult Content,t5_45hwus,1729700010.760156
193,r/HailTheSun,3275,Music,t5_31vsh,1729700010.778929
194,r/lifebelowzero,3275,Television,t5_qw2su,1729700010.797357
195,r/3dprintingaustralia,3274,Technology,t5_37i00,1729700010.816128
196,r/Freegamecodes,3274,Gaming,t5_33jqc,1729700010.834702
197,r/moviememes,3274,Movies,t5_2wiro,1729700010.853525
198,r/MusicGear,3274,Music,t5_2y4ny,1729700010.872498
199,r/Nayanthara_,3274,Subreddit dedicated to Lady Superstar Nayanthara ♥️,t5_7czmdm,1729700010.8917341
200,r/Pokket_Official,3274,A place for Pokket to share pictures and for y'all to be meme lords. Keep it relevant Pokket and her community. 😘,t5_3exhm5,1729700010.91243
201,r/UnexpectedJakePeralta,3274,Unexpected Jake Peralta. Title of your sex tape.,t5_a6uym,1729700010.932343
202,r/Aharen_san,3273,Anime,t5_3ptea,1729700010.952121
203,r/AnimesYoutube,3273,Mature Themes and Adult Content,t5_4habm4,1729700010.971641
204,r/F1Fantasy,3273,Sports,t5_60viyd,1729700010.99062
205,r/Gamingsaves,3273,Gaming,t5_2yaxc,1729700011.009203
206,r/stormcollectibles,3273,Hobbies,t5_x0rj0,1729700011.027811
207,r/TalesFromTheMuseum,3273,"Welcome to Tales From The Museum! Your home for: * Demonstrations gone wrong! * Guests performing unimaginable feats! * Stories of heroism in the line of duty! * *and any other museum tales you may have!* Kick back, take off your badge, turn off your radio, and share your tales with your fellow museum-ites.",t5_33iai,1729700011.047381
208,r/UrbexGear,3273,A subreddit for discussing gear used in Urban Exploration.,t5_2wvcz,1729700011.0667741
209,r/cashappstocks,3272,"Business, Economics, and Finance",t5_2esgje,1729700011.08548
210,r/MIQARATAYFA,3272,Podcasts and Streamers,t5_9vzvh1,1729700011.105258
211,r/Quasimorph,3272,Gaming,t5_8in3cc,1729700011.1239412
212,r/wetlands,3272,Outdoors and Nature,t5_2whb0,1729700011.142349
213,r/AccidentalAnime,3271,Accidental Anime,t5_3orit,1729700011.160623
214,r/Dolphins,3271,Outdoors and Nature,t5_2qvdw,1729700011.1791391
215,r/NYCroommates,3271,Family and Relationships,t5_3w9qwg,1729700011.197833
216,r/Projectmakeover,3271,Gaming,t5_4cc5u9,1729700011.216268
217,r/SashaBanks1,3271,Celebrity,t5_7bclob,1729700011.234505
218,r/TinyRails,3271,Gaming,t5_3hwzx,1729700011.2526112
219,r/tis100,3271,Programming,t5_38azi,1729700011.270817
220,r/zfold4,3271,Technology,t5_3pv5dj,1729700011.289304
221,r/AntColony,3270,Funny/Humor,t5_2fr15n,1729700011.307671
222,r/chaos,3270,Learning and Education,t5_2qxlw,1729700011.325957
223,r/ImagesOfTexas,3270,Art,t5_39d5j,1729700011.3441632
224,r/pcloud,3270,Technology,t5_flc67,1729700011.362439
225,r/reinhardtrollouts,3270,Gaming,t5_fjvww,1729700011.379862
226,r/Sinisterhood,3270,Podcasts and Streamers,t5_t6jv7,1729700011.397334
227,r/CatForts,3269,Animals and Pets,t5_11l4ga,1729700011.415097
228,r/LoveandTranslationTV,3269,Television,t5_antc9u,1729700011.432592
229,r/Madmoizelle,3269,World News,t5_6b5p08,1729700011.450575
230,r/MaggieLindemann,3269,Celebrity,t5_3etlj,1729700011.468608
231,r/Coppercookware,3268,Food and Drink,t5_4c1yyi,1729700011.486099
232,r/hdhomerun,3268,Television,t5_6ygy03,1729700011.5040371
233,r/Multiplatform_Gaming,3268,Gaming,t5_ibqmk,1729700011.5217931
234,r/arboriculture,3267,Outdoors and Nature,t5_2v0tf,1729700011.53928
235,r/dinochips,3267,Internet Culture and Memes,t5_5sqmp4,1729700011.558053
236,r/eutech,3267,Technology,t5_2y46a,1729700011.57543
237,r/metatrader,3267,"Business, Economics, and Finance",t5_2v3z8,1729700011.592715
238,r/SplishySplashy,3267,Animals playing around in water.,t5_28r1r5,1729700011.6108642
239,r/Swampfox,3267,Mature Themes and Adult Content,t5_41bczc,1729700011.629108
240,r/89SQUAD89,3266,Celebrity,t5_649x94,1729700011.647465
241,r/dfwmusic,3266,Music,t5_2s93a,1729700011.665737
242,r/lookwhoimet,3266,"A place to show where you, who you, and when you saw a celebrity or important figure.",t5_2so4a,1729700011.683907
243,r/SlavesUK,3266,Music,t5_3hwz4,1729700011.702017
244,r/googlemapsfun,3265,Funny/Humor,t5_59xknx,1729700011.7201622
245,r/Jomboy,3265,Sports,t5_1yfvd0,1729700011.7383611
246,r/Kingstagram,3265,Internet Culture and Memes,t5_x97kr,1729700011.7565749
247,r/QidiTech3D,3265,Technology,t5_8cl4sp,1729700011.774695
248,r/ShinyColors,3265,Gaming,t5_fiudl,1729700011.792921
249,r/TZM,3265,Activism,t5_2seln,1729700011.811172
