,subreddit,subscribers,topic,subreddit_id,time
0,r/Arcadegeddon,3264,Gaming,t5_49mec6,1729700029.429178
1,r/AriaKarizma,3264,Podcasts and Streamers,t5_5m6dld,1729700029.449963
2,r/BMBF,3264,Gaming,t5_2f24ee,1729700029.472048
3,r/JJK_Cursed_Clash,3264,Gaming,t5_8rcpso,1729700030.0461729
4,r/KellyStark,3264,Welcome to KellyStark,t5_4vg9nq,1729700030.068052
5,r/LittleAlchemists,3264,Gaming,t5_3pf6cr,1729700030.0915751
6,r/SpanishBookClub,3264,We read books and stuff.,t5_3ok37,1729700030.116126
7,r/FingerLakes,3263,Place,t5_2syci,1729700030.135586
8,r/kingsdarktidings,3263,"Reading, Writing, and Literature",t5_3h68n,1729700031.11192
9,r/powerpop,3263,Music,t5_2t24r,1729700031.133079
10,r/Streamfab,3263,Technology,t5_4jdvwz,1729700031.154407
11,r/EricaDurance,3262,Mature Themes and Adult Content,t5_2w3uz,1729700031.174699
12,r/FoundryLFG,3262,Tabletop Games,t5_2wuau8,1729700031.19632
13,r/savannah_cats,3262,Animals and Pets,t5_2sh36,1729700031.217164
14,r/SilverAgeMinecraft,3262,Gaming,t5_2rcyqq,1729700031.237178
15,r/StrikeAtPsyche,3262,Internet Culture and Memes,t5_an9ydd,1729700031.256404
16,r/The_Frank,3262,"The_Frank, where you will see the TRUE GOD.",t5_3i7i5,1729700031.275667
17,r/Villagernews,3262,Gaming,t5_12hvrl,1729700031.294972
18,r/humblewood,3261,Tabletop Games,t5_zl0su,1729700031.314558
19,r/oculus_rift,3261,Technology,t5_3c511,1729700031.333823
20,r/rejectionsensitive,3261,Medical and Mental Health,t5_4tv4an,1729700031.355594
21,r/SukiWaterhouse,3261,Mature Themes and Adult Content,t5_35kjm,1729700031.374603
22,r/TheLordOfTheRings,3261,Tolkien's epic sequel to The Hobbit and the movies based upon it.,t5_2wnci,1729700031.394679
23,r/cosmonautvarietyhour,3260,Podcasts and Streamers,t5_3g06e,1729700031.416241
24,r/glioblastoma,3260,Medical and Mental Health,t5_2qiwq,1729700031.5281549
25,r/kpopcensored,3260,"This is subreddit for betas to post your favorite Kpop goddesses censored, the only way betas should see them ❤️ Join our discord server https://discord.gg/v9QKjjg5Rh",t5_8fn5q3,1729700031.5937269
26,r/TrumpHatesTheTroops,3260,Politics,t5_rivl5,1729700031.615936
27,r/YouTubeShorts,3260,Podcasts and Streamers,t5_2jgbt9,1729700031.638732
28,r/Chifi,3259,Technology,t5_3k8hv,1729700031.659372
29,r/Faruzan_Mains,3259,Gaming,t5_6mno0q,1729700031.680623
30,r/houseboats,3259,"Feel free to discuss anything related to houseboats, or share photos and videos.",t5_2xnk3,1729700031.701351
31,r/Recruiter_Advice,3259,Careers,t5_3ntjc,1729700031.7224078
32,r/AustinPowersMemes,3258,Movies,t5_os7um,1729700031.742702
33,r/Canonn,3258,"Originally drawn together from the four corners of inhabited space to investigate the Unknown Artefacts, the Canonn consists of commanders from all professions, all allegiances, and all walks of life. One common goal unites them: to seek the truth behind the galaxy's mysteries at any cost.",t5_3dbdc,1729700031.763093
34,r/demetriaobilorfans,3258,Celebrity,t5_8b7ctv,1729700031.783094
35,r/NatashaLiu_Bordizzo,3258,The Natasha Liu Bordizzo subreddit,t5_6xixjr,1729700031.8025868
36,r/PeyroniesSupport,3258,Men's Health,t5_4od51o,1729700031.82213
37,r/prtg,3258,Technology,t5_35hb0,1729700031.8416488
38,r/TerracottaNoses,3258,Animals and Pets,t5_666enk,1729700031.861608
39,r/Cassie_Curses,3257,Mature Themes and Adult Content,t5_3lkedy,1729700031.8808582
40,r/ElizaDushkuOnline,3257,Mature Themes and Adult Content,t5_5uaysa,1729700031.900492
41,r/EntsoftheDMV,3257,Mature Themes and Adult Content,t5_3etddc,1729700031.919692
42,r/FranzBardon,3257,Science,t5_35dkn,1729700031.938914
43,r/humansarespacefae,3257,Hobbies,t5_399n2f,1729700031.959451
44,r/Jabalpur,3257,"Jabalpur's very own Reddit community! Join for news, updates, memes and meetups :)",t5_2v07e,1729700031.98084
45,r/Mercenary_Enrollment,3257,Anime,t5_44uqv5,1729700032.001813
46,r/newyorkknicks,3257,Sports,t5_2tmlw,1729700032.024514
47,r/battleofthebrands,3256,Compare and Contrast various aspects of Brands or Products.,t5_114ks1,1729700032.0454621
48,r/eczeMEMEs,3256,Internet Culture and Memes,t5_11yesb,1729700032.066294
49,r/JammuandKashmir,3256,Place,t5_3bvog,1729700032.0858848
50,r/jaymovies,3256,Movies,t5_2o8sff,1729700032.104844
51,r/SkyWeaver,3256,Gaming,t5_fancg,1729700032.124804
52,r/everydaymisandry,3255,Gender,t5_2ny1g6,1729700032.144364
53,r/Julia_Hart,3255,Sports,t5_5py4ti,1729700032.164176
54,r/letterswap,3255,Internet Culture and Memes,t5_37omg,1729700032.184772
55,r/MotorolaSolutions,3255,Technology,t5_3eq0o,1729700032.2883031
56,r/StevensPoint,3255,Place,t5_2sl20,1729700032.324501
57,r/ForHonorPeaceful,3254,Gaming,t5_2rih8c,1729700032.3466182
58,r/idpa,3254,Mature Themes and Adult Content,t5_2tb3a,1729700032.3754182
59,r/LightsaberTricks,3254,Hobbies,t5_2psbhj,1729700032.399225
60,r/NextBridgeHC,3254,"Business, Economics, and Finance",t5_6h2ciq,1729700032.424105
61,r/ShadowsOverLoathing,3254,Gaming,t5_7d1zrh,1729700032.446694
62,r/unexpecteddarksouls,3254,When you go out and unexpectedly git gud,t5_3h1nw,1729700032.468809
63,r/XboxController,3254,Gaming,t5_k3qsc,1729700032.490528
64,r/AdamLanza,3253,Law,t5_5fiuqd,1729700032.513118
65,r/Daniel,3253,Internet Culture and Memes,t5_2qimm,1729700032.534827
66,r/EVMOS,3253,Crypto,t5_5ftxdh,1729700032.5564811
67,r/Manipal_Academics,3253,"For all academics, MET, admissions, councelling, and other related topics for Manipal Aspirants.",t5_8361nt,1729700032.5767949
68,r/petsorstuffedanimals,3253,Animals and Pets,t5_3ipn9,1729700032.596294
69,r/PharmaceuticalBenzos,3253,Mature Themes and Adult Content,t5_2yk7qk,1729700032.615659
70,r/SongRecommendations,3252,Music,t5_28wtvp,1729700032.635149
71,r/UTAustinAdmissions2,3252,Learning and Education,t5_2mltpd,1729700032.655645
72,r/WorldNeverland,3252,Gaming,t5_3o1lq,1729700032.677917
73,r/AltShiftX,3251,Podcasts and Streamers,t5_3f0f7,1729700032.714992
74,r/AskFlying,3251,Hobbies,t5_3f25f,1729700032.753321
75,r/freepbx,3251,Programming,t5_2tpkv,1729700032.7750442
76,r/HEADLINECrypto,3251,Crypto,t5_4bmgo3,1729700032.795008
77,r/HeroKillerWebtoon,3251,Anime,t5_4eccii,1729700032.815966
78,r/spacemaker,3251,Welcome to spacemaker,t5_6lzjrz,1729700032.8358269
79,r/TexasGardening,3251,Home and Garden,t5_2lqyne,1729700032.855571
80,r/utaite,3251,Music,t5_2zida,1729700032.875665
81,r/BadSistersAppleTVplus,3250,Television,t5_6wvr3t,1729700032.894784
82,r/CryptoPolice,3250,Crypto,t5_gjty9,1729700032.914349
83,r/filemaker,3250,Technology,t5_2s6v8,1729700032.933337
84,r/IsabelleFuhrman,3250,Welcome to IsabelleFuhrman,t5_2t8xh,1729700032.952393
85,r/nujijinactie,3250,Welcome to nujijinactie,t5_3a7iq,1729700032.971017
86,r/PatientCats,3250,Because some cats are lovely and have endless patience,t5_idtji,1729700032.989687
87,r/RedWorldMod,3250,Gaming,t5_4bgxh,1729700033.007721
88,r/ParasiteEve,3249,Gaming,t5_2x7xt,1729700033.02569
89,r/PokemonDeals,3249,Marketplace and Deals,t5_3xkzwo,1729700033.044363
90,r/waffles,3249,Food and Drink,t5_2qx17,1729700033.062172
91,r/Epson,3248,Technology,t5_2vvc5,1729700033.079577
92,r/OGUsers,3248,Marketplace and Deals,t5_3pk63,1729700033.1076548
93,r/Prostitutasdeinternet,3248,"Bonjour mano larga. Aquí podrás encontrar contenido de mujeres poco conocidas, que mantienen sus cuerpos de manera ""privada"", del bajo mundo del internet. De igual manera siéntete libre de subir a cualquier mujer que te guste, conozcas, etc. (Solo no rompas las reglas lambebicho).",t5_9n0bat,1729700033.125396
94,r/RockstarGames,3248,Gaming,t5_2u9e0,1729700033.142998
95,r/shouldibuythiscar,3248,Cars and Motor Vehicles,t5_2de56y,1729700033.161113
96,r/atarist,3247,Technology,t5_2z4o6,1729700033.179727
97,r/BenidormShow,3247,Television,t5_2ng0r7,1729700033.1983922
98,r/Breadbug,3247,Internet Culture and Memes,t5_22jz9b,1729700033.235116
99,r/MinekosNightMarket,3247,Gaming,t5_hbzt6,1729700033.273986
100,r/Pokemonguide,3247,Gaming,t5_3pq35,1729700033.300052
101,r/Anatolianarchaeology,3246,Science,t5_477fr0,1729700033.3209212
102,r/bhajan,3245,Music,t5_2zd3j,1729700033.3422642
103,r/chilly,3245,"The sub to praise everyone's favorite snowman, Chilly from the Kirby series.",t5_2r15h,1729700033.362784
104,r/fightscenes,3245,Movies,t5_2vcxq,1729700033.382358
105,r/naturalhypertrophy,3245,Fitness and Nutrition,t5_3jg02f,1729700033.401664
106,r/NeverNotFunny,3245,Podcasts and Streamers,t5_2slwa,1729700033.4226382
107,r/OBSNinja,3245,Technology,t5_2iei7c,1729700033.4424691
108,r/steamboat,3245,Place,t5_2zhd3,1729700033.461798
109,r/stonedchildren,3245,Ever seen kids that look a bit too.... stoned? Here is the place to share!,t5_29azw5,1729700033.481374
110,r/stuffgettingyeeted,3245,Funny/Humor,t5_21upbn,1729700033.5005162
111,r/UniverseTicket,3245,Television,t5_7zvhm5,1729700033.519445
112,r/BigBootyLatinas69,3244,Welcome here you can publish any kind of content but not links only videos and photos.,t5_8e94pr,1729700033.55275
113,r/Falsettos,3244,Art,t5_4bp1q,1729700033.91213
114,r/filen_io,3244,Technology,t5_2teu4w,1729700033.9338958
115,r/gloveandboots,3244,"This is a place for Glove and Boots related topics, or anything that makes you happy. Feel free to make a mess.",t5_2vlr6,1729700033.9526122
116,r/PirateParty,3244,"Pirate Party is a label adopted by political parties in different countries. Pirate Parties support civil rights, direct democracy and participation, reform of copyright and patent law, free sharing of knowledge (Open Content), data privacy, transparency, freedom of information, free education, universal healthcare and a clear separation between church and state. They advocate network neutrality and universal, unrestricted access to the Internet as indispensable conditions to some of this.",t5_2qiwg,1729700033.9708412
117,r/RateThisMeadow,3244,Outdoors and Nature,t5_2ptesh,1729700033.988513
118,r/rpgtrade,3244,Marketplace and Deals,t5_2s8dc,1729700034.0174341
119,r/AroAce,3243,Sexual Orientation,t5_3a3kb,1729700034.03505
120,r/BaddiesNL,3243,Mature Themes and Adult Content,t5_6ygn90,1729700034.0526662
121,r/Hentai_Best_Clips,3243,This Sub-Reddit is here to post any Hentai Sex Scenes from your favorites. *Important*----------------------------------------- All Characters in this Sub are Works of Fiction and 600 Year Old Shrine Foxes,t5_9dbrep,1729700034.071151
122,r/kenashcorp,3243,Music,t5_312sl,1729700034.0889
123,r/nutspace,3243,Welcome to nutspace,t5_6lzkkw,1729700034.106505
124,r/SmallMSP,3243,Technology,t5_5w2g06,1729700034.123845
125,r/tennisracquets,3243,Sports,t5_6flf0s,1729700034.141257
126,r/Clubhouseguide,3242,"Social Audio subreddit. Tips, Tricks & everything social audio related to Reddit Talks, Clubhouse, Twitter Spaces, Spotify Live, Amazon Amp, and more.",t5_3s0nzn,1729700034.1587589
127,r/Godox,3242,Technology,t5_y8kqy,1729700034.1768441
128,r/pahungaw,3242,Meta/Reddit,t5_8s1doj,1729700034.194588
129,r/TeezoTouchdown,3242,Music,t5_33ryvt,1729700034.2122061
130,r/Toyota4Runner,3242,Cars and Motor Vehicles,t5_2weeg5,1729700034.229704
131,r/trainspotting,3242,Movies,t5_2u9m4,1729700034.246996
132,r/UnusAnnus_Remembrance,3242,Internet Culture and Memes,t5_3er8q6,1729700034.264412
133,r/DisventureCamp,3241,Television,t5_7drw6x,1729700034.2841651
134,r/Nantucket,3241,Place,t5_2t14l,1729700034.303009
135,r/Rocknocker,3241,Mature Themes and Adult Content,t5_2203e7,1729700034.321218
136,r/abandonment,3240,Medical and Mental Health,t5_2yq7x,1729700034.338648
137,r/Amersfoort,3240,Place,t5_2vp7n,1729700034.3559198
138,r/Bonobo,3240,Music,t5_2whkz,1729700034.3729742
139,r/HellTakerSecondCircle,3240,Gaming,t5_3cdeyj,1729700034.391243
140,r/lookingforgroup,3240,Gaming,t5_2thhf,1729700034.408788
141,r/orderofthearrow,3240,Hobbies,t5_2tqj5,1729700034.426228
142,r/AutoChessMobile,3239,Gaming,t5_wbxwf,1729700034.444383
143,r/politicus,3239,Politics,t5_5fnp1d,1729700034.461638
144,r/thatsadamnshame,3239,Internet Culture and Memes,t5_9kbini,1729700034.479771
145,r/chd,3238,Medical and Mental Health,t5_2v77j,1729700034.4970188
146,r/findiptv,3238,Marketplace and Deals,t5_c9yepo,1729700034.5142772
147,r/Lipoma,3238,Medical and Mental Health,t5_37klq,1729700034.531649
148,r/riseofcultures,3238,Gaming,t5_41eopg,1729700034.548811
149,r/rogerfederer,3238,Sports,t5_2xyn2,1729700034.565965
150,r/skateparks,3238,Sports,t5_2xtj0,1729700034.584345
151,r/music_discovery,3237,A place for discovering cool tunes and music videos from music scenes around the world.,t5_2vyti,1729700034.601583
152,r/NomSaying,3237,A place for fake figures of speech and idioms that sometimes make sense.,t5_3nikk,1729700034.618793
153,r/nontoxicACOTAR,3237,"Reading, Writing, and Literature",t5_be5w3k,1729700034.636286
154,r/AppEngine,3236,Technology,t5_2qhte,1729700034.6537879
155,r/CPAEXAM,3236,All things related to the CPA exam.,t5_2ub6l,1729700034.6711931
156,r/derinekler,3236,Internet Culture and Memes,t5_5u1bp1,1729700034.688586
157,r/dktechsupport,3236,Technology,t5_8vp4c2,1729700034.706016
158,r/Norland,3236,Gaming,t5_6irzkd,1729700034.723493
159,r/PokemonGoPhilly,3236,Gaming,t5_3bssq,1729700034.741099
160,r/Voat,3236,Welcome to Voat,t5_35dyt,1729700034.758626
161,r/aarynmjsnarky,3235,Podcasts and Streamers,t5_8ad24y,1729700034.776145
162,r/ACWW,3235,Gaming,t5_2u6rz,1729700034.794453
163,r/checkpoint,3235,Technology,t5_2wojz,1729700034.812767
164,r/Chevelles,3235,Cars and Motor Vehicles,t5_2w8bm,1729700034.831221
165,r/RealMedievalDynasty,3235,Gaming,t5_7bkwea,1729700034.8497121
166,r/transferwiser,3235,"Business, Economics, and Finance",t5_wa16n,1729700034.868166
167,r/AskBrits,3234,Place,t5_2zlmg,1729700034.887829
168,r/bronxdrillgirls,3234,"this reddit is for content on female bronx drill rappers like kenzo b, shani boni, winterdabrat, miyaa v, parniathedonn, tiny b, and etc...",t5_a4bdhu,1729700034.906531
169,r/chaosqueen,3234,Podcasts and Streamers,t5_775fhj,1729700034.9259598
170,r/Daww,3234,Animals and Pets,t5_2td5y,1729700034.945469
171,r/OnyxPathRPG,3234,Tabletop Games,t5_39zch,1729700034.964354
172,r/SelfDrivingCarsLie,3234,Activism,t5_4bj0p,1729700034.983011
173,r/stockphotography,3234,Careers,t5_2u048,1729700035.0013728
174,r/TheLongestGameEver2,3234,Gaming,t5_100mht,1729700035.0194619
175,r/ACNHGIVEAWAYS,3233,Gaming,t5_2ocvsq,1729700035.0366988
176,r/arnoldsisters4,3233,Celebrity,t5_5qku5c,1729700035.053946
177,r/Bannerlord_MODS,3233,Gaming,t5_33lkij,1729700035.071258
178,r/EmperorLemon,3233,Podcasts and Streamers,t5_3i39j,1729700035.089845
179,r/GuiltyGearXRD,3233,Gaming,t5_35vg0,1729700035.1077561
180,r/NOVAguns,3233,Mature Themes and Adult Content,t5_2bp0db,1729700035.1259131
181,r/TaylorSwift_Worship,3233,Celebrity,t5_85t1px,1729700035.144001
182,r/darerefusemybatchall,3232,Funny/Humor,t5_2h9ux9,1729700035.163166
183,r/LookaLikeys,3232,Funny/Humor,t5_7u6ug9,1729700035.181052
184,r/MaximilianDood,3232,Podcasts and Streamers,t5_31j9i,1729700035.198841
185,r/silkiechickens,3232,A place to share pictures/information about silkie chickens.,t5_3jgsr,1729700035.216317
186,r/ChilloutVR,3231,Gaming,t5_12uen8,1729700035.234349
187,r/dkudvikler,3231,Careers,t5_8qgdrq,1729700035.25281
188,r/Fanuc,3231,Technology,t5_2ziic,1729700035.271289
189,r/HistoryIllustrations,3231,History,t5_4kj9e7,1729700035.289681
190,r/nostalgiacritic,3231,Podcasts and Streamers,t5_2tnb0,1729700035.308022
191,r/ProjectQuarm,3231,Gaming,t5_938qwr,1729700035.32752
192,r/BitcoinzTech,3230,Crypto,t5_6mgbfq,1729700035.346285
193,r/Entrapta,3230,Television,t5_2mn30t,1729700035.363789
194,r/ArmaReforgerXbox,3229,Gaming,t5_6e1en5,1729700035.38235
195,r/GrubHubPromoCode,3229,Marketplace and Deals,t5_3d8my,1729700035.400556
196,r/JodiePeach,3229,All about Jodie Peach aka jjodiepeach,t5_a5vxo2,1729700035.418978
197,r/Marquette,3229,Learning and Education,t5_2s1ga,1729700035.437433
198,r/omarapollo,3229,Music,t5_pq23z,1729700035.45528
199,r/OnlyDediCleavage,3229,"Sub only for cleavage photo of desi girls, Bollywood, Tollywood or other. She should be Indian celebrity (movie, TV or web series)",t5_3ecw50,1729700035.472609
200,r/UBFunkeys,3229,Hobbies,t5_2wf4g,1729700035.490419
201,r/UCLAFootball,3229,Sports,t5_364vm,1729700035.508637
202,r/1001Movies,3228,Movies,t5_3aex5,1729700035.526887
203,r/etron,3228,Cars and Motor Vehicles,t5_39h99,1729700035.545016
204,r/h3h3_Ladies,3228,Podcasts and Streamers,t5_8378ow,1729700035.563442
205,r/VampireHunterD,3228,Anime,t5_2w8oe,1729700035.581581
206,r/EgyptianHieroglyphs,3227,History,t5_2zld2,1729700035.599721
207,r/fantasian,3227,Gaming,t5_ua2sz,1729700035.6181362
208,r/funnycomments,3227,Funny/Humor,t5_2ti5y,1729700035.636568
209,r/humanfactors,3227,Careers,t5_2sh0f,1729700035.6552022
210,r/kleptocats,3227,Gaming,t5_3dacd,1729700035.673672
211,r/RoofingSales,3227,Careers,t5_4goy8f,1729700035.692021
212,r/ZutaraNation,3227,Television,t5_2q5i4d,1729700035.7109509
213,r/Bellydancers,3226,Art,t5_2sn2i,1729700035.729574
214,r/ImaginaryPolice,3226,Art,t5_11m1la,1729700035.7479749
215,r/lcx,3226,Crypto,t5_4uvvl4,1729700035.766251
216,r/MathematicsMemes,3226,Science,t5_3jav1,1729700035.7856698
217,r/NightOfTheFullMoon,3226,Gaming,t5_r2rwf,1729700035.8044229
218,r/RoyaltyFreeMusic,3226,Music,t5_2w8tn,1729700035.8228
219,r/TelstraAustralia,3226,Technology,t5_147dyk,1729700035.841226
220,r/TheNewWoodworking,3226,Crafts and DIY,t5_8nwtfc,1729700035.860103
221,r/tteuw,3226,Podcasts and Streamers,t5_42zaxh,1729700035.879126
222,r/YouHaveBeenBamboozled,3226,Meta/Reddit,t5_2flior,1729700035.896524
223,r/AshleyTh0mps0n,3225,An appreciation sub for the beautiful Ashley Thompson. See more of her on Instagram @AshleyTh0mps0n,t5_259y98,1729700035.9138188
224,r/DarkRP,3225,Gaming,t5_2ugmz,1729700035.9312131
225,r/FeetPics100,3225,Mature Themes and Adult Content,t5_c3nrra,1729700035.9485571
226,r/ImagesOfNewYork,3225,Place,t5_39g42,1729700035.967349
227,r/JewishKabbalah,3225,Religion and Spirituality,t5_2lgwfr,1729700035.9847748
228,r/NotClix,3225,Podcasts and Streamers,t5_3n53yw,1729700036.002423
229,r/atayls,3224,"Business, Economics, and Finance",t5_4cira3,1729700036.02079
230,r/CoinsSouthAfrica,3224,Hobbies,t5_boz4dz,1729700036.038348
231,r/EllerieMarie_,3224,Mature Themes and Adult Content,t5_6e22ml,1729700036.055765
232,r/hipeeharlee,3224,A safe space to Snark about Tabitha aka Hippeeharlee. We respect one another's perspectives while exposing the truth. Happy Snarking!!,t5_8yk9rd,1729700036.073437
233,r/meggyxmario,3224,Gaming,t5_221ajn,1729700036.0907571
234,r/QueenNushratBharucha,3224,Celebrity,t5_3sa2m8,1729700036.108129
235,r/Sociopaths,3224,Medical and Mental Health,t5_2rr3h,1729700036.125556
236,r/TheCorner,3224,Podcasts and Streamers,t5_2tw2e,1729700036.142943
237,r/Trick2g,3224,Podcasts and Streamers,t5_2xyhq,1729700036.160335
238,r/vivekramaswamy,3224,Politics,t5_7yf5bl,1729700036.177665
239,r/WhalesInTheSky,3224,Art,t5_34hy9,1729700036.1952589
240,r/xlights,3224,Technology,t5_3hlx8,1729700036.2126431
241,r/AbandonedWebsites,3223,"/r/AbandonedWebsites is just as its name suggests, an archive of artifacts from the internet past.",t5_2tuuk,1729700036.230291
242,r/Abrosexual,3223,Gender,t5_244x0l,1729700036.2500842
243,r/MixedVR,3223,Technology,t5_3gcyna,1729700036.2682571
244,r/pulsatingcum,3223,Mature Themes and Adult Content,t5_846fv6,1729700036.286536
245,r/revolutionarywar,3223,"This subreddit is dedicated to the American Revolutionary War, which occurred between April 19, 1775 – January 14, 1784",t5_3bcpu,1729700036.3051252
246,r/seconddinner,3223,Discussion and News about Second Dinner - a new game studio!,t5_lolm2,1729700036.324189
247,r/uefn,3223,Gaming,t5_6v2y4l,1729700036.35407
248,r/Whidbey,3223,Place,t5_2tr41,1729700036.3725739
249,r/CatsWhoCroak,3222,Animals and Pets,t5_2m0gen,1729700036.390275
