,subreddit,subscribers,topic,subreddit_id,time
0,r/Ruby_onyx,3177,Welcome to Ruby_onyx,t5_9kul90,1729700073.131231
1,r/techsalesjobs,3177,Careers,t5_6vsut7,1729700073.15503
2,r/2furryirl4furryirl,3176,Trauma Support,t5_3hoe7,1729700073.174805
3,r/bikers,3176,Cars and Motor Vehicles,t5_2rsek,1729700073.1935139
4,r/DomainsForSale,3176,Marketplace and Deals,t5_2sl45,1729700073.2125142
5,r/feetinsandals,3176,Fashion,t5_52l07y,1729700073.2394218
6,r/RevDem,3176,Politics,t5_3gnz4,1729700073.258881
7,r/wheelchair_rapunzel_,3176,Podcasts and Streamers,t5_b9863k,1729700073.2779799
8,r/Challengers,3175,Movies,t5_61v0on,1729700073.29647
9,r/EvaBiechy,3175,Fashion,t5_229o2n,1729700073.314875
10,r/Phasmaphobia,3175,Gaming,t5_35goef,1729700073.392065
11,r/Brattygbaby,3174,Comunidad de Grace Robert o Brattygbaby,t5_cd8437,1729700073.411923
12,r/CircuitBoardCities,3174,Technology,t5_2aolwa,1729700073.4316192
13,r/Guyver,3174,Anime,t5_2sfaz,1729700073.451522
14,r/Pathfinder_ACG,3174,Tabletop Games,t5_2ygiq,1729700073.4711869
15,r/Rippaverse,3174,Art,t5_6cy0gc,1729700073.490853
16,r/ulluottactressscenes,3174,Mature Themes and Adult Content,t5_c0bi8t,1729700073.513346
17,r/bigcommerce,3173,"Business, Economics, and Finance",t5_2w53g,1729700073.53212
18,r/DeAnza,3173,Learning and Education,t5_2s4kz,1729700073.5505579
19,r/GoogleFit,3173,Technology,t5_32bnf,1729700073.569024
20,r/JannetIncosplay,3173,Mature Themes and Adult Content,t5_2dbisn,1729700073.58775
21,r/MandaloreGaming,3173,Celebrity,t5_3o5b5,1729700073.607015
22,r/NIMBY_Rails,3173,Gaming,t5_3rp1j4,1729700073.625776
23,r/AncientCities,3172,History,t5_3llv3,1729700073.644063
24,r/BeautiesTurkish,3172,Celebrity,t5_5wmdro,1729700073.662577
25,r/EmparejAR,3172,Family and Relationships,t5_7zfsxu,1729700073.680903
26,r/marthasvineyard,3172,Place,t5_2szk6,1729700073.6993861
27,r/RoswellNMTV,3172,Television,t5_sifvz,1729700073.717995
28,r/royalwomens,3172,Celebrity,t5_69po6f,1729700073.736723
29,r/XAUUSDFXAnalysis,3172,"Business, Economics, and Finance",t5_70yp06,1729700073.755595
30,r/AdobeFresco,3171,Technology,t5_24qkw4,1729700073.774834
31,r/cabalonline,3171,Gaming,t5_2t1m0,1729700073.793716
32,r/FreeMagazines,3171,Marketplace and Deals,t5_3efdn,1729700073.815611
33,r/NonCredibleHistory,3171,History,t5_66h081,1729700073.835567
34,r/utahAlcohol,3171,Food and Drink,t5_5n20y3,1729700073.855157
35,r/mesembs,3170,Home and Garden,t5_3ajaf,1729700073.877565
36,r/Ride4,3170,Gaming,t5_2oc316,1729700073.901433
37,r/bioinformaticscareers,3169,Science,t5_260is2,1729700073.9242182
38,r/masteroforion,3169,Gaming,t5_2tf8y,1729700073.941144
39,r/WredditTV,3169,Sports,t5_2whhh,1729700073.9586198
40,r/KibbexKpop,3168,Music,t5_2tpf1j,1729700073.977163
41,r/Laserist,3168,Careers,t5_1ec1w2,1729700073.994612
42,r/unboxing,3168,Hobbies,t5_2r3s9,1729700074.014842
43,r/Weekend_Appalachia,3168,Internet Culture and Memes,t5_6pxdls,1729700074.032437
44,r/Badflower,3167,Music,t5_3j1qj,1729700074.049997
45,r/FireCountry,3167,Television,t5_6dh032,1729700074.067491
46,r/Fishfunctions,3167,Internet Culture and Memes,t5_8vz0qu,1729700074.08493
47,r/ForextradingTips,3167,Tricks and Tips for forex Traders,t5_3hzpx,1729700074.1021361
48,r/InSpaceWithMarkiplier,3167,Internet Culture and Memes,t5_5yfbxi,1729700074.120048
49,r/islam_ahmadiyya,3167,Religion and Spirituality,t5_da00y,1729700074.1376472
50,r/obschevy,3167,Cars and Motor Vehicles,t5_44oxiy,1729700074.154779
51,r/trialsofmana,3167,Gaming,t5_12zyfv,1729700074.172014
52,r/AyaRetreats,3166,Religion and Spirituality,t5_3kcd5,1729700074.1893911
53,r/hot_indian_actresses,3166,Welcome to hot_indian_actresses,t5_61sb2w,1729700074.206617
54,r/IndianEntrepreneur,3166,"Business, Economics, and Finance",t5_3blwz,1729700074.2241762
55,r/Janesville,3166,"City of Janesville, Wisconsin",t5_2sfd5,1729700074.244454
56,r/Madurai,3166,Place,t5_2sm4v,1729700074.2631092
57,r/nosleepworkshops,3166,"Reading, Writing, and Literature",t5_2u0d2,1729700074.281614
58,r/Berklee,3165,Learning and Education,t5_2regy,1729700074.299838
59,r/BradCR,3165,Podcasts and Streamers,t5_2lun7l,1729700074.318161
60,r/CoreyWayne,3165,Family and Relationships,t5_kc6mx,1729700074.33704
61,r/csufcsuf,3165,Podcasts and Streamers,t5_4y94sr,1729700074.354696
62,r/ITRPCommunity,3165,Hobbies,t5_345o6,1729700074.372084
63,r/Bowflex,3164,Fitness and Nutrition,t5_2udvm,1729700074.3894222
64,r/FairbanksClassic,3164,Gaming,t5_22ut4d,1729700074.406591
65,r/MacBookM1,3164,Technology,t5_3id8eq,1729700074.4237041
66,r/skipatrol,3164,Careers,t5_2useq,1729700074.440999
67,r/SSCCGL,3164,Learning and Education,t5_4x2aus,1729700074.460323
68,r/starcontrol,3164,Gaming,t5_2tml9,1729700074.4779809
69,r/AccessCyber,3163,Technology,t5_2nwm1t,1729700074.495512
70,r/CSUSB,3163,Learning and Education,t5_2qtvj,1729700074.5126982
71,r/FantasyEuro2020,3163,Sports,t5_4e8j95,1729700074.530113
72,r/islamicleft,3163,Religion and Spirituality,t5_3bi6v,1729700074.547533
73,r/SanjeedaSheikh,3163,Celebrity,t5_2o0mvn,1729700074.565849
74,r/TerrariaVanities,3163,Gaming,t5_2gpexi,1729700074.5842361
75,r/TrueBAKCHOD,3163,Mature Themes and Adult Content,t5_85iq6o,1729700074.6025128
76,r/ErinDolan,3162,Celebrity,t5_6crekj,1729700074.6209972
77,r/fakebookcovers,3162,Art,t5_3delv,1729700074.639628
78,r/ICPLAZA_Official,3162,ICPLAZA is the founder of the future Metaverse infrastructure and the reconstructor of the current Metaverse.,t5_6qfmmb,1729700074.658268
79,r/atmidnight,3161,"**Come here to talk about @fter midnight, the CBS show, and @midnight, the cancelled Comedy Central show** @fter midnight aires Monday - Thurday @12:35am on CBS. JOIN THE NEW SUBREDDIT /r/aftermidnight",t5_2yvho,1729700074.676727
80,r/BigBootyHoes,3161,Mature Themes and Adult Content,t5_ft8ll,1729700074.695034
81,r/BMW_S1000RR,3161,Cars and Motor Vehicles,t5_3f26f,1729700074.713509
82,r/FaerlinaPvP,3161,Gaming,t5_230nwd,1729700074.7309928
83,r/GluteGirls,3161,Celebrity,t5_c41fdg,1729700074.74859
84,r/Lighthouses,3161,Outdoors and Nature,t5_2tv2v,1729700074.767015
85,r/Microdiscectomy,3161,Medical and Mental Health,t5_2g29ys,1729700074.785425
86,r/ThatTreeFromWanaka,3161,That Tree From Wanaka,t5_i9c4e,1729700074.8038988
87,r/palermo_city,3160,Place,t5_71w40u,1729700074.821953
88,r/ValheimRescues,3160,Gaming,t5_408cfz,1729700074.839999
89,r/ableism,3159,Medical and Mental Health,t5_2tm73,1729700074.858233
90,r/carxdriftracing2,3159,Gaming,t5_2gjxm1,1729700074.876331
91,r/dishnetwork,3159,Television,t5_2wnta,1729700074.893875
92,r/FullNames,3159,Title says it all. Bring your full name memes here.,t5_nxssl,1729700074.91362
93,r/xero,3159,Technology,t5_2qjzm,1729700074.9321952
94,r/AskASociopath,3158,Medical and Mental Health,t5_25hx0w,1729700074.9507048
95,r/CryptidCreatures,3158,Internet Culture and Memes,t5_12jyg9,1729700074.969193
96,r/DeepPurple,3158,Music,t5_2uy1v,1729700074.9877279
97,r/MadLiberals,3158,Politics,t5_c2013d,1729700075.006181
98,r/melissadommof,3158,Suban todo de Melissa domm,t5_bpkswh,1729700075.023783
99,r/OSINTUkraine,3158,Military,t5_711nbh,1729700075.041028
100,r/wordcount,3158,"Reading, Writing, and Literature",t5_2rgor,1729700075.059252
101,r/Ankitasingh,3157,"this is right place, where you get to see content of Ankita Singh.",t5_6riz5d,1729700075.108844
102,r/decoden,3157,Marketplace and Deals,t5_30vo9,1729700075.505568
103,r/thathadtohurt,3157,Mature Themes and Adult Content,t5_38all,1729700075.528519
104,r/WeMo,3157,Technology,t5_2y7fo,1729700075.54752
105,r/AnimalsBeingAwesome,3156,"A place for sharing videos, gifs, and images of animals being totally awesome.",t5_2wj2s,1729700075.566336
106,r/EGirlsCensored,3156,Mature Themes and Adult Content,t5_apsx74,1729700075.5864801
107,r/electroplating,3156,Crafts and DIY,t5_32qz8,1729700075.620417
108,r/Gorgeous_Lingerie,3156,You are Gorgeous!! 🥰 Lingerie just adds to that.❤️From Mild to Wild we love all Lingerie .classy to sassy and everything in between .Bring it .🖤🩷🤍💋,t5_9n7xb7,1729700075.640878
109,r/KalliesModel,3156,Subreddit dedicated to Ukrainian Model Kallie Kurudzhy who goes by the Instagram handle Kallies,t5_6ju6db,1729700075.660628
110,r/MuslumanTurkiye,3156,Religion and Spirituality,t5_6mv2rq,1729700075.680143
111,r/YourRedditLawyerFirm,3156,Law,t5_3cjd57,1729700075.6996732
112,r/Fromis_9,3155,Celebrity,t5_axim3t,1729700075.769088
113,r/JoostSpeeltSpellen,3155,Drop hier je Joost memepies! Dit is de subreddit van Joost!,t5_11w4aj,1729700075.787574
114,r/ashlynsmith,3154,Welcome to ashlynsmith,t5_6v9oqp,1729700075.806156
115,r/DelphiTodayIsTheDay,3154,Mature Themes and Adult Content,t5_gyxvo,1729700075.824657
116,r/hottubs,3154,Home and Garden,t5_2s3y4,1729700075.8430789
117,r/internetarchivemovies,3154,Movies,t5_32y5tr,1729700075.861232
118,r/LookinGoodSusan,3154,Internet Culture and Memes,t5_vbb77,1729700075.879474
119,r/UnexpectedMinecraft,3154,For when Minecraft shows up unexpectedly,t5_3f4to,1729700075.897888
120,r/chadmemes,3153,Internet Culture and Memes,t5_3n9o9,1729700075.916162
121,r/dreadingcrime,3153,Podcasts and Streamers,t5_6rebc7,1729700075.934361
122,r/eluktronics,3153,Technology,t5_3nmvg,1729700075.952863
123,r/hokkolife,3153,Gaming,t5_25xi1r,1729700075.9711769
124,r/silenthunter,3153,Gaming,t5_2vrzv,1729700075.989692
125,r/Bootykingdom,3152,Do not post if you’re a bot,t5_4sx0ay,1729700076.0082219
126,r/Diphenhydramine,3152,Mature Themes and Adult Content,t5_2wyoi,1729700076.0259452
127,r/elonmemes,3152,Internet Culture and Memes,t5_3ozq7,1729700076.0445828
128,r/Naughty_Mexican_Wife,3152,Who else is willing to share? All naughty ladies welcome. Feel free to post your own Naughty content.,t5_7xyrqb,1729700076.062081
129,r/PuneSkyline,3152,Outdoors and Nature,t5_2xtf8n,1729700076.0793679
130,r/Sylvester,3152,your daily dose of sylvester the hamster,t5_9mqk9,1729700076.0968058
131,r/XboxSeriesXDeals,3152,Gaming,t5_2ac5wn,1729700076.115307
132,r/AnimalControlTVSeries,3151,Television,t5_7rgif8,1729700076.134051
133,r/CriticalThinkingIndia,3151,"Culture, Race, and Ethnicity",t5_ayhwal,1729700076.1523788
134,r/DogGirls,3151,Anime,t5_tx3cr,1729700076.170731
135,r/GolfMk2,3151,Cars and Motor Vehicles,t5_39mqy,1729700076.18896
136,r/instainfluencers,3151,Discover all indian instagram models/influencers at one place💋,t5_bex2c9,1729700076.207437
137,r/Oregon_Politics,3151,Politics,t5_3ndqj,1729700076.225718
138,r/PrivateEye,3151,"Reading, Writing, and Literature",t5_2s41e,1729700076.2440581
139,r/AchillesRupture,3150,Medical and Mental Health,t5_7tu45a,1729700076.263538
140,r/BigCykas,3150,Animals and Pets,t5_2j8055,1729700076.2843142
141,r/dark_ambient,3150,Music,t5_2rh1i,1729700076.3042188
142,r/EverywhereGame,3150,Gaming,t5_3iszw,1729700076.3239849
143,r/IAmARequests,3150,Meta/Reddit,t5_2sbdn,1729700076.342485
144,r/joyrv,3150,Music,t5_qvgya,1729700076.360783
145,r/O___O,3150,O___O,t5_rmc24,1729700076.3783581
146,r/swinburne,3150,Learning and Education,t5_2rcce,1729700076.395822
147,r/TitanicMovie,3150,"Subreddit for Titanic starring Leonardo DiCaprio & Kate Winslet. James Cameron's ""Titanic"" is an epic, action-packed romance set against the ill-fated maiden voyage of the R.M.S. Titanic; the pride and joy of the White Star Line and, at the time, the largest moving object ever built. She was the most luxurious liner of her era -- the ""ship of dreams"" -- which ultimately carried over 1,500 people to their death in the ice cold waters of the North Atlantic in the early hours of April 15, 1912.",t5_aser4l,1729700076.41347
148,r/zed_khayemal_basij,3150,Politics,t5_750zt0,1729700076.4318469
149,r/askfitness,3149,Fitness and Nutrition,t5_2shum,1729700076.450069
150,r/musicwallpapers,3149,Art,t5_2yh64,1729700076.467836
151,r/Swiftkey,3149,Technology,t5_2z81c,1729700076.4851441
152,r/unza,3149,Food and Drink,t5_4dxti,1729700076.502497
153,r/webkinzbuyselltrade,3149,Gaming,t5_91rcv6,1729700076.5226712
154,r/acoustic,3148,Acoustics <3,t5_2rdgr,1729700076.540235
155,r/existentialcomics,3148,Welcome to existentialcomics,t5_2zw6r,1729700076.557919
156,r/OrthodoxChants,3147,Orthodox Christian chant music.,t5_36xvx,1729700076.577941
157,r/PaimonPro,3147,Gaming,t5_39hcs2,1729700076.595427
158,r/watchcartoonsonline,3147,Anime,t5_3od6y,1729700076.612724
159,r/FFVII,3146,Gaming,t5_2scbo,1729700076.63085
160,r/Genovaverse,3146,Podcasts and Streamers,t5_25rrin,1729700076.649339
161,r/JessicaAlbaLewd,3146,This subreddit is for you to post pictures of Jessica Alba and talk however much you want about her!!! (NSFW) NO FAKES!!!,t5_94o1rc,1729700076.66758
162,r/OntarioPolitics,3146,Politics,t5_2x601,1729700076.685863
163,r/Samesexparents,3146,Family and Relationships,t5_2t60e,1729700076.7045708
164,r/SongPlaylist,3146,Song Playlist Spotify New Music Friday,t5_5v2817,1729700076.722925
165,r/TTOOstock,3146,"Business, Economics, and Finance",t5_43261s,1729700076.741216
166,r/AutoKlussers,3145,Cars and Motor Vehicles,t5_9319kh,1729700076.7595
167,r/clowncore,3145,Music,t5_h08gf,1729700076.778111
168,r/EasyMinecraftBuilding,3145,Gaming,t5_5u2tvq,1729700076.79676
169,r/hirasawa_yui,3145,Anime,t5_23pk0t,1729700076.815114
170,r/lightroompresetstrade,3145,Technology,t5_5xektt,1729700076.834115
171,r/the_daily_Olive,3145,Animals and Pets,t5_bt952e,1729700076.852559
172,r/9mese,3144,Podcasts and Streamers,t5_aiowms,1729700076.870805
173,r/BigBirdGifs,3144,A subreddit for the biggest birds. Birds must be **BIG!**,t5_3on4z,1729700076.891457
174,r/BookOfBill,3144,Television,t5_c2aecu,1729700076.9117382
175,r/bustedcarbon,3144,"All your busted carbon goes here! Post your pictures and share stories of busted carbon fiber. Preferably bikes and bike parts, but all busted carbon is welcome! This is also a place to ask for advice for repair or if you think your carbon fiber parts might be damaged.",t5_2wtdp,1729700076.931713
176,r/Eris_KS,3144,Anime,t5_3vreih,1729700076.951509
177,r/Keelyhodgkinson,3144,Celebrity,t5_6ye892,1729700076.97017
178,r/LetitAI,3144,"Joint work by buds and bots, so we’d always be on top. https://letit.ai/ AI-powered ecosystem for traders: community, technology, information. It will give a boost to beginners and have the back of pro-traders. The whole kit and caboodle along with top tools to monitor and optimize trading processes in the cryptomarket. Trading, Grading, Aiding. AI-powered – all tasks are covered.",t5_84skpq,1729700076.989007
179,r/youngpeoplecai,3144,Internet Culture and Memes,t5_avruxe,1729700077.007387
180,r/ColorCafe,3143,Gaming,t5_76jkd3,1729700077.0258749
181,r/degreestohitler,3143,Internet Culture and Memes,t5_2yimd,1729700077.045728
182,r/EntrepreneurConnect,3143,"Subreddit dedicated to Entrepreneurs looking to network with other individuals who either supply a product or service that can both parties can benefit from. Create contacts to import/export goods, outsource skills such as design and coding make each others business better!",t5_2x5kn,1729700077.063173
183,r/UnitedKingdomPolitics,3143,Politics,t5_a8u5v,1729700077.080717
184,r/vwpolo,3143,Cars and Motor Vehicles,t5_395v1,1729700077.098222
185,r/WestVirginiaPolitics,3143,Politics,t5_3lcu7,1729700077.115388
186,r/DanvilleKY,3142,The subreddit for anything and everything Danville Kentucky,t5_3283y,1729700077.132877
187,r/GreinkeQuotes,3142,Sports,t5_285k6j,1729700077.150322
188,r/jakegyllenhaal,3142,Celebrity,t5_2uyk4,1729700077.1678689
189,r/JoeBob,3142,Movies,t5_315lt8,1729700077.1855822
190,r/Oxnard,3142,Place,t5_2sayf,1729700077.2030761
191,r/ALT_FTM,3141,Fashion,t5_58uiu8,1729700077.220512
192,r/era_of_chaos,3141,Gaming,t5_29dykj,1729700077.238292
193,r/LibertyCapMushrooms,3141,Mature Themes and Adult Content,t5_3wxcev,1729700077.256577
194,r/MalikaAndrews,3141,Celebrity,t5_35y6un,1729700077.274879
195,r/MargotRobbieActress,3141,Celebrity,t5_719sz8,1729700077.293469
196,r/NewsKingpin,3141,"News Kingpin is a Professional News and Entertainment blog Platform. Here we will provide you only interesting content, which you will like very much. We’re dedicated to providing you the best of News and Entertainment blog, with a focus on dependability and Daily news curation updates. [News Kingpin](https://newskingpin.com)",t5_4bg9hk,1729700077.3122408
197,r/PSFE,3141,"Business, Economics, and Finance",t5_44q9ai,1729700077.33065
198,r/Socialist,3141,Politics,t5_2qubn,1729700077.352215
199,r/weddinghashtag,3141,Family and Relationships,t5_3f8ei,1729700077.372065
200,r/eboyfashion,3140,Fashion,t5_2fz95y,1729700077.3915231
201,r/feumanila,3140,Learning and Education,t5_9mo3yz,1729700077.410932
202,r/FlavoradeOfficial,3140,Mature Themes and Adult Content,t5_9uh1av,1729700077.430153
203,r/fullsail,3140,Learning and Education,t5_2s674,1729700077.449135
204,r/GemsProtocol,3140,Crypto,t5_9l10t,1729700077.467427
205,r/IUD,3140,Women's Health,t5_5plnev,1729700077.4868102
206,r/kdramas,3140,Television,t5_2urlj,1729700077.505449
207,r/chambermusic,3139,Music,t5_2rfds,1729700077.523915
208,r/EASportsFCMobile,3139,Gaming,t5_6ckwal,1729700077.5422442
209,r/influencerkarma,3139,annoying influencers getting what they deserve,t5_73mjh4,1729700077.560661
210,r/JaidaParker,3139,Mature Themes and Adult Content,t5_ab9w0h,1729700077.579412
211,r/JulesLeBlancClub,3139,Celebrity,t5_5yzsrm,1729700077.5982761
212,r/Lavendamonroe,3139,Mature Themes and Adult Content,t5_44xbzx,1729700077.6166441
213,r/StarCitizenFrance,3139,Gaming,t5_2zdzz,1729700077.635225
214,r/Truckdrivers,3139,Careers,t5_4w0qo4,1729700077.653619
215,r/7vidas,3138,Animals and Pets,t5_9vtoq5,1729700077.671987
216,r/CharacterNames,3138,"Reading, Writing, and Literature",t5_3bszh,1729700077.690691
217,r/MTGPuzzleQuest,3138,Gaming,t5_39r4f,1729700077.7091599
218,r/PocoGang,3138,Gaming,t5_wlrth,1729700077.72754
219,r/unsharpening,3138,Making sharp things dull.,t5_4kyihk,1729700077.7465038
220,r/AcademicUAP,3137,Internet Culture and Memes,t5_7mkvvr,1729700077.7655082
221,r/CoronavirusMovieNight,3137,A place where everyone on the internet can use our collective time stuck inside to create a community and enjoy a movie together. We'll decide a few movies each week to to watch and discuss while we are all dealing with Coronavirus (COVID-19),t5_2hqi1k,1729700077.78436
222,r/cymbals,3137,Music,t5_2tj0b,1729700077.805324
223,r/Foods_And_Drinks,3137,"Welcome to r/Foods_And_Drinks We are a supportive community dedicated to discussing, promoting, and understanding all aspects of health and well-being. From the latest medical research, nutrition, mental health, fitness, and general well-being tips, to personal stories and experiences, this is your central hub. Our community thrives on the diverse insights of its members, whether you're a healthcare professional, patient, enthusiast, or someone looking for guidance.",t5_7fr0oi,1729700077.825292
224,r/LightHouseofTruth,3137,Religion and Spirituality,t5_543urc,1729700077.845621
225,r/LPBWRoloffSnark,3137,Celebrity,t5_zfxl5,1729700077.864888
226,r/PaganFestivals,3137,Religion and Spirituality,t5_1otamw,1729700077.883378
227,r/unknowntalent,3137,Music,t5_3k35o,1729700077.901932
228,r/AdoptSupernote,3136,Marketplace and Deals,t5_6ibgfh,1729700077.9203572
229,r/ChernobyliteGame,3136,Gaming,t5_wfkat,1729700077.938528
230,r/FCEL,3136,"Business, Economics, and Finance",t5_3mw6ta,1729700077.957885
231,r/fo76PTS,3136,Gaming,t5_4fpxo8,1729700077.976245
232,r/lightcannon,3136,Gaming,t5_4y8c2q,1729700077.993699
233,r/RebelMoon,3136,Movies,t5_4tu8cw,1729700078.012
234,r/studying_in_germany,3136,Learning and Education,t5_3mvk9,1729700078.029343
235,r/1stPersonAnimations,3135,Technology,t5_p9c6m,1729700078.0466938
236,r/Bandung,3135,Place,t5_2t0ro,1729700078.063956
237,r/DETERFREDAG,3135,TIL HELVETE MED REDDIT (aldri mer fredag??? :( ),t5_ijmn7,1729700078.0814059
238,r/heriotwatt,3135,Learning and Education,t5_2t739,1729700078.101655
239,r/jeans,3135,Fashion,t5_2rkel,1729700078.126716
240,r/SXM,3135,Place,t5_2vx4d,1729700078.1456718
241,r/UKMounjaro,3135,Fitness and Nutrition,t5_br1i7q,1729700078.164254
242,r/vmix,3135,Technology,t5_3ilfo,1729700078.183887
243,r/Word_of_The_Day,3135,Welcome to Word_of_The_Day,t5_2sci6,1729700078.202234
244,r/Bcflyers,3134,What happened? I do not own any of these images or videos.,t5_3k22kg,1729700078.220313
245,r/dogevore,3134,Internet Culture and Memes,t5_tv97z,1729700078.237775
246,r/electronmicroscopy,3134,Science,t5_2rmvi,1729700078.255399
247,r/GameAndWatchMods,3134,Gaming,t5_3ir0ld,1729700078.2728739
248,r/epica,3133,Music,t5_2wb53,1729700078.29039
249,r/Giantbikes,3133,Sports,t5_3ros5a,1729700078.307999
