,subreddit,subscribers,topic,subreddit_id,time
0,r/Dance,89960,Art,t5_2qhs0,1729696692.618478
1,r/seashanties,89951,Music,t5_2sjg8,1729696692.6409018
2,r/Stronglifts5x5,89939,Fitness and Nutrition,t5_2x8is,1729696692.662536
3,r/budgies,89935,Animals and Pets,t5_2tjtv,1729696692.683708
4,r/DipPowderNails,89890,Beauty and Makeup,t5_y15vs,1729696692.703896
5,r/AmazonDSPDrivers,89679,Careers,t5_1a9kw0,1729696692.733599
6,r/Simracingstewards,89670,Gaming,t5_id42i,1729696692.754059
7,r/Minoxbeards,89664,Men's Health,t5_3ea67,1729696692.7767522
8,r/notopbutok,89663,Internet Culture and Memes,t5_yxze4,1729696692.795234
9,r/cassetteculture,89641,Hobbies,t5_2sil0,1729696692.813709
10,r/wewantcups,89634,Food and Drink,t5_3h5ay,1729696692.87618
11,r/Bangkok,89623,Place,t5_2qknx,1729696692.895
12,r/AnimalCrossingNewLeaf,89578,Gaming,t5_2xcev,1729696692.920071
13,r/desimemes,89520,Internet Culture and Memes,t5_2tjjh,1729696692.93876
14,r/geocaching,89500,Outdoors and Nature,t5_2qyvl,1729696692.957268
15,r/PokemonBDSP,89483,Gaming,t5_40vgcm,1729696692.975847
16,r/overthegardenwall,89455,Television,t5_31pv4,1729696692.99443
17,r/vintageobscura,89440,Music,t5_2tgzu,1729696693.01334
18,r/OSU,89430,Learning and Education,t5_2qj3f,1729696693.03147
19,r/dunememes,89406,"Reading, Writing, and Literature",t5_3kh7c,1729696693.0491362
20,r/composer,89389,Music,t5_2sjib,1729696693.067002
21,r/TheOrville,89351,Television,t5_3kggw,1729696693.0842922
22,r/birdstakingthetrain,89342,Animals and Pets,t5_2xgp6,1729696693.1016068
23,r/AskMiddleEast,89341,"Culture, Race, and Ethnicity",t5_vkfjx,1729696693.118845
24,r/Kingdom,89326,"Reading, Writing, and Literature",t5_2sl0d,1729696693.136126
25,r/NetflixViaVPN,89321,Movies,t5_3fzk2,1729696693.153429
26,r/YoutubeMusic,89320,Music,t5_2sy6e,1729696693.171613
27,r/LandscapePhotography,89315,Art,t5_2u2al,1729696693.189787
28,r/DarkAcademia,89292,Fashion,t5_th6q5,1729696693.208149
29,r/okbuddyphd,89274,Internet Culture and Memes,t5_2o4hl7,1729696693.2264209
30,r/catscarryingstuffies,89261,Animals and Pets,t5_10xp3q,1729696693.246023
31,r/OLED,89185,Technology,t5_2r8y3,1729696693.264297
32,r/astrophysics,89168,Science,t5_2rg22,1729696693.282649
33,r/UnexpectedThanos,89067,Internet Culture and Memes,t5_irvp4,1729696693.301026
34,r/USHistory,89044,History,t5_2rcqc,1729696693.319444
35,r/IndianFoodPhotos,89017,Food and Drink,t5_3z8bc6,1729696693.338045
36,r/ShowerOrange,88936,Internet Culture and Memes,t5_37u0u,1729696693.356477
37,r/coincollecting,88933,Hobbies,t5_2rni3,1729696693.3749938
38,r/MoaiGreddit,88919,Internet Culture and Memes,t5_2rks8q,1729696693.393745
39,r/CaptainSparklez,88879,Podcasts and Streamers,t5_2ugwy,1729696693.41267
40,r/UCSD,88876,Place,t5_2r6sq,1729696693.431084
41,r/startrekgifs,88863,Television,t5_2u6ut,1729696693.449667
42,r/UKhiking,88828,Outdoors and Nature,t5_2wfnj,1729696693.467978
43,r/fallout76settlements,88816,Gaming,t5_n5nbl,1729696693.486371
44,r/johnoliver,88808,Celebrity,t5_2xcal,1729696693.505147
45,r/fantasyfootballadvice,88780,Sports,t5_2utpa,1729696693.523799
46,r/AskAMechanic,88760,Cars and Motor Vehicles,t5_2rqqf,1729696693.5422819
47,r/trustapp,88752,Crypto,t5_9ldsc,1729696693.5608268
48,r/PiratePets,88737,Animals and Pets,t5_tp0bm,1729696693.579104
49,r/iran,88721,Place,t5_2qhzq,1729696693.5974112
50,r/SubsYouFellFor,88690,Internet Culture and Memes,t5_gu1ut,1729696693.616008
51,r/CommercialsIHate,88638,Internet Culture and Memes,t5_2wyhe,1729696693.635604
52,r/AITA_WIBTA_PUBLIC,88634,Meta/Reddit,t5_8l3aot,1729696693.654412
53,r/pokemoncards,88634,Tabletop Games,t5_2smwo,1729696693.672927
54,r/GERD,88630,Medical and Mental Health,t5_2qlaa,1729696693.6914718
55,r/capetown,88604,Place,t5_2r3ap,1729696693.7098
56,r/USdefaultism,88575,Internet Culture and Memes,t5_2ns55u,1729696693.728683
57,r/customhearthstone,88555,Gaming,t5_30mve,1729696693.747484
58,r/kickstarter,88527,"Business, Economics, and Finance",t5_2rquu,1729696693.766324
59,r/gamemaker,88465,Programming,t5_2qw2g,1729696693.784786
60,r/Kengan_Ashura,88455,Anime,t5_m9xyl,1729696693.80338
61,r/thelongdark,88448,Gaming,t5_2ygr3,1729696693.822274
62,r/ragdolls,88445,Animals and Pets,t5_2vgxd,1729696693.8409889
63,r/WayOfTheBern,88406,Politics,t5_3ff8l,1729696693.860022
64,r/Trymacs_Discord,88383,Podcasts and Streamers,t5_2e1yc0,1729696693.878848
65,r/ShaneGillis,88356,Podcasts and Streamers,t5_24t1yx,1729696693.897461
66,r/MusicaBR,88350,Music,t5_3mhrz1,1729696693.916058
67,r/mturk,88341,Careers,t5_2qmd7,1729696693.93411
68,r/ThriftGrift,88306,Marketplace and Deals,t5_572rcs,1729696693.953012
69,r/upholstery,88251,Crafts and DIY,t5_2rva0,1729696693.971691
70,r/genderfluid,88244,Gender,t5_2u0nr,1729696693.990078
71,r/Jaharia,88201,Podcasts and Streamers,t5_3iqhz,1729696694.008678
72,r/debian,88124,Technology,t5_2qhkk,1729696694.027415
73,r/clonewars,88107,Television,t5_2ruwd,1729696694.046197
74,r/PrepperIntel,88085,Hobbies,t5_2raoq8,1729696694.065057
75,r/Albuquerque,88073,Place,t5_2qxoe,1729696694.083946
76,r/NFTExchange,88073,Crypto,t5_3yli2s,1729696694.103039
77,r/IllegallySmol,88065,Animals and Pets,t5_29p703,1729696694.12285
78,r/study,88062,Learning and Education,t5_2rcbr,1729696694.142046
79,r/LawStudentsPH,88023,Learning and Education,t5_horsm,1729696694.16063
80,r/WeirdWings,87990,Cars and Motor Vehicles,t5_35fvr,1729696694.1793978
81,r/HybridAnimalsGame,87943,Gaming,t5_1zgrv8,1729696694.19808
82,r/DanTDM,87931,Podcasts and Streamers,t5_331ib,1729696694.2170491
83,r/finishing,87904,Crafts and DIY,t5_3c9xq,1729696694.2357912
84,r/BabyYoda,87885,Internet Culture and Memes,t5_28hmqn,1729696694.254572
85,r/origami,87832,Art,t5_2qiul,1729696694.273346
86,r/adhd_anxiety,87830,Medical and Mental Health,t5_3a09l,1729696694.292276
87,r/Bulldogs,87812,Animals and Pets,t5_2sseo,1729696694.311091
88,r/textfriends,87804,Family and Relationships,t5_30a3q,1729696694.329563
89,r/shortstories,87789,"Reading, Writing, and Literature",t5_2qhmi,1729696694.3483899
90,r/orks,87771,Tabletop Games,t5_2v7kn,1729696694.367479
91,r/AmItheEx,87721,Meta/Reddit,t5_7t3p8f,1729696694.386112
92,r/Diesel,87689,Cars and Motor Vehicles,t5_2r107,1729696694.409088
93,r/Wonderlands,87678,Gaming,t5_3a4la3,1729696694.606036
94,r/ACCompetizione,87647,Gaming,t5_g4zuq,1729696694.627696
95,r/rusAskReddit,87646,Meta/Reddit,t5_4sq796,1729696694.646827
96,r/CreepyAskReddit,87570,Meta/Reddit,t5_2yebo,1729696694.6660008
97,r/whitegirlbeauty,87550,Mature Themes and Adult Content,t5_70oeah,1729696694.68494
98,r/eyes,87548,Beauty and Makeup,t5_2rbii,1729696694.711551
99,r/pcmods,87522,Technology,t5_2tj99,1729696694.7304618
100,r/koreanmusic,87499,Music,t5_2ud62,1729696694.749216
101,r/SelfDrivingCars,87453,Cars and Motor Vehicles,t5_2udmw,1729696694.7675462
102,r/mildlycreepy,87422,Internet Culture and Memes,t5_2ua94,1729696694.786127
103,r/LowSodiumDestiny,87391,Gaming,t5_3c0tx,1729696694.8467479
104,r/poshmark,87384,Marketplace and Deals,t5_34hq6,1729696694.8658009
105,r/HannibalTV,87346,Television,t5_2vs7z,1729696694.890573
106,r/Planetside,87337,Gaming,t5_2s48x,1729696694.909159
107,r/Crypto_General,87329,Crypto,t5_2xgpi,1729696694.928046
108,r/CoronavirusMa,87283,Medical and Mental Health,t5_2gqpy4,1729696694.946651
109,r/neurodiversity,87283,Medical and Mental Health,t5_2tzqe,1729696694.9656918
110,r/comingout,87276,Sexual Orientation,t5_2rw9q,1729696694.984542
111,r/AFKJourney,87270,Gaming,t5_86dad0,1729696695.0034251
112,r/BitcoinCA,87251,Crypto,t5_2wqe8,1729696695.022536
113,r/HuntsvilleAlabama,87246,Place,t5_2qq6o,1729696695.041433
114,r/boating,87245,Cars and Motor Vehicles,t5_2qm9s,1729696695.060128
115,r/diyaudio,87215,Technology,t5_2tizz,1729696695.0789518
116,r/goats,87208,Animals and Pets,t5_2qlyf,1729696695.0979042
117,r/LooksmaxingAdvice,87188,Beauty and Makeup,t5_3l18i,1729696695.116586
118,r/holofractal,87172,Science,t5_33j70,1729696695.135173
119,r/Polkadot,87114,Crypto,t5_2ublt,1729696695.153846
120,r/acecombat,87058,Gaming,t5_2svt4,1729696695.172679
121,r/ledzeppelin,87056,Music,t5_2qtjg,1729696695.191062
122,r/memesopdidnotlike,87026,Internet Culture and Memes,t5_6kv7zd,1729696695.210666
123,r/Vans,87012,Fashion,t5_2slt1,1729696695.231533
124,r/ObviousPlant,86989,Internet Culture and Memes,t5_3c3oy,1729696695.2502542
125,r/climbergirls,86972,Sports,t5_2wrvu,1729696695.269037
126,r/Charity,86931,Activism,t5_2qhi2,1729696695.2874858
127,r/taxPH,86907,"Business, Economics, and Finance",t5_2ac7gq,1729696695.305989
128,r/TBJZL,86906,Podcasts and Streamers,t5_xrdmg,1729696695.324427
129,r/CatsWhoChirp,86834,Animals and Pets,t5_z9iyp,1729696695.3432589
130,r/Kotlin,86827,Programming,t5_2so2r,1729696695.362255
131,r/comicbookcollecting,86815,Hobbies,t5_2xxis,1729696695.381081
132,r/rstats,86812,Programming,t5_2r8n0,1729696695.399876
133,r/9anime,86784,Anime,t5_3gzjf,1729696695.418296
134,r/vinted,86768,Fashion,t5_3fgso,1729696695.436979
135,r/NameMyCat,86741,Animals and Pets,t5_3hjjf,1729696695.4558358
136,r/WorldWar2,86737,History,t5_2r84j,1729696695.474431
137,r/TheTraitors,86725,Television,t5_5xtu9a,1729696695.492919
138,r/BATProject,86692,Crypto,t5_3jmmc,1729696695.511745
139,r/RotMG,86687,Gaming,t5_2s505,1729696695.530404
140,r/PokemonMasters,86680,Gaming,t5_31qu9,1729696695.548612
141,r/TextingTheory,86680,Internet Culture and Memes,t5_4kth6i,1729696695.566847
142,r/KnightsOfPineapple,86659,Food and Drink,t5_39h2c,1729696695.585022
143,r/Scottsdale,86658,Place,t5_2qnfl,1729696695.603313
144,r/summerhousebravo,86641,Television,t5_2epcsj,1729696695.621629
145,r/keyboards,86612,Technology,t5_2rm65,1729696695.640082
146,r/fightsticks,86588,Gaming,t5_2uvie,1729696695.6587222
147,r/raisedbyborderlines,86581,Trauma Support,t5_33d8b,1729696695.6788511
148,r/CryptoMarsShots,86567,Crypto,t5_46bnjs,1729696695.69721
149,r/MedievalHistory,86545,History,t5_2sa8g,1729696695.715809
150,r/wismichu,86540,Podcasts and Streamers,t5_i4nx8,1729696695.734472
151,r/PointyTailedKittens,86525,Animals and Pets,t5_3obin,1729696695.7532659
152,r/MarioMaker,86454,Gaming,t5_324q9,1729696695.7722912
153,r/ukulele,86442,Music,t5_2qltz,1729696695.791251
154,r/archeologyworld,86400,History,t5_2msc9i,1729696695.810165
155,r/catsinpants,86393,Animals and Pets,t5_2w8gt,1729696695.829077
156,r/howimetyourmother,86393,Television,t5_2qzj4,1729696695.847703
157,r/Maya,86359,Art,t5_2qihn,1729696695.866427
158,r/indianmemer,86355,Internet Culture and Memes,t5_2iyfuf,1729696695.8849962
159,r/xcountryskiing,86322,Sports,t5_2s9a7,1729696695.9036648
160,r/flask,86316,Programming,t5_2s1s3,1729696695.92313
161,r/thepromisedneverland,86240,"Reading, Writing, and Literature",t5_3fp9n,1729696695.941936
162,r/transgamers,86234,Gaming,t5_2scaw,1729696695.9607701
163,r/femboymemes,86220,Internet Culture and Memes,t5_120xk3,1729696695.979258
164,r/stepparents,86219,Family and Relationships,t5_2t08x,1729696695.9980009
165,r/OrganicChemistry,86179,Science,t5_2r0xb,1729696696.0170538
166,r/alpinism,86176,Outdoors and Nature,t5_2rjam,1729696696.035755
167,r/shib,86150,Crypto,t5_29g0pl,1729696696.0547001
168,r/microgreens,86134,Home and Garden,t5_2vjyx,1729696696.073608
169,r/SAHP,86093,Family and Relationships,t5_2rsj9,1729696696.092428
170,r/ruby,86044,Programming,t5_2qh21,1729696696.111129
171,r/animalcrossingmeme,86023,Gaming,t5_15dker,1729696696.1297479
172,r/Defenders,85937,Television,t5_30occ,1729696696.1497002
173,r/Bowling,85820,Hobbies,t5_2r3ex,1729696696.168759
174,r/mitski,85719,Music,t5_3h89k,1729696696.187496
175,r/StainedGlass,85716,Art,t5_2r4xk,1729696696.205986
176,r/CoronavirusUK,85680,Medical and Mental Health,t5_2f3oes,1729696696.224792
177,r/PrizePicks,85664,Sports,t5_4bv8z0,1729696696.2433002
178,r/2visegrad4you,85663,"Culture, Race, and Ethnicity",t5_427he1,1729696696.262048
179,r/Bestbuy,85660,"Business, Economics, and Finance",t5_2rofz,1729696696.280447
180,r/reclaimedbynature,85658,Outdoors and Nature,t5_2w1gr,1729696696.299032
181,r/hardstyle,85654,Music,t5_2rluz,1729696696.317297
182,r/Tierzoo,85630,Podcasts and Streamers,t5_3ns27,1729696696.335509
183,r/pandabuyfinds,85611,Fashion,t5_7jt2m3,1729696696.353718
184,r/furniture,85610,Home and Garden,t5_2qir2,1729696696.372284
185,r/Alienware,85588,Technology,t5_2r5rg,1729696696.39066
186,r/conselhodecarreira,85540,Careers,t5_614dvo,1729696696.408926
187,r/DnD5e,85529,Tabletop Games,t5_2td4d,1729696696.427618
188,r/DreamInterpretation,85480,Religion and Spirituality,t5_2s04x,1729696696.4466932
189,r/EldenRingBuilds,85452,Gaming,t5_46mtdk,1729696696.465625
190,r/antivirus,85451,Technology,t5_2s869,1729696696.483892
191,r/venturebros,85395,Television,t5_2r8d8,1729696696.502253
192,r/entp,85371,Ethics and Philosophy,t5_2qoy3,1729696696.521235
193,r/ucla,85329,Place,t5_2qscu,1729696696.539983
194,r/TechnoProduction,85325,Music,t5_2v4k9,1729696696.5588531
195,r/teslainvestorsclub,85324,"Business, Economics, and Finance",t5_n9evv,1729696696.577712
196,r/woodstoving,85293,Home and Garden,t5_329i6,1729696696.59707
197,r/maybemaybemaybemaybe,85190,Internet Culture and Memes,t5_39fe5,1729696696.616813
198,r/ProjectRunway,85190,Television,t5_2uin6,1729696696.635745
199,r/AlienBodies,85170,Internet Culture and Memes,t5_9czxap,1729696696.654647
200,r/jordan,85137,Place,t5_2qkq7,1729696696.673475
201,r/IndiaTax,85117,"Business, Economics, and Finance",t5_2mvcfn,1729696696.692032
202,r/Flooring,85113,Home and Garden,t5_2sm23,1729696696.710832
203,r/ancientegypt,85077,History,t5_2s3us,1729696696.7294872
204,r/Woodworkingplans,85074,Hobbies,t5_2vaev,1729696696.748336
205,r/LivingAlone,85060,Home and Garden,t5_2tbsy,1729696696.767116
206,r/australian,85043,Place,t5_2qmdy,1729696696.7857778
207,r/CoronavirusMemes,85037,Internet Culture and Memes,t5_2djaiy,1729696696.80437
208,r/Popular_Science_Ru,85014,Science,t5_12653g,1729696696.823371
209,r/earthbound,84969,Gaming,t5_2rkbz,1729696696.8422148
210,r/Rochester,84948,Place,t5_2qhkc,1729696696.8610601
211,r/CrazyHand,84934,Gaming,t5_33vle,1729696696.879804
212,r/urbancarliving,84881,Cars and Motor Vehicles,t5_2vdsp,1729696696.898713
213,r/pottedcats,84880,Animals and Pets,t5_326jt,1729696696.917857
214,r/vrising,84879,Gaming,t5_48zfnu,1729696696.936788
215,r/oceans,84815,Outdoors and Nature,t5_2s7su,1729696696.955429
216,r/TruckerCats,84815,Animals and Pets,t5_qez38,1729696696.974064
217,r/earlsweatshirt,84797,Music,t5_2ttc3,1729696696.992379
218,r/ambientmusic,84723,Music,t5_2rnoj,1729696697.0106182
219,r/Stremio,84610,Technology,t5_3ahix,1729696697.028927
220,r/wallstreetbetsOGs,84572,"Business, Economics, and Finance",t5_3tx7q5,1729696697.0475361
221,r/garfieldminusgarfield,84565,Internet Culture and Memes,t5_2vzgd,1729696697.0660238
222,r/mazda3,84544,Cars and Motor Vehicles,t5_2tlj8,1729696697.0843892
223,r/80smusic,84534,Music,t5_2qsyt,1729696697.103297
224,r/TradingView,84519,"Business, Economics, and Finance",t5_31mp3,1729696697.120304
225,r/Ruleshorror,84504,"Reading, Writing, and Literature",t5_2uj34t,1729696697.138706
226,r/truespotify,84503,Music,t5_38yhd,1729696697.157302
227,r/fanart,84498,Art,t5_2smwy,1729696697.176148
228,r/Knoxville,84496,Place,t5_2qi32,1729696697.1943429
229,r/decentraland,84468,Gaming,t5_38hd8,1729696697.212832
230,r/lifeguardkitties,84449,Animals and Pets,t5_3sb9i9,1729696697.231672
231,r/FemboyFashion,84443,Gender,t5_22h29z,1729696697.250217
232,r/cambridge,84438,Place,t5_2qh8u,1729696697.269021
233,r/unexpectedhogwarts,84432,Internet Culture and Memes,t5_39fhn,1729696697.288032
234,r/Calcio,84430,Sports,t5_2s6zb,1729696697.3069031
235,r/FFBraveExvius,84429,Gaming,t5_34n2x,1729696697.3254972
236,r/socalhiking,84420,Outdoors and Nature,t5_2t7b4,1729696697.344338
237,r/AnimalMemes,84400,Internet Culture and Memes,t5_2wynd,1729696697.362903
238,r/AskComputerScience,84361,Learning and Education,t5_2shke,1729696697.38168
239,r/weirdvideosfor3am,84351,Internet Culture and Memes,t5_21qq4x,1729696697.4005609
240,r/litrpg,84340,"Reading, Writing, and Literature",t5_3667v,1729696697.420032
241,r/magicbuilding,84322,"Reading, Writing, and Literature",t5_30kv1,1729696697.439091
242,r/transit,84297,Cars and Motor Vehicles,t5_2qha9,1729696697.457649
243,r/NolanBatmanMemes,84295,Funny/Humor,t5_3mcsj,1729696697.476368
244,r/TaylorSwiftPictures,84295,Celebrity,t5_2wqat,1729696697.4947772
245,r/MatthiasSubmissions,84294,Podcasts and Streamers,t5_2zsqyj,1729696697.513223
246,r/unlikelyfriends,84281,Animals and Pets,t5_2w2u2,1729696697.532251
247,r/Greenhouses,84273,Home and Garden,t5_2qt1m,1729696697.5509892
248,r/CHICubs,84252,Sports,t5_37k90,1729696697.571081
249,r/BasicIncome,84227,Politics,t5_2v1jk,1729696697.589408
