,subreddit,subscribers,topic,subreddit_id,time
0,r/infinifactory,1503,Gaming,t5_33y54,1729701409.747296
1,r/KTCsnark,1503,New snark for our fav joo-ry maker,t5_b14on8,1729701409.7697332
2,r/KULTrpg,1503,Tabletop Games,t5_3fxu8,1729701409.79009
3,r/lolmem,1503,Internet Culture and Memes,t5_72zedr,1729701409.809878
4,r/Melissa_Satta,1503,Pagina dedicata alla FAVOLOSA Melissa Satta. Qui vengono pubblicati i suoi migliori contenuti.,t5_6yyc9u,1729701409.829013
5,r/ModernManiaWrestling,1503,Gaming,t5_29r1xs,1729701409.856628
6,r/ProjectQuantum_,1503,Crypto,t5_4geafr,1729701409.8753731
7,r/recordlabels,1503,Music,t5_2uk7a,1729701409.894099
8,r/RedHead_Celebs,1503,"For sexy, beautiful redheaded celebs.",t5_zar22,1729701409.912889
9,r/SATCOM,1503,Technology,t5_2stm8,1729701409.931702
10,r/SonAmy,1503,Television,t5_ktkwi,1729701410.0031471
11,r/TheMysticle,1503,Technology,t5_2i5yp9,1729701410.0217972
12,r/axelar,1502,Crypto,t5_5g5z25,1729701410.047636
13,r/boundary,1502,Gaming,t5_2tzzt,1729701410.0661561
14,r/CreditRebels,1502,"Business, Economics, and Finance",t5_5zy180,1729701410.084785
15,r/CruiseCrew,1502,Careers,t5_3fbrv,1729701410.1030788
16,r/JesseniaV,1502,shut down for good,t5_4i9nki,1729701410.121564
17,r/masjid,1502,Religion and Spirituality,t5_305se,1729701410.1440032
18,r/MerchantHeroes,1502,Gaming,t5_262keg,1729701410.1627882
19,r/PandaBuyBeginners,1502,Welcome to PandaBuyBeginners,t5_8czf1r,1729701410.1812868
20,r/PhilippinesTourism,1502,Travel,t5_53n941,1729701410.199799
21,r/RandomActsOfAB,1502,A place to share the Asian Beauty love!,t5_399dx,1729701410.2183208
22,r/retiredmemes,1502,A place to house all those memes which have passed into retirement.,t5_2wuz4,1729701410.2368388
23,r/UtahSkies,1502,Art,t5_xckn0,1729701410.255841
24,r/vanbuild,1502,Welcome to vanbuild,t5_pua33,1729701410.274762
25,r/Astrology_Forum,1501,"Subreddit for astrology, numerology and mysticism in general.",t5_3mkhr,1729701410.2937799
26,r/babybop_snark,1501,Podcasts and Streamers,t5_b8ubz0,1729701410.312625
27,r/bedford,1501,Place,t5_2v29p,1729701410.3315892
28,r/BoughtTogether,1501,Odd items frequently bought together,t5_3g5u6,1729701410.3505778
29,r/ButuanCity,1501,Place,t5_aarfcr,1729701410.3693829
30,r/CandidMBTI,1501,Ethics and Philosophy,t5_28f3qe,1729701410.3883379
31,r/ChurchOfJustice,1501,Art,t5_2y3ucg,1729701410.407238
32,r/Confused_Animals,1501,Animals and Pets,t5_3emc5,1729701410.426115
33,r/DakartheGame,1501,Gaming,t5_3pkn7,1729701410.446383
34,r/girlsgoofing,1501,"Girls, goofing.",t5_y37jq,1729701410.4661639
35,r/heathen,1501,"Various postings, mostly about Scandinavian history. Other links are also welcomed, this sub isn't limited to Norse info.",t5_2rb3t,1729701410.485811
36,r/hungariannews,1501,Place,t5_iee45,1729701410.50472
37,r/IMX,1501,"ImmutableX - Experience zero gas fees, instant trades, and carbon neutral NFTs for marketplaces, games, and applications without compromise. Build your NFT business in hours with our APIs.",t5_5gt72a,1729701410.524343
38,r/mxrthumbnailsauce,1501,Podcasts and Streamers,t5_4ki1dw,1729701410.5436668
39,r/nplusplus,1501,Gaming,t5_31hoj,1729701410.562761
40,r/nycstreetart,1501,Documenting and discussing street art and graffiti in NYC,t5_2y84b,1729701410.581148
41,r/reviewsforyou,1501,"Reviews on everything - digital and physical products: electronics, make money programs, supplements, spirituality, guides, and more. Submit your review if you have one (no spam!). Aff links allowed with a disclosure.",t5_2xl7l5,1729701410.599643
42,r/RoyalHighTradingHalos,1501,Marketplace and Deals,t5_2pcibj,1729701410.619375
43,r/shotonandroid,1501,This subreddit is to share all of the amazing photos & videos shot on your Android device!,t5_38vs4,1729701410.638928
44,r/SwitchTV,1501,"A subreddit for posting videos taken with the Switch video capture button, for the sake of sharing good gameplay, funny moments, awesome skills, etc.",t5_3pb1i,1729701410.657875
45,r/TYSOpodcast,1501,Podcasts and Streamers,t5_34clr8,1729701410.676372
46,r/yob,1501,"YOB: the subreddit. This is an area for all things about the band from Eugene, Oregon named YOB.",t5_3a2k2,1729701410.694709
47,r/AntiSlaveryMemes,1500,History,t5_7yh8ch,1729701410.712987
48,r/Marillion,1500,Music,t5_2rrzo,1729701410.732148
49,r/nbafiftyfifty,1500,Welcome to nbafiftyfifty,t5_34646,1729701410.7515619
50,r/NewJerseyforSanders,1500,"r/NewJerseyForSanders is a grassroots volunteer-led online hub designed to raise support in New Jersey for Senator Bernie Sanders 2020 campaign for President of the United States and to highlight Our Revolution, and progressive policy.",t5_3818f,1729701410.7701252
51,r/NintendoDivas,1500,Mature Themes and Adult Content,t5_a554nq,1729701410.788691
52,r/NoTap,1500,Due to an unexpected Reddit administrative personnel change /r/notap joins a group of default subreddits going dark temporarily in an effort to resolve the situation. Our apologies for any disruption this may cause.,t5_37mxs,1729701410.808748
53,r/StarRenegades,1500,Gaming,t5_mkjgf,1729701410.8284512
54,r/SunKilMoon,1500,Music,t5_305oy,1729701410.8505678
55,r/SynthwaveProduction,1500,Music,t5_3jjqv,1729701410.8717382
56,r/TheAntiqueShopPod,1500,Podcasts and Streamers,t5_4da022,1729701410.89261
57,r/thebeaverton,1500,Politics,t5_33ogj,1729701410.912134
58,r/TikTokaccounts4sale,1500,Marketplace and Deals,t5_71pohf,1729701410.931608
59,r/ValueSelect,1500,Podcasts and Streamers,t5_lxnqn,1729701410.950602
60,r/dirttrack,1499,"This is a subreddit for all things Dirt Track Racing. Feel free to post anything related to Circle Track Racing on dirt. All forms of racing is welcome; Dwarf, Kart, Micro Sprint, Mini Sprint, Sprint, Outlaw, Silver, Crown, Midget, Factory Stocks, Mini Stocks, Stingers, Hornets, Bombers, Hobby Stocks, Cruisers, Stock Cars, Pure Streets, Pure Stocks, Street Stocks, Super Streets, Super Stocks, Pro Stocks, Renegades, Modified, Late Models, Enduro, Demo Derby and anything else you can think of.",t5_2zi1c,1729701410.969305
61,r/EtsyStrike,1499,Activism,t5_5wpvfp,1729701410.9874969
62,r/ImportGameCollectors,1499,Gaming,t5_3tlsbn,1729701411.005536
63,r/OdysseyOCN,1499,Crypto,t5_h9ixa,1729701411.024068
64,r/restoring_irl,1499,Internet Culture and Memes,t5_2tghl7,1729701411.042899
65,r/stinkbugtime,1499,Outdoors and Nature,t5_9949zp,1729701411.0610728
66,r/TheStreets,1499,Music,t5_33pt2,1729701411.079099
67,r/WeightLossFormula,1499,Fitness and Nutrition,t5_vj7gi,1729701411.098996
68,r/whattowatch,1499,Television,t5_2riea,1729701411.117802
69,r/Whitehall,1499,A subreddit for Whitehall Ohio,t5_2zk7z,1729701411.1365068
70,r/bluelight,1498,Internet Culture and Memes,t5_2qzin,1729701411.155125
71,r/boisefood,1498,Food and Drink,t5_2vo9eu,1729701411.173866
72,r/BrianMay,1498,Celebrity,t5_2uz9f,1729701411.192468
73,r/CivEx,1498,Gaming,t5_2v9c4,1729701411.211126
74,r/dogsdrivingcars,1498,Strap your dog in the drivers seat and take a pic,t5_2x765,1729701411.2298932
75,r/galaxywatch5,1498,Samsung Galaxy watch 5 Reddit Community,t5_4vxqpk,1729701411.250505
76,r/Lincolnuk,1498,Place,t5_2sb6v,1729701411.270474
77,r/Magicite,1498,Gaming,t5_2xz2b,1729701411.2903411
78,r/MiniDayz2,1498,Gaming,t5_3kpozj,1729701411.308992
79,r/nintended,1498,Gaming,t5_2vfy3y,1729701411.327569
80,r/petewasfilming,1498,Internet Culture and Memes,t5_2ljmlx,1729701411.346187
81,r/traaagicthegathering,1498,Tabletop Games,t5_2ynxtn,1729701411.36439
82,r/AgainstGamerGate,1497,Gaming,t5_3441a,1729701411.382742
83,r/AlmostYaoi,1497,Anime,t5_3h2w5s,1729701411.401131
84,r/ChilePics,1497,A subreddit for pics of Chile! Member of the /r/NationalPhotoSubs network.,t5_34i9u,1729701411.4196239
85,r/JNCIA,1497,Learning and Education,t5_38ahb,1729701411.4382012
86,r/joinvoidcrew,1497,Gaming,t5_8l1v8t,1729701411.456671
87,r/Lethalweapon,1497,Movies,t5_3arox,1729701411.4751601
88,r/LivCowherd,1497,All thing Liv Cowherd related,t5_2a9yml,1729701411.493679
89,r/mintos,1497,"Business, Economics, and Finance",t5_4bpws,1729701411.511821
90,r/PodcastButOutside,1497,Podcasts and Streamers,t5_10d4tb,1729701411.529983
91,r/snappingturtles,1497,Animals and Pets,t5_3gdwud,1729701411.548002
92,r/SuperFarmDAO,1497,"Business, Economics, and Finance",t5_3r1lx4,1729701411.567474
93,r/TheStage,1497,"Where redditors request songs, poems, or other art, and redditors answer.",t5_331ci,1729701411.585919
94,r/watertown,1497,Place,t5_30en3,1729701411.604397
95,r/3teeth,1496,Music,t5_3f2ld,1729701411.622963
96,r/CrappyGames,1496,The worst that gaming as to offer. Bag games. Shitty video games. Video games that suck ass. This is a community to showcase and discuss the worst that gaming has to offer. Is it crap? Post it.,t5_2sova,1729701411.643391
97,r/Dedsec,1496,Gaming,t5_2wwbe,1729701411.6632729
98,r/determineddoggos,1496,For doggos that are very determined to do something,t5_2y8h3d,1729701411.683006
99,r/hand,1496,Beauty and Makeup,t5_2qswa,1729701411.702645
100,r/ich_tina2,1496,Alles von Ich.Tina Ihre Links: https://www.ich-tina.com/,t5_attqcx,1729701411.7209861
101,r/MadeByIkea,1496,Mature Themes and Adult Content,t5_2t0ivd,1729701411.73939
102,r/MaterialScience,1496,All things Material Science related!,t5_3bw5n,1729701411.757729
103,r/Morality,1496,"[Subreddit under new management, so this description is likely to change soon] Ever want to figure out if an action is right or wrong, see what other people are thinking about a tough hypothetical? This is what this subreddit is about. You are highly encouraged to reference your underlying moral theories as part of your comments or flair.",t5_2r8cc,1729701411.77618
104,r/noah,1496,Internet Culture and Memes,t5_2qoku,1729701411.7945259
105,r/okbuddykatsuragi,1496,Anime,t5_5w4sh2,1729701411.813111
106,r/OneTrueGary,1496,"Gary! Gary! Gary! Hahah, Gary! Aww, Gary. Gaaaaary? Gary! Gary.",t5_2yexl,1729701411.831595
107,r/rebelfriends,1496,Internet Culture and Memes,t5_vr0df,1729701411.850155
108,r/SinkIt,1496,Technology,t5_8ripnp,1729701411.868772
109,r/twinpeaksdudes,1496,Music,t5_3hsbg,1729701411.887369
110,r/aloyouiii,1495,Mature Themes and Adult Content,t5_2pi541,1729701411.906453
111,r/CasualToronto,1495,Place,t5_4br5b,1729701411.925489
112,r/frenchtons,1495,Animals and Pets,t5_3iejl,1729701411.94418
113,r/JusReign,1495,Podcasts and Streamers,t5_2ytlf,1729701411.9627619
114,r/la_talitachef,1495,Welcome to la_talitachef,t5_7xzw72,1729701411.981434
115,r/MaineFood,1495,"Maine is getting a lot of attention these days in the culinary world, and I thought it was time for a subreddit dedicated to it. Submit pics of great food you've had, articles about great restaurants, the industry, farming, Maine made food products. Everything Maine food related!",t5_34dmm,1729701412.001112
116,r/Next_Bridge_HC,1495,"Business, Economics, and Finance",t5_6pjcr7,1729701412.0219462
117,r/NorthAmericanTransit,1495,Travel,t5_5jlxwv,1729701412.0438652
118,r/penswap,1495,"Check out /r/pen_swap Their rules also apply here, viewable here: https://www.reddit.com/r/Pen_Swap/wiki/rules Read before participating; outlines post template, requirements, condition ratings, etc List of past scammers to avoid: https://universalscammerlist.com/search.php Be sure everyone you transact with has commented publicly on the subreddit before you send them money or items! Use ONLY PayPal Goods & Services for payment.",t5_6b92qf,1729701412.505911
119,r/Random_Acts_of_Lush,1495,"A subreddit for granting Lush wishes! This subreddit is a randomacts sub for Lush Cosmetics products. A great place to ask for something you've been lusting after, trying something new, or just meeting and conversing with fellow Lushies.",t5_3cpnj,1729701412.5283341
120,r/stellaswap,1495,"StellaSwap is one of the first automated market-making (AMM), decentralized exchange (DEX) for the Moonbeam parachain network. Users can swap, earn, yield farm, bridge assets, explore new projects and engage in NFT trading all from a single unified platform. StellaSwap's products are structured in such a way that facilitates decentralized governance of STELLA holders, while continuing to innovate on the collective foundations by design.",t5_5pw5ie,1729701412.5472
121,r/aaroncarter,1494,Celebrity,t5_2xrl7,1729701412.565792
122,r/ChampionsOnlineFFA,1494,Gaming,t5_2ssxi,1729701412.584455
123,r/DoubleTroubleShera,1494,Television,t5_2n27o3,1729701412.6117172
124,r/Elvenar,1494,Gaming,t5_3av4k,1729701412.630145
125,r/Fukushima,1494,World News,t5_2sde9,1729701412.6489348
126,r/JollzTV,1494,Podcasts and Streamers,t5_6ho9bt,1729701412.667519
127,r/NateFromTheInternet,1494,Crafts and DIY,t5_4vej3y,1729701412.6861062
128,r/PuffballsUnited,1494,Welcome to the PuffballsUnited Reddit! This is a community for fans of PuffballsUnited's/InnerSloth's various works!,t5_38rxp,1729701412.7075882
129,r/revolutionNBC,1494,"Sub dedicated to the NBC Television program Revolution Revolution ""is described as a high-octane action drama following a group of characters struggling to survive and reunite with loved ones in a world where all forms of energy have mysteriously ceased to exist"".",t5_2u2kx,1729701412.7865899
130,r/7thcontinent,1493,Tabletop Games,t5_h90rc,1729701412.8062878
131,r/animalfights,1493,Animals and Pets,t5_2rqdl,1729701412.8448262
132,r/avantgarde,1493,Music,t5_2qr4x,1729701412.863318
133,r/BabiesGettingGlasses,1493,"Ok, let's see. I'll try to explain it. So, this is a subreddit community dedicated to sharing photos and videos of babies. But not just any photos and videos of babies, oh no. This subreddit specifically is intended for photos and videos of babies.... getting glasses. As in, eyeglasses. For their eyes.",t5_3fpk3,1729701412.881805
134,r/ElderScrolls_VI,1493,A subreddit dedicated to The Elder Scrolls VI,t5_3f0wb,1729701412.9004002
135,r/Flyswap,1493,"A subreddit for proposing, organizing, and updating those involved on fly swaps.",t5_2svrj,1729701412.9189582
136,r/Haseul,1493,A subreddit for ARTMS Cho HaSeul.,t5_3hxe2,1729701412.9376168
137,r/keivans,1493,Cars and Motor Vehicles,t5_36wyjd,1729701412.9567108
138,r/marenturmo_,1493,Community dedicated to the beautiful queen Maren Turmo. Anyone is welcomed to post.,t5_7ogmq5,1729701412.978571
139,r/PassportBrosHQ,1493,Family and Relationships,t5_9kddlh,1729701412.998504
140,r/Peachmusicfest,1493,Music,t5_3capp,1729701413.018804
141,r/QipaoDresses,1493,"This subreddit is dedicated to the iconic Qipao/Cheongsam. Qipao is a Chinese dress worn by women which takes inspiration from the ethnic clothing of the Manchu people. It is most often seen as a longer, figure-fitting, one piece garment with a standing collar, an asymmetric left-over-right opening and two side slits.",t5_6lpu6h,1729701413.038381
142,r/shortedstockbets,1493,"Business, Economics, and Finance",t5_3uo6kv,1729701413.056892
143,r/TheBig4Accountant,1493,Careers,t5_nm83o,1729701413.075252
144,r/TheChakraCollective,1493,Religion and Spirituality,t5_5ve9z1,1729701413.093746
145,r/TSCM,1493,Technical surveillance countermeasures,t5_30l52c,1729701413.112109
146,r/wafflepwnlive,1493,Podcasts and Streamers,t5_551tkn,1729701413.130461
147,r/Akademia,1492,Religion and Spirituality,t5_7q1s76,1729701413.149986
148,r/daewoo,1492,Mature Themes and Adult Content,t5_2wfg8,1729701413.1761658
149,r/everydayphilosophy,1492,Welcome to everydayphilosophy,t5_32kxw,1729701413.197835
150,r/HexCrawl,1492,Welcome to HexCrawl,t5_dbh57,1729701413.217715
151,r/kebab,1492,Food and Drink,t5_2rjrf,1729701413.237246
152,r/only_rotopp,1492,Mature Themes and Adult Content,t5_afx7ks,1729701413.256619
153,r/Sabtv_hotties,1492,Mature Themes and Adult Content,t5_66qo9i,1729701413.275378
154,r/StephanieVaquerGW,1492,Celebrity,t5_bz4308,1729701413.295085
155,r/Systems_biology,1492,"Systems biology is the computational and mathematical modeling of complex biological systems. An emerging engineering approach applied to biomedical and biological scientific research, systems biology is a biology-based inter-disciplinary field of study that focuses on complex interactions within biological systems, using a holistic approach (holism instead of the more traditional reductionism) to biological and biomedical research.",t5_38g0r,1729701413.313739
156,r/Transalp,1492,Cars and Motor Vehicles,t5_32mw3,1729701413.332211
157,r/universalbaddies,1492,"Dedicated to the best and most beautiful women on IG, Twitter, etc…. Including usernames is optional (just make sure they aren’t from a stan page or fake page)",t5_bmy9z3,1729701413.351584
158,r/YoutubeGameGuides,1492,Gaming,t5_28ppap,1729701413.370687
159,r/aimemes,1491,memes made by a neural network,t5_fbi5p,1729701413.3882298
160,r/AusMilitary,1491,Military,t5_3fciyd,1729701413.4059079
161,r/DollCustomization,1491,Art,t5_2co0zx,1729701413.423779
162,r/HighHeelsVerified,1491,Fashion,t5_c7qcwl,1729701413.441355
163,r/Joselisbolivarfans,1491,fans,t5_bnn73g,1729701413.459627
164,r/kjwright,1491,Mature Themes and Adult Content,t5_6vd4vt,1729701413.477973
165,r/nedforpresident,1491,"This sub is dedicated to electing Ned the Redeemer as the next President of the United States of America. He may or may not be the best choice, but he was the first fully functioning adult to step up in a time when America needed a leader. He is not just a school teacher, but a symbol of change.",t5_3pwnx,1729701413.496223
166,r/onrushgame,1491,Gaming,t5_3oz1s,1729701413.514511
167,r/RateMyProfessors,1491,Welcome to RateMyProfessors,t5_j8zz1,1729701413.531872
168,r/subredditorigins,1491,"A ""behind the scenes"" look into the working of subreddits, including their origins.",t5_3d3pq,1729701413.549144
169,r/textbookpiracy,1491,Learning and Education,t5_39pcb,1729701413.5670762
170,r/Turquoise,1491,Post pictures of things that are the color turquoise.,t5_2ruz7,1729701413.587286
171,r/uleth,1491,Learning and Education,t5_2syav,1729701413.6069498
172,r/WaitWait,1491,Welcome to r/Wait Wait Don't Tell me the NPR news quiz subreddit!,t5_2uuil,1729701413.62593
173,r/BringATrailer,1490,Cars and Motor Vehicles,t5_338mo,1729701413.64423
174,r/CanIRunIt,1490,Gaming,t5_30dov,1729701413.662644
175,r/CSLPlasmaReferrals,1490,Medical and Mental Health,t5_6v6mzh,1729701413.6802711
176,r/datingsider,1490,"Business, Economics, and Finance",t5_aoemgu,1729701413.698601
177,r/DrunkXStitch,1490,"To share the mornings after when mixing cross stitch and drinking goes wrong, or right. Oh the bitter defeat of knots, mis-counting and spontaneously choosing the wrong colours.",t5_23zvyp,1729701413.717103
178,r/EverAfterFalls,1490,Gaming,t5_3cwn0s,1729701413.7356548
179,r/ForeignPlatesSpotting,1490,Hobbies,t5_aqewxe,1729701413.753963
180,r/Grindstone,1490,Gaming,t5_252do4,1729701413.771638
181,r/HelloKittyTrade,1490,Gaming,t5_a357l6,1729701413.7897239
182,r/K40laser,1490,"A place for all people with K40 laser cutters to gather and share information, settings, pictures and accomplishments.",t5_2ao7xa,1729701413.808019
183,r/lacunacoil,1490,Music,t5_2wza6,1729701413.826339
184,r/LOVESMOKINGWOWMEN,1490,Mature Themes and Adult Content,t5_5nfun2,1729701413.844555
185,r/naruto_online,1490,Gaming,t5_3faol,1729701413.862845
186,r/PokemonLegendsZA,1490,Gaming,t5_aw1fq0,1729701413.882014
187,r/repjerseyss,1490,Fashion,t5_4ygpg5,1729701413.901991
188,r/sepsis,1490,Medical and Mental Health,t5_3417g,1729701413.921546
189,r/TheRiseOfSkywalker,1490,Movies,t5_zn20s,1729701413.94081
190,r/VanMoofSelfRepair,1490,Technology,t5_8umser,1729701413.9602501
191,r/WarTortoise2,1490,Gaming,t5_2e6tos,1729701413.9788868
192,r/ArtPrompts,1489,Art,t5_32v05,1729701413.997181
193,r/Aurangabad,1489,"Welcome People, to the subreddit of 'the City of Gates'-Ch. Sambhajinagar (previously Aurangabad), Maharashtra, India. Sub has been rejuvenated and will be actively moderated from now on. So come together to share and discuss ideas, posts, news articles, events, pictures, hold meetups and overall anything in general related to the city and its surrounding areas. Also if you have any question feel free to ask them. Do checkout the rules section once, keep it casual and have a good day!",t5_2va56,1729701414.0155709
194,r/birdplops,1489,birdplops,t5_3gyom,1729701414.034014
195,r/coldsteel,1489,Hobbies,t5_2zkwi,1729701414.052474
196,r/ImaginaryUnofficial,1489,"We are a hub meant to aid in cataloging, browsing, and promoting extra ""Imaginary"" subs. The subs featured here may not have the same design and ruleset, but you can still expect excellent variety of content and community. The Imaginary Network Expanded is a network of art sharing subreddits. It is the goal of the INE to share, inspire, discuss and appreciate paintings, drawings, and digital art while maintaining artist credit and source links.",t5_iaj95,1729701414.0708039
197,r/musiccommissions,1489,Music,t5_24bgdb,1729701414.089728
198,r/okbuddycodec,1489,Come on Snake go sneak some shit! Please check rules before posting.,t5_71wvla,1729701414.1082811
199,r/OperationsSecurity,1489,Discussing Operations Security (OPSEC)- the process for identifying and protecting critical information.,t5_3hr6d,1729701414.126532
200,r/PanzerWaltz,1489,Gaming,t5_39xia,1729701414.1447082
201,r/SisyphusIndustries,1489,Art,t5_dzu2j,1729701414.162902
202,r/SpeedrunSeeds,1489,Mature Themes and Adult Content,t5_87uif2,1729701414.180817
203,r/StarFieldShipGuides,1489,A place to show off Starfield Ship Builds,t5_99maxz,1729701414.198925
204,r/WhitneyThornqvist,1489,Model Whitney Thornqvist,t5_2sd2j7,1729701414.217212
205,r/corvair,1488,Cars and Motor Vehicles,t5_2sr3p,1729701414.235379
206,r/gameboyadvancesp,1488,Gaming,t5_2v8iz,1729701414.2537758
207,r/HandDryer,1488,Hobbies,t5_13b430,1729701414.272226
208,r/HorizonAnAmericanSaga,1488,Movies,t5_9lumtw,1729701414.29072
209,r/OphthalmologyAnki,1488,Building and sharing Ophthalmology Anki decks,t5_2os0x9,1729701414.308905
210,r/prizefighters,1488,Gaming,t5_h3gdq,1729701414.3272908
211,r/rakulang,1488,Programming,t5_qtm0x,1729701414.345502
212,r/RealBreadTapedToTrees,1488,"So here you can, and should, post pictures of actual bread taped to trees, unlike the other subreddit. Basically r/breadstapledtotrees but tape instead. SFW only.",t5_26eqf3,1729701414.3638809
213,r/shotziwwe,1488,Sub dedicated to Shotzi Blackheart,t5_6mwzkl,1729701414.382273
214,r/AniweebPH,1487,Anime,t5_39mrso,1729701414.4008791
215,r/Ausbildung,1487,Careers,t5_5abfvb,1729701414.419422
216,r/BarneytheDinosaur,1487,Subreddit for Barney the Dinosaur.,t5_7wvxm2,1729701414.4379241
217,r/BladesOfKhorne,1487,Tabletop Games,t5_6fzw85,1729701414.456544
218,r/calathea,1487,Discussion about Calathea tropical plants.,t5_nmccb,1729701414.4755461
219,r/Cyberpunkphoto,1487,Gaming,t5_3i3les,1729701414.494394
220,r/driveahead,1487,Gaming,t5_3bkwn,1729701414.5128288
221,r/exitthegungeon,1487,Gaming,t5_24oefr,1729701414.531179
222,r/filmstruck,1487,"If you love Criterion, please join us! Filmstruck is the movie afficionado's Netflix. FilmStruck is a new subscription on-demand service that offers film aficionados a comprehensive library of films including an eclectic mix of contemporary and classic art house, indie, foreign and cult films. Unofficial subreddit for the Filmstruck streaming service.",t5_3ecv7,1729701414.551491
223,r/Indiajobs,1487,Careers,t5_52f4cy,1729701414.570074
224,r/LeicaStreetFotos,1487,Art,t5_3vr5ci,1729701414.588507
225,r/musician,1487,Welcome to musician,t5_2rdpp,1729701414.6070411
226,r/nikocado,1487,Podcasts and Streamers,t5_2y0buq,1729701414.625525
227,r/parametric_design,1487,Technology,t5_37xxj,1729701414.6442292
228,r/pinetime,1487,Programming,t5_28tsf3,1729701414.662781
229,r/thicknessnow,1487,Thick & Jiggly 🍑,t5_bzdfpw,1729701414.681271
230,r/VideoArchives,1487,Podcasts and Streamers,t5_6rpcns,1729701414.699549
231,r/VlaamseMemers,1487,Funny/Humor,t5_476zd6,1729701414.717899
232,r/WhiteRock,1487,Place,t5_2sicz,1729701414.7361379
233,r/womenwhocode,1487,"Its all about women in the tech industry. From coders, software developers, computer science engineers... let’s hear it from the girls.",t5_297etf,1729701414.7549288
234,r/50sdesign,1486,Design from the 1950's.,t5_369u6,1729701414.7734458
235,r/BiSwap,1486,"Business, Economics, and Finance",t5_48zgz2,1729701414.792447
236,r/brothersgrimmseedbank,1486,Mature Themes and Adult Content,t5_93654o,1729701414.811142
237,r/dividendgrowth,1486,Welcome to dividendgrowth,t5_2u5gy,1729701414.829924
238,r/GoonHub4U,1486,A place to find good Jerkoff material and sharing it,t5_c9y69a,1729701414.848427
239,r/GuardianTalesComics,1486,Funny/Humor,t5_3h6g4n,1729701414.867123
240,r/IdleIktah,1486,Gaming,t5_72ipdg,1729701414.885708
241,r/Jewish_History,1486,Religion and Spirituality,t5_5qivyn,1729701414.9039328
242,r/Lake_Laogai_,1486,Television,t5_8w8uy8,1729701414.922729
243,r/MarioMains,1486,Gaming,t5_38dqs,1729701414.9414039
244,r/MC_Survival,1486,Gaming,t5_387erq,1729701414.9602401
245,r/MPN,1486,Medical and Mental Health,t5_2upuz,1729701414.979137
246,r/OrientDig_OD,1486,Marketplace and Deals,t5_bu0nvp,1729701414.998116
247,r/phunk_munky,1486,"Stories by me, phunk_munky I write horror, sci fi, and whatever else happens in my head. It's weird up there, so brace yourselves. Patreon link coming soon(?)",t5_nc1sj,1729701415.018062
248,r/putoscoches,1486,Activism,t5_6gu5h6,1729701415.0368571
249,r/rationalwiki,1486,Politics,t5_2wg0l,1729701415.055737
