,subreddit,subscribers,topic,subreddit_id,time
0,r/eliteexplorers,63148,Gaming,t5_32zd0,1729696797.693229
1,r/BendyAndTheInkMachine,63119,Gaming,t5_3j1q3,1729696797.713407
2,r/UKParenting,63087,Family and Relationships,t5_iygqf,1729696797.942313
3,r/bootroom,63086,Sports,t5_2s927,1729696798.1200352
4,r/CatholicMemes,63076,Religion and Spirituality,t5_2wfd9,1729696798.142067
5,r/Cornell,63071,Place,t5_2r0sd,1729696798.160734
6,r/LegendsOfTomorrow,63058,Television,t5_37x73,1729696798.179018
7,r/EmilyInParis,63026,Television,t5_z6zda,1729696798.1977952
8,r/BeardAdvice,63013,Beauty and Makeup,t5_30fcr,1729696798.216465
9,r/theJoeBuddenPodcast,63010,Podcasts and Streamers,t5_jc92l,1729696798.235116
10,r/Lorcana,62998,Tabletop Games,t5_5ihbn8,1729696798.253705
11,r/TheLastKingdom,62989,Television,t5_32i4z,1729696798.272494
12,r/CartoonMoment,62975,Internet Culture and Memes,t5_3ck89o,1729696798.293969
13,r/lilypichu,62959,Podcasts and Streamers,t5_2y95l,1729696798.3128011
14,r/OlderThanYouThinkIAm,62940,Meta/Reddit,t5_vcjpl,1729696798.3319511
15,r/estudosBR,62930,Learning and Education,t5_6171tj,1729696798.350701
16,r/icecreamery,62908,Food and Drink,t5_2vypj,1729696798.369457
17,r/Wholesomenosleep,62899,"Reading, Writing, and Literature",t5_3jp3q,1729696798.3883038
18,r/GotG,62880,Movies,t5_2yzen,1729696798.407357
19,r/1688Reps,62855,Fashion,t5_4vbnvv,1729696798.426234
20,r/Huawei,62822,Technology,t5_2t5p8,1729696798.445313
21,r/DavidBowie,62816,Music,t5_2smf8,1729696798.463516
22,r/angrycatpics,62796,Animals and Pets,t5_3oqsp,1729696798.481753
23,r/classicalguitar,62782,Music,t5_2sij1,1729696798.5000792
24,r/cuddleroll,62782,Animals and Pets,t5_3pi3j,1729696798.518413
25,r/Gotham,62778,Television,t5_2tbsa,1729696798.536812
26,r/TIL_Uncensored,62765,Internet Culture and Memes,t5_3k39d,1729696798.555743
27,r/MiyooMini,62724,Gaming,t5_5fz2io,1729696798.573877
28,r/BaseBuildingGames,62720,Gaming,t5_2uapd,1729696798.5919192
29,r/thingsmykidsaid,62715,Family and Relationships,t5_2s907,1729696798.610139
30,r/Eragon,62702,"Reading, Writing, and Literature",t5_2qyfi,1729696798.629545
31,r/PokemonSleep,62702,Gaming,t5_12674i,1729696798.6479151
32,r/IndianBeautyDeals,62698,Beauty and Makeup,t5_39dg2c,1729696798.665227
33,r/lorde,62674,Music,t5_2xpe1,1729696798.682527
34,r/poetry_critics,62649,"Reading, Writing, and Literature",t5_31382,1729696798.699771
35,r/BABYMETAL,62644,Music,t5_2xpsy,1729696798.717278
36,r/makeyourchoice,62627,Internet Culture and Memes,t5_2w8em,1729696798.735334
37,r/LegoStarWarsVideoGame,62620,Gaming,t5_13aj6l,1729696798.753726
38,r/LGOLED,62589,Television,t5_2ltqk4,1729696798.771977
39,r/kia,62568,Cars and Motor Vehicles,t5_2qwbt,1729696798.7905889
40,r/hellofresh,62560,Food and Drink,t5_33eip,1729696798.809487
41,r/starcraft2,62536,Gaming,t5_2qspc,1729696798.828046
42,r/BestFoodideas,62533,Food and Drink,t5_aeyjhu,1729696798.846813
43,r/AVexchange,62481,Marketplace and Deals,t5_2vx63,1729696798.866079
44,r/newfoundland,62480,Place,t5_2qzqt,1729696798.884846
45,r/finehair,62478,Beauty and Makeup,t5_247yjl,1729696798.904093
46,r/RiceCookerRecipes,62471,Food and Drink,t5_2xzzl,1729696798.923211
47,r/ps5deals,62467,Marketplace and Deals,t5_3awko,1729696798.942635
48,r/ZBrush,62465,Art,t5_2tee4,1729696798.961129
49,r/AsianActresses,62463,Celebrity,t5_84amsg,1729696798.980895
50,r/dutch,62433,Place,t5_2rtjy,1729696798.999964
51,r/BodyAcceptance,62424,Activism,t5_2s3ye,1729696799.0196202
52,r/Transformemes,62397,Internet Culture and Memes,t5_3p4fi,1729696799.038413
53,r/BanGDream,62396,Anime,t5_3gbgg,1729696799.0576699
54,r/Dominican,62383,Place,t5_2qjy9,1729696799.0760472
55,r/ColleenBallingerSnark,62375,Celebrity,t5_33f898,1729696799.095994
56,r/Juve,62368,Sports,t5_2t9a7,1729696799.116203
57,r/covidlonghaulers,62358,Medical and Mental Health,t5_2wizt3,1729696799.1349661
58,r/pothos,62344,Home and Garden,t5_29uw6v,1729696799.155149
59,r/Spyro,62344,Gaming,t5_2so24,1729696799.1742568
60,r/oscp,62312,Learning and Education,t5_2v2n1,1729696799.194224
61,r/funnycats,62287,Animals and Pets,t5_2tuo0,1729696799.2136261
62,r/meormyson,62286,Internet Culture and Memes,t5_3crve,1729696799.2326322
63,r/BabyReindeerTVSeries,62284,Television,t5_baexsc,1729696799.252138
64,r/exercisepostures,62283,Fitness and Nutrition,t5_nltz5,1729696799.272587
65,r/OnceHumanOfficial,62282,Gaming,t5_7x3trg,1729696799.291755
66,r/denverfood,62269,Food and Drink,t5_2tuoz,1729696799.3104541
67,r/stationery,62257,Hobbies,t5_2romm,1729696799.328682
68,r/TeamFourStar,62243,Podcasts and Streamers,t5_2va15,1729696799.346982
69,r/TheDarkTower,62233,"Reading, Writing, and Literature",t5_2run7,1729696799.365365
70,r/porterrobinson,62223,Music,t5_2tsz6,1729696799.383789
71,r/EuroSkincare,62171,Beauty and Makeup,t5_3j88u,1729696799.402016
72,r/Urbex,62171,Travel,t5_2rba1,1729696799.420267
73,r/GranTurismo7,62161,Gaming,t5_50bd7t,1729696799.4387
74,r/runningman,62160,Television,t5_2u830,1729696799.457293
75,r/reversegif,62129,Funny/Humor,t5_2ud2j,1729696799.475598
76,r/storyofseasons,62112,Gaming,t5_35m3k,1729696799.493897
77,r/90scartoons,62106,Television,t5_2ubx7,1729696799.512626
78,r/FoodToronto,62081,Food and Drink,t5_32w53,1729696799.531778
79,r/Dodge,62066,Cars and Motor Vehicles,t5_2tel8,1729696799.55128
80,r/HumanBeingBros,62059,Internet Culture and Memes,t5_3gli1,1729696799.5721889
81,r/onewheel,62047,Cars and Motor Vehicles,t5_2zqjs,1729696799.592639
82,r/avesNYC,62032,Music,t5_2vcm6,1729696799.612824
83,r/lol,62023,Internet Culture and Memes,t5_2qh3o,1729696799.633522
84,r/Wattpad,62002,"Reading, Writing, and Literature",t5_2t17v,1729696799.653373
85,r/TampaBayLightning,61994,Sports,t5_2rqi8,1729696799.683784
86,r/Webull,61991,"Business, Economics, and Finance",t5_jl914,1729696799.7035131
87,r/wheeloftime,61975,"Reading, Writing, and Literature",t5_2romz,1729696799.721814
88,r/dogswearinghats,61962,Animals and Pets,t5_2vsi5,1729696799.7415621
89,r/ApartmentHacks,61951,Home and Garden,t5_2wemf,1729696799.76111
90,r/ubisoft,61943,Gaming,t5_2u14q,1729696799.780747
91,r/ClassicDesiCelebs,61939,Celebrity,t5_4j6pz3,1729696799.800271
92,r/BernieSanders,61899,Politics,t5_2u2qx,1729696799.819275
93,r/fashionadvice,61888,Fashion,t5_2sbi3,1729696799.838332
94,r/MealPlanYourMacros,61873,Food and Drink,t5_109mys,1729696799.8575208
95,r/battletech,61872,Tabletop Games,t5_2qnwk,1729696799.876822
96,r/GakiNoTsukai,61863,Television,t5_2uh06,1729696799.897381
97,r/ImaginaryStarships,61863,Art,t5_2xzk6,1729696799.9166138
98,r/aestheticrain,61801,Art,t5_3ok2p,1729696799.935641
99,r/AITASims,61794,Gaming,t5_6aamgo,1729696799.9547288
100,r/RoyaleHighTrading,61790,Gaming,t5_2hy5hz,1729696799.973846
101,r/diabetes_t1,61777,Medical and Mental Health,t5_2vzrv,1729696799.993278
102,r/AskChicago,61759,Place,t5_2v2f9,1729696800.012129
103,r/girlsinlululemon,61758,Mature Themes and Adult Content,t5_5rhbyz,1729696800.031476
104,r/Canada_sub,61745,Place,t5_6jb8wg,1729696800.048915
105,r/10s,61737,Sports,t5_2u7it,1729696800.0771258
106,r/renfaire,61736,Hobbies,t5_2sctx,1729696800.212667
107,r/Enshrouded,61735,Gaming,t5_8chex6,1729696800.235498
108,r/DragaliaLost,61734,Gaming,t5_iizu7,1729696800.255763
109,r/languagelearningjerk,61733,Learning and Education,t5_37rt5,1729696800.2759511
110,r/PlaystationPortal,61729,Gaming,t5_95xwxy,1729696800.296536
111,r/askhungary,61694,Place,t5_2kqijx,1729696800.3275352
112,r/mongolia,61689,Place,t5_2qll8,1729696800.347858
113,r/CharlotteDobreYouTube,61688,Podcasts and Streamers,t5_bakqc8,1729696800.368337
114,r/NewMexico,61681,Place,t5_2raxc,1729696800.38898
115,r/TheWhyFiles,61681,Podcasts and Streamers,t5_5wa2ne,1729696800.409336
116,r/stockx,61655,Marketplace and Deals,t5_3m7es,1729696800.4301498
117,r/okbuddytrailblazer,61653,Gaming,t5_7znl14,1729696800.450282
118,r/Canadapennystocks,61636,"Business, Economics, and Finance",t5_3kemjw,1729696800.471231
119,r/SonoBisqueDoll,61630,Anime,t5_pueaa,1729696800.4913201
120,r/EggsInStrangePlaces,61624,Funny/Humor,t5_3oepz,1729696800.511748
121,r/VShojo,61595,Anime,t5_33939w,1729696800.531407
122,r/mcgill,61593,Learning and Education,t5_2rhkw,1729696800.550658
123,r/0xPolygon,61577,Crypto,t5_2qgijx,1729696800.5695648
124,r/subway,61571,Food and Drink,t5_2s1gj,1729696800.587571
125,r/ProgrammingBuddies,61536,Programming,t5_2zp55,1729696800.605821
126,r/AyakaMains,61527,Gaming,t5_3azzk9,1729696800.623946
127,r/internet_funeral,61483,Internet Culture and Memes,t5_z0qc5,1729696800.642282
128,r/Reformed,61477,Religion and Spirituality,t5_2riuy,1729696800.660497
129,r/lululemonleggingz,61468,Mature Themes and Adult Content,t5_5lda9f,1729696800.678716
130,r/wacom,61458,Technology,t5_2v5v2,1729696800.696963
131,r/Survivorio,61453,Gaming,t5_6she60,1729696800.715321
132,r/kittyhasaquestion,61448,Animals and Pets,t5_vdxry,1729696800.7336378
133,r/Kitboga,61442,Podcasts and Streamers,t5_3n22e,1729696800.751877
134,r/ManavManglani,61432,Celebrity,t5_8lbjh2,1729696800.770046
135,r/RoverPetSitting,61414,Animals and Pets,t5_3jryc,1729696800.78937
136,r/matlab,61409,Programming,t5_2r4xn,1729696800.807984
137,r/ShaqHoldingThings,61408,Celebrity,t5_2tppj,1729696800.826206
138,r/Bellingham,61389,Place,t5_2r6yo,1729696800.84505
139,r/BakingNoobs,61376,Food and Drink,t5_k2qla,1729696800.863981
140,r/ErgoMechKeyboards,61370,Technology,t5_245wvw,1729696800.8827221
141,r/2nordic4you,61365,Internet Culture and Memes,t5_3hrecv,1729696800.9010592
142,r/bobdylan,61330,Music,t5_2qi0m,1729696800.919113
143,r/Avatarthelastairbende,61326,Television,t5_2oouzm,1729696800.937377
144,r/pokemonconspiracies,61321,Gaming,t5_2tpgv,1729696800.9554272
145,r/SoulCalibur,61302,Gaming,t5_2s8ri,1729696800.9737759
146,r/CatSmiles,61299,Animals and Pets,t5_nhdcd,1729696800.992189
147,r/Tempe,61298,Place,t5_2s2ml,1729696801.0104818
148,r/Degrassi,61296,Television,t5_2rtsx,1729696801.028388
149,r/ARAM,61265,Gaming,t5_2x46h,1729696801.046668
150,r/Lowes,61246,Careers,t5_2sxmd,1729696801.0653272
151,r/ImaginaryBattlefields,61241,Art,t5_2xz1h,1729696801.084102
152,r/Pauper,61237,Tabletop Games,t5_30kju,1729696801.102727
153,r/craftsnark,61228,Crafts and DIY,t5_hu6et,1729696801.1214972
154,r/NewYorkIslanders,61200,Sports,t5_2rpn6,1729696801.1400871
155,r/Skullgirls,61193,Gaming,t5_2t2fz,1729696801.158119
156,r/Pokimanethiccc,61152,Mature Themes and Adult Content,t5_3kuoj9,1729696801.176917
157,r/manufacturing,61141,Technology,t5_2qz70,1729696801.195646
158,r/appliancerepair,61126,Crafts and DIY,t5_2t10v,1729696801.214129
159,r/horizondesigns,61078,Gaming,t5_2fzy12,1729696801.232352
160,r/twitchstreams,61072,Podcasts and Streamers,t5_2ywzs,1729696801.2525089
161,r/TREZOR,61068,Crypto,t5_32s8k,1729696801.2710521
162,r/Absurdism,61062,Ethics and Philosophy,t5_2sgi0,1729696801.2897952
163,r/environmental_science,61044,Science,t5_2s90l,1729696801.308602
164,r/Dewalt,61036,Crafts and DIY,t5_2t7wy,1729696801.327519
165,r/VoteDEM,61036,Politics,t5_2l3hm0,1729696801.346251
166,r/TheBlackList,61027,Television,t5_2whmr,1729696801.3650858
167,r/InstantRamen,61008,Food and Drink,t5_2yny4,1729696801.384076
168,r/Pomeranians,60984,Animals and Pets,t5_2szk3,1729696801.402834
169,r/BALLET,60977,Hobbies,t5_2rpdx,1729696801.42154
170,r/Kawasaki,60972,Cars and Motor Vehicles,t5_2sxnh,1729696801.440078
171,r/IreliaMains,60930,Gaming,t5_34n29,1729696801.4591072
172,r/lisboa,60929,Place,t5_2sein,1729696801.477647
173,r/footballstrategy,60905,Sports,t5_2ubiw,1729696801.496064
174,r/Noctor,60902,Medical and Mental Health,t5_36k0fl,1729696801.515148
175,r/WSBAfterHours,60889,"Business, Economics, and Finance",t5_3pcszi,1729696801.53334
176,r/mountaindew,60872,Food and Drink,t5_2slez,1729696801.552712
177,r/vintagecomputing,60838,Technology,t5_2qn45,1729696801.580929
178,r/BeeSwarmSimulator,60816,Gaming,t5_iuitf,1729696801.6042922
179,r/blackbookgraffiti,60801,Art,t5_2sekq,1729696801.623873
180,r/marchingband,60800,Music,t5_2rmqc,1729696801.644505
181,r/FreeCodeCamp,60789,Programming,t5_34mfx,1729696801.664493
182,r/starsector,60787,Gaming,t5_2w0he,1729696801.6865559
183,r/BarbaraWalters4Scale,60772,History,t5_v2g1a,1729696801.7073169
184,r/bih,60769,Place,t5_2s7a1,1729696801.726791
185,r/MSI_Gaming,60676,Gaming,t5_gxx6s,1729696801.7478762
186,r/RidiculousRealEstate,60668,Home and Garden,t5_3exne,1729696801.7675269
187,r/WolvesWithWatermelons,60664,Animals and Pets,t5_2zkvo,1729696801.7872782
188,r/aviationmemes,60658,Internet Culture and Memes,t5_2wzek,1729696801.806653
189,r/JessetcSubmissions,60656,Gaming,t5_42kd7c,1729696801.8261068
190,r/Petscop,60635,Podcasts and Streamers,t5_3k00t,1729696801.84586
191,r/hypixel,60629,Gaming,t5_2wzw8,1729696801.864355
192,r/dreamcast,60608,Gaming,t5_2rklc,1729696801.88269
193,r/TexasRangers,60601,Sports,t5_2rrdy,1729696801.9012082
194,r/whitesox,60598,Sports,t5_2ro52,1729696801.9196548
195,r/olkb,60593,Technology,t5_37yk3,1729696801.939054
196,r/borbs,60574,Animals and Pets,t5_3gdz6,1729696801.962799
197,r/hypnosis,60571,Medical and Mental Health,t5_2qjlg,1729696801.987618
198,r/LegitCheck,60564,Fashion,t5_327sn,1729696802.0096588
199,r/silentmoviegifs,60557,Movies,t5_34hd5,1729696802.0284748
200,r/Albany,60549,Place,t5_2qzxo,1729696802.0472589
201,r/okbuddyvicodin,60531,Internet Culture and Memes,t5_7ov1qf,1729696802.0660548
202,r/MumbaiIndians,60500,Sports,t5_3j4xe,1729696802.084828
203,r/AlanWatts,60498,Religion and Spirituality,t5_2qrz3,1729696802.103418
204,r/YoTroublemakers,60492,Internet Culture and Memes,t5_147fep,1729696802.122198
205,r/investingforbeginners,60486,"Business, Economics, and Finance",t5_3oeva,1729696802.141033
206,r/ChatGPT_FR,60356,Technology,t5_7mtrwe,1729696802.159937
207,r/FishingAustralia,60335,Hobbies,t5_2sgvv,1729696802.178814
208,r/DobermanPinscher,60310,Animals and Pets,t5_2thro,1729696802.214109
209,r/Pen_Swap,60296,Marketplace and Deals,t5_2tyn2,1729696802.235518
210,r/DesiCelebHub,60294,Celebrity,t5_39ilrv,1729696802.2565079
211,r/UKPoliticalComedy,60290,Politics,t5_tzpe1,1729696802.27668
212,r/Megadeth,60278,Music,t5_2s1dk,1729696802.2981389
213,r/sto,60253,Gaming,t5_2rfq3,1729696802.3191638
214,r/PowerScaling,60230,Movies,t5_yrt2z,1729696802.340091
215,r/90s_kid,60214,"Culture, Race, and Ethnicity",t5_6f0nzl,1729696802.361394
216,r/OkayBuddyLiterallyMe,60198,Internet Culture and Memes,t5_814nb8,1729696802.382817
217,r/LaTeX,60194,Programming,t5_2qhbn,1729696802.4043038
218,r/interactivebrokers,60190,"Business, Economics, and Finance",t5_339ag,1729696802.4256582
219,r/SleepApnea,60172,Medical and Mental Health,t5_2qs1d,1729696802.4470558
220,r/HRSPRS,60170,Cars and Motor Vehicles,t5_nxfui,1729696802.468423
221,r/caseoh_,60161,Podcasts and Streamers,t5_8atfxt,1729696802.489642
222,r/Boise,60117,Place,t5_2qlk4,1729696802.510915
223,r/DogShowerThoughts,60104,Animals and Pets,t5_3366d,1729696802.5322418
224,r/throneofglassseries,60104,"Reading, Writing, and Literature",t5_3ajb8,1729696802.55324
225,r/glossier,60100,Beauty and Makeup,t5_3g7z8,1729696802.574208
226,r/SCPMemes,60094,Gaming,t5_sgudy,1729696802.595662
227,r/AuronPlay,60092,Podcasts and Streamers,t5_xk6dj,1729696802.617028
228,r/Hypothyroidism,60086,Medical and Mental Health,t5_2s0tv,1729696802.6378188
229,r/watchcatsdieinside,60054,Animals and Pets,t5_dil8x,1729696802.65892
230,r/ChevyTrucks,60052,Cars and Motor Vehicles,t5_2yeu6,1729696802.680289
231,r/AdvancedProduction,60050,Music,t5_31bi8,1729696802.709407
232,r/greenville,60038,Place,t5_2rnx6,1729696802.7319648
233,r/HikaruNakamura,60027,Tabletop Games,t5_2n39hz,1729696802.7542248
234,r/duolingomemes,60016,Internet Culture and Memes,t5_ywek2,1729696802.7750452
235,r/ted,59995,Learning and Education,t5_2qi6s,1729696802.7969458
236,r/ForzaHorizon5,59989,Gaming,t5_4rkrs5,1729696802.8182132
237,r/lgballt,59988,Sexual Orientation,t5_2ka4cq,1729696802.839231
238,r/momtokgossip,59944,Celebrity,t5_6f5a87,1729696802.859875
239,r/LobotomyKaisen,59928,Internet Culture and Memes,t5_aap07f,1729696802.880318
240,r/foodsafety,59926,Food and Drink,t5_2t75v,1729696802.915573
241,r/DopamineDetoxing,59923,Medical and Mental Health,t5_2lh2su,1729696802.9367838
242,r/chessmemes,59916,Tabletop Games,t5_3mdh3,1729696802.957063
243,r/rocksmith,59906,Music,t5_2skou,1729696802.977067
244,r/roasting,59897,Food and Drink,t5_2t80t,1729696802.996161
245,r/8passengersnark,59888,Celebrity,t5_3p2fxr,1729696803.014872
246,r/RedWingShoes,59888,Fashion,t5_346di,1729696803.033256
247,r/randomactsofmusic,59873,Music,t5_31t7h,1729696803.051805
248,r/DallasStars,59872,Sports,t5_2ro4p,1729696803.069547
249,r/NarutoShinobiStriker,59856,Gaming,t5_3k71b,1729696803.08798
