,subreddit,subscribers,topic,subreddit_id,time
0,r/TinybandzVids,766,Mature Themes and Adult Content,t5_awlpxu,1729708072.401414
1,r/UKSportsBetting,766,Mature Themes and Adult Content,t5_7tpslo,1729708072.424913
2,r/uniquesullivan,766,Welcome to uniquesullivan,t5_8436zn,1729708072.443831
3,r/veneziafc,766,Sports,t5_3kfcd,1729708072.4623911
4,r/WholesomeMMA,766,A place for people who appreciate the softer side of the people involved in a hard sport like MMA.,t5_3jpsq,1729708072.4810581
5,r/Yamsthepufferfish,766,Home of Yams the red Congo pufferfish,t5_cg6fl9,1729708072.517191
6,r/AccidentalVideoGame,765,Sometimes life imitates art. Found tableaus of things that look like video games belong here.,t5_3k2y4,1729708072.53772
7,r/Amy_Anderssen_61,765,Welcome to Amy_Anderssen_61,t5_7za9zi,1729708072.557007
8,r/AnxietyRestoration,765,Medical and Mental Health,t5_6upc9x,1729708072.579
9,r/AutomationGames,765,Gaming,t5_38wmb,1729708072.59794
10,r/badpolicesketches,765,A place to share bad police sketches,t5_3k4dpe,1729708072.663253
11,r/BikiniBottomBible,765,Like /r/BikiniBottomTwitter and a bible reading session combined,t5_3ntcx,1729708072.6884851
12,r/BuickGN,765,"For 1984-1987 Buick Grand Nationals and variants, to also include the '82, whatever weed-whackers you squeeze a Turbo Buick motor into, Syclones/Typhoons, and the 20th Anniversary Turbo Trans Am.",t5_3d8jx,1729708072.7203798
13,r/commanderkeen,765,Gaming,t5_2sxmc,1729708072.73952
14,r/DoompostingDun,765,Lugar en donde venimos a reírnos en torno a las mamadas del Dun y su Ario Pandilla,t5_6tguxc,1729708072.758305
15,r/DwarfMonitors,765,Animals and Pets,t5_2rni5x,1729708072.7768362
16,r/FCEdmonton,765,Sports,t5_2w5l8,1729708072.795253
17,r/Formula1Pak,765,Sports,t5_60dqr8,1729708072.8140538
18,r/funy,765,Welcome to funy,t5_2rr7e,1729708072.8329961
19,r/GoblinsComic,765,"Reading, Writing, and Literature",t5_2tbcy,1729708072.851636
20,r/gorillagrowtent,765,"Welcome, Grow Bosses, to the Gorilla Grow Tent Reddit Community! This isn't your ordinary grow community; it's where the baddest and boldest cultivators gather to drop knowledge, share wisdom, and elevate their game. Whether you're a veteran of the green or just getting your hands dirty, you're among peers who know what it takes to thrive in this jungle. We cultivate like bosses, ask questions, and drop wisdom like it's hot. So, get ready to roll up your sleeves, and let's dominate.",t5_8c0zjq,1729708072.870132
21,r/HollowKnightMemesRP,765,Holo night rool ply,t5_x7iuj,1729708072.888503
22,r/icai,765,Learning and Education,t5_324c2,1729708072.9074008
23,r/INESwordAndSorcery,765,Mature Themes and Adult Content,t5_45nqho,1729708072.926197
24,r/Jenniekim,765,Celebrity,t5_3ffr7,1729708072.945097
25,r/justFPthings,765,The official Reddit community of Giants (and former Nationals) broadcaster FP Santangelo. Post all your favorite FP quotes and observations right here! We’ll even take Carlos Ramirez posts if he’s really getting on your nerves.,t5_32efg,1729708072.96483
26,r/maltigi,765,Funny/Humor,t5_8dnina,1729708072.984798
27,r/modeltrainvideos,765,A place to post only the finest model train videos and links,t5_24f3o0,1729708073.003783
28,r/NADDPODLeague,765,"Subreddit hub for the Not Another D&D Podcast fan adventuring league! Group communication as well as links to the group Discord and Roll20. Don't hoard the arcane! Invite other cool folk freely, our Crick stump is plenty big.",t5_ooklo,1729708073.022505
29,r/niagarafallsny,765,"Welcome to the subreddit for Niagara Falls, New York. Residents or visitors from the immediate area are also welcome to subscribe and post here (Lewiston, Youngstown, and anywhere else in Niagara County).",t5_3ha8a,1729708073.043817
30,r/notion2anki,765,Learning and Education,t5_38nfhv,1729708073.062801
31,r/Pulmonology,765,Medical and Mental Health,t5_g2l5j,1729708073.08132
32,r/riskyscritches,765,Animals and Pets,t5_70i86s,1729708073.099244
33,r/Studiokillers,765,Music,t5_2tzw4,1729708073.1167328
34,r/takomo,765,Sports,t5_5tgagq,1729708073.137155
35,r/thegabbydolecheksnark,765,Snark page for all of the dumb things Gabby & her husband do. 🤦🏻‍♀️,t5_6tccuh,1729708073.4447901
36,r/TheRat,765,Podcasts and Streamers,t5_238d6t,1729708073.515198
37,r/TrueGeordie,765,Podcasts and Streamers,t5_3guil,1729708073.535428
38,r/unexpectedzoolander,765,Welcome to unexpectedzoolander,t5_qbufy,1729708073.555327
39,r/Urban_Explorer,765,Travel,t5_53mbkm,1729708073.5749068
40,r/Ustabiaz,765,Welcome to Ustabiaz,t5_3c3zm,1729708073.59407
41,r/Adison_Justis,764,Adison Justis was scouted by Wilhelmina Models at 17 and has been modeling full-time since. She often shares her beauty tips and tricks across her social media platforms.,t5_4qk86z,1729708073.61318
42,r/AiGirlsSexyArt,764,"Ai Girl Art is a trending YouTube channel dedicated to the creation of AI-generated sexy girl art. We use the latest AI technology to create realistic and beautiful images of women, often in provocative poses. Our channel is updated regularly with new content, so be sure to subscribe and hit the bell to be notified of new videos! https://www.youtube.com/channel/UCoswvdjBZtvkyXS14jCVflw",t5_9zka3x,1729708073.632521
43,r/AusHomebrew,764,Welcome to all those Aussie brewers who look to put a little elbow grease into their favourite drinks.,t5_306bq,1729708073.6508071
44,r/BahrainDating,764,Family and Relationships,t5_8cd8c9,1729708073.6694221
45,r/berlintagundnacht,764,Television,t5_6jbowz,1729708073.688064
46,r/bigassmadeforsex,764,Welcome to bigassmadeforsex,t5_ad9pez,1729708073.7068422
47,r/BMWE34,764,1987–1996 BMW 5-series,t5_39ads,1729708073.726125
48,r/brofit,764,"A compliment to /r/brogress, a place to discuss and get answers in regards to your fitness goals",t5_4c5o3n,1729708073.7447958
49,r/CambodiaProperty,764,"Cambodia property news, property info, investment info, how to, industry data, hot deals, fire sales, distressed sales in all major cities of Cambodia",t5_3nv47j,1729708073.763768
50,r/CarrosTunadosBR,764,"Subreddit para todos os falantes de português. Usem essa reddit para postar fotos e vídeos dos seus carros, divulgar eventos relacionados, discutir/debater sobre carros tunados, tirar dúvidas, postar notícias, conselhos e etc...",t5_2keid7,1729708073.782558
51,r/cheminformatics,764,Welcome to cheminformatics,t5_2qhsi,1729708073.801383
52,r/ChurchofLoversArcana,764,Gaming,t5_2t0pzl,1729708073.819797
53,r/CreaturesOfTheWater,764,Outdoors and Nature,t5_4jgcpw,1729708073.838225
54,r/DotoDoya,764,"The official subreddit for Dragonball FighterZ youtuber and twitch streamer, DotoDoya.",t5_j5t6n,1729708073.857001
55,r/Fallout4modsps4,764,Gaming,t5_2u8s5i,1729708073.875575
56,r/Generalhospitalabc,764,"The last Daytime soap opera on ABC, General Hospital (GH) has been on the air for over 60 years, showing viewers the lives of the residents of Port Charles, New York. Murder, mob wars, and mansions? It’s just all in a day’s work for the residents of Port Charles, New York. General Hospital airs weekdays on ABC & same day on Hulu",t5_3d48v,1729708073.8947022
57,r/GirlsNextDoorUncensor,764,Television,t5_7yiahp,1729708073.9133928
58,r/hasbro,764,Hasbro Toy Discussion,t5_2swe2,1729708073.9321358
59,r/HorseTalesEVRanch,764,Gaming,t5_7b5dcc,1729708073.9507499
60,r/Imperium_Universalis,764,Gaming,t5_45gqpe,1729708073.969464
61,r/InkwellArt,764,"A subreddit dedicated to the Inkwell art style! This art style is art centered cartoons and images seen from motion-picture cartoons through the 1910's to the 1940's. Common examples include, but are not limited to • Mickey Mouse • Felix the Cat • Tom and Jerry/Dick and Larry • Looney Toons • Popeye • Betty Boop •Flip the Frog • Aesop’s Fables • Cuphead • Talkertoons • Oswald the Lucky Rabbit And anything else artistically or esthetically similar! (Does not have to be from the said time period)",t5_2j7qx0,1729708073.989205
62,r/jimmydoreshow,764,Podcasts and Streamers,t5_3moza,1729708074.0081
63,r/Lyallpur,764,Place,t5_4yc6s9,1729708074.026898
64,r/mariarobotnik,764,A Reddit community dedicated to the character Maria Robotnik from the Sonic the Hedgehog universe. Maria first appeared in Sonic Adventure 2 and was an instrumental part of Shadow the Hedgehog's life and had appearances in other Sonic games and media such as TV (Sonic X) and comics. Discord: https://discord.gg/HPFMERXkwe,t5_5oiwln,1729708074.050515
65,r/NLBeast,764,Sports,t5_57ovim,1729708074.0697489
66,r/OfficialMemeHub,764,Funny/Humor,t5_4uno69,1729708074.0890439
67,r/OrionsArm,764,"Reading, Writing, and Literature",t5_3cdm0,1729708074.1079721
68,r/OTIR,764,"Objective Targeted Individuals Research (OTIR) is a group focused on investigating & publishing topics related to Targeted Individuals phenomenon. Our core principle is to use logical, methodical and objective approach to the TI phenomenon and all of its aspects as a complex system. One of our main goals is reduction of harm to Targeted Individuals by providing them with necessary knowledge and guidance.",t5_7t5318,1729708074.126948
69,r/PathfinderOnline,764,For discussion of Pathfinder Online!,t5_2txdb,1729708074.145379
70,r/PoECrafting,764,Gaming,t5_7wxzhr,1729708074.164094
71,r/Powsurf,764,Sports,t5_3dx9hs,1729708074.1827898
72,r/pubs,764,Food and Drink,t5_2tsvv,1729708074.200958
73,r/Revoltechfigures,764,Anime,t5_43ch4s,1729708074.219064
74,r/RPGPolska,764,Polski sub dla miłośników gier RPG.,t5_30s3j,1729708074.237418
75,r/SerenityEarlyyy,764,Dedicated to the Hot serenity early,t5_b0zou6,1729708074.255907
76,r/simon,764,Hobbies,t5_2qqjl,1729708074.274687
77,r/StoriesFromtheER,764,"Come to the lounge, sit back, and tell your out of the ordinary, weird, funny, and overall entertaining stories from the Emergency Room!",t5_2x0be,1729708074.2932339
78,r/truereply,764,True Reply is SquareSpace meets HubSpot for voice. Launch your own Amazon Alexa voice apps instantly. TR powers Voice Rewards - the first platform ever to make it possible to earn cryptocurrencies using any Amazon Alexa-powered device just by answering surveys,t5_e0avg,1729708074.311838
79,r/Versailles,764,Place,t5_2v2bx,1729708074.330563
80,r/VictrixPro,764,Gaming,t5_6ky4ht,1729708074.349113
81,r/VoxMachinae,764,Vox Machinae: the ultimate giant robot combat action-simulator for both VR and standard screens.,t5_39n33,1729708074.3675551
82,r/WordsOfTheBuddha,764,"➡️ Awaken to the truth of enlightenment by learning with words of the Buddha (Dhamma) with dedication, active reflection, independent verification and integration to build your life practice. ➡️ With gradual training and gradual practice, one sees gradual progress in awakening, also known as stream entry in Early Buddhism. ➡️ An enlightened being is joyful, has a high degree of concentration, is freed from beliefs and strong feelings, and has blossoming personal and professional relationships.",t5_a9jdwc,1729708074.386225
83,r/28dayshaunted,763,Television,t5_78uvnr,1729708074.405041
84,r/AffanIstan,763,This is the Official Subreddit of AffanIstan. Submit your memes,t5_37y84g,1729708074.423646
85,r/AnimeWholesomeSmiles,763,Anime,t5_8h9obj,1729708074.4416268
86,r/bisayawa,763,"Culture, Race, and Ethnicity",t5_38vzjj,1729708074.460315
87,r/BlondieBandzVids,763,Welcome to BlondieBandzVids,t5_79qfd4,1729708074.4790242
88,r/blowmolds,763,Reddits place for Plastic Light up Holiday Decoration enthusiasts! 🎄🎃🦃🐇,t5_3d3l8,1729708074.497567
89,r/CodePen,763,"Basically CodePen, but better.",t5_2z5xr,1729708074.517257
90,r/CovidSmell,763,Medical and Mental Health,t5_3j4ng5,1729708074.537298
91,r/doubleteammywife,763,Welcome to doubleteammywife,t5_b7r43k,1729708074.556324
92,r/Ellenpaoinaction,763,/r/Ellenpaoinaction is currently standing with our fellows in protest concerning the current situation happening on Reddit. Feel free to join us over at /r/RedditLoyalists and our chatroom: https://kiwiirc.com/client/irc.rizon.net/?#SRC Updates found here: https://www.reddit.com/live/v6d0vi6c8veb,t5_37pou,1729708074.575731
93,r/falloutpnp,763,Hobbies,t5_2ub1q,1729708074.594958
94,r/femaletattooers,763,Fashion,t5_b0ei9j,1729708074.614172
95,r/giadierking,763,Boutinela model,t5_bzlbrm,1729708074.632767
96,r/HomerunClash,763,Gaming,t5_vpgt4,1729708074.6518002
97,r/Hyejeong,763,"Shin Hyejeong (Hangul: 신혜정; born August 10, 1993), better known as simply Hyejeong, is a South Korean idol singer and actress. She is best known as a member of the South Korean girl group AOA under FNC Entertainment.",t5_38j7v,1729708074.670381
98,r/ioi,763,I.O.I is a South Korean girl group formed by CJ E&M through the 2016 reality show Produce 101 on Mnet,t5_39e41,1729708074.6887722
99,r/iPodHiFi,763,Technology,t5_32xyu7,1729708074.7071302
100,r/JaneCollective,763,"Pregnant? Don't want to be? Come to the Jane Collective Subreddit. Jane collective is dedicated to providing information, support, and options to pregnant women. ****Please Read the Wiki*****",t5_6l0vjk,1729708074.725976
101,r/LiraKarina,763,Lira Karina a model from Ukraine 🇺🇦 https://instagram.com/lira__karina?igshid=MzRlODBiNWFlZA==,t5_6dfdhq,1729708074.7445152
102,r/lizardsatemyface,763,"A repository of claims about Freemasonry from misguided people. Keep it square, on the level, and your banter by the plumb.",t5_53oudo,1729708074.762802
103,r/mayohate,763,Mayonnaise aka mayo is the worst condiment the devil created.,t5_3gtss,1729708074.781327
104,r/naughtybear,763,A community dedicated to Behaviour Interactive's Naughty Bear series.,t5_2xn72,1729708074.79983
105,r/NewOrleansArtists,763,Welcome to NewOrleansArtists,t5_6ewoby,1729708074.81863
106,r/newsupermariobros,763,Gaming,t5_2v4c8,1729708074.837316
107,r/Ocrevus,763,Medical and Mental Health,t5_2gw4bi,1729708074.85583
108,r/OldLondon,763,Where you can enjoy and share old pictures of London! Instagram @oldldn,t5_56ggg7,1729708074.874371
109,r/omaimaab,763,pics of omaima benamre onlyfans: omaimaa.b ig: omaima.b,t5_718rqk,1729708074.892679
110,r/pathofexilemobile,763,A community dedicated to Path of Exile: Mobile. Path of Exile: Mobile is a game developed by Grinding Gear Games.,t5_28hm9n,1729708074.911542
111,r/PeriodtMemes,763,Funny/Humor,t5_3c99h0,1729708074.930187
112,r/Phantasm,763,"The only place on Reddit to discuss any and all aspects of Don Coscarelli's film series, Phantasm.",t5_2siym,1729708074.948757
113,r/pobeda1946,763,History,t5_13jprh,1729708074.9672801
114,r/RatchetHoes,763,Mature Themes and Adult Content,t5_bygmz4,1729708074.986889
115,r/RedGreenShow,763,Come to Possum Lodge!,t5_2ucci,1729708075.0055969
116,r/redscareclassified,763,redscarepod classifieds,t5_6ckq8d,1729708075.0242271
117,r/ScreamingTreeFamily,763,Internet Culture and Memes,t5_4thqpd,1729708075.044566
118,r/Seaofmemes,763,"This is the place to post all your great times in SoT, and any memes you may have created or thought were funny.",t5_h29cz,1729708075.064726
119,r/seedsofdespair,763,This is the place to plant your seeds of despair by challenging fellow authors with horror-based writing prompts.,t5_3m4f9,1729708075.084799
120,r/Shelling,763,Outdoors and Nature,t5_11o5uh,1729708075.1051588
121,r/SparkEV,763,Cars and Motor Vehicles,t5_2vnnd,1729708075.125762
122,r/Steveharvey,763,Post anything and everything related to Steve Harvey,t5_2vks5,1729708075.145845
123,r/thatimprov,763,"This subreddit is focused on the sudden improv that accrues in the comment section of posts. When you see a fun conversation that is improvised by the commenters, you can screenshot it and share it here.",t5_5xutij,1729708075.166385
124,r/TheMissing,763,Television,t5_32p0q,1729708075.186539
125,r/ToDaMoon,763,"BE THE FIRST TO BUY COINS BEFORE THEY SKYROCKET This is not financial advise, but GME To Da Moon!!",t5_3u7p3d,1729708075.207073
126,r/UFOGaming,763,Crypto,t5_5dlob2,1729708075.227343
127,r/WBC,763,Gaming,t5_2r9nq,1729708075.247253
128,r/WhosTailing,763,Sports,t5_4cdu0v,1729708075.267572
129,r/Yukika,763,Music,t5_2wes6r,1729708075.28746
130,r/2ndGenTacoma,762,A subreddit to show appreciation to the 2nd Generation Toyota Tacoma (2005-2015),t5_7pxdnp,1729708075.307627
131,r/ApoloStandup,762,Mature Themes and Adult Content,t5_bjnnbv,1729708075.32797
132,r/Baddragonplaymates,762,For bad dragon lovers looking for play partners and to connect,t5_5ve43w,1729708075.348096
133,r/Baschin,762,Official Reddit for Twitch Streamer Baschin! Twitch.tv/Baschin @Baschin on IG @JustBaschin on Twitter,t5_7zgyw1,1729708075.368343
134,r/BlackHairCare,762,"A space for black women and men to celebrate and embrace their kinks, curls, and locks, where you can share your journey, tips, and styles.",t5_3hkpgx,1729708075.388523
135,r/busted,762,"Welcome to r/Busted, where the thrill of witnessing people getting caught in the act meets the satisfaction of justice served. From petty thefts to epic fails, this subreddit is dedicated to sharing stories, images, and videos of individuals facing the consequences of their actions. Remember, what goes around, come around.",t5_2s8ud,1729708075.4090612
136,r/CardiacCathLab,762,"for doctors, nurses, techs, and ancillary staff working in the Cath Lab and the recovery areas to complain, cooperate, and conspire.",t5_3ff31,1729708075.429423
137,r/CulinaryInstitute,762,"The unofficial sub for the Culinary Institute of America (CIA). Here you can ask the community questions or post your achievements. There are no faculty/staff as moderators, just a 2022 Food Business Management Bachelors graduate and an alt account.",t5_24sqmp,1729708075.449994
138,r/DragRaceBelgique,762,Television,t5_637g05,1729708075.4732301
139,r/EnemiesBeingBros,762,Video game enemies getting along,t5_3i0pj,1729708075.4934568
140,r/everclear,762,Music,t5_2soxl,1729708075.51367
141,r/FieldHockeyGirls,762,Sports,t5_7fecip,1729708075.534464
142,r/FiftyFifty_Truths,762,Music,t5_9mgfgt,1729708075.555891
143,r/FJR1300,762,"A sub-reddit for Yamaha FJR1300 owners to discuss general things about the model, farkles, nuances, and all other things FJR.",t5_ihaa2,1729708075.57614
144,r/foundcarl,762,Post pictures here of where you found Carl!,t5_10ezsg,1729708075.596247
145,r/FourthWay,762,For the discussion of the Fourth Way and related topics and thinkers.,t5_2v0y9,1729708075.6188219
146,r/graffitismash,762,Gaming,t5_3pieo,1729708075.639301
147,r/Hasura,762,Programming,t5_fa7rs,1729708075.6594272
148,r/HDDVD,762,"For the discussion of all things HDDVD, the also-ran competitor to Blu-ray.",t5_2z1jc,1729708075.6799529
149,r/IndiansInUK,762,Place,t5_2ybjff,1729708075.6997309
150,r/IntelliJ,762,Programming,t5_2sbjz,1729708075.719945
151,r/jtbcpeaktime,762,Television,t5_7zd62l,1729708075.739876
152,r/Khaleeji,762,"Culture, Race, and Ethnicity",t5_3eia7,1729708075.759568
153,r/LAGuns,762,Mature Themes and Adult Content,t5_353fj,1729708075.779605
154,r/LoveLiveFanart,762,"Love Live! Fanart Subreddit allows you to share all your love live! Related art, Backgrounds, themes, painting, music, and lots more! So grab your tools and get the creativity started!",t5_39xzr,1729708075.799604
155,r/MacBookHalfClosedLid,762,Art,t5_239jjh,1729708075.8189251
156,r/melek_azadboo,762,Welcome to melek_azadboo,t5_as8ma7,1729708075.8390982
157,r/monstra0_3,762,community for monstra0.3 gooning,t5_b1221t,1729708075.858219
158,r/mormondialogue,762,/r/mormondialogue is a subreddit for believers in the Church of Jesus Christ of Latter-day Saints (LDS) and skeptics to discuss Mormon topics.,t5_34246,1729708075.878111
159,r/natureissexy,762,Sexy nature.,t5_p97hn,1729708075.897832
160,r/NecromundaUnderhive,762,Necromunda Underhive,t5_3nn3f,1729708075.916877
161,r/nuts,762,Food and Drink,t5_2r5xw,1729708075.935906
162,r/Octatrack,762,Welcome to Octatrack,t5_67pua7,1729708075.9547799
163,r/Ohio_Mushrooms,762,Outdoors and Nature,t5_6hw368,1729708075.976804
164,r/PamelaAndersonHub,762,Celebrity,t5_bkb9dh,1729708075.995841
165,r/Payback2,762,Gaming,t5_239e70,1729708076.0146298
166,r/PhantomSeer,762,Phantom Seer - Honomieru Shonen - Hono mieru Shounen - hms - 仄見える少年,t5_31qleg,1729708076.033916
167,r/PortalsToHell,762,A Subreddit for Portals To Hell on Travel Channel,t5_zu2ql,1729708076.0548139
168,r/realtimeskies,762,A subreddit for posting photos of the sky from around the world!,t5_g7r9d,1729708076.0738509
169,r/SDMP,762,Podcasts and Streamers,t5_b4sgk2,1729708076.093444
170,r/ShaktiSadhana,762,Religion and Spirituality,t5_98voq5,1729708076.1126
171,r/Shannon_Singh_,762,Subreddit dedicated to Love Island UK 2021 contestant Shannon Singh,t5_99qgzp,1729708076.130956
172,r/shenmuedandies,762,We are the dandies. We are the strong.,t5_3915m,1729708076.149377
173,r/smokenscience,762,Learning and Education,t5_4z20pv,1729708076.167726
174,r/SoundSpill,762,Welcome to SoundSpill,t5_2tfn3,1729708076.1862578
175,r/sunra,762,Music,t5_2vvmh,1729708076.204714
176,r/TbateMemes,762,Funny/Humor,t5_5xmzjv,1729708076.22301
177,r/TheBudchelor,762,A subreddit created for all of us who like to chillax while watching our favorite dramatic reality people unfold their crazy love lives as we rip that bong.,t5_jutze,1729708076.241336
178,r/thedarkknight,762,Movies,t5_2ql2g,1729708076.2592692
179,r/thenikkiglaserpodcast,762,Podcasts and Streamers,t5_4z8vhs,1729708076.277291
180,r/Tirzepatiders,762,Fitness and Nutrition,t5_ayt3e4,1729708076.295831
181,r/TondemoSkill,762,Subreddit dedicated to the series “Campfire cooking in another World.”,t5_vfw7v,1729708076.31416
182,r/ultimatedraftsoccer,762,Gaming,t5_6tt36j,1729708076.332632
183,r/unexpectedPedroPascal,762,Meta/Reddit,t5_7tnkw9,1729708076.3510861
184,r/wholesomeathletes,762,Athletes being great humans,t5_mjd0v,1729708076.369568
185,r/Adoptmecrosstrading,761,"have some adopt me pets and you want diamonds, bloxburg cash,robux , or mm2 weapons? this is your place to go!",t5_2ynco6,1729708076.388171
186,r/AKNES,761,"AKNES is the exclusive agent of 8BitDo, GuliKit, RetroFlag, and other R&D brands, providing cost-effective original brand products and excellent customer service.",t5_8kcfe3,1729708076.4070332
187,r/alicenfernsnarksnark,761,Internet Culture and Memes,t5_6ui63h,1729708076.4257438
188,r/AntiPiracyScreens,761,Gaming,t5_3mbsg6,1729708076.444163
189,r/ArtRestoration,761,Welcome to ArtRestoration,t5_2to0q,1729708076.46349
190,r/ateacher,761,Family and Relationships,t5_30bzv,1729708076.4816608
191,r/BecariaAndrea,761,Solo contenido de ella.,t5_6nhh0j,1729708076.500226
192,r/BikinisAndLingerie,761,"Bikinis and Lingerie! Indulge your eyes with sensuous curves as the most gorgeous models pose for you in designer bikinis in exotic locations around the world. Embrace the luxurious lifestyle of sensual women in delicate and enticing lingerie. We love and appreciate fashion, so we include the highest quality brands, but we also have a great time with the cheapest ones! This is a family friendly Fashion sub not for adult content.",t5_88c2rv,1729708076.518877
193,r/BRMC,761,Music,t5_2v857,1729708076.537885
194,r/BroskiNation,761,Brittany Broski Nation 🤠,t5_66ovtt,1729708076.557987
195,r/BurlingtonCoatFactory,761,Careers,t5_53fx6a,1729708076.577035
196,r/BuyItForLifeIndia,761,"Buy it for life, India only.",t5_4u82xp,1729708076.596357
197,r/CatsWearingPasta,761,Like /r/stuffoncats but only pasta,t5_gf490,1729708076.615286
198,r/Danielle_,761,A subreddit for NewJeans' Danielle Marsh / Mo Jihye,t5_alumoj,1729708076.634192
199,r/dannanunez,761,Reddit de Danna Nuñez se permite cualquier contenido acerca de danna,t5_84smqt,1729708076.6531048
200,r/DeepDisclosure,761,We stand with David Grusch.,t5_953cag,1729708076.672054
201,r/DiddyKongMains,761,Gaming,t5_38j1q,1729708076.691324
202,r/EarthCare,761,We Are Americans Contractor and we want to create a friendly safe space for people who offer handyman services and people looking for handyman work to connect!,t5_7xcia9,1729708076.711127
203,r/Hanta_Sero,761,This subreddit is for the appreciation of the MHA character Hanta Sero!,t5_jqlko,1729708076.7305658
204,r/Hillwalking,761,"What is hillwalking? Hillwalking is the activity of walking in hilly or mountainous regions without the need or use of ropes and other special equipment (think the Lake District or Snowdonia in the UK) but is often used as a “catch-all” phrase along with hiking and trekking. Though the term is mostly used in the UK and Northern Ireland, hillwalking and hiking are essentially the same thing. Please feel free to post here no matter where you are hillwalking!",t5_2tfeg,1729708076.750289
205,r/Hoffmanlust,761,Movies,t5_9x32uw,1729708076.769949
206,r/HoneyHearth,761,"A Gluten-Free Bakery Co. Located in Bentonville, Arkansas. Will ship domestically.",t5_37cccy,1729708076.790009
207,r/ilustracion,761,"Ilustradores de habla hispana, siéntanse libres de publicar su arte",t5_32w558,1729708076.809483
208,r/joincolony,761,"Put simply, Colony is the infrastructure for “open organizations”: self-organizing teams that run via software, not paperwork.",t5_3f24f,1729708076.829354
209,r/Morphains,761,"Damos asco todos e igual nos cancelan subamos lo que subamos, pero es lo que hay.",t5_4gbk4t,1729708076.8490539
210,r/NICHEMAN,761,Crypto,t5_4756xs,1729708076.868911
211,r/ocremix,761,"Founded in 1999, OverClocked ReMix is an organization dedicated to the appreciation and promotion of video game music as an art form. Its primary focus is ocremix.org, a website featuring thousands of free fan arrangements, information on game music and composers, resources for aspiring artists, and a thriving community of video game music fans.",t5_2rerj,1729708076.888798
212,r/ReddPlanet,761,Meta/Reddit,t5_3el8h,1729708076.908721
213,r/Redheadday,761,Welcome to Redheadday,t5_2rgt3,1729708076.929211
214,r/ShinodaHajime,761,Hajime Shinoda from the anime New Game!,t5_hhul3,1729708076.948919
215,r/Showyourfat,761,Mature Themes and Adult Content,t5_2vu4f,1729708076.969005
216,r/SOFTDRINKTV,761,Podcasts and Streamers,t5_26jp5k,1729708076.9887118
217,r/starboundservers,761,A subreddit for the sharing and discussion of servers for the game *Starbound.*,t5_2u1z8,1729708077.0078359
218,r/synclicensing,761,A community for any artist trying to navigate through the sync licensing world.,t5_4z7e3n,1729708077.027352
219,r/TamilInfluencer,761,Podcasts and Streamers,t5_989iy2,1729708077.047935
220,r/traders_colony,761,"Business, Economics, and Finance",t5_4vupzj,1729708077.06735
221,r/TurbineEngines,761,Science,t5_3yd3kq,1729708077.086609
222,r/UnDungeon,761,Art,t5_3iqhj,1729708077.106039
223,r/voromotors,761,The subreddit made for the future of transport for Redditors to discuss VoroMotors electric scooters.,t5_267ffc,1729708077.124712
224,r/Votann40k,761,"A space for all things Votann, from pictures of your models to discussion of tactics on the tabletop.",t5_6zyj52,1729708077.143418
225,r/WhitePlains,761,Place,t5_rr52f,1729708077.162085
226,r/WholesomeRoasts,761,Welcome to WholesomeRoasts,t5_3i67j,1729708077.180799
227,r/whycantwehaveboth,761,Of coursed based on the Old El Paso commercial. Similar to /r/fiftyfifty but both possibilities instead of one or the other.,t5_2wwlp,1729708077.199722
228,r/AlterMains,760,"The official subreddit for Alter. Banner, and Profile Pic by u/FiriumWasTaken",t5_aqkcav,1729708077.217825
229,r/camelband,760,Music,t5_mckrj,1729708077.236855
230,r/CCPA,760,Law,t5_sek9z,1729708077.256302
231,r/ChargerDrama,760,Cars and Motor Vehicles,t5_9azzkz,1729708077.2745888
232,r/CronosNetwork,760,Crypto,t5_5e3qo6,1729708077.292552
233,r/diewolfe,760,Sports,t5_31vkz,1729708077.310431
234,r/Division3,760,r/Division3 sub-reddit is focused on building a community full of informative content and contributions to help improve the gameplay experience for it's most dedicated players!,t5_5bg8iy,1729708077.328577
235,r/Dunwoody,760,"A subreddit for residents of Dunwoody, Georgia.",t5_2ypim,1729708077.346613
236,r/EarthDisoriented,760,Photos of the Earth where the alignment isn't the standard map style with North on top,t5_h0i70,1729708077.3647418
237,r/eZaten,760,Internet Culture and Memes,t5_41fxir,1729708077.382698
238,r/fightborne,760,"This subreddit was dedicated to organized PvP in Bloodborne. Specifically, it was designed with fight clubs in mind to help promote PvP outside of established PvP areas. Unfortunately, now it's dead.",t5_iqboi,1729708077.4058418
239,r/fiveironfrenzy,760,Music,t5_2sprg,1729708077.424572
240,r/HighSchoolInternships,760,Learning and Education,t5_3pwr9o,1729708077.4428318
241,r/IdleZen,760,A Subreddit community to discuss the mobile game Idle Zen created by 4Sho Games,t5_ucm04,1729708077.4615328
242,r/Microstation,760,For all users of Bentley Microstation.,t5_2tndv,1729708077.480275
243,r/OriAndTheWillOfWisps,760,A subreddit dedicated to Ori and the Will of the Wisps!,t5_28y12w,1729708077.4988532
244,r/PBEX_Official,760,"This is the official community for PHANTOM BLADE: Executioners, a place where to discuss everything of PBEX! PBEX is launching on cross-platform by end of 2023 on IOS/Android/PC/PS4/PS5. A dark epic of KUNGfUPUNK. Endless combat styles. Compromises and confrontations. Bring everything to an end in this fateful duel!",t5_53yoh0,1729708077.517148
245,r/Porg,760,Come share your love for porgs,t5_3o6d7,1729708077.5355892
246,r/PsychedelicPantheism,760,A new subreddit devoted to psychedelics and their usage as agents of pantheistic awakening and realisation. All welcome! :),t5_10coa7,1729708077.556226
247,r/QueenIsOverrated,760,Music,t5_4ucnqn,1729708077.5755038
248,r/r4rBritishColumbia,760,"r4rBritishColumbia - A ***SFW*** place to meet other, like-minded Redditors.",t5_2usdl,1729708077.59466
249,r/Rammus,760,Gaming,t5_2t7qe,1729708077.6138968
