,subreddit,subscribers,topic,subreddit_id,time
0,r/DIYBeauty,48990,Beauty and Makeup,t5_2wjwa,1729696883.5096252
1,r/GoogleFi,48982,Technology,t5_37tp1,1729696883.5325272
2,r/TomorrowByTogether,48976,Celebrity,t5_uf3mf,1729696883.551431
3,r/Amtrak,48966,Travel,t5_2rbwq,1729696883.5701802
4,r/CitiesSkylines2,48962,Gaming,t5_4vk73u,1729696883.588927
5,r/battlefront,48951,Gaming,t5_2t6xr,1729696883.616554
6,r/cowcats,48941,Animals and Pets,t5_30mfc,1729696883.635168
7,r/service_dogs,48939,Animals and Pets,t5_2v0po,1729696883.657537
8,r/britishshorthair,48930,Animals and Pets,t5_32c7p,1729696883.675811
9,r/cablegore,48930,Technology,t5_2vbiz,1729696883.6948428
10,r/hamishandandy,48930,Podcasts and Streamers,t5_2t5je,1729696883.7578502
11,r/PBtA,48922,Tabletop Games,t5_3hfsx,1729696883.7770119
12,r/fican,48915,"Business, Economics, and Finance",t5_39lcl,1729696883.808672
13,r/MotoUK,48906,Cars and Motor Vehicles,t5_2wf1v,1729696883.8276238
14,r/MusicInTheMaking,48887,Music,t5_2s9z8,1729696883.846273
15,r/Paralives,48883,Gaming,t5_1hxb3p,1729696883.865209
16,r/Helluvabossmemes,48873,Television,t5_299evl,1729696883.884094
17,r/upstate_new_york,48858,Place,t5_2rcb2,1729696883.902956
18,r/AmITheJerk,48851,Ethics and Philosophy,t5_10bmjj,1729696883.921317
19,r/cuteanimals,48845,Animals and Pets,t5_2ro6a,1729696883.940068
20,r/McMaster,48832,Learning and Education,t5_2r79x,1729696883.959015
21,r/industrialmusic,48820,Music,t5_2qyml,1729696883.977518
22,r/Bahrain,48805,Place,t5_2rv05,1729696883.9965749
23,r/SteroidGuide,48792,Fitness and Nutrition,t5_85quuo,1729696884.017726
24,r/abletonlive,48775,Music,t5_2rbt4,1729696884.0380108
25,r/GraffitiTagging,48769,Art,t5_2wnjr,1729696884.05828
26,r/AccidentalArtGallery,48766,Art,t5_3i6fc,1729696884.078063
27,r/StudyInTheNetherlands,48766,Learning and Education,t5_kqz2g,1729696884.098366
28,r/AfterTheLoop,48765,Meta/Reddit,t5_3hcwf,1729696884.1182451
29,r/AskComputerQuestions,48764,Technology,t5_6upeb1,1729696884.138289
30,r/InternetFriends,48762,Family and Relationships,t5_2tgqh,1729696884.1613472
31,r/NinjaSexParty,48756,Music,t5_2ts0y,1729696884.1810188
32,r/TheWayWeWereOnVideo,48747,History,t5_2zhtp,1729696884.2009878
33,r/atoptics,48746,Outdoors and Nature,t5_2v97z,1729696884.223258
34,r/tomodachilife,48742,Gaming,t5_31ar0,1729696884.2451808
35,r/Geelong,48738,Place,t5_2s98u,1729696884.265034
36,r/PersonalFinanceEgypt,48737,"Business, Economics, and Finance",t5_355hu6,1729696884.284595
37,r/NextCloud,48735,Technology,t5_3ev3e,1729696884.304069
38,r/formcheck,48717,Fitness and Nutrition,t5_2sctd,1729696884.32329
39,r/shedditors,48697,Home and Garden,t5_g8m20,1729696884.342475
40,r/mindblowing,48674,Internet Culture and Memes,t5_2tf23,1729696884.361176
41,r/TPoseMemes,48668,Internet Culture and Memes,t5_3lus3,1729696884.379633
42,r/JohnMulaney,48666,Funny/Humor,t5_37zs1,1729696884.398195
43,r/laminarflow,48649,Science,t5_365tc,1729696884.41981
44,r/seals,48648,Animals and Pets,t5_2v82k,1729696884.440354
45,r/pumpkincarving,48647,Crafts and DIY,t5_2s5p5,1729696884.4617531
46,r/TIdaL,48643,Music,t5_2sral,1729696884.4864461
47,r/powerbuilding,48641,Fitness and Nutrition,t5_2viik,1729696884.505924
48,r/cofounder,48624,Careers,t5_2tln6,1729696884.525955
49,r/CLOV,48614,"Business, Economics, and Finance",t5_3s03ll,1729696884.5461571
50,r/AlfaRomeo,48609,Cars and Motor Vehicles,t5_2qv3l,1729696884.6354911
51,r/unintentionalASMR,48609,Internet Culture and Memes,t5_2tz24,1729696884.667538
52,r/smashgifs,48605,Gaming,t5_30koz,1729696884.68666
53,r/ComedyArchaeology,48588,Internet Culture and Memes,t5_stjy8,1729696884.705838
54,r/SlaughteredByScience,48586,Science,t5_z4ihj,1729696884.725497
55,r/BathroomShrooms,48573,Internet Culture and Memes,t5_3d32e5,1729696884.746901
56,r/Civilization6,48560,Gaming,t5_397so,1729696884.767235
57,r/arcteryx,48554,Fashion,t5_306uv,1729696884.787074
58,r/RedditWritesTheOffice,48548,Television,t5_36egi,1729696884.807641
59,r/350z,48547,Cars and Motor Vehicles,t5_2t3vy,1729696884.826955
60,r/UnconventionalMakeup,48540,Beauty and Makeup,t5_3dsus,1729696884.8461199
61,r/whatsthemoviecalled,48535,Movies,t5_od606,1729696884.8651211
62,r/iPhone15Pro,48495,Technology,t5_2q8pq6,1729696884.884598
63,r/forsenRefugees,48487,Celebrity,t5_5802y2,1729696884.9033852
64,r/yorku,48486,Learning and Education,t5_2s8jd,1729696884.9220119
65,r/fishtank,48485,Animals and Pets,t5_2rdvk,1729696884.940762
66,r/brasov,48479,Place,t5_2tsmg,1729696884.959698
67,r/decaf,48478,Addiction Support,t5_2v89v,1729696884.978461
68,r/PastorArrested,48475,Activism,t5_3bwlt,1729696884.997191
69,r/SteamController,48467,Technology,t5_2ymn6,1729696885.01602
70,r/SuperShibe,48462,Internet Culture and Memes,t5_2x298,1729696885.0347579
71,r/classicfilms,48438,Movies,t5_2rjjr,1729696885.053538
72,r/bjork,48431,Music,t5_2s4tf,1729696885.072449
73,r/MemesEnEspanol,48428,Internet Culture and Memes,t5_1009a3,1729696885.0913768
74,r/CAIRO,48409,Place,t5_2rnae,1729696885.11043
75,r/BabyLedWeaning,48408,Family and Relationships,t5_2znli,1729696885.129335
76,r/BrokeHobbies,48406,Hobbies,t5_up1zi,1729696885.148295
77,r/howtokeepanidiotbusy,48398,Funny/Humor,t5_zuf9f,1729696885.166986
78,r/FriendshipAdvice,48362,Family and Relationships,t5_31enm,1729696885.185875
79,r/Goodwill_Finds,48357,Marketplace and Deals,t5_2t1ya,1729696885.205466
80,r/CelebScenes,48354,Mature Themes and Adult Content,t5_2k2mct,1729696885.224877
81,r/pixelography,48350,Art,t5_3ga97,1729696885.244498
82,r/Ouchmyflaps,48330,Internet Culture and Memes,t5_3m2s1,1729696885.263763
83,r/Legomarket,48328,Marketplace and Deals,t5_2zbaq,1729696885.285208
84,r/Militariacollecting,48328,History,t5_2uqb0,1729696885.303842
85,r/hoi4modding,48322,Gaming,t5_3fxi5,1729696885.322272
86,r/makeuptips,48321,Beauty and Makeup,t5_2um28,1729696885.340472
87,r/LandscapeArchitecture,48317,Careers,t5_2s566,1729696885.3590899
88,r/Eldar,48311,Tabletop Games,t5_2ug1c,1729696885.377459
89,r/HistoryofIdeas,48299,History,t5_2swgc,1729696885.3961332
90,r/opsec,48298,Technology,t5_2t7t3,1729696885.4148428
91,r/twinflames,48294,Family and Relationships,t5_36lk4,1729696885.4334478
92,r/Takagi_san,48285,Anime,t5_3ptdb,1729696885.4522722
93,r/arkps4,48277,Gaming,t5_3ddii,1729696885.471594
94,r/foodnetwork,48247,Television,t5_2safc,1729696885.4903731
95,r/relationshipgoals,48231,Family and Relationships,t5_35g76,1729696885.509289
96,r/im14andthisisfunny,48218,Internet Culture and Memes,t5_2va6w,1729696885.5283232
97,r/itscalledfashion,48198,Fashion,t5_2ycb4,1729696885.546992
98,r/Reno911,48178,Television,t5_2slhk,1729696885.5657432
99,r/MusicIndia,48177,Music,t5_24mg64,1729696885.5842628
100,r/poodles,48176,Animals and Pets,t5_2sm2m,1729696885.603283
101,r/GetKarma_Here,48154,Meta/Reddit,t5_36vqux,1729696885.621859
102,r/StepN,48153,Crypto,t5_57pe63,1729696885.74144
103,r/UXResearch,48152,Learning and Education,t5_34zqz,1729696885.763488
104,r/Waluigi,48143,Internet Culture and Memes,t5_2tq19,1729696885.782704
105,r/fnafmeme,48142,Internet Culture and Memes,t5_2hp62i,1729696885.8012748
106,r/Dramione,48125,"Reading, Writing, and Literature",t5_2sdgl,1729696885.819892
107,r/DarkinFolk,48116,Gaming,t5_6dpprg,1729696885.849535
108,r/Terroriser,48106,Podcasts and Streamers,t5_l57w4,1729696885.86961
109,r/PokemonUnbound,48102,Gaming,t5_3jwrr5,1729696885.889345
110,r/teenfemboy,48101,Gender,t5_323tx7,1729696885.9088352
111,r/Living_in_Korea,48099,Place,t5_2y3pu2,1729696885.9294999
112,r/MarvelStudios_Rumours,48098,Movies,t5_26hkd8,1729696885.9510489
113,r/Houdini,48084,Technology,t5_2um4p,1729696886.01702
114,r/indiemx,48083,Music,t5_24z6p6,1729696886.035989
115,r/LeaksDBD,48082,Gaming,t5_2zpfvp,1729696886.067772
116,r/Historycord,48079,History,t5_61eeko,1729696886.0870268
117,r/FortniteXPMaps,48077,Gaming,t5_61ifsm,1729696886.106207
118,r/souleater,48019,Anime,t5_2t27x,1729696886.125314
119,r/PowerTV,48004,Television,t5_322kj,1729696886.144307
120,r/FunnyAnaesthesia,47994,Funny/Humor,t5_38t5r,1729696886.163095
121,r/CryptoGamersCommunity,47980,Crypto,t5_kwv25,1729696886.1818938
122,r/CatsPlayingDnd,47979,Animals and Pets,t5_2zj12,1729696886.202037
123,r/springfieldMO,47978,Place,t5_2qiap,1729696886.220632
124,r/SelenaGomezHot,47965,Celebrity,t5_3hggu4,1729696886.238976
125,r/mytimeatportia,47939,Gaming,t5_3mc2j,1729696886.259077
126,r/SonyHeadphones,47936,Technology,t5_wa9wc,1729696886.27868
127,r/XWingTMG,47935,Tabletop Games,t5_2vsga,1729696886.297833
128,r/CamperVans,47928,Cars and Motor Vehicles,t5_2sk21,1729696886.3165781
129,r/rhoslc,47925,Television,t5_3d11bo,1729696886.337537
130,r/RingFitAdventure,47924,Gaming,t5_24q4me,1729696886.3559601
131,r/AsbestosRemovalMemes,47890,Internet Culture and Memes,t5_olubs,1729696886.3754802
132,r/bladeandsoul,47886,Gaming,t5_2skd6,1729696886.394222
133,r/tinyhouse,47881,Home and Garden,t5_2sye2,1729696886.41267
134,r/fifaclubs,47880,Gaming,t5_2zdn7,1729696886.431509
135,r/PeepingPooch,47871,Animals and Pets,t5_3mo9s,1729696886.450113
136,r/kroger,47867,Careers,t5_2svtr,1729696886.468781
137,r/f45,47863,Fitness and Nutrition,t5_3iua3,1729696886.487512
138,r/80sfastfood,47855,Food and Drink,t5_35jfb,1729696886.5061948
139,r/FromSeries,47849,Television,t5_5vxsy8,1729696886.5245068
140,r/Hashimotos,47837,Medical and Mental Health,t5_32ekl,1729696886.54318
141,r/Cows,47833,Animals and Pets,t5_2rqm5,1729696886.561898
142,r/water,47830,Science,t5_2qjvw,1729696886.580683
143,r/Yoimiya_Mains,47826,Gaming,t5_44t81x,1729696886.5995982
144,r/Clockology,47821,Technology,t5_2rdwes,1729696886.6182919
145,r/Lyft,47821,Careers,t5_2uz8x,1729696886.637249
146,r/fnaftheories,47801,Gaming,t5_36f29,1729696886.656102
147,r/GachaClubCringe,47796,Mature Themes and Adult Content,t5_2d65ce,1729696886.674695
148,r/pokemonanime,47795,Anime,t5_2vir1,1729696886.6935868
149,r/ChurchOfCOVID,47781,Medical and Mental Health,t5_36vxjo,1729696886.7121038
150,r/TornadoEncounters,47777,Outdoors and Nature,t5_124ov9,1729696886.730691
151,r/ATEEZ,47770,Celebrity,t5_qdwnc,1729696886.749561
152,r/PetTheDamnKitty,47752,Animals and Pets,t5_jn9na,1729696886.769166
153,r/TeachingUK,47751,Learning and Education,t5_2y912,1729696886.793931
154,r/deloitte,47749,Careers,t5_2sjf5,1729696886.813654
155,r/crescentcitysjm,47743,"Reading, Writing, and Literature",t5_2h70v0,1729696886.832631
156,r/LivingMas,47739,Food and Drink,t5_l3j3i,1729696886.853051
157,r/pokemonradicalred,47729,Gaming,t5_3i7fni,1729696886.871777
158,r/LowerCaseScreams,47722,Internet Culture and Memes,t5_33d70l,1729696886.890389
159,r/Birdsfacingforward,47697,Animals and Pets,t5_xjwjv,1729696886.911829
160,r/lancaster,47686,Place,t5_2r3r9,1729696886.981051
161,r/ImaginaryWorlds,47685,Art,t5_2z1t4,1729696887.004263
162,r/TroChuyenLinhTinh,47684,Internet Culture and Memes,t5_4bcops,1729696887.027615
163,r/TheCure,47668,Music,t5_2sjgm,1729696887.048578
164,r/InsiderMemeTrading,47664,Internet Culture and Memes,t5_rwfaj,1729696887.069176
165,r/Bedding,47662,Home and Garden,t5_2yjm1,1729696887.089705
166,r/swatchitforme,47661,Beauty and Makeup,t5_3pwtx,1729696887.112563
167,r/psytrance,47650,Music,t5_2qq5p,1729696887.1364
168,r/FantasyWorldbuilding,47647,"Reading, Writing, and Literature",t5_3mb7n,1729696887.158727
169,r/TorontoDriving,47637,Cars and Motor Vehicles,t5_33rm5,1729696887.180649
170,r/AppleArcade,47626,Gaming,t5_yq7gq,1729696887.207436
171,r/TibiaMMO,47622,Gaming,t5_2s3sk,1729696887.230846
172,r/Qdpay,47617,Podcasts and Streamers,t5_3qd03j,1729696887.253546
173,r/VacuumCleaners,47593,Home and Garden,t5_2vqfg,1729696887.275191
174,r/Strongman,47577,Fitness and Nutrition,t5_2twwd,1729696887.2968152
175,r/OmadDiet,47571,Fitness and Nutrition,t5_3jw4b,1729696887.318269
176,r/FTMfemininity,47566,Gender,t5_4bra1,1729696887.339103
177,r/lofi,47555,Music,t5_2rlyh,1729696887.35998
178,r/Rockband,47555,Gaming,t5_2qifr,1729696887.381278
179,r/logophilia,47552,"Reading, Writing, and Literature",t5_2rt1y,1729696887.402294
180,r/freediving,47549,Outdoors and Nature,t5_2s78j,1729696887.423035
181,r/TattooArtists,47547,Art,t5_2wt0t,1729696887.444891
182,r/RateMyTea,47543,Food and Drink,t5_3fs75,1729696887.4656808
183,r/readanotherbook,47541,Internet Culture and Memes,t5_fj51u,1729696887.4862232
184,r/MandelaCatalogue,47530,Internet Culture and Memes,t5_4w11e0,1729696887.508196
185,r/tianguancifu,47528,Anime,t5_2a8ue0,1729696887.5288692
186,r/Boxer,47527,Animals and Pets,t5_2qvqn,1729696887.549356
187,r/FATTravel,47526,Travel,t5_128z4u,1729696887.5703108
188,r/IHCofficial,47516,Crypto,t5_4ww4w4,1729696887.5906718
189,r/SoundTripPh,47512,Music,t5_7kwnoy,1729696887.611286
190,r/Bluegrass,47510,Music,t5_2qk44,1729696887.632365
191,r/ekekek,47504,Animals and Pets,t5_4b8os3,1729696887.652898
192,r/CPAP,47472,Medical and Mental Health,t5_2s99h,1729696887.673515
193,r/portlandme,47459,Place,t5_2t1eh,1729696887.6929789
194,r/Doenerverbrechen,47455,Food and Drink,t5_49py94,1729696887.713205
195,r/90DayFianceFans,47438,Television,t5_4x842p,1729696887.7330072
196,r/LARP,47437,Hobbies,t5_2rl8h,1729696887.752618
197,r/parasnailing,47397,Animals and Pets,t5_2wwtwk,1729696887.772287
198,r/DestructiveReaders,47381,"Reading, Writing, and Literature",t5_2z15u,1729696887.790951
199,r/pcmusic,47375,Music,t5_338my,1729696887.810279
200,r/CentralValley,47371,Place,t5_2qvav,1729696887.828436
201,r/html5,47369,Programming,t5_2r7u2,1729696887.846723
202,r/seriouslyalarming,47367,For everyday things that should be deemed seriously alarming.,t5_apb4gl,1729696887.865224
203,r/CantBelieveThatsReal,47362,Internet Culture and Memes,t5_2cogoo,1729696887.8836539
204,r/banjo,47360,Music,t5_2qlrg,1729696887.9020212
205,r/icecoast,47356,Place,t5_340f4,1729696887.920236
206,r/LifeAfterSchool,47353,Family and Relationships,t5_zy2kd,1729696887.940254
207,r/40kOrkScience,47336,Tabletop Games,t5_37zbc,1729696887.958705
208,r/ElraeN,47335,Podcasts and Streamers,t5_2meulz,1729696887.978681
209,r/ADCMains,47332,Gaming,t5_39cvu,1729696887.9990542
210,r/R6STeams,47330,Gaming,t5_3b8kn,1729696888.018476
211,r/Kagurabachi,47329,Anime,t5_97ke62,1729696888.0379782
212,r/iLuTV,47326,Podcasts and Streamers,t5_2hbnwo,1729696888.0569532
213,r/DebateCommunism,47313,Politics,t5_2vkao,1729696888.07538
214,r/MergeDragons,47305,Gaming,t5_3mexa,1729696888.093786
215,r/internetdrama,47281,Internet Culture and Memes,t5_2s3ot,1729696888.1124191
216,r/DatGuyLirik,47266,Podcasts and Streamers,t5_2yrza,1729696888.131478
217,r/MorbidHistory,47240,History,t5_2xtwy,1729696888.149995
218,r/tractors,47238,Cars and Motor Vehicles,t5_2ucco,1729696888.168461
219,r/bravefrontier,47227,Gaming,t5_2zich,1729696888.1870131
220,r/RanbirKapoorUniverse,47218,Movies,t5_3p026j,1729696888.205649
221,r/Roborock,47218,Technology,t5_25t6rp,1729696888.225177
222,r/SecurityCareerAdvice,47212,Learning and Education,t5_t483x,1729696888.244612
223,r/UkraineConflict,47201,World News,t5_30oyx,1729696888.264014
224,r/anesthesiology,47178,Careers,t5_2uoic,1729696888.282963
225,r/AppleVisionPro,47176,Technology,t5_8j832g,1729696888.302259
226,r/chillmusic,47176,Music,t5_2rnvn,1729696888.3207848
227,r/NFSHeat,47155,Gaming,t5_226gmo,1729696888.339194
228,r/Falcom,47150,Gaming,t5_32vt5,1729696888.357425
229,r/newfriends,47130,Family and Relationships,t5_2unic,1729696888.3766432
230,r/Tottenham,47130,Sports,t5_2xv47,1729696888.395457
231,r/rarecompliments,47124,Funny/Humor,t5_st3u6,1729696888.4163
232,r/theamazingdigitalciru,47085,Television,t5_7tzbw9,1729696888.569603
233,r/wordchewing,47070,Internet Culture and Memes,t5_5z9fyh,1729696888.606226
234,r/AMPToken,47060,Crypto,t5_2w071t,1729696888.63252
235,r/YoungSheldon,47057,Television,t5_3jigt,1729696888.652202
236,r/catsbeingbanks,47049,Animals and Pets,t5_3j5fn,1729696888.671463
237,r/MobileGaming,47039,Gaming,t5_2rkn8,1729696888.6902459
238,r/Mildlynomil,47035,Family and Relationships,t5_3jinr,1729696888.709607
239,r/Thorgasm,47028,Outdoors and Nature,t5_3fw8x,1729696888.729568
240,r/GalaxyS8,47020,Technology,t5_2wi4l,1729696888.749163
241,r/SkyChildrenOfLight,46983,Gaming,t5_1znivi,1729696888.7685308
242,r/StraightsBeingOK,46968,Family and Relationships,t5_2dyrgb,1729696888.7889159
243,r/Linkedinfr,46966,Internet Culture and Memes,t5_2hdpxj,1729696888.810962
244,r/warcraft3,46963,Gaming,t5_2rner,1729696888.832649
245,r/chimefinancial,46961,"Business, Economics, and Finance",t5_su9bq,1729696888.8544781
246,r/Surveying,46944,Careers,t5_2v46o,1729696888.877739
247,r/SS13,46937,Gaming,t5_2s9yk,1729696888.899512
248,r/ThousandSons,46937,Tabletop Games,t5_3hve2,1729696888.918858
249,r/blueteamsec,46935,Technology,t5_f66zu,1729696888.9379761
