,subreddit,subscribers,topic,subreddit_id,time
0,r/HollyWestXXX,545,Subreddit dedicated to sexy former pornstar Holly West,t5_av2hph,1729708900.298951
1,r/homedistiller,545,Shared information regarding the creation of distilled spirits for beginners to advanced distillers. To ask specific questions or to do more research.,t5_2gxqhw,1729708900.3219461
2,r/ImagesOfNorway,545,Pictures and images of Norway,t5_3ae16,1729708900.340907
3,r/iosemulators,545,Discuss iOS emulators with your fellow community of iPhone/iPad gamers here on this subreddit.,t5_35zpk,1729708900.3600588
4,r/JosephZarelli,545,History,t5_7s1z3y,1729708900.378835
5,r/KaderOyunu,545,Gaming,t5_307q0f,1729708900.405588
6,r/katebeckinsale_legs,545,Welcome to katebeckinsale_legs,t5_81tvb3,1729708900.42456
7,r/LancasterCavalry,545,"A sub for the dedicated, the faithful, the heretics and the sellswords. All Lancaster shippers welcomed.",t5_3eg6x,1729708900.443365
8,r/LaurenMcKell,545,Welcome to LaurenMcKell,t5_3imsg,1729708900.4651961
9,r/LesbianYoutubers,545,Sexual Orientation,t5_n8lb0,1729708900.484122
10,r/LiberalHeretics,545,Politics,t5_2pzu5o,1729708900.579427
11,r/LoopyPro,545,Music,t5_5khcwx,1729708900.599357
12,r/Lucas,545,Welcome to Lucas,t5_2qqbp,1729708900.633263
13,r/Massgate,545,Gaming,t5_3bcmj,1729708900.65245
14,r/MeditationHub,545,Music,t5_aixyzg,1729708900.671521
15,r/MercedesEQ,545,Cars and Motor Vehicles,t5_6ecmqr,1729708900.690764
16,r/ModernBUG,545,For fans of the Sultai shard in Modern MTG.,t5_3hoqr,1729708900.709575
17,r/MTGNeuralNet,545,Gaming,t5_728p37,1729708900.728387
18,r/MusicForBondhas,545,Music,t5_citnrd,1729708900.747351
19,r/mycashew,545,My Cashew is an app to help you monetize your data!,t5_3pjoxw,1729708900.765924
20,r/PalworldXbox,545,Gaming,t5_amikwg,1729708900.7844229
21,r/PoliteOut,545,The sub for polite freak outs & vids/memes alike. No matter what context or species it’s in if you see it as a PoliteOut please post it.,t5_2hbis5,1729708900.803499
22,r/PostpartumAnxiety,545,"A sub for moms dealing with postpartum anxiety who would like to be part of a group discussion, ask advice on coping mechanisms, or just looking to vent.",t5_24l22m,1729708900.82243
23,r/ReEND,545,Gaming,t5_aqmopu,1729708900.84128
24,r/Rococo,545,"r/Rococo is a subreddit dedicated to everything and anything Rococo. This includes art, fashion, history, architecture, literature, movies, TV shows, and more! Make yourself at home and have fun discussing the decadent, frivolous, and exquisite Rococo era!",t5_8reela,1729708900.86022
25,r/RSdating,545,Family and Relationships,t5_9nvxmp,1729708900.878994
26,r/Shizuka_Tsuruki_RW,545,Anime,t5_37chxh,1729708900.897907
27,r/SideMLiveonStage,545,Welcome to SideMLiveonStage,t5_3jiwj,1729708900.916471
28,r/SiveSubmissions,545,Sive > Sive 2,t5_utyre,1729708900.9348109
29,r/socialimprovement,545,Family and Relationships,t5_b9u6xa,1729708900.953202
30,r/squint,545,Welcome to squint,t5_9gh021,1729708900.971663
31,r/SSBPMCE,545,A community for discussion of and work on leaked Project M content.,t5_3b4ys,1729708900.990207
32,r/StarlightShowcase,545,Mature Themes and Adult Content,t5_3dxtqd,1729708901.008963
33,r/Stradman,545,Podcasts and Streamers,t5_12htl2,1729708901.030028
34,r/StudentNurseUK,545,Careers,t5_3phdx,1729708901.049626
35,r/technicallysalad,545,Food and Drink,t5_2y2sh8,1729708901.073026
36,r/TechPathSeekers,545,"We bring together people with an urgent need to switch careers to give advice, guidance, share experiences, and resources on career switch. So, that we can weigh our options and make good decisions to transition successfully to a new career in technology.",t5_a24n4c,1729708901.092316
37,r/Tenstotendies,545,"This is a community where we can share what we started investing with and where we’re at now. This can also just be a safe space for investors to share DD on company’s, stock memes, plays for the week, daily discussions, and honestly anything stock related. Just don’t spam or post anything that seems like a pump and dump :)",t5_3y1xm8,1729708901.111457
38,r/TeslaModified,545,Cars and Motor Vehicles,t5_8i7iw3,1729708901.1303859
39,r/trueRoll20,545,Tabletop Games,t5_p20mo,1729708901.149438
40,r/Tulare,545,"Come here to post about events, concerts, news, funny happenings, and anything else about Tulare county",t5_2y8rl,1729708901.1685371
41,r/wellesley,545,"Community page for the Town of Wellesley, MA.",t5_2rvjz,1729708901.1875288
42,r/whoodles,545,Animals and Pets,t5_300s1,1729708901.206409
43,r/wtfarmy,545,"For all your images and stories when a service member can't do anything else but say, ""WTF?!""",t5_32xr9,1729708901.224975
44,r/Xapo,545,Crypto,t5_31bvb,1729708901.243675
45,r/2Chainz,544,Welcome to 2Chainz,t5_2v5r3,1729708901.2621608
46,r/alliance_hots,544,This reddit is for discussing Alliance: Heroes of the Spire by Rumble Games.,t5_3f5us,1729708901.2808802
47,r/AskAsians,544,"Culture, Race, and Ethnicity",t5_3by4g,1729708901.2994292
48,r/AskSysadmin,544,Welcome to AskSysadmin,t5_2sl6t,1729708901.31833
49,r/BillBryson,544,A small subreddit dedicated to fostering discussion around the works of Bill Bryson.,t5_32u86,1729708901.337062
50,r/BostonManor,544,"Boston Manor are a British band formed in Blackpool, Lancashire, England, in March 2013. They have released 2 full length albums and 3 EPs, with their third album ""GLUE"" releasing on May 1st 2020.",t5_3ngx3,1729708901.356103
51,r/brc20,544,Welcome to brc20,t5_82hyr4,1729708901.3752441
52,r/CanadaBudSwap,544,The original legal-only bud-swapping Canadian Cannabis Sub,t5_psmk8,1729708901.394337
53,r/ClubBlake,544,Come here and enjoy all the good Blake we have to offer! Sit down and read a book with the said cat girl. For all things Blake from RWBY on Roosterteeth.com,t5_2y2ts,1729708901.413367
54,r/CraftWarriors,544,Gaming,t5_i9lcc,1729708901.432222
55,r/cricketmemes,544,Funny stuff from the game of Gentlemen.,t5_2ytmy,1729708901.45105
56,r/dantotsu,544,Technology,t5_9mh004,1729708901.469908
57,r/DarknetMarketRanks,544,Marketplace and Deals,t5_8y8ldh,1729708901.4887931
58,r/Desktop_Manufacturing,544,Crafts and DIY,t5_3pbaor,1729708901.507346
59,r/DestinationTruth,544,"TV Show on SyFy, where host Josh Gates takes viewers around the world looking for strange, and mysterious creatures.",t5_2tktj,1729708901.539158
60,r/eeepcmasterrace,544,Technology,t5_al1iz,1729708901.589679
61,r/FilmChannels,544,Movies,t5_2xjwyh,1729708901.629121
62,r/Fortnite1v1,544,Gaming,t5_l080p,1729708901.6568
63,r/foursomememes,544,Mature Themes and Adult Content,t5_3ituw,1729708901.682805
64,r/fuhzz,544,a place to share photos and talk about Sabreena Diamond aka Fuhzz,t5_2lgmwn,1729708901.706787
65,r/GachaWorship,544,Gaming,t5_a4k8t8,1729708901.735091
66,r/giagonzexposed,544,Gia 🩷 message to be invited to Discord https://discord.gg/9bqTG5gGFj,t5_aloy0c,1729708901.764626
67,r/GlobalRallyCross,544,"Rallycross officially debuted in the US at X Games 16 in Los Angeles in 2010, to great success. In 2018 Red Bull Global Rallycross folded, laying way to Americas Rallycross (ARX) Follow us through these exciting times! We will also be following the iRacing GRC eSport World Championship!",t5_2xrpl,1729708901.78829
68,r/HermitPack,544,Welcome to HermitPack,t5_3gttb,1729708901.8148348
69,r/HollyHumberstone,544,Music,t5_2w96bt,1729708901.84348
70,r/HWYA,544,Don't know how to attack a base? Show us screen shot of the base and your troops and we'll help out to the best of our ability!,t5_396f1,1729708901.90365
71,r/iamjakehillreddit,544,Music,t5_70k62n,1729708901.96562
72,r/IfaOsha,544,A community for practitioners and those with questions. Mainly Lucumi Ifa and Osha/Ocha (Santeria) but open to all diasporic traditions.,t5_u1603,1729708902.025229
73,r/ImFromCleveland,544,Place,t5_bt5vyd,1729708902.078491
74,r/IndianStreetfights,544,WELCOME TO INDIAN STREET FIGHTS COMMUNITY POST YOUR BEST STREET FIGHT VIDEO AND ENJOY,t5_54ma9d,1729708902.1371589
75,r/Landdevelopment,544,"For workers and owners in real estate and construction related fields. A place to discuss trends, ideas, concerns in the land development world. No soliciting. Keep it civil.",t5_28thde,1729708902.169837
76,r/leisuresuitlarry,544,Gaming,t5_2tvpi,1729708902.201919
77,r/lyftpromocode,544,Post your Lyft promo discount codes on reddit!,t5_3078p,1729708902.232262
78,r/MalayPeopleTwitter,544,"A subreddit showcasing funny, insightful or otherwise interesting posts from the social media of Malay people. English and Malay posts allowed.",t5_24b0ji,1729708902.260522
79,r/mdhistory,544,"This subreddit is for anyone interested in Maryland history, ranging from the exploration of Maryland in the 1490s, the creation of the Maryland colony (1634), and even farther back in our collective past.",t5_3kdwv,1729708902.288509
80,r/MillaJovovich_Fandom,544,Celebrity,t5_6olzv8,1729708902.31213
81,r/NargacugaPosting,544,Gaming,t5_azur5u,1729708902.334635
82,r/ncrst,544,Gaming,t5_6x233a,1729708902.355874
83,r/NintendoSwitchDev,544,Home for all Development related to the Nintendo Switch. Suggestions welcome.,t5_3h8nh,1729708902.377196
84,r/Nissanqashqai,544,Cars and Motor Vehicles,t5_2g1qbw,1729708902.398696
85,r/pantherplatform,544,"Post anything relating to Ford's Panther-Platform vehicles here. Crown Vics, Grand Marquis, and Town Cars welcome!",t5_325af,1729708902.428706
86,r/PianoPractice,544,A place to log your Practice data and habits.,t5_3mqrk,1729708902.448006
87,r/PosseScholars,544,Learning and Education,t5_2aoo7w,1729708902.466759
88,r/Pro_Gamers,544,Gaming,t5_9pj04,1729708902.485089
89,r/Redfishing,544,The place for all red drum (redfish) anglers!,t5_3isaaj,1729708902.503472
90,r/RGB_protocol,544,Crypto,t5_2z7ng0,1729708902.521825
91,r/SairentoVR,544,Gaming,t5_3j956,1729708902.54029
92,r/slumerican,544,"Talk all things Slumerican. Yelawolf, Rittz, etc. All the slums post your shit here.",t5_341s7,1729708902.5589561
93,r/stuperb,544,"A compendium of stupid ideas, executed in a superb manner",t5_2a8pfz,1729708902.57803
94,r/SWL,544,a place for anything related to listening to HF and Shortwave radio signals.,t5_2x15x,1729708902.598436
95,r/TanyaMittal,544,A sub reddit dedicated to saree queen Tanya Mittal,t5_9jstda,1729708902.617814
96,r/TheBadGuys,544,Unofficial subreddit for Dreamworks The Bad Guys.,t5_3npxm,1729708902.637033
97,r/UberUK,544,Careers,t5_33ihw,1729708902.6564999
98,r/ultrablep,544,The most ultra bleps around! :P,t5_3mzep,1729708902.675627
99,r/200wordrpg,543,The purpose of this community is to discuss 200 word rpgs and the annual challenge.,t5_3nwg6,1729708902.6947389
100,r/AaronSmithLevin,543,Celebrity,t5_aqjk8d,1729708902.713558
101,r/AgeofWushu,543,"Reddit community for the PC MMORPG ""Age of Wushu"", ""Age of Wulin"", ""9Yin"" www.AgeofWushu.com",t5_2vi22,1729708902.7326348
102,r/AlbertaHunting,543,Hobbies,t5_30noq,1729708902.751501
103,r/AppleEnterprise,543,Information on managing Apple devices in any environment.,t5_30gb6,1729708902.7751071
104,r/BasketballBetting,543,Sports,t5_3weoai,1729708902.830327
105,r/bbceaters,543,sub for sluts who eat that BBC and those that enjoy watching Them Eat it up,t5_745w0b,1729708902.8665228
106,r/bidle,543,This subreddit is dedicated to dank meme content related to the Kpop girl group (G)I-DLE. Please remember that all posts should be SFW and not overly-offensive. Have fun!,t5_22b9uq,1729708903.137517
107,r/BM_smallcase,543,"Business, Economics, and Finance",t5_bhxwli,1729708903.157332
108,r/BookTrack,543,"Book Tracker is a privacy focus app for iPhone, iPad and Mac that can help you to catalog library, manage reading list, track reading progress and save favorite quotes.",t5_2ukiq5,1729708903.176526
109,r/BuffaloBisons,543,"This is the Reddit Community for The Buffalo Bisons, a professional Minor League Baseball team based in Buffalo, New York. They play in the International League and are the Triple-A affiliate of the Toronto Blue Jays. The Bisons play at Sahlen Field in downtown Buffalo.",t5_2zqhn,1729708903.195829
110,r/cardiacsonography,543,Interesting echo findings,t5_3lxgex,1729708903.214504
111,r/ChainsOfAsmodeus,543,Tabletop Games,t5_9y4lll,1729708903.232982
112,r/ChinoMoreno,543,Music,t5_31j7x,1729708903.251606
113,r/CIA_FOIA,543,For sharing and discussing interesting nuggets found using the CIA FOIA reading room,t5_2tl0l0,1729708903.270306
114,r/CollegePlanning,543,"Helpful links and articles on college admissions, applications, financial aid, college life and more!",t5_2upog,1729708903.2887099
115,r/ComicsPre1940,543,"This is a place for fans of Platinum Age, Victorian Age and Pioneer Age comics, Big Little Books, Sunday funnies, premium pins & badges, pulps and other pre-1940 treasures. For the most part, if it’s pre-1940 and listed in (or should be listed in) Overstreet it should fit right in. If it’s a little bit post 1940, but cool, it’ll probably work too.",t5_6nbmze,1729708903.307443
116,r/DisneyWish,543,Movies,t5_70jiuv,1729708903.326306
117,r/DucatiSupersport,543,Reddit for the Ducati Supersport series motorcycles,t5_2zbry,1729708903.345099
118,r/epichunt,543,Crypto,t5_4b5hv0,1729708903.364046
119,r/GGC,543,Learning and Education,t5_2sut8,1729708903.382613
120,r/grandpamods,543,Modifications your grandpa made (or could‘ve made).,t5_10irba,1729708903.401532
121,r/Growing_Closer,543,Outdoors and Nature,t5_5sje0u,1729708903.4200552
122,r/happysandwichcafe,543,Gaming,t5_3e8lr,1729708903.4387991
123,r/hawthorneheights,543,Music,t5_2wa6r,1729708903.457485
124,r/Hoedown,543,Funny/Humor,t5_2v19u,1729708903.476341
125,r/HomeClimbingWalls,543,This is a subreddit where climbers can share their home climbing walls and prospective home wall builders can ask questions.,t5_2y742,1729708903.495175
126,r/hugthedamnotter,543,"""Hug the damn otter""",t5_shygu,1729708903.514039
127,r/HunchbackOfNotreDame,543,"This subreddit is dedicated to Victor Hugo's novel Notre Dame de Paris and all its masterful theater, film, and song adaptations.",t5_22yrko,1729708903.532768
128,r/IdeaFeedback,543,"This is a place that writers can pitch their ideas and constructive feedback. All parts of story-building is welcome, from characters to plot summaries to magic systems and anything in between.",t5_32j6h,1729708903.551716
129,r/itsbiglee,543,Celebrity,t5_8rbf9g,1729708903.569964
130,r/IWantThatOnAShirt,543,"If you've ever seen something and thought ""Dude, that'd look awesome on a shirt!"" or thought of something and said ""That's a good idea for a shirt."" then this is the subreddit for you. Post images you want on a shirt, share ideas for a shirt or post your own custom shirt!",t5_2x6gm,1729708903.588994
131,r/IyerBhaiSexy,543,Sports,t5_5y781k,1729708903.6106298
132,r/JohnFinnemore,543,Celebrity,t5_1016mb,1729708903.6313422
133,r/kherson,543,Military,t5_3h9sy,1729708903.652353
134,r/lenses,543,Talk about all the types of camera lenses here!,t5_2qx5y,1729708903.672535
135,r/listofshame,543,"ListOfShame.io Community ListOfShame.io is and interactive platform powered by Fuck You Money (FYM) which allows you to add items to the list, or earn FYM by voting with your own FYM. Check out the about page on ListOfShame.io to find out more. This community is a place to talk about the project, or just post something shameful. Post a polygon address and the Shame Fairies will drop 10 FYM in your wallet! https://listofshame.io",t5_70a90c,1729708903.694761
136,r/LurkerAscended,543,"New author; Post-apocalyptic, Fantasy , Sci-Fi , fun with words, Stories.",t5_hkbfn,1729708903.7169049
137,r/MissRedSnark,543,The official snark page to discuss Miss Red and her Bully Squad,t5_92igce,1729708903.741121
138,r/mitochondria,543,The powerhouse of the cell,t5_2yxol,1729708903.764648
139,r/movetonashville,543,Place,t5_aphoye,1729708903.784854
140,r/MushroomMarket,543,"A marketplace for anyone looking to sell anything mushroom related. Spore solutions, prints, agar, liquid culture, spawn/substrates. If it's legal where you live, sell it or trade it here. If it's not keep it to PM's.",t5_26aywz,1729708903.805278
141,r/MyNewCat,543,Animals and Pets,t5_4sas8g,1729708903.825161
142,r/NondualityMemes,543,A place for nonduality memes & silly-posting.,t5_b9159h,1729708903.845557
143,r/OpalinSky,543,The subreddit of the amazing metal band. Listen to their new album Dream Shift now!,t5_83n9t4,1729708903.8656042
144,r/OrthodoxConverts,543,Religion and Spirituality,t5_5rf0c7,1729708903.885987
145,r/pogtashi,543,Celebrity,t5_9btoqq,1729708903.906328
146,r/PPMedallionHunt,543,For hunters of the Pioneer Press Medallion Hunt!,t5_35zpx,1729708903.92661
147,r/retiredpic,543,"When a picture has fulfilled its most relevant possible purpose, the event is linked here.",t5_2wyah,1729708903.946739
148,r/RVA_electricians,543,"Here to help Richmond Virginia area electricians and contractors to better themselves, families, and communities.",t5_60aqfg,1729708903.966563
149,r/SACWATR,543,Military,t5_brxjhm,1729708903.9865332
150,r/sbhj,543,Welcome to sbhj,t5_2sv76,1729708904.0087821
151,r/Scarybaboon,543,Gaming,t5_bc4j81,1729708904.0295339
152,r/sdmedicalmarijuana,543,Medical and Mental Health,t5_4oktd8,1729708904.049493
153,r/showsovergohome,543,A sub for credit memes,t5_dx8bn,1729708904.069908
154,r/Soleil_Sorge,543,Pagina dedicata alla FAVOLOSA Solei Sorge. Qui vengono pubblicati i suoi migliori contenuti.,t5_7jqg74,1729708904.089729
155,r/StoneAgeEurope,543,"A subreddit to share our love of Paleolithic, Mesolithic and Neolithic European archaeology, monuments, art, linguistics, genetic analysis, etc. (Chalcolithic is acceptable, too). We value academic-based discussions, insights, and questions!",t5_2tqidh,1729708904.111916
156,r/StonedAtWork,543,People who are clearly stoned at work,t5_2gcqbd,1729708904.1321018
157,r/thebluestones,543,Music,t5_3oeec,1729708904.1525939
158,r/TheFurryHouse,543,Television,t5_3maww5,1729708904.173046
159,r/tomtom,543,Technology,t5_33spx,1729708904.193472
160,r/UAtcg,543,Tabletop Games,t5_7qv7f7,1729708904.218244
161,r/UnwashedFeet,543,"NSFW IMAGE COLLECTION OF DIRTY, UNWASHED FEET ❤️ 👣 also check out r/DirtiestFeet, r/UncleanFeet & r/StinkySmellyFeet",t5_aluf3e,1729708904.23902
162,r/VirtualWDCPC,543,"A fun and slightly competitive community where we play hold regular Formula 1 racing seasons as well as events and tournaments in Rocket League, Project Cars, and more.",t5_2tqjh,1729708904.259431
163,r/wowSoD,543,Gaming,t5_9v5hgi,1729708904.279521
164,r/xxxingames,543,Welcome to xxxingames,t5_787bms,1729708904.300101
165,r/zynga,543,Gaming,t5_2sh1e,1729708904.320789
166,r/2healthbamas,542,OBAMA OBAMA,t5_gyj3r,1729708904.341111
167,r/AircraftInteriors,542,Cars and Motor Vehicles,t5_bq13i6,1729708904.361718
168,r/AlejandroJodorowsky,542,"A subreddit compiling photos, videos, discussion and more regarding the intriguing work of Chilean filmmaker Alejandro Jodorowsky.",t5_31prk,1729708904.38137
169,r/ApeAnalysis,542,Subreddit for stock tracker tool Autonomous Ape Analyzer,t5_41x2gt,1729708904.400744
170,r/ApenasTcholas,542,Funny/Humor,t5_3zhlqs,1729708904.4205282
171,r/AsianHistory,542,A subreddit dedicated to Asian history.,t5_2uj38,1729708904.439255
172,r/celebritycompilation,542,Welcome to celebritycompilation,t5_7ws8sv,1729708904.45804
173,r/charmzloverz,542,TWITTER @itonlydimple INSTAGRAM @itsdimplesbaby1_ OF @itsdimplesbaby1_,t5_4e6jzb,1729708904.476989
174,r/deku_irl,542,All threads must be titled 'deku_irl',t5_3emr3,1729708904.495936
175,r/DetroitHouse,542,"A sub for lovers of Detroit techno, house music and similar or derivative kinds of beats. (Lo-fi, funky house, downtempo, Balearic, tropical house & disco)",t5_3oktq,1729708904.514803
176,r/foiling,542,"all things hydrofoil + water: kite, surf, wake, wind, sail, electric",t5_3mfx4,1729708904.534286
177,r/foundthepharmacist,542,This sub is to showcase people with the uncanny ability to decipher any form of handwriting - no matter how illegible. Also just to showcase instances of unusual handwriting.,t5_7j85oq,1729708904.553358
178,r/Frightfurs,542,Tabletop Games,t5_3ar4i,1729708904.572177
179,r/FullLengthShortFilms,542,Find all the coolest short films!,t5_32cxr,1729708904.591178
180,r/galacticpeacekeepers,542,Welcome to galacticpeacekeepers,t5_2xvb5,1729708904.611944
181,r/genesis_awmaportes,542,Welcome to genesis_awmaportes,t5_9a2k95,1729708904.631854
182,r/hardhockey,542,Videos of the best hockey fights and checks,t5_2r9ud,1729708904.650765
183,r/HenNeko,542,Anime,t5_2wzv1,1729708904.6699011
184,r/HereticGods,542,Gaming,t5_gkfme,1729708904.688168
185,r/HillcrestEnergyTech,542,"Business, Economics, and Finance",t5_42pepl,1729708904.706592
186,r/holesome100,542,chungus holesome 100 keanau minecraft gud fortntie bad,t5_2f50i0,1729708904.729721
187,r/HowDidItGoDown,542,A SubReddit where people who want to know what it is like to experience something for the first time. Those who have first-hand experience or helpful suggestions post answers! Have fun. Be nice.,t5_2wyeim,1729708904.748109
188,r/howtobuildasexroom,542,Television,t5_6qscwy,1729708904.7665222
189,r/IdleArcher,542,Gaming,t5_71yy5u,1729708904.784873
190,r/itsacarpetbeetle,542,Animals and Pets,t5_60wsdw,1729708904.803096
191,r/JenniferCoolidge,542,Welcome to JenniferCoolidge,t5_72i0f1,1729708904.821549
192,r/KohliStats,542,One Stop Shop for all the statistical milestones and records that Virat Kohli has broken.,t5_fk76j,1729708904.839945
193,r/kpoptwtrants,542,For rants about k-pop and social media. Especially the damn bird app.,t5_4plyqd,1729708904.8583858
194,r/l_ean,542,Mature Themes and Adult Content,t5_aboh9w,1729708904.877308
195,r/landscapeart,542,Art,t5_52cwut,1729708904.896397
196,r/LinkAlmostDied,542,Gaming,t5_8hhxhz,1729708904.9151099
197,r/MalibuBoats,542,Hobbies,t5_28typu,1729708904.934117
198,r/matedesktop,542,Welcome to matedesktop,t5_2u43y,1729708904.952648
199,r/Morgans,542,Hobbies,t5_lxe4c,1729708904.971425
200,r/NCovWallOfShame,542,Dedicated for those who behaved badly during the worst of times.,t5_2i7kfx,1729708904.99027
201,r/netbooks,542,Welcome to netbooks,t5_2qmsl,1729708905.009137
202,r/NYUBridgeToTandon,542,For students in and those thinking of applying to the NYU Computer Science Bridge to Tandon program. Visit https://csbridgehelp.com/ for resources to help you succeed in the program.,t5_1px9dg,1729708905.02803
203,r/ObscureCountryRock,542,"The place to share obscure, vintage country rock music! Music from the 60s and 70s preferred! Non-obscure country rock releases should be directed to our sister-sub: r/CountryRock :)",t5_2m2qmi,1729708905.046047
204,r/OTC,542,"For anyone that attends Ozarks Technical Community College in Springfield, Missouri, or anyone who has attended OTC in the past. Students from other local schools are welcome as well since many OTC students intend on transferring.",t5_2x38q,1729708905.064626
205,r/OverthinkingClubPH,542,"Tara na at mag overthink! Share your stories about your relationships, situationship, or career. Sasamahan ka namin mag delulu at mag overthink! 🤸‍♀️🤸‍♀️🤸‍♀️",t5_8qlpre,1729708905.084188
206,r/PalestinianFiction,542,A community dedicated for the exposure of the systematic distortion of history and reality by the Palestinian propaganda machine. Twitter - @PalestinianFiction.,t5_64y8r6,1729708905.104566
207,r/PCGamingHandhelds,542,Gaming,t5_85zbw8,1729708905.1254332
208,r/PerthGlory,542,Sports,t5_2vgne,1729708905.145216
209,r/PlanBTerraform,542,Community for the game Plan B Terraform. Official Discord: https://discord.gg/gaddygames Steam Page: https://store.steampowered.com/app/1894430/Plan_B_Terraform/,t5_7upsik,1729708905.1652439
210,r/PlanetQuest_io,542,Crypto,t5_5mbyp6,1729708905.185232
211,r/Rakul_Preet,542,"Rakul Preet Singh is an Indian actress and model known for her work in Telugu, Tamil, and Hindi films. She started her career as a model and later transitioned to acting. Rakul gained popularity for her roles in South Indian cinema and has also appeared in several Bollywood films.",t5_6d2vi2,1729708905.208659
212,r/RaphaelTensura,542,Anime,t5_4sphgv,1729708905.228572
213,r/RedAlternativeHistory,542,History,t5_aqltjx,1729708905.248184
214,r/renomusic,542,"Anything and everything music in Reno. Stuff about bands, venues, events, whatever.",t5_39rwc,1729708905.2678568
215,r/ROBLOXYouTubers,542,Podcasts and Streamers,t5_146ooe,1729708905.287711
216,r/Royston_Vasey,542,Welcome to Royston_Vasey,t5_2tuna,1729708905.3075688
217,r/SailingTV,542,"A sub-reddit dedicated to the newest sailing, cruising, and liveaboard vlogs and documentaries. Find your inspiration for adventure with your favorite sailors and discover a few new channels along the way!",t5_462go4,1729708905.3272672
218,r/SakamotoMashiro,542,Celebrity,t5_4yh5ii,1729708905.34686
219,r/SamRaimi,542,Celebrity,t5_ai4a4g,1729708905.366773
220,r/society6supportgroup,542,A community and support group for artists pushing merch through Society6.,t5_32fyu,1729708905.386307
221,r/tachimanga,542,Technology,t5_9amnek,1729708905.405876
222,r/thehalocline,542,A subreddit for the Twin Cities based band Hippo Campus.,t5_3izcr,1729708905.425384
223,r/Thundermans,542,Television,t5_2zfgx,1729708905.444561
224,r/TikTokBegScamCanada,542,"A place to discuss the Canadian TikTok beggars, scammers and cringe",t5_7jerka,1729708905.46331
225,r/transprincess,542,"Giving transgender girls more visibility 🌸 Spread the love, share your pictures & videos 💕 No faceapp/faceswap or heavily edited pics on the group or you will be removed, only post pictures of yourself! thankyou x",t5_6kpad2,1729708905.482213
226,r/twosentenceflattery,542,"When on the two sentence subreddits you get flattered, send it here You can cross post or make your own here if you so decide",t5_8h3iaa,1729708905.5009122
227,r/Vandalism,542,General vandalism from all around the world caused by vandalizers.,t5_2rl06,1729708905.519978
228,r/worldunitedmonguers,542,"Our business is to support those who travel to date and mate & date in Ecuador we provide guided tours to safe legal adult entertainment options in Ecuador. We also provide mentorship/consultation on dating and LEGAL P4P in Guayaquil, Ecuador. Our contact info WhatsApp https://wa.me/17027935699 Telegram https://t.me/PartyGYE or Email us directly at contactpartyecuador@gmail.com you can also check out our other multimedia platforms located in the widget. https://www.partygye.com/",t5_5jx5hn,1729708905.538851
229,r/WSBRefugees,542,"A place for the ragged masses left over from the great /r/wallstreetbets collapse of 2021 to huddle together, warming their hands over burning piles of expired call options.",t5_2arfrr,1729708905.557575
230,r/youranonnews,542,"News and discussion about Anonymous, hacktivism, internet culture, and related matters.",t5_2wyz2,1729708905.576184
231,r/670TheScore,541,Podcasts and Streamers,t5_2yt6n,1729708905.599346
232,r/ahrefs,541,Discuss anything about Ahrefs an digital marketing. Reddit for Ahrefs. Ahrefs subreddit.,t5_o7qtf,1729708905.622283
233,r/aldo_geo,541,SDAG Seguidores De Aldo Geo,t5_4gtgun,1729708905.643049
234,r/Allenites_JEENEET,541,Learning and Education,t5_bspb6q,1729708905.662488
235,r/androgynouspoc,541,"Culture, Race, and Ethnicity",t5_3p5sv4,1729708905.6816041
236,r/AniDidNothingWrong,541,Funny/Humor,t5_46tu1h,1729708905.7006552
237,r/appreviews,541,"Welcome to /r/appreviews! This community is the go-to place for insightful reviews of all types of apps—mobile, desktop, web, and beyond. Whether you're a tech enthusiast or just looking for advice on your next download, this is where you can find detailed reviews, share your experiences, and ask questions. Feel free to contribute your own reviews, compare apps, or seek recommendations. Please keep discussions respectful and informative. NO PROMOTION OR SELF-ADVERTISING",t5_2qvgv,1729708905.72401
238,r/awwbjects,541,Welcome to awwbjects,t5_3jc5p,1729708905.742572
239,r/BandanaDee,541,The subreddit dedicated to the best Kirby character. Spears unite!,t5_jpd6l,1729708905.761578
240,r/Bisexual_Memes,541,The new subreddit for bisexual memes and other LGBT memes as well. I heard other people asking if their is a bi memes subreddit so here you go.,t5_2l7a78,1729708905.7805061
241,r/Bitcoin_ETF,541,Crypto,t5_8ysjkm,1729708905.799695
242,r/braid,541,Gaming,t5_2vrig,1729708905.818484
243,r/chaintip,541,chaintip,t5_3oea0,1729708905.837427
244,r/cheekbiting,541,"A place for lip/cheek-biters to connect and share stories, experiences, information, and advice. Cheek biting can be caused by all sorts of things, from TMJ to OCD. It can range in severity, from being an occasional nervous habit to a chronic problem or coping mechanism. Everyone is welcome!",t5_111ugv,1729708905.856116
245,r/china_no_censor,541,欢迎不想受审查的人来发帖。 非原创信息内容请尽量注明出处来源。 请在置顶帖内回复各种对版内管理的要求大家一起讨论。 不打算加管理员，勿扰。,t5_8bnqf8,1729708905.8749151
246,r/ChristianSingles,541,"A community for people across the single spectrum, including never married, divorced, single parents, widowed, college age, and same sex attracted. This sub is a place to interact with others in your season of life. Feel free to fellowship, encourage each other, and discuss the topics of today. This is not a dating sub (for that, we recommend r/ChristianDating).",t5_53a44a,1729708905.8937962
247,r/CISr,541,Movies,t5_2gio0d,1729708905.912627
248,r/clipsthatendtoosoon,541,clipsthatendtoosoon,t5_3hwiw,1729708905.931531
249,r/CovestingOfficial,541,COVESTING is a fully licensed DLT services provider and software development company. We build cutting-edge solutions and partner with ambitious companies around the world.,t5_f7m0r,1729708905.9498198
