,subreddit,subscribers,topic,subreddit_id,time
0,r/writteninblood,41482,History,t5_5fzrvr,1729696960.176699
1,r/ImaginaryCybernetics,41475,Art,t5_337uv,1729696960.2015731
2,r/ImaginaryDemons,41474,Art,t5_2xz1w,1729696960.2232409
3,r/mysql,41473,Programming,t5_2qm6k,1729696960.245708
4,r/PHMotorcycles,41468,Cars and Motor Vehicles,t5_3sof6x,1729696960.2672698
5,r/PlanetOfTheApes,41467,Movies,t5_2sjdp,1729696960.29893
6,r/Ni_Bondha,41460,"Culture, Race, and Ethnicity",t5_qz9jq,1729696960.3205261
7,r/PinayBeauties,41454,Mature Themes and Adult Content,t5_4jclfw,1729696960.341449
8,r/ClubPenguin,41452,Gaming,t5_2serh,1729696960.363489
9,r/AnimalCrossingTrading,41446,Gaming,t5_339jg,1729696960.385976
10,r/SonyXperia,41441,Technology,t5_2y3ed,1729696960.484041
11,r/TrevorHenderson,41435,Art,t5_zgggm,1729696960.506287
12,r/chennaicity,41425,Place,t5_2vrmn,1729696960.534973
13,r/hanguk,41424,"Culture, Race, and Ethnicity",t5_2zq4v,1729696960.555542
14,r/Lizards,41423,Animals and Pets,t5_2tqk0,1729696960.5755498
15,r/DioraBaird,41421,Celebrity,t5_2sxjs,1729696960.595606
16,r/Cakes,41414,Food and Drink,t5_2r17v,1729696960.616235
17,r/dartlang,41414,Programming,t5_2sut9,1729696960.636891
18,r/SatisfyingClean,41400,Home and Garden,t5_zxcwi,1729696960.657415
19,r/arkhamhorrorlcg,41387,Tabletop Games,t5_3fnyy,1729696960.677994
20,r/resin,41369,Art,t5_2sc8d,1729696960.699841
21,r/scihub,41357,Science,t5_3cghs,1729696960.721226
22,r/CouncilOfCats,41354,Animals and Pets,t5_78dfro,1729696960.743237
23,r/atrioc,41345,Podcasts and Streamers,t5_2kwp5d,1729696960.765837
24,r/sitcoms,41339,Television,t5_2tjtp,1729696960.789545
25,r/PORTUGALCYKABLYAT,41333,Funny/Humor,t5_3wa1mx,1729696960.8110669
26,r/MarketingMentor,41332,"Business, Economics, and Finance",t5_b0cr6v,1729696960.833675
27,r/punkfashion,41326,Fashion,t5_2tm40,1729696960.857943
28,r/StrangePlanet,41305,Internet Culture and Memes,t5_3ni6u,1729696960.881366
29,r/zedmains,41305,Gaming,t5_34mx4,1729696960.90291
30,r/rolltide,41302,Sports,t5_2sanc,1729696960.924501
31,r/workouts,41302,Fitness and Nutrition,t5_2r9x1,1729696960.9461172
32,r/PandemicPreps,41301,Medical and Mental Health,t5_2f68gx,1729696960.96715
33,r/Pinterest,41279,Technology,t5_2sy0y,1729696960.9874508
34,r/GrowCastle,41268,Gaming,t5_3ey9r,1729696961.0087402
35,r/BudgetBrews,41262,Tabletop Games,t5_jteti,1729696961.0291672
36,r/Argentinas_LO,41258,Mature Themes and Adult Content,t5_8fsp2h,1729696961.0514822
37,r/WingsOfFire,41255,"Reading, Writing, and Literature",t5_2w9h0,1729696961.072577
38,r/Adaland,41240,Podcasts and Streamers,t5_2i26pz,1729696961.093583
39,r/cataclysmdda,41236,Gaming,t5_2wktw,1729696961.11479
40,r/zizek,41226,Ethics and Philosophy,t5_2s3h6,1729696961.135264
41,r/E90,41225,Cars and Motor Vehicles,t5_2wtoq,1729696961.15566
42,r/PeriodDramas,41223,Television,t5_2w0sn,1729696961.17636
43,r/MuslimCorner,41222,Religion and Spirituality,t5_7hxp9q,1729696961.196633
44,r/RectalStickers,41219,Internet Culture and Memes,t5_mf91s,1729696961.216989
45,r/TeraOnline,41204,Gaming,t5_2s527,1729696961.2379289
46,r/archeage,41192,Gaming,t5_2sf59,1729696961.258191
47,r/OfficeChairs,41192,Home and Garden,t5_32ivr,1729696961.27849
48,r/scaryshortstories,41192,"Reading, Writing, and Literature",t5_3g8g6,1729696961.29849
49,r/MxRThumbnails,41189,Mature Themes and Adult Content,t5_5gxcmo,1729696961.3180091
50,r/NoSodiumStarfield,41189,Gaming,t5_98dp9g,1729696961.337294
51,r/sofi,41182,"Business, Economics, and Finance",t5_3cyho,1729696961.357279
52,r/PokemonGoTrade,41179,Gaming,t5_3bdwg,1729696961.377482
53,r/paypigsupportgroup,41177,Mature Themes and Adult Content,t5_6pdjmd,1729696961.3970869
54,r/funk,41171,Music,t5_2rfid,1729696961.41671
55,r/thecringeshowaward,41158,Internet Culture and Memes,t5_89esgq,1729696961.436959
56,r/centralillinois,41148,Place,t5_2sblo,1729696961.457487
57,r/Masterchef,41142,Television,t5_2smz3,1729696961.47784
58,r/Gwinnett,41138,Place,t5_2tvgr,1729696961.498893
59,r/blacksabbath,41129,Music,t5_2taie,1729696961.519383
60,r/GrandBlue,41129,Anime,t5_3gbft,1729696961.539111
61,r/locs,41121,Beauty and Makeup,t5_2vfg9,1729696961.5592058
62,r/gurrenlagann,41115,Anime,t5_2so72,1729696961.5791948
63,r/UnexpectedSeinfeld,41104,Television,t5_3e5gc,1729696961.600163
64,r/Career_Advice,41093,Careers,t5_2v78q,1729696961.620384
65,r/GrahamHancock,41093,History,t5_2tyzp,1729696961.6403399
66,r/YelanMains,41085,Gaming,t5_4qkuk9,1729696961.660448
67,r/galway,41084,Place,t5_2rj4i,1729696961.680682
68,r/lashextensions,41069,Beauty and Makeup,t5_zd4xw,1729696961.70091
69,r/PixelCarRacer,41062,Gaming,t5_3fmsb,1729696961.720953
70,r/niftyaf,41057,Internet Culture and Memes,t5_aj0rra,1729696961.7410078
71,r/doordashgremlin,41056,Funny/Humor,t5_7jpls8,1729696961.761164
72,r/FantomFoundation,41056,Crypto,t5_h6ov9,1729696961.781722
73,r/WholesomeFantasyArt,41050,Art,t5_5vvzk0,1729696961.802191
74,r/FitnessMaterialHeaven,41047,Fitness and Nutrition,t5_43ki22,1729696961.822405
75,r/gso,41044,Place,t5_2s3px,1729696961.84264
76,r/kpoppers,41040,Music,t5_2vb0n,1729696961.862462
77,r/dragons,41035,Art,t5_2r9vl,1729696961.881323
78,r/rvnxmango,41027,Podcasts and Streamers,t5_2zwqaq,1729696961.90043
79,r/AmandaCernyhub,41021,Mature Themes and Adult Content,t5_4y8xh5,1729696961.919997
80,r/Roseville,41017,Place,t5_2susi,1729696961.939942
81,r/aerogarden,41014,Home and Garden,t5_2rpis,1729696961.96012
82,r/modelwomen,41010,Celebrity,t5_5lcxof,1729696961.97984
83,r/stanford,40995,Learning and Education,t5_2r7qd,1729696961.999253
84,r/stockstobuytoday,40995,"Business, Economics, and Finance",t5_3hczbd,1729696962.018711
85,r/KnowledgeFight,40985,Podcasts and Streamers,t5_12png7,1729696962.038187
86,r/Chang_Gang,40977,Podcasts and Streamers,t5_2luces,1729696962.057456
87,r/bloomington,40976,Place,t5_2r8ly,1729696962.0768409
88,r/MedicalCannabisAus,40970,Medical and Mental Health,t5_2ojf76,1729696962.097265
89,r/BadMtgCombos,40968,Tabletop Games,t5_2w531,1729696962.116298
90,r/dkloenseddel,40958,Careers,t5_8ctohl,1729696962.13495
91,r/survivio,40948,Gaming,t5_3p4g3,1729696962.1547031
92,r/TheOther14,40937,Sports,t5_2yn2so,1729696962.174655
93,r/Arilaviee,40931,Mature Themes and Adult Content,t5_3asbh7,1729696962.194557
94,r/words,40928,"Reading, Writing, and Literature",t5_2qma2,1729696962.213687
95,r/europeanmalefashion,40920,Fashion,t5_2v419,1729696962.232505
96,r/softwarearchitecture,40920,Programming,t5_2zim0,1729696962.251431
97,r/ComputerEngineering,40916,Careers,t5_2x2ar,1729696962.2702851
98,r/Gouache,40899,Art,t5_39b2k,1729696962.289053
99,r/PixelWatch,40896,Technology,t5_iyr7w,1729696962.308504
100,r/ooni,40894,Food and Drink,t5_3map2,1729696962.32782
101,r/AutoCAD,40890,Learning and Education,t5_2qtxl,1729696962.346507
102,r/no_mans_sky,40888,Gaming,t5_2zcmw,1729696962.364758
103,r/SatoshiStreetDegens,40872,Crypto,t5_4622s1,1729696962.383258
104,r/loseweight,40871,Fitness and Nutrition,t5_2rfvi,1729696962.4016042
105,r/ImaginaryMythology,40870,Art,t5_2z8vt,1729696962.4200552
106,r/CucumbersScaringCats,40858,Animals and Pets,t5_3961i,1729696962.438556
107,r/redhat,40858,Programming,t5_2qulz,1729696962.4572868
108,r/northdakota,40857,Place,t5_2r04w,1729696962.4765902
109,r/Harvard,40850,Learning and Education,t5_2qkkm,1729696962.495188
110,r/metaverse,40845,Technology,t5_2ql88,1729696962.513452
111,r/BOLIVIA,40844,Place,t5_2qwbf,1729696962.5318022
112,r/Citra,40819,Gaming,t5_37utt,1729696962.549304
113,r/doomer,40817,Medical and Mental Health,t5_2r444,1729696962.5686872
114,r/Bones,40815,Television,t5_2r6s9,1729696962.587913
115,r/TelegramBots,40813,Programming,t5_38taf,1729696962.607723
116,r/Andjustlikethat,40811,Television,t5_3pek2b,1729696962.627562
117,r/applewatchultra,40806,Technology,t5_7042yj,1729696962.647012
118,r/crossword,40792,Hobbies,t5_2schz,1729696962.6676311
119,r/G502MasterRace,40783,Technology,t5_35vaa,1729696962.6868281
120,r/rubberducks,40780,Hobbies,t5_2vcw2,1729696962.707229
121,r/THPS,40768,Gaming,t5_2tacf,1729696962.727818
122,r/TheBikiniBottomHorror,40757,Internet Culture and Memes,t5_28yhq7,1729696962.747526
123,r/SubSimulatorGPT2Meta,40736,Meta/Reddit,t5_121vdk,1729696962.766942
124,r/TodayIWore,40721,Fashion,t5_2sbru,1729696962.786198
125,r/pressurewashing,40716,Home and Garden,t5_2zmbq,1729696962.8059561
126,r/KeepOurNetFree,40712,Activism,t5_3jo79,1729696962.826717
127,r/maker,40712,Crafts and DIY,t5_2r35r,1729696962.847372
128,r/KLeague,40710,Sports,t5_2uogs,1729696962.8688252
129,r/nairobi,40705,Place,t5_2tblm,1729696962.890044
130,r/UNIFI,40702,Technology,t5_2rfb1,1729696962.9103758
131,r/dogmemes,40698,Animals and Pets,t5_32k38,1729696962.92918
132,r/Vivarium,40697,Home and Garden,t5_2sv1o,1729696962.94829
133,r/Dinosaure,40687,Internet Culture and Memes,t5_yoli1,1729696962.967911
134,r/osr,40684,Tabletop Games,t5_2svde,1729696962.986515
135,r/PunkMemes,40682,Music,t5_2t8g4,1729696963.00399
136,r/RoomieOfficial,40675,Podcasts and Streamers,t5_323gs,1729696963.0212579
137,r/Slycooper,40671,Gaming,t5_2t8v6,1729696963.038578
138,r/GNV,40659,Place,t5_2qwrf,1729696963.0570922
139,r/Episode,40643,Gaming,t5_35f9h,1729696963.077298
140,r/learnpolish,40642,Learning and Education,t5_2u72v,1729696963.095969
141,r/metalguitar,40625,Music,t5_2sb0j,1729696963.115825
142,r/BTFC,40621,Fitness and Nutrition,t5_2s9wp,1729696963.1360059
143,r/styleboards,40620,Fashion,t5_huooe,1729696963.156375
144,r/ChloeBailey_,40608,Mature Themes and Adult Content,t5_3jv24h,1729696963.176546
145,r/32dollars,40596,Food and Drink,t5_n4ldi,1729696963.197678
146,r/newhaven,40590,Place,t5_2qqbq,1729696963.218803
147,r/pokemonuranium,40588,Gaming,t5_35kv7,1729696963.23897
148,r/placeFR,40586,Meta/Reddit,t5_63cge0,1729696963.259142
149,r/SurreyBC,40578,Place,t5_2sx0t,1729696963.28002
150,r/adventures,40575,Travel,t5_2rgbg,1729696963.3000379
151,r/ImaginaryBeasts,40564,Art,t5_2y0av,1729696963.3189561
152,r/theisle,40563,Gaming,t5_366so,1729696963.3377721
153,r/bottomgear,40562,Internet Culture and Memes,t5_38v4v,1729696963.3559942
154,r/Minimal_Setups,40560,Home and Garden,t5_rtmbn,1729696963.374378
155,r/diynz,40555,Crafts and DIY,t5_w3kny,1729696963.392886
156,r/soundtracks,40546,Music,t5_2rkiv,1729696963.4113002
157,r/SustainableFashion,40541,Fashion,t5_3iskp,1729696963.430043
158,r/realdubstep,40528,Music,t5_2s9pu,1729696963.448384
159,r/Esthetics,40508,Careers,t5_2ygcm,1729696963.466798
160,r/ThreshMains,40500,Gaming,t5_37x71,1729696963.484612
161,r/FPSAimTrainer,40497,Gaming,t5_f33sb,1729696963.502847
162,r/JellesMarbleRuns,40492,Podcasts and Streamers,t5_22ubg2,1729696963.521111
163,r/musicmarketing,40486,Music,t5_2uzy1,1729696963.539698
164,r/jackstauber,40480,Podcasts and Streamers,t5_g2ldg,1729696963.560456
165,r/Discord_Bots,40479,Programming,t5_3erjs,1729696963.579974
166,r/MarioKart8Deluxe,40479,Gaming,t5_3ihoc,1729696963.598633
167,r/Pickles,40471,Food and Drink,t5_2qqit,1729696963.6170712
168,r/FNaF,40462,Gaming,t5_333sj,1729696963.635849
169,r/poolrooms,40458,Art,t5_2re1mh,1729696963.655154
170,r/bmpcc,40456,Art,t5_2ysye,1729696963.674418
171,r/starwarscanon,40454,Movies,t5_35dih,1729696963.693432
172,r/data,40429,Programming,t5_2qoxz,1729696963.713251
173,r/econmonitor,40424,"Business, Economics, and Finance",t5_rp93v,1729696963.7331479
174,r/papercraft,40422,Crafts and DIY,t5_2qmdt,1729696963.752697
175,r/deezer,40413,Music,t5_2w20j,1729696963.772151
176,r/Wellbutrin_Bupropion,40413,Medical and Mental Health,t5_2dmvki,1729696963.79106
177,r/AnimalCrossingTours,40412,Gaming,t5_2izvzj,1729696963.810264
178,r/SSBBWAdmirers,40410,Mature Themes and Adult Content,t5_5ob0q0,1729696963.8299
179,r/flightattendants,40409,Careers,t5_2vb78,1729696963.848588
180,r/macsysadmin,40405,Technology,t5_2t01r,1729696963.867367
181,r/SwiftieMerch,40401,Celebrity,t5_4f7oy2,1729696963.887184
182,r/ocean,40400,Outdoors and Nature,t5_2r8q8,1729696963.908352
183,r/deaf,40399,Medical and Mental Health,t5_2qi0j,1729696963.929687
184,r/Visible,40377,Technology,t5_5z09r,1729696963.950898
185,r/bully,40375,Gaming,t5_2tiii,1729696963.972866
186,r/monkslookingatbeer,40365,Funny/Humor,t5_37yso,1729696963.993272
187,r/indesign,40353,Technology,t5_2rmwz,1729696964.013453
188,r/celeb_barefoot,40351,Mature Themes and Adult Content,t5_2iq5sn,1729696964.033752
189,r/PlexPosters,40350,Movies,t5_37gj8,1729696964.055496
190,r/PCOSloseit,40342,Women's Health,t5_32t01,1729696964.075565
191,r/AutoChess,40333,Gaming,t5_ug4bo,1729696964.095857
192,r/ecobee,40333,Technology,t5_37pn8,1729696964.116832
193,r/Camry,40332,Cars and Motor Vehicles,t5_2ue7h,1729696964.139008
194,r/bloodbowl,40324,Gaming,t5_2r6pl,1729696964.1620622
195,r/FitnessGirls,40323,Fitness and Nutrition,t5_2ud6o,1729696964.184074
196,r/aprilfools,40311,Funny/Humor,t5_2qhpu,1729696964.20904
197,r/DeadAhead,40311,Gaming,t5_11pso6,1729696964.230714
198,r/radeon,40311,Technology,t5_2wogv,1729696964.25339
199,r/puppersheckingdying,40305,Animals and Pets,t5_3j5nj,1729696964.2752619
200,r/covidcookery,40304,Food and Drink,t5_2hvjae,1729696964.2977831
201,r/MacOSBeta,40300,Technology,t5_3954r,1729696964.320889
202,r/tarotpractice,40298,Religion and Spirituality,t5_3856c,1729696964.3432698
203,r/SALEM,40296,Place,t5_2rxnv,1729696964.364867
204,r/necromunda,40291,Tabletop Games,t5_2t8ja,1729696964.386923
205,r/EmmaWatsonHot,40289,Celebrity,t5_2vij1,1729696964.408849
206,r/inlaws,40289,Family and Relationships,t5_2zf4r,1729696964.43008
207,r/CoffeePH,40285,Food and Drink,t5_5rv4gw,1729696964.452256
208,r/desktops,40285,Technology,t5_2qm80,1729696964.475332
209,r/coworkerstories,40273,Careers,t5_2y47p,1729696964.497219
210,r/queensofleague,40264,Gaming,t5_23w084,1729696964.519277
211,r/KobeReps,40263,Fashion,t5_4tj7db,1729696964.5415208
212,r/oldrecipes,40263,Food and Drink,t5_2xoaz,1729696964.561931
213,r/YuGiOhMemes,40257,Internet Culture and Memes,t5_2z2gw,1729696964.5816588
214,r/nvidiashield,40240,Gaming,t5_2vz9q,1729696964.602133
215,r/MemeRestoration,40236,Internet Culture and Memes,t5_3ot3e,1729696964.62062
216,r/UCalgary,40232,Learning and Education,t5_2spfj,1729696964.639269
217,r/Crocodiles,40226,Outdoors and Nature,t5_2uara,1729696964.659708
218,r/UnexplainedPhenomena7,40223,Internet Culture and Memes,t5_24604w,1729696964.680469
219,r/BoomBeach,40221,Gaming,t5_2z1d9,1729696964.699635
220,r/ATV,40211,Cars and Motor Vehicles,t5_2qzxt,1729696964.71908
221,r/Caylee_Cowan,40205,Celebrity,t5_m33sk,1729696964.7385159
222,r/Juicing,40204,Food and Drink,t5_2s602,1729696964.757486
223,r/Ethelcain,40199,Music,t5_29t04y,1729696964.77659
224,r/TonyHawkitecture,40198,Internet Culture and Memes,t5_juur4,1729696964.795412
225,r/Nichijou,40197,Anime,t5_2taeb,1729696964.8146539
226,r/LancerRPG,40193,Tabletop Games,t5_3ovxr,1729696964.8336902
227,r/kancolle,40182,Anime,t5_2yjji,1729696964.853798
228,r/dcsworld,40180,Gaming,t5_2u2vx,1729696964.873555
229,r/hanakokun,40179,Anime,t5_itf1q,1729696964.89258
230,r/UCSC,40175,Learning and Education,t5_2r3oq,1729696964.911216
231,r/BehavioralEconomics,40168,Science,t5_2siw9,1729696964.931503
232,r/dishwashers,40162,Careers,t5_2u0b5,1729696964.9499462
233,r/vsauce,40162,Learning and Education,t5_2t8ek,1729696964.968276
234,r/schweiz,40161,Place,t5_2sp82,1729696964.988211
235,r/pepethefrog,40159,Internet Culture and Memes,t5_347js,1729696965.0069098
236,r/GuildWars,40155,Gaming,t5_2quyl,1729696965.025473
237,r/LaughJokes,40155,Internet Culture and Memes,t5_i7bqw,1729696965.043914
238,r/FormulaFeeders,40147,Family and Relationships,t5_2u8ru,1729696965.0629492
239,r/Christianmarriage,40121,Family and Relationships,t5_ofzkc,1729696965.083036
240,r/oneui,40114,Technology,t5_rlt9b,1729696965.101134
241,r/modernwarfare2,40109,Gaming,t5_2rbg8,1729696965.119503
242,r/FoundOnGoogleEarth,40103,Internet Culture and Memes,t5_9a9n3q,1729696965.137992
243,r/Polygame,40100,For Streamers by Streamers,t5_5mqz0t,1729696965.156529
244,r/UsedCars,40096,Cars and Motor Vehicles,t5_2qhyo,1729696965.17517
245,r/4Xgaming,40092,Gaming,t5_2sf8w,1729696965.193596
246,r/IfIFitsISits,40089,Animals and Pets,t5_2u5bg,1729696965.2120168
247,r/PeopleFalling,40079,Funny/Humor,t5_2vvpq,1729696965.230218
248,r/redlighttherapy,40073,Medical and Mental Health,t5_3n34z,1729696965.248582
249,r/ScrapMechanic,40071,Gaming,t5_37mu7,1729696965.2670689
