,subreddit,subscribers,topic,subreddit_id,time
0,r/ActualFemboys,424,A subreddit for actual femboys,t5_2vpsup,1730075802.931794
1,r/AliG,424,All news or Ali G clips can go here!,t5_2w05q,1730075802.952139
2,r/arabianhorse,424,Because they are awesome!,t5_31gqr,1730075802.9704242
3,r/ArgentinaUncensored,424,"Bienvenido al subreddit de la Republica Argentina aquí podrás ver todo lo relacionado con Argentina, Noticias, Información, Cultura, Memes, Política. Welcome to the Republic of Argentina subreddit here you can see everything related to Argentina, News, Information, Culture, Memes, Politics.",t5_4tt81p,1730075802.989185
4,r/ArizonaAdventures,424,"A place to share, discuss, or plan your adventure here in Arizona. Offer advice, ask questions, talk about gear, maps, locations, and post your pictures! Camping, Hiking, Backpacking, Boating, Kayaking, Exploring, Metal Detecting, Geology...",t5_p0d4x,1730075803.009106
5,r/BlackHairedWaifus,424,Pictures of anime girls,t5_68h7xx,1730075803.0364642
6,r/bladestruct,424,🖤,t5_8tcf96,1730075803.0549939
7,r/Bloxburgmemes,424,A place for just memes to be posted about roblox bloxburg. Please join the discord server. the link is in the pinned post.,t5_3fm7uy,1730075803.0731578
8,r/CaliforniaBanging,424,Welcome to CaliforniaBanging,t5_7y3lxw,1730075803.091321
9,r/cambridgeON,424,Welcome to cambridgeON,t5_2tsnm,1730075803.109332
10,r/Cattleya,424,Home and Garden,t5_325sx4,1730075803.170302
11,r/chooterbooter,424,"This is a subreddit created in solidarity for Victoria (aka /u/chooter). Our favorite once, and future, reddit Admin.",t5_38x5r,1730075803.187927
12,r/ChurchOfIbukiMioda,424,Anime,t5_2lqk45,1730075803.2173078
13,r/cleancore,424,"Cleancore refers to an aesthetic based around clean objects or objects intended to sanitize. It includes soaps, sponges, and bathtubs, as well as places that may seem to have been recently cleaned.",t5_3gs0b,1730075803.2352698
14,r/CMV,424,Welcome to CMV,t5_4u6111,1730075803.252844
15,r/cocofeet,424,Feet from the Coco app,t5_6odhaq,1730075803.270595
16,r/ConversionTherapy,424,Sexual Orientation,t5_38p0u,1730075803.28847
17,r/corelia,424,This is a subreddit dedicated to the progressive metal band [Corelia](www.corelia.net).,t5_2vw3l,1730075803.306188
18,r/DankBrandon,424,Dank Brandon,t5_6s6x83,1730075803.324128
19,r/DevonWindsor,424,American model Devon Windsor from St. Louis.,t5_2zuxg,1730075803.341877
20,r/Disastro,424,Science,t5_bucq8h,1730075803.3595679
21,r/DWKvideos,424,Military,t5_2syfco,1730075803.377852
22,r/Edwardthecrazyman,424,"Reading, Writing, and Literature",t5_2kq3v8,1730075803.396669
23,r/eggen,424,Animals and Pets,t5_4gjyeu,1730075803.414568
24,r/EgyptianStockExchange,424,The Last Stop to your financial Freedom In or outside of Egypt,t5_3u4sd6,1730075803.432687
25,r/FireEating,424,"Welcome fire eaters, spinners, and dancers of reddit. Hope you enjoy these ""Hot"" post about fire eating :)",t5_2wugs,1730075803.451421
26,r/fpvmarket,424,"Community to buy, sell or trade FPV gear",t5_99lowz,1730075803.469829
27,r/FTMsinging,424,"Singing for FTM or transmasculine people. Learn about singing, ask questions or share your voice.",t5_xzt8f,1730075803.4885042
28,r/Garmin_Instinct,424,"Welcome to our community related to Garmin Instinct series. Whether you run, cycle or swim, this is the place to be. All we ask is that you be fair, reasonable, don't flame anyone and don't post affiliate links. Feell free to post questions, problems or reviews related to Garmin Instinct.",t5_8majn1,1730075803.506491
29,r/Girlsadvice,424,Gender,t5_2l7rj5,1730075803.5256152
30,r/hentaiOS,424,"hentaiOS, a ROM with a questionable name that provides a better Pixel experience, bringing Pixel-exclusive features to you before anyone else. We're also the ROM running on that fake Pixel XE. Official website: https://hentaios.com Telegram: https://t.me/hentaiOSchat",t5_38duuy,1730075803.546329
31,r/hmltd,424,An unofficial fan sub for the officially unofficial HMLTD.,t5_3jf3d,1730075803.564801
32,r/HMNY,424,"Business, Economics, and Finance",t5_fqqe9,1730075803.583057
33,r/honor7x,424,"All about the Honor 7X, the new budget smartphone from Huawei.",t5_4bnhx,1730075803.601254
34,r/ImagesOfNorthCarolina,424,Pictures and Images of North Carolina,t5_39g4c,1730075803.619733
35,r/InsanityWolf,424,Welcome to InsanityWolf,t5_2t9jc,1730075803.637863
36,r/itswhooooshwith4os,424,Internet Culture and Memes,t5_107dg6,1730075803.656708
37,r/jelly_titis,424,just flabby saggy tits,t5_bbrfy6,1730075803.676252
38,r/KellerWilliamsRealty,424,"Keller Williams Realty© was created as a grand experiment, based on Gary Keller’s conviction that if the company focused its resources on building its agents, the agents in turn would build the company beyond all expectations. Today, Keller Williams Realty© stands as the largest real estate franchise company in North America, with more than 90,000 associates and nearly 700 market centers around the world. This subreddit is an outlet for news, discussions and anything KW related!",t5_360i0,1730075803.696159
39,r/lapphund,424,"A sub-reddit for everything to do with Finnish Lapphunds, Swedish Lapphunds and Lapponian Herders.",t5_3a571,1730075803.718268
40,r/LaurenCohan_UK,424,Welcome to LaurenCohan_UK,t5_9wi56n,1730075803.7377741
41,r/lostx8redditors,424,Welcome to lostx8redditors,t5_118ogw,1730075803.756854
42,r/louisianagayhookup,424,Welcome to louisianagayhookup,t5_amym4a,1730075803.775369
43,r/Ludovicabizzaglia,424,Celebrity,t5_4g35ox,1730075803.79329
44,r/Maggie_Lawson,424,"Detective Juliet O'Hara from Pysch, Christa from Santa Clarita Diet, and Wonder Woman from that one short.",t5_70zhv4,1730075803.811213
45,r/Maria_Bakalova,424,Celebrity,t5_3jjzek,1730075803.828972
46,r/marincrops,424,Marine Corps shitposts,t5_2spfqi,1730075803.8467572
47,r/memento,424,Movies,t5_2z994,1730075803.8646111
48,r/MetroEast,424,Welcome to MetroEast,t5_2qjcc,1730075803.882147
49,r/morningpaper,424,"editorials, opinions, travelogues, research pieces. this subreddit is for articles and other interesting reads people have found for you to read.",t5_31qr6,1730075803.900033
50,r/mrmemes,424,"Men's Rights Memes: images, jokes, memes, rage comics, and any other image or video related to men's rights but not appropriate for /r/MensRights.",t5_2t13s,1730075803.9175549
51,r/MuskMeltdowns,424,Celebrity,t5_7c9z3l,1730075803.9352949
52,r/NewRiverGorgeNP,424,Outdoors and Nature,t5_4cq2mw,1730075803.9530182
53,r/OverRev,424,A subreddit for all things related to the manga Over Rev!,t5_zl7fi,1730075803.9710689
54,r/paidwidgy,424,Technology,t5_bb3xj4,1730075803.9894242
55,r/Panspermia,424,Life finds a way,t5_2t1r4,1730075804.008692
56,r/PennsylvaniaForYang,424,Pennsylvania For Democratic Candidate For President Andrew Yang,t5_y9gtm,1730075804.027105
57,r/postanythingyouwants,424,Mature Themes and Adult Content,t5_88zwj1,1730075804.045256
58,r/praisethecameradrone,424,This subreddit is dedicated to share and collect videos taken with FPV drones.,t5_qdhwp,1730075804.063317
59,r/PunNavy,424,The Propun Forces at sea,t5_z9ate,1730075804.081412
60,r/ryoyamada,424,Ryo Yamada from Bocchi The Rock,t5_7q3em8,1730075804.0993931
61,r/SacramentoAthletics,424,Sports,t5_4edom7,1730075804.1174378
62,r/Sandblasting,424,"For gifs, videos and how-to's on one of the most satisfying things to watch and do.",t5_299gd6,1730075804.135276
63,r/Scriptable_Scripts,424,A community built to share your ideas for automating iOS life. Scriptable is an iOS automation app. You can use the app to make small scripts which can be used by Siri or on the Shortcuts app.,t5_ph99q,1730075804.152928
64,r/ShiHuangdiPosting,424,History,t5_595oga,1730075804.170635
65,r/ShowbizzPizza,424,"Welcome to showbiz pizza place! Order some pizza and while that’s cookin’ play some games! Watch our animatronic band play awesome songs, and we hope you have a good day here! - Mopeiostories",t5_4r44w3,1730075804.188354
66,r/SidequestsIRL,424,"For when life throws you a mundane task that probably won't lead to anything important, but you take it anyway in case there's any subplots or loot.",t5_21zshh,1730075804.206065
67,r/SimMonarchy,424,LONG LIVE THE KING! This subreddit is a simulation of a Monarchical style of Government. We are mostly role-play and we invite you to take part!,t5_10pt8f,1730075804.223648
68,r/skiboards,424,Sports,t5_2vd7b,1730075804.241452
69,r/Skinnytaste,424,A place to share skinnytaste recipes,t5_u4m0n,1730075804.259114
70,r/SOSbets,424,"Business, Economics, and Finance",t5_3yf163,1730075804.276903
71,r/sparkingzeromods,424,Gaming,t5_bv244x,1730075804.2946692
72,r/stephenmalkmus,424,All about this unique artist,t5_2zrgn,1730075804.312154
73,r/SuddenlyDiogenes,424,Meta/Reddit,t5_brtfqt,1730075804.3298109
74,r/TCT,424,Gaming,t5_5dg2d9,1730075804.347626
75,r/thaliamuzo,424,Welcome to thaliamuzo,t5_5ereej,1730075804.365333
76,r/TheAntiYigaTaskforce,424,Hobbies,t5_ad2rbp,1730075804.383063
77,r/TheFatWhiteFamily,424,Music,t5_fmbj8,1730075804.402287
78,r/TheNeonArcade,424,Everything Gaming with a focus on Cyberpunk & The Witcher! YouTube.com/TheNeonArcade,t5_2ciu0n,1730075804.4201138
79,r/THEVWCC,424,Cars and Motor Vehicles,t5_2kpg4q,1730075804.437709
80,r/ticketmastercodes,424,Marketplace and Deals,t5_5919po,1730075804.456598
81,r/tidydesks,424,"TidyDesks is a subreddit based around desk organization, external cable management, and anything else that keeps your little corner of the world clean, organized, and looking good.",t5_2wplr,1730075804.4751492
82,r/TogetherWithTHC,424,Hobbies,t5_83e6fu,1730075804.4933171
83,r/Toolmaker,424,Welcome to Toolmaker,t5_2rrj5,1730075804.511758
84,r/Trends,424,Welcome to r/trends - your go to community for exploring and discussing the latest trends from around the globe.,t5_4tm8xy,1730075804.529989
85,r/Trigedasleng,424,"For discussion and usage of the language ""Trigedasleng"" from the television show ""The 100"" created by linguists David J. Peterson.",t5_399d8,1730075804.5480042
86,r/TrollRelationships,424,"A safe place for TrollXers and TrollYers to discuss their relationship issues with spouses, SOs, friends, coworkers, family, exes, and more. We offer each other support and solutions.",t5_3322l,1730075804.566027
87,r/TyreseHaliburton,424,Sports,t5_5uzrut,1730075804.5841122
88,r/UdemyCoders,424,"A place for udemy course, coding problems, project discussions from beginners to expert developers",t5_23g3w7,1730075804.6022599
89,r/UglyDrumSmokers,424,Welcome to UglyDrumSmokers,t5_2y5h3,1730075804.620172
90,r/unexpectedjohnoliver,424,Unexpected John oliver memes,t5_3kui6,1730075804.6380532
91,r/UnexpectedTwinPeaks,424,A subreddit dedicated to unexpected Twin Peaks references found in equally unexpected places.,t5_3ocb9,1730075804.655783
92,r/UniversityOfStThomas,424,"The subreddit for the University of St. Thomas in St. Paul, Minnesota.",t5_2rxw8,1730075804.673444
93,r/VaccineHuntersWA,424,Medical and Mental Health,t5_446lpu,1730075804.690936
94,r/ValBizzle_,424,Subreddit para mandar todo lo relacionado con ella.,t5_8dgj0c,1730075804.708656
95,r/Vanderhall,424,Vanderhall owners,t5_ob8wu,1730075804.726146
96,r/videomeat,424,"New subreddit for videos and news on the channel ""meatsleep."" Old subreddit was abandoned because of an overload of spam.",t5_38hbz,1730075804.7437692
97,r/VillageRights,424,"Bees, Snow Golems, Sheep, Iron Golems, Pigs, Piglins, Foxes, Slimes, Wolves, and Villagers unite!",t5_2898lq,1730075804.761507
98,r/wayfarersseries,424,For fans of the Wayfarers book series by Becky Chambers.,t5_3ll36,1730075804.779382
99,r/wildcardalliance,424,Gaming,t5_7j68hd,1730075804.797198
100,r/WindBreakerAnime,424,Subreddit for the anime Wind Breaker!,t5_8516z3,1730075804.8148549
101,r/worldcoinorg,424,"Worldcoin is a new global digital currency that will launch by giving a free share to every human on Earth. A new, collectively owned global currency that will be distributed fairly to as many people as possible.",t5_57yajy,1730075804.8325179
102,r/worldmetal,424,This is a subreddit devoted to metal that incorporates elements of traditional music from around the world.,t5_332wj,1730075804.8501859
103,r/YFIH2,424,"The YFIH2 Token of H2 Finance company was born to collaborate and help on the Sustainable Development Goals, SDGs, from the 2030 agenda objectives of United Nations to present financial services for green energy companies.",t5_4cucrn,1730075804.8687081
104,r/zen_poetry,424,"Reading, Writing, and Literature",t5_2hwdwc,1730075804.886443
105,r/zWORMz,424,Gaming,t5_558h6l,1730075804.905225
106,r/2024elections,423,Politics,t5_2tvyq,1730075804.923469
107,r/2K22NextGen,423,Welcome to 2K22NextGen,t5_51yblx,1730075804.941306
108,r/3DRSolo,423,"3DR Solo, now known as the SiteScan… Feel free to Share news, footage, how-tos, modifications, and upgrades!",t5_380xk,1730075804.96064
109,r/ActionForce,423,Hobbies,t5_5mlh6b,1730075804.979829
110,r/AdvancedAquascaping,423,Advanced Aquascaping is a server dedicated to senior members of the Aquascaping community and true Aquatic plant enthusiasts. This server was made for the posting of anything aquascaping and plant related. We hope you enjoy :),t5_lp9hm,1730075804.9983711
111,r/advancedguitar,423,Welcome to advancedguitar,t5_2szjp,1730075805.016939
112,r/americanbornchinesetv,423,Television,t5_7jpdrc,1730075805.036042
113,r/AnimeGirlsInTrouble,423,"Anime girls wrestling/fighting with each other. For those who don't know what ryona is, Google it. Banner image is from - u/pastro243 . For those wondering, The artworks are from various sources (Discord groups, Pixiv, ETC) Female vs Male is fine too. (Male Anime Femdom) Femboys welcome as well.",t5_b1qme9,1730075805.054147
114,r/AR500Armor,423,"AR500 Armor sucks. No schilling allowed, you’ll be banned. Feel free to post about how dangerous and terrible AR500 Armor is.",t5_2yhtx,1730075805.0723011
115,r/askclinical,423,The goal of this forum is the promotion of interdisciplinary clinical understanding by sharing new concepts and answering clinical questions. Clinicians or healthcare providers from all fields can share an understanding of the human body and patient care.,t5_2u5nx,1730075805.0906072
116,r/aspenladd,423,Aspen Ladd is an American mixed martial artist who competes in the Flyweight and Bantamweight division of Invicta.,t5_3nsao,1730075805.109668
117,r/baixo,423,Music,t5_azmtpj,1730075805.128722
118,r/bamanal,423,Subreddit of anal & deepthroat.,t5_32rtr,1730075805.146791
119,r/bananasarmy,423,The army against r/burritosarmy and any other enemies of the banana state! Just to be clear we are not directly affiliated to u/70percentbanana but instead anything or anyone related to bananas including u/70percentbanana,t5_8nimm0,1730075805.16469
120,r/BassProMemes,423,Internet Culture and Memes,t5_zikxu,1730075805.1825202
121,r/beastyqt,423,Beastyqt subreddit for the best game in the world Age of Empires IV memes and artwork!,t5_miw4w,1730075805.201293
122,r/blackoutboys,423,Welcome to blackoutboys,t5_50l7vz,1730075805.220212
123,r/BoardgameLayover,423,"Traveling? Post to find **impromptu** board games. Stuck in airport or in a city not your home? Post here to find gamers. Title: Location, until [date/time], from [date/time] Body: Have games: A, B, and, C ""Need games"" number of players/ages. BE CAREFUL MEETING STRANGERS.",t5_t9tmj,1730075805.239106
124,r/BoomennialHumour,423,Boomer Humour enjoyed by all generations,t5_25d67n,1730075805.256939
125,r/BreakingCiphers,423,"A friendly community, dedicated to explaining the nuances of breaking ciphers; examples and guides on breaking common/not-so-common ciphers, using freely available online tools/apps.",t5_2uergk,1730075805.274695
126,r/bristonmaroney,423,Music,t5_3czrju,1730075805.29251
127,r/CampfireCatCafe,423,Gaming,t5_7koswb,1730075805.311455
128,r/CatLocked,423,"You are sitting at home and your cat decides to hop up in your lap for some quality pets and snuggles. You need to get up and do something but you know that by getting up, your sweet fur-ball will never love you again.. Now you must wait for it to be their decision to move!",t5_2eavpy,1730075805.330498
129,r/CatsBeingCreepy,423,Cats can be creepy... they try to hunt their owners and do weird stuff sometimes. Post creepy cat stuff here.,t5_35dbr,1730075805.349474
130,r/CatTongues,423,Welcome to CatTongues,t5_2xx1v,1730075805.3694289
131,r/christianvegetarian,423,"Christian vegetarianism is the practice of extending the compassionate teachings of Jesus, the twelve apostles and the early church to all living beings through vegetarianism or veganism.",t5_2szn8,1730075805.388756
132,r/CoFmachine,423,Welcome to CoFmachine,t5_2t3k5,1730075805.407577
133,r/Cossacks3,423,"This subreddit is about Cossacks 3, a strategy game developed by GSC. It is a remake of the popular game Cossacks: Back to War and is available on Steam.",t5_38aaj,1730075805.425607
134,r/DailyAirlineNews,423,Cars and Motor Vehicles,t5_bgjjtd,1730075805.443548
135,r/DBbroistasonly,423,dutch broistas connecting and spreading dutch luv,t5_8ph32o,1730075805.4617221
136,r/desarrollo,423,Bienvenidos a r/desarrollo: Programación en español,t5_3730wd,1730075805.4797661
137,r/diamondshapedwaffles,423,Square waffle scum fucking die,t5_3d6cf,1730075805.497924
138,r/divekick,423,Official Divekick Subreddit,t5_2u5x6,1730075805.51657
139,r/DJIDroneClub,423,"A place to discuss anything and everything about DJI Drones and other DJI products. This is a friendly environment for DJI owners and people who want to become DJI owners to come together to help each other, share articles, show off your drones and anything else you feel like sharing! Only Rule: Only Mods and Admin May Post Affiliate Links",t5_3jet8,1730075805.53575
140,r/DnD_UnbornHeroes,423,"A place for DMs to share characters they made in hope they will sometimes escape the seat of power. A place for the players to share characters they think deserve another adventure. In short, a place to share D&D characters, and a place to get one, if you need it.",t5_ymqw7,1730075805.5553448
141,r/Dogswhocrochet,423,"Welcome to dogswhocrochet!! This sub is all about our furry friends, whether they are yarn guadians, yarn stealers, blanket hogs, toy destroyers or just plain adorable (they all are)",t5_7kctzp,1730075805.5745869
142,r/echoesnetflix,423,Television,t5_6wjktd,1730075805.592691
143,r/EVH,423,"Page to discuss evh guitars, amps, pedals and any relevant news.",t5_6rf76n,1730075805.610754
144,r/fed,423,Welcome to fed,t5_2rgop,1730075805.629063
145,r/filmsack,423,Podcasts and Streamers,t5_37ww9,1730075805.647964
146,r/FindADiscord,423,Hobbies,t5_hkk7c,1730075805.665642
147,r/forrectaluseonly,423,Welcome to forrectaluseonly,t5_2s12o,1730075805.6834
148,r/freeaward,423,Meta/Reddit,t5_23mai1,1730075805.7012658
149,r/funkyhiphop,423,Need a song that is **ABSOLUTELY** necessary at least one time in any club or riding in your car?,t5_2w64d,1730075805.719093
150,r/GameAudioDevs,423,"GameAudioDevs is a game audio development subreddit you can join to connect with others and learn more about sound design, audio implementation, foley art, etc..",t5_361h2r,1730075805.738174
151,r/gifreversingbot,423,"For all of the best u/gifreversingbot gifs, post the reversed gif or post a gif and comment underneither for the bot",t5_29d0zc,1730075805.7570949
152,r/giftedson,423,Technology,t5_b0dr6i,1730075805.7759318
153,r/globglogabgalab,423,The yeast of thoughts and mind...,t5_godan,1730075805.794919
154,r/GlycineWatches,423,Community for sharing your Glycine watches! Any and all Glycine welcome! Feel free to post your watch and the story a long with it!,t5_2nd5ks,1730075805.81424
155,r/GoodNewsUK,423,World News,t5_c37hqh,1730075805.8342872
156,r/GreenLung,423,This is a fan subreddit for all things Green Lung.,t5_z43vx,1730075805.8537118
157,r/h0ser,423,"welcome to the h0ser sub-reddit, you should check our discord for a live community.",t5_69kdq7,1730075805.8726149
158,r/HauntedCosmos,423,This is a fan run subreddit of the Haunted Cosmos podcast. It is devoted to the Christian investigation of high strangeness from Atlantis to vampires. This subreddit is another home for the discussion of those topics. Everyone is welcome but insulting God will not be tolerated. The official podcast home can be found at: https://www.thehauntedcosmos.com,t5_8p8gwg,1730075805.891559
159,r/Heroica,423,Hobbies,t5_2ta0q,1730075805.910526
160,r/Hisk,423,Funny/Humor,t5_3fyr32,1730075805.9295108
161,r/HonkaiStarRailTips,423,This is the community for Honkai Star Rail Tips. Helping others is the main goal!,t5_7v853x,1730075805.948676
162,r/HottestJerseyGirls,423,Fun 🤩 Hot 🥵 Lit 🔥,t5_4by2zn,1730075805.9676201
163,r/imagination,423,Medical and Mental Health,t5_2r21q,1730075805.985782
164,r/invent,423,Have an idea? Interested in making it happen? Share with other Redditors!,t5_2qxm8,1730075806.004148
165,r/itsnotsexual,423,"""It's not sexual!"" porn. Sexual Refutation is the fetish of being in a scenario in which sexual acts are unacknowledged as sexual, or are blatantly denied as sexual.",t5_bvu9w3,1730075806.023412
166,r/Jaffna,423,/r/Jaffna - for anyone interested in the Tamil heartland that is Jaffna (யாழ்ப்பாணம்).,t5_2ykaa,1730075806.0416892
167,r/jboss,423,"A Reddit community for the users and developers of the Red Hat Middleware stack, formerly known as JBoss.",t5_2tlm8,1730075806.0597382
168,r/JoyceWrice,423,Music,t5_419pmk,1730075806.0777988
169,r/JSRF,423,Welcome to JSRF,t5_2sj57,1730075806.09729
170,r/kagaminelen,423,A fan subreddit for Vocaloid character Kagamine Len!,t5_2svkm,1730075806.116246
171,r/KansasCity_Friends,423,"New Kansas City Metro ? Lonely ? Well, look no further. This is a community to make friends!! Be platonically friendly !!!",t5_845bv2,1730075806.135155
172,r/KitsapPeninsula,423,Welcome to KitsapPeninsula,t5_2snvt,1730075806.154065
173,r/KNIFESWAPS,423,New knife swap community,t5_8m0v95,1730075806.17292
174,r/la_real_estate,423,"General discussion and/or review of real estate in the LA county. Post real estate listings here and have people review and discuss with you about it. Too often sites like Redfin has biased reviews, now you can get reviews from your fellow peers.",t5_3lktw,1730075806.191751
175,r/LDSBaddies,423,Internet Culture and Memes,t5_91o5mh,1730075806.210932
176,r/LearnJazzguitar,423,"Jazz guitar lessons in community! Learning jazz is like learning a new language, always fun, always rewarding!",t5_3livak,1730075806.2298932
177,r/LegoBoost,423,Combine the versatile LEGO® building system with advanced technology to boost your creativity with the awesome LEGO BOOST Creative Toolbox.,t5_3ic80,1730075806.249027
178,r/Legoshi_wolf,423,Funny/Humor,t5_4f15nv,1730075806.268023
179,r/LiminalFields,423,r/LiminalSpace but fields.,t5_2vtu11,1730075806.286026
180,r/LogoRedesign,423,Post a picture of your logo that you want redesign. Other people redesign your logo and put it in the comments under your posted picture. The idea comes from YGR by Zimri Mayfield on YouTube.,t5_10z2i2,1730075806.305127
181,r/lowbackability,423,"Brendan here 👋 The only thing I’d like to leave here is my goal with content. My mission is not to ever be an expert, just to be real. I seriously was so lost in the dark, at rock bottom, with my back. I didn’t invent a secret formula. I am not a guru. I was personally just as lost with all the sales tactics that has infiltrated the fitness space. I'm just here to share what helped me. Always here to help in anyway I can. Rooting for ya.",t5_8wl3ju,1730075806.3233862
182,r/lucybronzehot,423,Lucy Enjoyers 💦💦,t5_7m2eou,1730075806.3410501
183,r/lyme_disease,423,Welcome to lyme_disease,t5_2tmuq,1730075806.358643
184,r/MarioKartFunny,423,"Your one-stop destination for memes and humor all things Mario Kart. This sub includes all Mario Kart games ever made, Including the new Mario Kart Tour. This subreddit is currently not actively being used due to some internal problems that have occured",t5_25ydh3,1730075806.376815
185,r/MeJulgueLGBT,423,Gender,t5_ayjwvy,1730075806.394539
186,r/Minegakill,423,Anime,t5_36cpmo,1730075806.4124439
187,r/mitelusergroup,423,Technology,t5_322bb,1730075806.431425
188,r/MLBPerfectInning,423,Gaming,t5_3et2v,1730075806.449377
189,r/MLGO_Stock,423,"Business, Economics, and Finance",t5_9dtjub,1730075806.467564
190,r/Nanou,423,Podcasts and Streamers,t5_5s2a7z,1730075806.485876
191,r/NaritaBoy,423,Gaming,t5_3jijg,1730075806.505364
192,r/NeoPokemon,423,"r/Pokemon... but without all the whining, complaining, and toxicity revolving SwSh. This is a sub that highlights all the positive things about the games. Yes, there are still flaws in the game, but this subreddit is not the place to do so.",t5_1shol6,1730075806.523832
193,r/nitrocircus,423,"Nitro Circus Discord Server = ⭐https://discord.gg/623FsbGnCH⭐:) This is a place for anything Nitro Circus related. News, videos, whatever.",t5_2u6mm,1730075806.541984
194,r/norfolkadmirals,423,"Subreddit for the East Coast Hockey League team, the Norfolk Admirals.",t5_2yrjm,1730075806.560341
195,r/NovationCircuitUsers,423,"The only unnofficial place to share sample packs, performances and tips for the Novation Circuit Groovebox",t5_3fa5b,1730075806.578629
196,r/okaybuddyRevacholiere,423,"The one way stop for all humour, cosplays and copypastas disco elysium",t5_a475w6,1730075806.596979
197,r/onmychest,423,What do you have on your chest? What do you like on your chest? Tell us all about it.,t5_2vucj,1730075806.614888
198,r/PeaceAndConflict,423,"This is a place for people interested in international relations (and all related fields), here you can share news, analysis, opinion etc. Discuss and debate it, without moderation.",t5_31z0r,1730075806.632687
199,r/PolitehnicaRo,423,Learning and Education,t5_4pc5os,1730075806.650553
200,r/Politicrap,423,Politics,t5_3pmms3,1730075806.66819
201,r/Polls4Days,423,Have a question that is burning to be asked? And that question can only be answered in a few specific ways? Welcome!,t5_2iloqd,1730075806.685963
202,r/PongLegends,423,"Subreddit for all things Pong Legends, a free Beer Pong x Clash-Style mobile game from Artie. Play instantly, anywhere. No app download required.",t5_7uolik,1730075806.704266
203,r/Promote_YT_Videos,423,Podcasts and Streamers,t5_2j2u96,1730075806.722177
204,r/ragequits,423,"A non-private sub for rage quits of all types, but inspired by RQ's from computers/video games. RQ's from sports/leisure activities and life in general are also very acceptable.",t5_397bn,1730075806.740014
205,r/ramenNZ,423,Hobbies,t5_6pt16h,1730075806.758902
206,r/RattenReich,423,Gaming,t5_51teq2,1730075806.777044
207,r/RDCAICovers,423,Technology,t5_99rlsb,1730075806.794803
208,r/realis,423,We're the world's first platform for launching mobile games using blockchain technologies for a mass audience based on NEAR Protocol,t5_511wo7,1730075806.812673
209,r/Sadripoffs,423,A community where you find ripoffs that have little effort put into them. Definitely not at all a rip-off of r/crappyoffbrands,t5_2udtc1,1730075806.8305259
210,r/Salomee,423,"Community für Salome. SalomeEl ist nicht mehr da, also geht es hier weiter. The show goes on, right here. Enjoy her big ass and cumface. Post what you want, I won't delete.",t5_74z1kq,1730075806.84815
211,r/ShareLightroomPresets,423,This is a community for everyone who is looking for paid and free Lightroom presets. You can also exchange presets with each other. We are talking here only about presets other topics will be deleted and blocked. Remember to respect each other. u/Lozowski,t5_83d5m9,1730075806.8657742
212,r/shotonsamsung,423,Art,t5_bl9hyt,1730075806.883662
213,r/Skibike,423,Sports,t5_3ben6,1730075806.9025438
214,r/SolaraLuxx,423,"A place to share pictures, memes, fanart, and gifs/videos of Solara Luxx.",t5_5nbeph,1730075806.921344
215,r/StLouisDiscGolf,423,/r/stlouisdiscgolf!,t5_31lyf,1730075806.940479
216,r/streamtown,423,The home of the fans of xcalizorz! Streamtown - http://www.twitch.tv/zrozilacx Youtube Channel - http://www.youtube.com/channel/UCmollnq0cJVzlFGer4bfD1Q Twitter - https://twitter.com/xcaliz0rz,t5_3112g,1730075806.959685
217,r/suddenlyjoemosexual,423,Politics,t5_3a2t23,1730075806.978956
218,r/TrueCrimeLoser,423,TrueCrimeLoser https://www.youtube.com/@TRUECRIMELoser,t5_xd6er,1730075806.998223
219,r/TwoBells,423,TwoBells! Trader Joe's crew members share their expertise and experiences.,t5_252xxf,1730075807.0175738
220,r/unizen,423,Crypto,t5_3y5qwj,1730075807.036681
221,r/UrbanFashion,423,"Urban Fashion is where you learn about what's hot and what's not in today's urban culture. Old, new, or upcoming, what do you think is the best?",t5_2yyb4,1730075807.055653
222,r/vacuumseal,423,Subreddit on all things vacuum sealed!,t5_35skd,1730075807.074641
223,r/vananz,423,This subreddit is for all things Vana! Check out her music on Spotify at Vana.,t5_7vxdd1,1730075807.0939178
224,r/VRTesting,423,"A place for VR developers and testers to come together and collaborate on new games, apps, and experiences related to Virtual Reality.",t5_3ff96,1730075807.113068
225,r/WarhammerBeastmen,423,"A community for some angry, beasty, chaotic discussion of one of the coolest armies in the Warhammer Universe.",t5_2c29xa,1730075807.132365
226,r/wavier,423,Television,t5_7l3u5q,1730075807.1514041
227,r/WegenersGPA,423,Medical and Mental Health,t5_5bmfte,1730075807.170455
228,r/WuAssassins,423,A subreddit for the Netflix martial arts series Wu Assassins. Anybody is welcome to comment about anything related to the series.,t5_l3dto,1730075807.1894112
229,r/Y2KfashionANDmore,423,Posting pictures of 90s & Y2K fashion for inspiration as well as street fashion that reflects those styles currently!,t5_79uzqi,1730075807.208292
230,r/Acronymjutsu,422,Fashion,t5_anozsj,1730075807.2281759
231,r/addy_io,422,Discussion about addy.io (AnonAddy) email service and software,t5_5y1bjh,1730075807.247522
232,r/Allthesciences,422,Just a subreddit... for all science. One where all science is created equal.,t5_391r2,1730075807.2664142
233,r/AssettoCorsaDrifting,422,Everything drift related for AC,t5_3n6g1,1730075807.2854762
234,r/bbyyygracee,422,Welcome to bbyyygracee,t5_8biac8,1730075807.3044338
235,r/blackshark,422,Welcome to blackshark,t5_2tsqr,1730075807.3234282
236,r/Camilledhont_,422,Mature Themes and Adult Content,t5_9nlzgn,1730075807.34229
237,r/CDdeals,422,Welcome to [r/CDdeals](https://www.reddit.com/r/CDdeals). This is the place to find the lowest prices and best discounts on CD's.,t5_7xudg,1730075807.361515
238,r/Cheekface,422,For fans of the band Cheekface.,t5_2lz113,1730075807.3804622
239,r/chrisramsay,422,Welcome to chrisramsay,t5_pur4s,1730075807.399115
240,r/churchofmatt,422,"Basically, you love Matt from Wii Sports? If you answered yes, this is a subreddit for you.",t5_vmh3u,1730075807.4179342
241,r/Convertible,422,Discussion of all brands of convertible cars,t5_3eope,1730075807.436011
242,r/creepyrotica,422,"Whether it's through a dating site, by text or even in the mail, we want to read the crappy erotica you've been sent. And yes, that shit's getting critiqued.",t5_33q2h,1730075807.4541419
243,r/DALSpiritPledge,422,Subreddit for discussing the game Date A Live: Spirit Pledge(約會大作戰：精靈再臨)made by Hearts Net Co(紅心網路有限公司),t5_10ln53,1730075807.472715
244,r/dayzmissedconnections,422,A subreddit to get in contact with other survivors you've come across in your travels.,t5_2ug09,1730075807.490813
245,r/decapitism,422,Activism,t5_5o5wie,1730075807.508854
246,r/di1araas,422,💚-lich willkommen auf Di1araas sub- Reddit. Hier kannst du community Beiträge zu di1araa posten.,t5_9413kb,1730075807.5268931
247,r/diaperfurryp,422,Mature Themes and Adult Content,t5_9uzdnl,1730075807.545022
248,r/DontPetTheDamnCat,422,Animals and Pets,t5_2pfpzh,1730075807.5632908
249,r/edmpbestof,422,"Bestof posts from r/edmproduction, r/technoproduction, r/futurebeatproducers, or any other electronic music production subreddit.",t5_2vp8q,1730075807.581208
