,subreddit,subscribers,topic,subreddit_id,time
0,r/ededdneddy,36976,Television,t5_2suxv,1729697016.156918
1,r/Annas_Archive,36973,"Reading, Writing, and Literature",t5_7otj4s,1729697016.177989
2,r/LonghornNation,36973,Sports,t5_2xoqa,1729697016.196917
3,r/SSundeeReddit,36968,Podcasts and Streamers,t5_3qxs2d,1729697016.215799
4,r/angular,36944,Programming,t5_2w94a,1729697016.234519
5,r/TXChainSawGame,36944,Gaming,t5_5aawcw,1729697016.262763
6,r/funnymeme,36936,Internet Culture and Memes,t5_2u28l,1729697016.281646
7,r/WC3,36926,Gaming,t5_2r4nl,1729697016.3015811
8,r/TarihiSeyler,36922,History,t5_436wnn,1729697016.3203578
9,r/uchicago,36908,Learning and Education,t5_2qh46,1729697016.339196
10,r/TheGlowUp,36905,Beauty and Makeup,t5_umlus,1729697016.3773
11,r/fredagain,36897,Music,t5_36rava,1729697016.3959339
12,r/TheGoldenBachelor_,36877,Television,t5_8ztwsm,1729697016.414856
13,r/No_Small_Parts,36865,Movies,t5_23kbp5,1729697016.4336698
14,r/osvaldo12,36864,Internet Culture and Memes,t5_3ro3t2,1729697016.45222
15,r/VideoEditors_forhire,36861,Marketplace and Deals,t5_78qs3c,1729697016.4705899
16,r/AlanPartridge,36843,Television,t5_2sbxu,1729697016.4890308
17,r/pitbullsinjammies,36833,Animals and Pets,t5_3avrd,1729697016.5075011
18,r/whitewater,36832,Sports,t5_2rok8,1729697016.525994
19,r/NOMANSSKY,36827,Gaming,t5_2zcid,1729697016.5447218
20,r/ParanormalScience,36825,Internet Culture and Memes,t5_2ulcl,1729697016.5634382
21,r/basspedals,36822,Music,t5_34le8,1729697016.5822442
22,r/torontobiking,36816,Sports,t5_2t0mq,1729697016.600848
23,r/EbonyImagination,36813,Art,t5_37w9v,1729697016.619355
24,r/TokidokiBosottoRoshia,36810,Anime,t5_3ytvox,1729697016.6380339
25,r/ChanceTheRapper,36807,Music,t5_2vaja,1729697016.6568599
26,r/unitedstatesofamerica,36790,Art,t5_2sqbc,1729697016.6757178
27,r/angelinajolie,36773,Celebrity,t5_2sti7,1729697016.694463
28,r/LICENSEPLATES,36773,Cars and Motor Vehicles,t5_2qj9q,1729697016.713311
29,r/HelloKittyIsland,36768,Gaming,t5_8pk76e,1729697016.73224
30,r/Elektron,36767,Music,t5_2u82u,1729697016.7509491
31,r/spiritual,36763,Religion and Spirituality,t5_2qi6t,1729697016.7697651
32,r/rfelectronics,36753,Technology,t5_2s9fi,1729697016.788372
33,r/koalas,36749,Animals and Pets,t5_2slrs,1729697016.808127
34,r/daria,36745,Television,t5_2sgsq,1729697016.826677
35,r/PHhandsgonewild,36738,Beauty and Makeup,t5_e0bzk,1729697016.8454678
36,r/jennie,36722,Celebrity,t5_3fvv4,1729697016.864094
37,r/Somalia,36721,Place,t5_2qm0m,1729697016.8825889
38,r/EmoFashion,36720,Fashion,t5_23soot,1729697016.901152
39,r/Portraitart,36708,Art,t5_2cx5s9,1729697016.919848
40,r/Nicedress,36704,Fashion,t5_2p6a8r,1729697016.938346
41,r/crv,36702,Cars and Motor Vehicles,t5_2xlmy,1729697016.95705
42,r/inearfidelity,36698,Technology,t5_q5us0,1729697016.97563
43,r/Toonami,36696,Anime,t5_2tcoc,1729697016.99447
44,r/crazysexycool,36694,Internet Culture and Memes,t5_j1ls8,1729697017.013113
45,r/CelticFC,36684,Sports,t5_2snki,1729697017.031604
46,r/curiosityrover,36682,Science,t5_2uov2,1729697017.0504692
47,r/PokemonGOValor,36675,Gaming,t5_3fbgi,1729697017.069047
48,r/mormon,36671,Religion and Spirituality,t5_2qky2,1729697017.0872488
49,r/keycaps,36668,Crafts and DIY,t5_2vope,1729697017.105373
50,r/LifeasanNPC,36658,Gaming,t5_2vafm,1729697017.123731
51,r/tjournal_refugees,36656,World News,t5_6wysdn,1729697017.142148
52,r/DrosteEffect,36652,Internet Culture and Memes,t5_2y3t9,1729697017.160573
53,r/F1Manager,36651,Gaming,t5_392r0,1729697017.1791492
54,r/popularopinion,36633,Meta/Reddit,t5_37soj,1729697017.197695
55,r/HisDarkMaterialsHBO,36632,Television,t5_11sa1t,1729697017.216415
56,r/DressToImpressRoblox,36628,Gaming,t5_awlu30,1729697017.234901
57,r/tesco,36621,Marketplace and Deals,t5_2so5h,1729697017.253463
58,r/deepwoken,36620,Gaming,t5_2hamyn,1729697017.272695
59,r/fastandfurious,36610,Movies,t5_2w8jg,1729697017.291313
60,r/MEGA,36597,Technology,t5_2rxoi,1729697017.3101199
61,r/TNG,36594,Television,t5_2r2r0,1729697017.328846
62,r/babyrhinogifs,36591,Animals and Pets,t5_31p4y,1729697017.348017
63,r/Tarkov,36589,Gaming,t5_3bkvg,1729697017.366334
64,r/studying,36566,Learning and Education,t5_2rwel,1729697017.3851562
65,r/usefulredcircle,36562,Funny/Humor,t5_hs27z,1729697017.4038558
66,r/CallTheMidwife,36558,"Reading, Writing, and Literature",t5_2timb,1729697017.422793
67,r/IllegallySmolBunnies,36545,Animals and Pets,t5_2hvylm,1729697017.441566
68,r/ShiptShoppers,36543,Careers,t5_3oyqm,1729697017.4605188
69,r/DarkRomance,36541,"Reading, Writing, and Literature",t5_2b7rhu,1729697017.479075
70,r/ekkomains,36538,Gaming,t5_386w1,1729697017.497649
71,r/sanmarcos,36531,Place,t5_2rsch,1729697017.516972
72,r/Vulfpeck,36529,Music,t5_30wlu,1729697017.535427
73,r/sonarears,36525,Animals and Pets,t5_itjmu,1729697017.5535638
74,r/web3,36523,Crypto,t5_2qy9b,1729697017.572334
75,r/ROBLOXBans,36517,Gaming,t5_2x8lg,1729697017.590563
76,r/MbtiTypeMe,36508,Internet Culture and Memes,t5_m1ah5,1729697017.608869
77,r/bulbasaurmasterrace,36507,Internet Culture and Memes,t5_35vc0,1729697017.6674979
78,r/BusinessTantrums,36505,Internet Culture and Memes,t5_3mj1m,1729697017.683661
79,r/DokkanBattleReddit,36498,Gaming,t5_3noui,1729697017.709066
80,r/MuzisyenveBandosu,36494,Podcasts and Streamers,t5_4jg7go,1729697017.726203
81,r/SteelyDan,36490,Music,t5_2s642,1729697017.743341
82,r/Anya_TaylorJoy,36488,Celebrity,t5_3etja,1729697017.7604532
83,r/LearnGuitar,36479,Music,t5_2r4jg,1729697017.778832
84,r/PhotographyIndia,36473,Hobbies,t5_4yh9zj,1729697017.796347
85,r/afghanistan,36472,Place,t5_2qsnx,1729697017.8135839
86,r/wowguilds,36471,Gaming,t5_2s8h3,1729697017.830688
87,r/solaropposites,36466,Television,t5_39wor,1729697017.847827
88,r/CartiCulture,36464,Music,t5_4c4pw7,1729697017.864972
89,r/LeagueofLegendsMeta,36455,Gaming,t5_2smhl,1729697017.882026
90,r/hummingbirds,36454,Animals and Pets,t5_2t37r,1729697017.899143
91,r/Tabs,36454,Music,t5_2qoxo,1729697017.916218
92,r/Opeth,36453,Music,t5_2qoi2,1729697017.93325
93,r/Idaho4,36437,Law,t5_7he8a5,1729697017.9511628
94,r/Forexstrategy,36436,"Business, Economics, and Finance",t5_3eri4,1729697017.969145
95,r/toys,36428,Hobbies,t5_2qh86,1729697017.9873931
96,r/FocusST,36425,Cars and Motor Vehicles,t5_2unrr,1729697018.005687
97,r/patekphilippe,36425,Fashion,t5_2vm3u,1729697018.0238369
98,r/brittneyatwood1,36424,Celebrity,t5_6ncrcl,1729697018.04197
99,r/TrueCrimeMystery,36399,Law,t5_4r6wtg,1729697018.060213
100,r/SnapchatHelp,36391,Technology,t5_38oe9,1729697018.078399
101,r/TheCapeRevolution,36376,Fashion,t5_2bfa90,1729697018.096632
102,r/AnyaTaylorJoyFans,36374,Celebrity,t5_3p7yym,1729697018.1150541
103,r/forestry,36372,Outdoors and Nature,t5_2s5wq,1729697018.13328
104,r/ImaginaryDwellings,36365,Art,t5_3cbu5,1729697018.151545
105,r/3DSdeals,36364,Marketplace and Deals,t5_2zcta,1729697018.1699798
106,r/Sketchup,36358,Technology,t5_2s3rz,1729697018.188191
107,r/mobilewallpapers,36357,Art,t5_2tz1s,1729697018.206481
108,r/comedybangbang,36354,Podcasts and Streamers,t5_2vznk,1729697018.237907
109,r/SourceFed,36337,Podcasts and Streamers,t5_2tiwp,1729697018.314995
110,r/stremtch,36336,Animals and Pets,t5_59z97q,1729697018.340389
111,r/hsv,36334,Sports,t5_2qt6s,1729697018.359189
112,r/RucoyOnline,36328,Gaming,t5_3crv8,1729697018.378083
113,r/AlaskaAirlines,36326,Travel,t5_2yfgl,1729697018.396899
114,r/uktrains,36316,Cars and Motor Vehicles,t5_2z9xu,1729697018.42515
115,r/UKUniversityStudents,36314,Learning and Education,t5_353tc,1729697018.443777
116,r/needamod,36313,Meta/Reddit,t5_2r2oo,1729697018.4627671
117,r/Mechwarrior5,36307,Gaming,t5_3hu31,1729697018.4811342
118,r/NanaAnime,36306,Anime,t5_2llh41,1729697018.500206
119,r/AlHaithamMains,36305,Gaming,t5_6l5znm,1729697018.538087
120,r/theunforgiven,36298,Tabletop Games,t5_3pn75,1729697018.5574982
121,r/NewPatriotism,36295,Activism,t5_3jhbq,1729697018.57674
122,r/BeardTalk,36292,Beauty and Makeup,t5_30qjy,1729697018.595382
123,r/folagoro,36289,Podcasts and Streamers,t5_2uiajk,1729697018.613995
124,r/TrekBikes,36288,Cars and Motor Vehicles,t5_2xcn0,1729697018.6331708
125,r/flags,36287,Hobbies,t5_2sdry,1729697018.651777
126,r/MedicalCannabisOz,36287,Medical and Mental Health,t5_43or0d,1729697018.669908
127,r/SwingerNewbies,36280,Mature Themes and Adult Content,t5_33hx5b,1729697018.688289
128,r/blackbutler,36276,Anime,t5_2tu8z,1729697018.706479
129,r/SiloSeries,36273,Television,t5_2qfkim,1729697018.7247639
130,r/questionsante,36255,Medical and Mental Health,t5_7l5ha0,1729697018.743196
131,r/offerup,36254,Marketplace and Deals,t5_3ayyo,1729697018.761348
132,r/SSBPM,36249,Gaming,t5_2u3tn,1729697018.779563
133,r/numerology,36241,Religion and Spirituality,t5_2ryzk,1729697018.798224
134,r/ROOMSYX,36235,Podcasts and Streamers,t5_4llkqp,1729697018.817068
135,r/CoronavirusAustralia,36226,Medical and Mental Health,t5_2fyaa6,1729697018.8355358
136,r/EmmaBrooks,36220,Celebrity,t5_3jz3wi,1729697018.853589
137,r/PhiladelphiaEats,36215,Food and Drink,t5_4zqreh,1729697018.8717902
138,r/tradfri,36214,Home and Garden,t5_3jvwv,1729697018.8911092
139,r/Slayypoint,36208,Podcasts and Streamers,t5_10f8dl,1729697018.909826
140,r/tenkaichi4,36203,Gaming,t5_80k905,1729697018.928822
141,r/35mm,36199,Art,t5_2w4xm,1729697018.948732
142,r/MaintenancePhase,36194,Podcasts and Streamers,t5_3bufsk,1729697018.969116
143,r/Artadvice,36193,Art,t5_32v6c,1729697018.989388
144,r/FilmTheorists,36193,Podcasts and Streamers,t5_38guf,1729697019.009207
145,r/siberianhusky,36192,Animals and Pets,t5_2suoy,1729697019.0315661
146,r/vancouvercanada,36173,Place,t5_34m57,1729697019.052822
147,r/CanyonBikes,36158,Hobbies,t5_ekxj7,1729697019.074317
148,r/patreon,36154,"Business, Economics, and Finance",t5_2x6ny,1729697019.094151
149,r/PDiddyTrial,36135,Law,t5_b67des,1729697019.1140668
150,r/FatFIREIndia,36132,"Business, Economics, and Finance",t5_ti1ua,1729697019.133887
151,r/pythoncoding,36132,Programming,t5_3649w,1729697019.1538801
152,r/iwoulddiefornoodle,36128,Animals and Pets,t5_2rmrji,1729697019.173423
153,r/Picard,36119,Television,t5_2s7r1,1729697019.1929731
154,r/ryobi,36119,Crafts and DIY,t5_2ytws,1729697019.212865
155,r/thepassportbros,36099,Travel,t5_6yllyu,1729697019.232733
156,r/Gamebundles,36092,Gaming,t5_2t809,1729697019.252557
157,r/mcrealmsservers,36085,Gaming,t5_2ykd5,1729697019.2725492
158,r/isometric,36082,Art,t5_2tmcp,1729697019.292392
159,r/nycinfluencersnarking,36080,Celebrity,t5_82p6o2,1729697019.31246
160,r/imax,36068,Movies,t5_2xbiw,1729697019.333538
161,r/Windscribe,36060,Technology,t5_3julg,1729697019.354004
162,r/FoundationTV,36057,Television,t5_34hhp,1729697019.374999
163,r/Kings_Raid,36056,Gaming,t5_3jui6,1729697019.3957171
164,r/Olivia_Ponton_,36052,Celebrity,t5_2phtbj,1729697019.414227
165,r/ethz,36048,Learning and Education,t5_2spa3,1729697019.432988
166,r/ledootgeneration,36044,Internet Culture and Memes,t5_32fzy,1729697019.453467
167,r/SharkLab,36031,Outdoors and Nature,t5_8td7ki,1729697019.473403
168,r/mtgaltered,36025,Tabletop Games,t5_2tv58,1729697019.493769
169,r/FioraMains,36024,Gaming,t5_388x9,1729697019.514316
170,r/MinimalWallpaper,36008,Art,t5_2unvh,1729697019.534705
171,r/IRstudies,36007,Learning and Education,t5_2s8z8,1729697019.554291
172,r/oilandgasworkers,36005,Careers,t5_2w8br,1729697019.5745652
173,r/CrowGang,35996,Gaming,t5_wiqcu,1729697019.595335
174,r/BlueEyeSamurai,35994,Television,t5_438xs1,1729697019.615387
175,r/SoulCaliburCreations,35994,Gaming,t5_2unss,1729697019.635551
176,r/InternalFamilySystems,35985,Medical and Mental Health,t5_q1nhj,1729697019.655843
177,r/Nanoapp,35984,Technology,t5_g6s0q,1729697019.6759958
178,r/parentsofmultiples,35964,Family and Relationships,t5_2s8g3,1729697019.705434
179,r/essentialoils,35959,Beauty and Makeup,t5_2ufx2,1729697019.725342
180,r/OverwatchLFT,35955,Gaming,t5_34j83,1729697019.745207
181,r/IOTAmarkets,35952,Crypto,t5_3fndh,1729697019.76546
182,r/bbaldiback,35948,Internet Culture and Memes,t5_93m8wi,1729697019.785229
183,r/TacticalIssueCat,35945,Animals and Pets,t5_6c4y54,1729697019.805161
184,r/cakefails,35939,Food and Drink,t5_3293s,1729697019.825296
185,r/DankPods,35927,Technology,t5_2b4ixo,1729697019.8460429
186,r/BittorrentToken,35922,Crypto,t5_u12zj,1729697019.866626
187,r/schuylkillnotes,35918,Internet Culture and Memes,t5_9au614,1729697019.886879
188,r/NEU,35914,Learning and Education,t5_2r47x,1729697019.9071732
189,r/TexasChainsawGame,35911,Gaming,t5_5gr0uw,1729697019.9257321
190,r/Bakersfield,35910,Place,t5_2s581,1729697019.9445179
191,r/avocadosgonewild,35909,Funny/Humor,t5_2vquk,1729697019.963285
192,r/DontPanic,35900,"Reading, Writing, and Literature",t5_2t9xb,1729697019.9824011
193,r/Feic,35896,Internet Culture and Memes,t5_zj5ar,1729697020.0021179
194,r/Cairns,35883,Place,t5_2rhaq,1729697020.023502
195,r/gank,35880,Gaming,t5_2x8hu,1729697020.044928
196,r/Futurism,35873,Science,t5_2qnw4,1729697020.065856
197,r/Older_Millennials,35870,History,t5_8szeqy,1729697020.086535
198,r/paloaltonetworks,35869,Technology,t5_2urzs,1729697020.1068249
199,r/arkham,35857,Gaming,t5_2t0os,1729697020.127255
200,r/ASMRScriptHaven,35852,Podcasts and Streamers,t5_17jhr9,1729697020.147935
201,r/CitiesSkylinesModding,35850,Gaming,t5_3742z,1729697020.168027
202,r/Bakur,35849,Place,t5_36jo9,1729697020.188255
203,r/azdiamondbacks,35848,Sports,t5_2sc56,1729697020.208548
204,r/NuclearPower,35841,Science,t5_2s254,1729697020.2284439
205,r/Shinyraids,35838,Gaming,t5_28uta3,1729697020.248395
206,r/gumball,35815,Television,t5_2sgu4,1729697020.2684422
207,r/accord,35809,Cars and Motor Vehicles,t5_2yx7v,1729697020.288287
208,r/AfterVanced,35807,Technology,t5_615em0,1729697020.308128
209,r/DeathCertificates,35806,Internet Culture and Memes,t5_4m9dig,1729697020.328059
210,r/ImaginarySteampunk,35806,Art,t5_2y0nh,1729697020.3479931
211,r/chuunibyou,35803,Anime,t5_2vg02,1729697020.367888
212,r/thetron,35802,Place,t5_2sbx4,1729697020.387924
213,r/Lakshadweep_Islands,35742,Place,t5_3bnakg,1729697020.408996
214,r/knightposting,35724,Hobbies,t5_8cu4ea,1729697020.428878
215,r/aipromptprogramming,35722,Technology,t5_80hi9u,1729697020.448616
216,r/mew_irl,35721,Internet Culture and Memes,t5_394cq,1729697020.468524
217,r/PioneerMTG,35711,Gaming,t5_26yo3r,1729697020.488702
218,r/WeAreAllTurks,35703,Internet Culture and Memes,t5_2xff5y,1729697020.508599
219,r/yerbamate,35693,Food and Drink,t5_2ro1q,1729697020.528254
220,r/AustinFC,35692,Sports,t5_3pa7j,1729697020.5486531
221,r/celebnipvisibility,35692,Celebrity,t5_9genvf,1729697020.569567
222,r/galaxyzflip,35689,Technology,t5_2cqgfu,1729697020.5907168
223,r/legotechnic,35689,Hobbies,t5_2x2q4,1729697020.610601
224,r/Taxidermy,35683,Hobbies,t5_2sj2g,1729697020.632389
225,r/appetizers,35681,Food and Drink,t5_2sg56,1729697020.6539378
226,r/H3VR,35680,Gaming,t5_3ees2,1729697020.673794
227,r/switcharoo,35677,Meta/Reddit,t5_2t9sh,1729697020.692698
228,r/Smartphones,35673,Technology,t5_2r1aa,1729697020.711807
229,r/CatsWhoConverse,35664,Animals and Pets,t5_28viqr,1729697020.730386
230,r/AlfaOxtrot,35662,Podcasts and Streamers,t5_3cwl06,1729697020.748914
231,r/DubaiPetrolHeads,35658,Cars and Motor Vehicles,t5_43ooov,1729697020.76969
232,r/Billions,35643,Television,t5_2z1d2,1729697020.790009
233,r/Dreamtheater,35643,Music,t5_2r25x,1729697020.810442
234,r/SystemsCringe,35637,Internet Culture and Memes,t5_3dp2xu,1729697020.830546
235,r/CastIronCooking,35636,Food and Drink,t5_34o0g,1729697020.8501298
236,r/Blazblue,35630,Gaming,t5_2s6iq,1729697020.8705332
237,r/PanganaySupportGroup,35613,Family and Relationships,t5_2w199k,1729697020.890805
238,r/TheGentlemenTVShow,35609,Television,t5_asek8z,1729697020.9123268
239,r/curiousvideos,35604,Learning and Education,t5_37u4r,1729697020.93202
240,r/sarcasm,35603,Internet Culture and Memes,t5_2qnaj,1729697020.951824
241,r/jailbreakdevelopers,35592,Programming,t5_2yk36,1729697020.97176
242,r/weddingdrama,35584,Family and Relationships,t5_9d2qi,1729697020.991861
243,r/entirebodyexercise,35582,Fitness and Nutrition,t5_nixeu,1729697021.011848
244,r/ThrowingFits,35581,Podcasts and Streamers,t5_2alp2p,1729697021.0318131
245,r/dontstarvetogether,35573,Gaming,t5_32kma,1729697021.0519428
246,r/EASportsCFB,35573,Gaming,t5_3vya59,1729697021.072036
247,r/bee_irl,35569,Internet Culture and Memes,t5_37475,1729697021.092455
248,r/BillAndPhil,35566,Funny/Humor,t5_3gcuj,1729697021.112475
249,r/solarenergy,35551,Technology,t5_2qqdi,1729697021.133344
