,subreddit,subscribers,topic,subreddit_id,time
0,r/stupidloopholes,33009,Law,t5_2kakcu,1729697070.355873
1,r/ants,32995,Animals and Pets,t5_2qors,1729697070.37693
2,r/ClothedMuscle,32995,Mature Themes and Adult Content,t5_38ptg5,1729697070.396045
3,r/idm,32993,Music,t5_2r77q,1729697070.415446
4,r/phonk,32993,Music,t5_37rtz,1729697070.434078
5,r/carnivorousplants,32985,Outdoors and Nature,t5_2xvoj,1729697070.462003
6,r/anno1800,32984,Gaming,t5_3nuux,1729697070.480629
7,r/puertovallarta,32984,Place,t5_2sb7r,1729697070.4989069
8,r/AskBattlestations,32983,Gaming,t5_2udr5,1729697070.517946
9,r/PropertyManagement,32981,Careers,t5_2rgsl,1729697070.536532
10,r/Youtubeviews,32972,Podcasts and Streamers,t5_32nqa,1729697070.574247
11,r/scambaiting,32966,Internet Culture and Memes,t5_2vq00,1729697070.594197
12,r/PredecessorGame,32965,Gaming,t5_xsntt,1729697070.616946
13,r/survivorau,32964,Television,t5_3avlw,1729697070.6366668
14,r/GoodDesign,32961,Internet Culture and Memes,t5_2vng0,1729697070.6562612
15,r/starwarsblackseries,32960,Hobbies,t5_3h8a9,1729697070.6754618
16,r/SiestaKeyMTV,32956,Television,t5_eysde,1729697070.694439
17,r/usernamefamily,32945,Meta/Reddit,t5_od5ig,1729697070.713907
18,r/GermanShepherd,32942,Animals and Pets,t5_2u61c,1729697070.733154
19,r/JaackMaate,32942,Podcasts and Streamers,t5_3oa6s,1729697070.752065
20,r/MarioMaker2,32940,Gaming,t5_g0pqy,1729697070.7710872
21,r/boats,32934,Cars and Motor Vehicles,t5_2qwsn,1729697070.790304
22,r/HQMC,32934,Podcasts and Streamers,t5_81vxko,1729697070.809303
23,r/Inkmaster,32930,Television,t5_310al,1729697070.8280919
24,r/handbalancing,32927,Fitness and Nutrition,t5_2y4oa,1729697070.8475468
25,r/Lightning,32926,Outdoors and Nature,t5_2u7h6,1729697070.866553
26,r/Ioniq5,32919,Cars and Motor Vehicles,t5_3mzcjo,1729697070.889132
27,r/WattsonMains,32913,Gaming,t5_wn4z8,1729697070.910799
28,r/LaserHairRemoval,32903,Beauty and Makeup,t5_2xqvv,1729697070.9329631
29,r/darknetdiaries,32901,Podcasts and Streamers,t5_qltll,1729697070.95304
30,r/whittling,32900,Crafts and DIY,t5_2tnk5,1729697070.972422
31,r/yourturntodie,32899,Anime,t5_1a0nx7,1729697070.9914439
32,r/deadwood,32897,Television,t5_2ru33,1729697071.0107079
33,r/premedcanada,32897,Learning and Education,t5_3gqxu,1729697071.0297768
34,r/Futurama_Sleepers,32885,Television,t5_2uaij,1729697071.049162
35,r/PlanetFitnessMembers,32877,Fitness and Nutrition,t5_12fvsf,1729697071.068366
36,r/GR86,32874,Cars and Motor Vehicles,t5_2crfjp,1729697071.088032
37,r/ElonGateToken,32873,Crypto,t5_45qo7d,1729697071.110506
38,r/electrohouse,32872,Music,t5_2ry9g,1729697071.130579
39,r/Rawring20s,32870,Internet Culture and Memes,t5_264kjt,1729697071.150055
40,r/LandscapingTips,32865,Home and Garden,t5_3f46u,1729697071.169436
41,r/googleads,32864,Technology,t5_2rge2,1729697071.188684
42,r/VeganBeauty,32860,Beauty and Makeup,t5_31m9x,1729697071.207608
43,r/Steep,32858,Gaming,t5_335x1,1729697071.226871
44,r/rhonj,32856,Television,t5_5zcjjn,1729697071.24545
45,r/CheatersConfronted,32853,Family and Relationships,t5_2cojdw,1729697071.264723
46,r/TOTALLYREALTWEETS,32838,Internet Culture and Memes,t5_32apjv,1729697071.2837918
47,r/usefulscripts,32833,Programming,t5_2vk96,1729697071.303209
48,r/TheArcana,32831,Gaming,t5_4h1lf,1729697071.3227232
49,r/Perimenopause,32820,Women's Health,t5_2x3ee,1729697071.3422132
50,r/HistoricalRomance,32808,"Reading, Writing, and Literature",t5_2uk1r,1729697071.361151
51,r/BlenderDoughnuts,32806,Technology,t5_fhr0d,1729697071.380331
52,r/harmonica,32803,Music,t5_2rru3,1729697071.399415
53,r/Flagrant2,32802,Podcasts and Streamers,t5_8cusd,1729697071.418251
54,r/canarias,32801,Place,t5_31bds,1729697071.436741
55,r/SwordsComic,32788,"Reading, Writing, and Literature",t5_i1cwo,1729697071.455313
56,r/Zappa,32787,Music,t5_2qrbe,1729697071.4735
57,r/IntltoUSA,32785,Learning and Education,t5_3pjk4,1729697071.4920309
58,r/container_homes,32784,Home and Garden,t5_267q04,1729697071.510369
59,r/YelpDrama,32781,Internet Culture and Memes,t5_32wb3,1729697071.528636
60,r/Environmental_Careers,32774,Careers,t5_3i7ka,1729697071.54713
61,r/AnaloguePocket,32771,Gaming,t5_26oqns,1729697071.565834
62,r/SisterWivesFans,32766,Television,t5_28j8s0,1729697071.585629
63,r/BattleRite,32758,Gaming,t5_3cpt0,1729697071.606336
64,r/HollowKnightArt,32756,Gaming,t5_oh0nj,1729697071.625686
65,r/ZhongliMains,32747,Gaming,t5_39jihw,1729697071.645149
66,r/Clojure,32741,Programming,t5_2qkej,1729697071.664845
67,r/NSCollectors,32740,Gaming,t5_3jnmz,1729697071.6836438
68,r/SifuGame,32729,Gaming,t5_3yyl39,1729697071.702743
69,r/Creepystories,32727,"Reading, Writing, and Literature",t5_2vacf,1729697071.721739
70,r/tirzepatidecompound,32723,Medical and Mental Health,t5_9gccwk,1729697071.740489
71,r/earfurnishings,32719,Animals and Pets,t5_3nir9z,1729697071.759022
72,r/PraiseTheEditor,32716,Movies,t5_paf46,1729697071.77792
73,r/The_Dedede,32714,Gaming,t5_dzkbw,1729697071.7965171
74,r/Zoom,32713,Technology,t5_3095n,1729697071.815348
75,r/binichderalman,32712,Ethics and Philosophy,t5_6w5eui,1729697071.8348548
76,r/AethirCloud,32710,Gaming,t5_arq1th,1729697071.855859
77,r/AskAstrophotography,32707,Art,t5_240mnx,1729697071.878531
78,r/PlantasBrasil,32705,Home and Garden,t5_70tvqa,1729697071.9053838
79,r/Bhopal,32704,Place,t5_2ss2q,1729697071.930094
80,r/LycorisRecoil,32701,Anime,t5_5l9vep,1729697071.9561589
81,r/hotels,32700,Travel,t5_2qqa8,1729697071.9795132
82,r/antkeeping,32697,Animals and Pets,t5_32v9l,1729697072.000812
83,r/WebdevTutorials,32692,Programming,t5_3iugx,1729697072.019907
84,r/nintendomusic,32686,Music,t5_2zrp4,1729697072.039427
85,r/karensinthewild,32684,Internet Culture and Memes,t5_1451ye,1729697072.05891
86,r/TheNational,32680,Music,t5_2sd2r,1729697072.0782678
87,r/amazfit,32679,Technology,t5_3a5fa,1729697072.099064
88,r/OpenUniversity,32676,Learning and Education,t5_2s9zz,1729697072.123302
89,r/EnamelPins,32673,Hobbies,t5_3e2qw,1729697072.146421
90,r/animalcrossingturnips,32672,Gaming,t5_2k94t8,1729697072.1670232
91,r/OutoftheTombs,32664,Learning and Education,t5_4difh6,1729697072.187419
92,r/Oman,32661,Place,t5_2sayx,1729697072.2168179
93,r/servers,32659,Technology,t5_2qzvh,1729697072.236638
94,r/CoreKeeperGame,32657,Gaming,t5_4mel3x,1729697072.25734
95,r/CharacterDevelopment,32656,"Reading, Writing, and Literature",t5_2ytn2,1729697072.315416
96,r/SonnyAngel,32654,Hobbies,t5_5qzdov,1729697072.373632
97,r/homedesign,32652,Home and Garden,t5_2r9kl,1729697072.397244
98,r/zfs,32652,Technology,t5_2ruui,1729697072.417063
99,r/Lawrence,32639,Place,t5_2rant,1729697072.4378188
100,r/Miraq,32630,Music,t5_4lmhr1,1729697072.4579608
101,r/PlaystationClassic,32618,Gaming,t5_orcl8,1729697072.487465
102,r/Jeanne,32617,Mature Themes and Adult Content,t5_39hvp,1729697072.5075772
103,r/technicalwriting,32612,"Reading, Writing, and Literature",t5_2vm20,1729697072.52784
104,r/TheValleyTVShow,32610,Television,t5_av27rm,1729697072.548046
105,r/existentialcrisiscat,32607,Animals and Pets,t5_481ayn,1729697072.569927
106,r/GMail,32606,Technology,t5_2ql26,1729697072.607208
107,r/Webkinz,32605,Gaming,t5_2t7vv,1729697072.627315
108,r/Cloververse,32592,Movies,t5_3cxaz,1729697072.6472352
109,r/TeamRedditTeams,32589,Gaming,t5_2sx2c,1729697072.667361
110,r/Ancientknowledge,32587,History,t5_2uljr,1729697072.6866372
111,r/askdfw,32582,Place,t5_3e2l8,1729697072.705371
112,r/freebsd,32579,Technology,t5_2qi1e,1729697072.7248309
113,r/classygirls,32575,Mature Themes and Adult Content,t5_2wifk,1729697072.7452219
114,r/austinjobs,32574,Careers,t5_2siri,1729697072.768546
115,r/nbaww,32559,Sports,t5_2wi69,1729697072.790724
116,r/juggalo,32552,Music,t5_2sjwx,1729697072.8190532
117,r/Flamepoints,32546,Animals and Pets,t5_3bhf1,1729697072.839187
118,r/Roses,32543,Outdoors and Nature,t5_2tlxu,1729697072.8591628
119,r/DeathBattleMatchups,32539,Internet Culture and Memes,t5_2sj683,1729697072.8794491
120,r/AgeGapRelationship,32537,Family and Relationships,t5_3cfmt,1729697072.898995
121,r/Schizoid,32537,Medical and Mental Health,t5_2qxro,1729697072.9185002
122,r/sexygirlsfarting,32536,Mature Themes and Adult Content,t5_6isxpu,1729697072.937218
123,r/bookquotes,32508,"Reading, Writing, and Literature",t5_2tayj,1729697072.956469
124,r/wendys,32503,"Business, Economics, and Finance",t5_2t32k,1729697072.975287
125,r/beginnerrunning,32502,Sports,t5_2t5kv,1729697072.994771
126,r/SpiderGwen,32494,Movies,t5_33ytn,1729697073.013362
127,r/AngelaAguilar69,32493,Music,t5_7erxkd,1729697073.031872
128,r/askaconservative,32492,Politics,t5_2vg6d,1729697073.050358
129,r/AmericanBully,32475,Animals and Pets,t5_2ygor,1729697073.068943
130,r/cprogramming,32468,Programming,t5_2rzb3,1729697073.0872478
131,r/scrum,32465,Programming,t5_2qhpq,1729697073.1051981
132,r/derby,32459,Place,t5_2s8za,1729697073.1248372
133,r/hillaryclinton,32457,Politics,t5_2u1c9,1729697073.1430972
134,r/Salamanders40k,32456,Tabletop Games,t5_vso3f,1729697073.16138
135,r/moresneakers,32452,Fashion,t5_2dw0d0,1729697073.17985
136,r/AskGameMasters,32451,Tabletop Games,t5_3986o,1729697073.1988559
137,r/infiniti,32451,Cars and Motor Vehicles,t5_2s6lc,1729697073.217525
138,r/BadWelding,32442,Crafts and DIY,t5_2zuj1,1729697073.2357702
139,r/NCSU,32442,Place,t5_2qsbo,1729697073.2539809
140,r/photogrammetry,32434,Technology,t5_2vzf1,1729697073.273133
141,r/OPBR,32425,Gaming,t5_fm9pa,1729697073.291927
142,r/winstonsalem,32423,Place,t5_2rqrv,1729697073.3103192
143,r/Mastodon,32419,Technology,t5_2rwda,1729697073.328438
144,r/PangetPeroMasarap,32419,Food and Drink,t5_3lsh7,1729697073.346695
145,r/Malaphors,32417,Internet Culture and Memes,t5_3or0g,1729697073.364993
146,r/Memesbuenaonda,32404,Internet Culture and Memes,t5_4z9yto,1729697073.384137
147,r/vpnreviews,32402,Technology,t5_2ykk2,1729697073.403224
148,r/LocationSound,32400,Technology,t5_2tig0,1729697073.4229581
149,r/BenefitsAdviceUK,32398,"Business, Economics, and Finance",t5_22o6vm,1729697073.444052
150,r/claustrophobia,32398,Internet Culture and Memes,t5_2twp0,1729697073.4672341
151,r/IowaCity,32397,Place,t5_2r945,1729697073.488589
152,r/PSO2NGS,32393,Gaming,t5_2whbx6,1729697073.508727
153,r/TrueCrimeDK,32390,Law,t5_7yd8uc,1729697073.5312262
154,r/mauritius,32381,Place,t5_2qhup,1729697073.554573
155,r/babesnepal,32378,Mature Themes and Adult Content,t5_3hl6za,1729697073.575713
156,r/HealthyEatingnow,32357,Food and Drink,t5_forns,1729697073.595244
157,r/gibson,32349,Music,t5_2szcy,1729697073.61582
158,r/vindictapoc,32345,Beauty and Makeup,t5_32ebmo,1729697073.635531
159,r/BedroomBands,32342,Music,t5_9wava,1729697073.6547232
160,r/stock,32334,Food and Drink,t5_2qjjf,1729697073.674607
161,r/DougDoug,32331,Podcasts and Streamers,t5_vqvir,1729697073.694718
162,r/RobinhoodTrade,32328,"Business, Economics, and Finance",t5_392ds,1729697073.715599
163,r/sissy_hypno,32324,Mature Themes and Adult Content,t5_6g7d70,1729697073.736078
164,r/rickroll,32320,Internet Culture and Memes,t5_2qhk5,1729697073.756641
165,r/bugidentification,32308,Animals and Pets,t5_kyzg6,1729697073.7770119
166,r/Vampireweekend,32308,Music,t5_2sf3l,1729697073.797581
167,r/aiyu,32303,Celebrity,t5_2ti81,1729697073.8179069
168,r/lowpoly,32295,Art,t5_2tr55,1729697073.838498
169,r/research,32294,Learning and Education,t5_2qng0,1729697073.8587651
170,r/HonkaiImpact3rd,32287,Gaming,t5_i9cop,1729697073.878342
171,r/GameAudio,32281,Careers,t5_2scqj,1729697073.897486
172,r/iknowtheowner,32280,Funny/Humor,t5_yw77g,1729697073.91755
173,r/PenguinOfTheMonth,32280,Animals and Pets,t5_10yhth,1729697073.93786
174,r/LOOK_CHINA,32279,World News,t5_7x5944,1729697074.06177
175,r/PlipPlip,32269,Internet Culture and Memes,t5_2hdjqs,1729697074.133305
176,r/fanedits,32267,Movies,t5_2ub02,1729697074.201322
177,r/noburp,32263,Medical and Mental Health,t5_30z05,1729697074.221866
178,r/Somerville,32254,Place,t5_2r7a8,1729697074.2411158
179,r/gigabyte,32251,Technology,t5_2vo65,1729697074.260306
180,r/Pankow,32242,Subreddit über den Berliner Bezirk Pankow Subreddit about the city district Pankow in Berlin,t5_3monh,1729697074.281014
181,r/dynastywarriors,32239,Gaming,t5_2sk55,1729697074.3015392
182,r/askSouthAfrica,32238,Place,t5_52tiaq,1729697074.321982
183,r/HeartstopperNetflix,32238,Television,t5_5r0g9m,1729697074.3423831
184,r/LETFs,32237,"Business, Economics, and Finance",t5_43em2r,1729697074.362776
185,r/ApheliosMains,32233,Gaming,t5_125pcj,1729697074.383928
186,r/ilovelesbians,32232,Mature Themes and Adult Content,t5_5e99b0,1729697074.40475
187,r/Narcolepsy,32225,Medical and Mental Health,t5_2rhx3,1729697074.425893
188,r/ZENDAYAWORSHIPPING,32225,Celebrity,t5_4zda4p,1729697074.446144
189,r/FujifilmX,32219,Art,t5_3foc0,1729697074.466298
190,r/ZombsRoyale,32215,Gaming,t5_gdruz,1729697074.4862652
191,r/raspberryDIY,32211,Technology,t5_31p3j,1729697074.506495
192,r/elixir,32209,Programming,t5_2vhb3,1729697074.52651
193,r/Happydogs,32206,Animals and Pets,t5_2yedk,1729697074.551601
194,r/ArtNouveau,32203,Art,t5_2tu6z,1729697074.576967
195,r/NoneHumanMoe,32188,Anime,t5_2va3zy,1729697074.59821
196,r/tabletop,32188,Tabletop Games,t5_2qs33,1729697074.622983
197,r/manprovement,32187,Men's Health,t5_2sdef,1729697074.6451
198,r/NoahKahan,32187,Music,t5_lm01y,1729697074.6669
199,r/roll20LFG,32181,Gaming,t5_2u8e5,1729697074.688576
200,r/naturephotography,32163,Outdoors and Nature,t5_2sqod,1729697074.711113
201,r/AmItheCloaca,32160,Animals and Pets,t5_2drxiu,1729697074.731682
202,r/Felons,32158,Careers,t5_2vnek,1729697074.751827
203,r/tbilisi,32153,Place,t5_2tco4,1729697074.769587
204,r/HellDiversLeaks,32152,Gaming,t5_awpir2,1729697074.7874482
205,r/Crostini,32144,Technology,t5_hnoqf,1729697074.805213
206,r/phlgbtr4r,32138,Mature Themes and Adult Content,t5_35fwjx,1729697074.825562
207,r/Unexpectedfriends,32133,Television,t5_3ith4,1729697074.844218
208,r/Irishmusic,32132,Music,t5_2ser8,1729697074.863229
209,r/tulum,32130,Place,t5_2x4ue,1729697074.881699
210,r/NavyFederal,32127,"Business, Economics, and Finance",t5_1fflmg,1729697074.89968
211,r/instax,32126,Art,t5_2sdq7,1729697074.918397
212,r/hawwkey,32118,Sports,t5_2xrv6,1729697074.936258
213,r/MusicPromotion,32113,Music,t5_2si27,1729697074.9542542
214,r/bigcats,32106,Animals and Pets,t5_2t96e,1729697074.973377
215,r/CRNA,32106,Careers,t5_2wiz8,1729697074.9925818
216,r/dogshaming,32105,Animals and Pets,t5_2utoa,1729697075.012026
217,r/preppersales,32103,Marketplace and Deals,t5_35fb6,1729697075.031245
218,r/AirSwimming,32097,Animals and Pets,t5_2zrhv,1729697075.050539
219,r/S22Ultra,32092,Technology,t5_3xbta7,1729697075.0697181
220,r/printondemand,32075,Fashion,t5_2t2v6,1729697075.0885382
221,r/RS3Ironmen,32075,Gaming,t5_3h8j4,1729697075.1065779
222,r/fishingUK,32073,Hobbies,t5_3eo4x,1729697075.128344
223,r/NOTHING,32058,Technology,t5_4ujlxf,1729697075.147562
224,r/LittleCaesars,32056,Careers,t5_30hj3,1729697075.166259
225,r/restaurantowners,32049,Careers,t5_3240z,1729697075.187105
226,r/LearnFinnish,32044,Learning and Education,t5_2xe7f,1729697075.207264
227,r/SundaeSwap,32024,Crypto,t5_493uqp,1729697075.226451
228,r/Sprinting,32021,Sports,t5_2ufk0,1729697075.245881
229,r/Gatineau,32020,Place,t5_2s3ac,1729697075.265144
230,r/PacificRim,32019,Movies,t5_2umvb,1729697075.2854779
231,r/IOPsychology,32018,Science,t5_2sl29,1729697075.304752
232,r/GalaxyWatchFace,32008,Technology,t5_25ka5g,1729697075.324398
233,r/blackmagicdesign,32007,Technology,t5_2z619,1729697075.343491
234,r/loopkits,32003,Music,t5_z06ob,1729697075.362609
235,r/GenshinHomeworld,32000,Gaming,t5_47u2zw,1729697075.381491
236,r/DetectiveConan,31998,Anime,t5_2tkf1,1729697075.400126
237,r/riotgames,31996,Gaming,t5_2tavq,1729697075.418698
238,r/utdallas,31978,Learning and Education,t5_2s4is,1729697075.43728
239,r/duluth,31972,Place,t5_2s2ua,1729697075.456884
240,r/Cozyunderbudget,31963,Home and Garden,t5_33u0ol,1729697075.476802
241,r/LivMorgan,31959,Mature Themes and Adult Content,t5_kx2l9,1729697075.4965508
242,r/reiki,31956,Religion and Spirituality,t5_2r0lt,1729697075.51683
243,r/Acapulco,31955,Place,t5_2tw5v,1729697075.5364978
244,r/ChuckleSandwich,31952,Podcasts and Streamers,t5_3rrpk7,1729697075.5565062
245,r/ShovelKnight,31951,Gaming,t5_2wxiy,1729697075.576354
246,r/geegees,31943,Learning and Education,t5_2st6x,1729697075.596617
247,r/mildlydisturbing,31943,Internet Culture and Memes,t5_2urxt,1729697075.617186
248,r/MilitaryVStheUnknown,31941,Art,t5_44qmz6,1729697075.638143
249,r/RimWorldSeeds,31938,Gaming,t5_3fxdf,1729697075.658438
