,subreddit,subscribers,topic,subreddit_id,time
0,r/KithNYC,23133,Fashion,t5_3gynz,1729697278.458123
1,r/TacticalUrbanism,23133,Activism,t5_iqekc,1729697278.48088
2,r/VORONDesign,23133,Technology,t5_3i3fkc,1729697278.500375
3,r/disneymagickingdoms,23131,Gaming,t5_39l6l,1729697278.519953
4,r/catswhocrochet,23130,Crafts and DIY,t5_60t9et,1729697278.5390458
5,r/riddim,23130,Music,t5_2ulr0,1729697278.677494
6,r/cultsurvivors,23128,Trauma Support,t5_3m2nd,1729697278.6994612
7,r/whatif,23128,Internet Culture and Memes,t5_2qyyc,1729697278.718094
8,r/FleshandBloodTCG,23125,Tabletop Games,t5_3bcrr0,1729697278.736727
9,r/Handsbehindback,23125,Mature Themes and Adult Content,t5_2ybe4j,1729697278.755799
10,r/ooerintensifies,23121,Internet Culture and Memes,t5_35gho,1729697278.7860548
11,r/chiangmai,23120,Place,t5_2sd4a,1729697278.8059971
12,r/theLword,23120,Television,t5_2xtez,1729697278.825444
13,r/restorethefourth,23119,Politics,t5_2xhsu,1729697278.845002
14,r/IBM,23117,Technology,t5_2sgr6,1729697278.8640268
15,r/SARMs,23115,Mature Themes and Adult Content,t5_4x1zzw,1729697278.885046
16,r/THICCK_SHYYT,23105,Mature Themes and Adult Content,t5_6lsn7q,1729697278.962286
17,r/tmobileisp,23103,Technology,t5_3flsz3,1729697278.980405
18,r/Noellemains,23100,Gaming,t5_394dbi,1729697279.00992
19,r/cagayandeoro,23097,Place,t5_2ychs,1729697279.028896
20,r/Dysonairwrap,23095,Beauty and Makeup,t5_2giqxd,1729697279.0503612
21,r/SelfPiercing,23095,Fashion,t5_2u4lj,1729697279.068846
22,r/CableTV_Memories,23088,Television,t5_250mt6,1729697279.087188
23,r/freeflight,23086,Sports,t5_2v02s,1729697279.105819
24,r/eating_disorders,23081,Medical and Mental Health,t5_2zzq8,1729697279.124207
25,r/EverythingWeb,23081,Technology,t5_7suyc4,1729697279.142449
26,r/HomeworkHelp_Tutors,23077,Learning and Education,t5_9lzqb6,1729697279.1607318
27,r/Anveshi_Jain,23076,Celebrity,t5_43l9m8,1729697279.1793768
28,r/madeinpython,23074,Programming,t5_2mx48p,1729697279.19792
29,r/DesiMeta,23072,"Culture, Race, and Ethnicity",t5_2n9833,1729697279.216437
30,r/athletictraining,23071,Medical and Mental Health,t5_2u3bu,1729697279.234852
31,r/KimsConvenience,23070,Television,t5_3fcgm,1729697279.253429
32,r/filmmaking,23069,Art,t5_2qrk2,1729697279.275157
33,r/finansije,23066,"Business, Economics, and Finance",t5_2zntby,1729697279.294443
34,r/funny_cats,23065,Internet Culture and Memes,t5_38485,1729697279.313961
35,r/braids,23062,Beauty and Makeup,t5_2vgid,1729697279.33342
36,r/mullvadvpn,23062,Technology,t5_lstkw,1729697279.3527
37,r/Hanwe,23061,Podcasts and Streamers,t5_382ye4,1729697279.371757
38,r/iqtest,23061,Science,t5_2uhpp,1729697279.390669
39,r/babygoats,23058,Animals and Pets,t5_2urh6,1729697279.409707
40,r/birthday,23057,Funny/Humor,t5_2qta1,1729697279.428493
41,r/doofenshmirtzdialogue,23057,Television,t5_19lklm,1729697279.4470289
42,r/WhatBidenHasDone,23053,Politics,t5_36k3uy,1729697279.465579
43,r/MemesCU,23049,Movies,t5_fxsjc,1729697279.4847722
44,r/realhousewivestalk,23048,"Welcome to realhousewivestalk, your go-to place for the hottest gossip, analyses, and discussions of your favorite 'Real Housewives' series! This is where all 'Real Housewives' fans come together to discover the truths behind the TV series, the latest news, and the most intriguing tidbits.",t5_8pesco,1729697279.504334
45,r/mtgrules,23045,Tabletop Games,t5_2sd1l,1729697279.52294
46,r/vanhalen,23045,Music,t5_2tfzf,1729697279.541908
47,r/JBL,23044,Technology,t5_318vy,1729697279.560918
48,r/BeidouMains,23042,Gaming,t5_3ajsbm,1729697279.5797179
49,r/randomdice,23042,Gaming,t5_2azen2,1729697279.5985742
50,r/UniRO,23040,Learning and Education,t5_4zyoex,1729697279.617126
51,r/battlefront2,23039,Gaming,t5_2v00h,1729697279.635705
52,r/Humboldt,23039,Place,t5_2qshu,1729697279.654757
53,r/CalPolyPomona,23038,Learning and Education,t5_2sdae,1729697279.673609
54,r/gymgirlsSFW,23033,"The home of all our favourite gym-going girls. Share your best fitness flex from your gym session or show off your latest activewear haul. OC Self Posts, No Advertising.",t5_advdc0,1729697279.692495
55,r/ChristopherHitchens,23025,"Reading, Writing, and Literature",t5_2r9ah,1729697279.7112262
56,r/zoldgyumiguccsi,23023,Celebrity,t5_5lomzn,1729697279.730138
57,r/threejs,23022,Programming,t5_2s8ar,1729697279.7502909
58,r/Superbuy,23019,Marketplace and Deals,t5_3izjr,1729697279.77024
59,r/RMS_Titanic,23012,History,t5_hb4cf,1729697279.789508
60,r/antiboomershumor,23010,Internet Culture and Memes,t5_1qyccs,1729697279.809258
61,r/SubscriptionBoxes,23009,Marketplace and Deals,t5_2vlml,1729697279.828696
62,r/NASCARCollectors,23008,Hobbies,t5_33ldu,1729697279.847708
63,r/Photography_Gear,23005,Technology,t5_2z1ig,1729697279.866699
64,r/motorola,22999,Technology,t5_2r9co,1729697279.885299
65,r/epidemiology,22994,Science,t5_2rsl1,1729697279.903787
66,r/BlackCountryNewRoad,22992,Music,t5_z6ip9,1729697279.922009
67,r/everydaycarry,22986,Hobbies,t5_2se7o,1729697279.940323
68,r/vizsla,22985,Animals and Pets,t5_2touw,1729697279.9586968
69,r/MadelineHope,22982,Celebrity,t5_3jco14,1729697279.977508
70,r/SuperSnail_US,22981,Gaming,t5_7491e8,1729697279.9989362
71,r/LeaguePBE,22980,Gaming,t5_2wnyi,1729697280.021939
72,r/warface,22979,Gaming,t5_2tp46,1729697280.042748
73,r/Boerne,22970,Boerne Texas community page,t5_2t2c6,1729697280.061918
74,r/biomutant,22968,Gaming,t5_3ns97,1729697280.08079
75,r/BirdPhotography,22968,Art,t5_397f2,1729697280.099446
76,r/rustylake,22968,Gaming,t5_3ck00,1729697280.118521
77,r/TjMaxx,22962,Careers,t5_2yjrn,1729697280.137138
78,r/MadeInChelseaE4,22954,Television,t5_36n3e7,1729697280.155624
79,r/Hutchinson,22953,"Hutchinson, Kansas Home of the Cosmosphere, Kansas State Fair, and Strataca the Underground Salt Museum.",t5_2v80l,1729697280.174346
80,r/Instapot,22953,Food and Drink,t5_3i74l,1729697280.193061
81,r/Mortgageadviceuk,22953,"Business, Economics, and Finance",t5_595bqq,1729697280.211967
82,r/ValorantClips,22953,Gaming,t5_2jubuh,1729697280.231317
83,r/MCAT2,22952,Learning and Education,t5_n1cam,1729697280.250085
84,r/Cityofheroes,22944,Gaming,t5_2rsy7,1729697280.270686
85,r/HorizonZeroDawn,22944,Gaming,t5_4ttan7,1729697280.290522
86,r/kingdomrush,22944,Gaming,t5_2v25t,1729697280.309938
87,r/SaveThePostalService,22941,Activism,t5_2zrcib,1729697280.3294652
88,r/GreenWitch,22940,Religion and Spirituality,t5_p0jul,1729697280.349211
89,r/Sustainable,22939,Ethics and Philosophy,t5_2qqxy,1729697280.3680289
90,r/DWPhelp,22938,Medical and Mental Health,t5_11cwir,1729697280.3870022
91,r/RioTsukatsuki,22933,Mature Themes and Adult Content,t5_872hyr,1729697280.406094
92,r/ViegoMains,22933,Gaming,t5_3k2yel,1729697280.424764
93,r/victorious,22930,Television,t5_2tt68,1729697280.443561
94,r/sohee,22928,Celebrity,t5_ituy4,1729697280.462484
95,r/Nexus6P,22927,Technology,t5_39zt6,1729697280.48131
96,r/activedirectory,22925,Programming,t5_2s4ff,1729697280.499936
97,r/ImaginaryGiants,22921,Art,t5_2y0mq,1729697280.518656
98,r/BeardedDragon,22916,Animals and Pets,t5_3i281,1729697280.537301
99,r/jynxzissg,22915,Podcasts and Streamers,t5_8ga646,1729697280.5562282
100,r/AdventuresOfGalder,22910,Tabletop Games,t5_p6rp6,1729697280.575377
101,r/GAMSAT,22909,Learning and Education,t5_2vvga,1729697280.594243
102,r/ImaginaryHybrids,22904,Art,t5_3aq4l,1729697280.613325
103,r/Tautology,22903,Funny/Humor,t5_2rio8,1729697280.632158
104,r/solipsism,22901,Ethics and Philosophy,t5_2rd0d,1729697280.651179
105,r/QuadCities,22900,Place,t5_2rej0,1729697280.670154
106,r/empyriongame,22899,Gaming,t5_33pyk,1729697280.688917
107,r/Bergen,22898,Place,t5_2qmao,1729697280.7074912
108,r/stickshift,22897,Cars and Motor Vehicles,t5_2v8iu,1729697280.726511
109,r/justtrishpodcast,22890,Podcasts and Streamers,t5_8vwjk9,1729697280.746571
110,r/ASRoma,22888,Sports,t5_2t2oy,1729697280.765337
111,r/EuropeanFederalists,22886,Politics,t5_2zff4,1729697280.7863538
112,r/LSSwapTheWorld,22881,Cars and Motor Vehicles,t5_3mq5y,1729697280.805902
113,r/wolongfallendynasty,22873,Gaming,t5_6iqyus,1729697280.8255968
114,r/Salzburg,22870,Place,t5_2z859,1729697280.8453052
115,r/litecoinmining,22869,Crypto,t5_2wn4q,1729697280.864724
116,r/TrueChefKnives,22868,Food and Drink,t5_95bg32,1729697280.883637
117,r/slingtv,22867,Television,t5_35q6u,1729697280.902498
118,r/Googlevoice,22856,Technology,t5_2r9bx,1729697280.9231749
119,r/fishtanklive,22851,Television,t5_882a6b,1729697280.944205
120,r/BestProductsFinds,22850,Marketplace and Deals,t5_axeczu,1729697280.966462
121,r/Contractor,22848,Careers,t5_2qokb,1729697280.9914181
122,r/3Dprintedtabletop,22844,Tabletop Games,t5_348jp,1729697281.016834
123,r/tipofmycrime,22842,Law,t5_48wzz6,1729697281.0361931
124,r/Flute,22841,Music,t5_2s7p8,1729697281.0557451
125,r/Flirting,22838,Family and Relationships,t5_2qurb,1729697281.07558
126,r/WillPatersonDesign,22830,Art,t5_3e0c7,1729697281.0952058
127,r/MagicCardPulls,22828,Tabletop Games,t5_2vxxg,1729697281.115157
128,r/lazerpig,22824,Podcasts and Streamers,t5_5yx6u3,1729697281.134623
129,r/cursed_chemistry,22823,Science,t5_10xs3h,1729697281.154064
130,r/DisneyDiamonds,22821,Celebrity,t5_6jqrh3,1729697281.17386
131,r/CDProjektRed,22819,Gaming,t5_3eetl,1729697281.193585
132,r/GestationalDiabetes,22819,Women's Health,t5_2w321,1729697281.21347
133,r/PokemonRMXP,22816,Gaming,t5_2wvf2,1729697281.232926
134,r/recordthis,22814,Music,t5_2sr9a,1729697281.252534
135,r/CarMechanicSimulator,22813,Cars and Motor Vehicles,t5_31dnf,1729697281.3969002
136,r/majorasmask,22812,Gaming,t5_2teg0,1729697281.4202461
137,r/GraphicDesigning,22811,Careers,t5_33ehr,1729697281.439893
138,r/CitrusManga,22808,Anime,t5_3o3ho,1729697281.4595299
139,r/TwoXPreppers,22806,Women's Health,t5_5wnt5j,1729697281.4793081
140,r/GameChangerTV,22805,Television,t5_5lc81v,1729697281.508031
141,r/18650masterrace,22801,Technology,t5_38zm9,1729697281.528312
142,r/zec,22799,Crypto,t5_3g2bq,1729697281.549122
143,r/AnimeBlush,22797,Anime,t5_3ewlq,1729697281.5694878
144,r/Psychopathy,22797,Science,t5_2uyfe,1729697281.59303
145,r/dotamasterrace,22788,Gaming,t5_2z18c,1729697281.613961
146,r/VancouverJobs,22783,Careers,t5_2svd7,1729697281.696209
147,r/HPV,22774,Medical and Mental Health,t5_2tw1s,1729697281.7170198
148,r/Fremont,22773,Place,t5_2st1m,1729697281.7564049
149,r/BollywoodInBikinis,22767,Celebrity,t5_7waavs,1729697281.775093
150,r/lgbthistory,22764,Sexual Orientation,t5_2szb5,1729697281.795267
151,r/Ibispaintx,22757,Art,t5_2g5oez,1729697281.814723
152,r/ProduceMyScript,22754,"Reading, Writing, and Literature",t5_2yy1k,1729697281.834144
153,r/Bluetooth_Speakers,22753,Technology,t5_3cvxy,1729697281.85343
154,r/ASRock,22748,Technology,t5_3fn3s,1729697281.872489
155,r/MonarchMoney,22746,"Business, Economics, and Finance",t5_2ebl2n,1729697281.8911638
156,r/Lima_Peru,22740,Place,t5_13tv6w,1729697281.909874
157,r/Morbius,22737,Movies,t5_ybxe4,1729697281.928591
158,r/PokemonQuest,22737,Gaming,t5_jsd3p,1729697281.947019
159,r/KayAdams,22735,Celebrity,t5_3l7g72,1729697281.965455
160,r/catalonia,22733,Place,t5_2sau7,1729697281.98399
161,r/CounterSide,22730,Gaming,t5_i9f0x,1729697282.00253
162,r/DisneyPinSwap,22729,Hobbies,t5_3cu9f,1729697282.0210931
163,r/AlternateDayFasting,22724,Fitness and Nutrition,t5_3cyto,1729697282.03942
164,r/biltrewards,22723,"Business, Economics, and Finance",t5_4rmic5,1729697282.05866
165,r/Beavers,22722,Animals and Pets,t5_2rdqb,1729697282.077257
166,r/MLRugby,22722,Sports,t5_3j3bl,1729697282.0958269
167,r/hyouka,22715,Anime,t5_2v2v6,1729697282.114464
168,r/TheChurchOfRogers,22713,Celebrity,t5_37ga7,1729697282.132906
169,r/greedfall,22710,Gaming,t5_3j09b,1729697282.152032
170,r/black,22709,Internet Culture and Memes,t5_2qmef,1729697282.171308
171,r/LoveIsBlindUK,22700,Television,t5_9nxwtv,1729697282.190423
172,r/CSUS,22697,Learning and Education,t5_2saj8,1729697282.209764
173,r/CrappyDesign2,22696,Internet Culture and Memes,t5_38ye7,1729697282.228863
174,r/Fungi,22692,Outdoors and Nature,t5_2t5mw,1729697282.247704
175,r/Staples,22687,Careers,t5_2t2e3,1729697282.267136
176,r/ACCA,22686,Careers,t5_2tq3w,1729697282.2867389
177,r/CaregiverSupport,22685,Medical and Mental Health,t5_2wrwy,1729697282.307628
178,r/folklore,22680,Religion and Spirituality,t5_2qusb,1729697282.327339
179,r/notredamefootball,22679,Sports,t5_2uhr8,1729697282.346764
180,r/CatMechanics,22677,Animals and Pets,t5_3jlng,1729697282.366459
181,r/ArtJournaling,22674,Art,t5_2v0kx,1729697282.385789
182,r/morebreedingdittos,22674,Gaming,t5_38coq,1729697282.404587
183,r/tamamahbapengelli,22670,Internet Culture and Memes,t5_pwwzi,1729697282.423603
184,r/PokemonPlaza,22669,Gaming,t5_32gfd,1729697282.442786
185,r/baby,22667,Family and Relationships,t5_2qit0,1729697282.462184
186,r/Everest,22659,Travel,t5_2qyu2,1729697282.4814131
187,r/waterpolo,22657,Sports,t5_2ru9k,1729697282.5003011
188,r/g2a,22656,Gaming,t5_31bhd,1729697282.519201
189,r/programmerreactions,22654,Funny/Humor,t5_37yjy,1729697282.5394602
190,r/led,22653,Technology,t5_2rgyj,1729697282.558461
191,r/firelookouts,22649,Outdoors and Nature,t5_w3690,1729697282.5774112
192,r/Napoleon,22647,History,t5_2swpa,1729697282.597426
193,r/HYPERPOP,22645,Music,t5_3dea9,1729697282.616765
194,r/Tunisian_Crochet,22643,Crafts and DIY,t5_2vvomo,1729697282.636265
195,r/churchoffutaba,22640,Anime,t5_3elee,1729697282.6554172
196,r/DSP,22639,Technology,t5_2qhty,1729697282.6750221
197,r/InjusticeMobile,22639,Gaming,t5_2ymzc,1729697282.694918
198,r/thewholecar,22639,Cars and Motor Vehicles,t5_311zb,1729697282.7146509
199,r/LouisTheroux,22637,Television,t5_2sf26,1729697282.734269
200,r/Soundgarden,22633,Music,t5_2sdgz,1729697282.753273
201,r/RunNYC,22630,Sports,t5_2xqvx,1729697282.771872
202,r/venturacounty,22628,Place,t5_2rf5g,1729697282.791339
203,r/MMAT,22627,"Business, Economics, and Finance",t5_436kn5,1729697282.811635
204,r/GTATrilogy,22620,Gaming,t5_3a8u22,1729697282.83182
205,r/lua,22620,Programming,t5_2qjla,1729697282.8511958
206,r/Fosterparents,22618,Family and Relationships,t5_2xchv,1729697282.870205
207,r/okbuddymetal,22618,Music,t5_2eushv,1729697282.8900092
208,r/History_Mysteries,22610,History,t5_32e1s,1729697282.9091682
209,r/Thickoverload,22609,Mature Themes and Adult Content,t5_3e6hhp,1729697282.928855
210,r/Dofus,22607,Gaming,t5_2sl1e,1729697282.94794
211,r/themole,22607,Television,t5_2qkuq,1729697282.967036
212,r/taikonotatsujin,22603,Gaming,t5_2wsta,1729697282.98609
213,r/Foodhack,22597,Food and Drink,t5_32x5r,1729697283.0057752
214,r/EmuDev,22589,Programming,t5_37zrk,1729697283.0265899
215,r/mtgvorthos,22587,Tabletop Games,t5_2wf9l,1729697283.045158
216,r/catsinwaterpackages,22585,Animals and Pets,t5_2yxhl,1729697283.063671
217,r/runes,22581,History,t5_2s047,1729697283.0825658
218,r/Illenium,22580,Music,t5_3b7ft,1729697283.102106
219,r/junkfoodfinds,22575,Food and Drink,t5_7vhhcq,1729697283.121216
220,r/ThredUp,22571,Marketplace and Deals,t5_3jzp6,1729697283.1404312
221,r/WeirdLookingDogs,22570,Funny/Humor,t5_126ks5,1729697283.1599228
222,r/Habits,22569,Medical and Mental Health,t5_2rr3c,1729697283.179282
223,r/goodanimememes,22568,Anime,t5_2mjx1k,1729697283.19875
224,r/CreepyPastas,22566,"Reading, Writing, and Literature",t5_2vt51,1729697283.218344
225,r/FancyFeet,22560,Animals and Pets,t5_smr18,1729697283.237407
226,r/leftist,22560,Politics,t5_2qz3q,1729697283.257243
227,r/Gabimf_Moura,22558,Mature Themes and Adult Content,t5_8g5qok,1729697283.2770538
228,r/RobotVacuums,22553,Technology,t5_3ewao,1729697283.29761
229,r/homeoffice,22552,Home and Garden,t5_2t46w,1729697283.318333
230,r/OutsideLands,22550,Music,t5_2tm98,1729697283.338261
231,r/MyouiMina,22549,Celebrity,t5_3ct42,1729697283.357973
232,r/pelotonmemes,22548,Sports,t5_3mx5g,1729697283.376887
233,r/sheep,22548,Animals and Pets,t5_2rv3o,1729697283.395693
234,r/ModestDress,22547,Fashion,t5_349de,1729697283.414204
235,r/takecareofmyplant,22547,Home and Garden,t5_3eyt4,1729697283.4329019
236,r/volcas,22544,Music,t5_2ypvb,1729697283.451763
237,r/daverubin,22543,Podcasts and Streamers,t5_3a9fx,1729697283.4706628
238,r/Outlook,22543,Technology,t5_2un6d,1729697283.48947
239,r/PitBossGrills,22543,Food and Drink,t5_25l1sy,1729697283.509335
240,r/opnsense,22542,Technology,t5_36t7q,1729697283.527931
241,r/OstrichPlug,22541,Podcasts and Streamers,t5_4gcy14,1729697283.546817
242,r/Peterborough,22540,Place,t5_2rlvk,1729697283.565891
243,r/SoftWhiteUnderbelly,22528,Podcasts and Streamers,t5_2f0n5h,1729697283.585121
244,r/hiddenwow,22522,Gaming,t5_2vg52,1729697283.6043258
245,r/CJPerry,22517,Celebrity,t5_33ws8,1729697283.6234748
246,r/RakanMains,22514,Gaming,t5_3jvax,1729697283.643189
247,r/marilyn_manson,22512,Music,t5_2tgik,1729697283.662723
248,r/mastodonband,22509,Music,t5_2wq7t,1729697283.682112
249,r/SantaMonica,22508,Place,t5_2shny,1729697283.7015522
