,subreddit,subscribers,topic,subreddit_id,time
0,r/BellevueWA,21905,Place,t5_2uf7r,1729697314.0730891
1,r/Foot_JOIs,21905,Mature Themes and Adult Content,t5_2iuvwn,1729697314.0942621
2,r/TeenIndia,21905,Internet Culture and Memes,t5_5kzsg2,1729697314.1131861
3,r/FordRaptor,21901,Cars and Motor Vehicles,t5_2yqr6,1729697314.131692
4,r/mymusic,21895,Music,t5_2rieb,1729697314.150521
5,r/civ6,21894,Gaming,t5_2wwdz,1729697314.177513
6,r/tokipona,21894,Learning and Education,t5_2s5z5,1729697314.197546
7,r/JCSCriminalPsychology,21893,Podcasts and Streamers,t5_4of91h,1729697314.218396
8,r/TryndamereMains,21892,Gaming,t5_39cxu,1729697314.237366
9,r/typeonegative,21889,Music,t5_2sy70,1729697314.256032
10,r/WeCantStudy,21889,Anime,t5_3iybn,1729697314.322577
11,r/adventuregames,21886,Gaming,t5_2rzjl,1729697314.341611
12,r/TubiTV,21885,Television,t5_3cc2e,1729697314.375489
13,r/genshinsapphic,21881,Gaming,t5_3j7e3f,1729697314.394311
14,r/auroramusic,21880,Music,t5_3ao7f,1729697314.4129548
15,r/marvelchampionslcg,21879,Tabletop Games,t5_22cwwn,1729697314.434201
16,r/vtolvr,21879,Gaming,t5_3ncse,1729697314.453115
17,r/SwingDancing,21876,Hobbies,t5_2rga7,1729697314.472404
18,r/ergonauts,21874,Crypto,t5_3vcclm,1729697314.492126
19,r/NewHorizonsAC,21873,Gaming,t5_1305gh,1729697314.511456
20,r/ReservationDogs,21869,Television,t5_27xpz7,1729697314.530436
21,r/viktormains,21869,Gaming,t5_378p4,1729697314.549346
22,r/LastWarMobileGame,21867,Gaming,t5_ais2ix,1729697314.567779
23,r/PregnancyUK,21867,Family and Relationships,t5_30ychp,1729697314.586694
24,r/PlantsBeingJerks,21859,Home and Garden,t5_2x9xu,1729697314.6055198
25,r/CitizenWatches,21858,Hobbies,t5_3b2p3,1729697314.623968
26,r/BrisbaneSocial,21857,Place,t5_24s9xa,1729697314.6425002
27,r/different_sob_story,21856,Internet Culture and Memes,t5_2ytoh,1729697314.660737
28,r/MexicanFoodGore,21848,Food and Drink,t5_2bh96z,1729697314.679373
29,r/ToyotaHighlander,21843,Cars and Motor Vehicles,t5_4bnqa,1729697314.698308
30,r/warwickmains,21843,Gaming,t5_39ba7,1729697314.717139
31,r/no_sob_story,21840,Meta/Reddit,t5_2vgps,1729697314.7356422
32,r/craftexchange,21839,Crafts and DIY,t5_2s9a3,1729697314.75516
33,r/TripodCats,21839,Animals and Pets,t5_a8yg8,1729697314.7738829
34,r/NativeInstruments,21837,Music,t5_2sj3c,1729697314.7923121
35,r/1688Time,21830,Hobbies,t5_7xv60b,1729697314.8109062
36,r/ContractorUK,21827,Careers,t5_37k3f,1729697314.829626
37,r/masculinity_rocks,21825,Gender,t5_7ygg1b,1729697314.8483908
38,r/BokunoheroFanfiction,21824,Anime,t5_vlxax,1729697314.86738
39,r/OpenSeaNFT,21821,Crypto,t5_46w8j5,1729697314.886025
40,r/travelphotos,21814,Travel,t5_2vjjk,1729697314.904842
41,r/Rekordbox,21812,Music,t5_30w7l,1729697314.9236538
42,r/PoppingPimple,21810,Internet Culture and Memes,t5_30xjgd,1729697314.944416
43,r/ImaginaryOrcs,21807,Art,t5_2y0n0,1729697314.963779
44,r/ACOTARHulu,21806,Television,t5_46fxm9,1729697314.983218
45,r/PundiX,21805,Crypto,t5_bu3kw,1729697315.00237
46,r/DragonageOrigins,21803,Gaming,t5_31q12,1729697315.0212522
47,r/evergrowcoin,21796,Crypto,t5_51rjjb,1729697315.0400379
48,r/anythingbutmetric,21795,Funny/Humor,t5_2cmjv2,1729697315.058736
49,r/InSightLander,21792,Science,t5_o04ub,1729697315.077098
50,r/MelbournePhotography,21791,Art,t5_2x38r,1729697315.095667
51,r/drifties,21788,Animals and Pets,t5_2ct8su,1729697315.114222
52,r/UnexpectedGoodPlace,21787,Television,t5_3pu97,1729697315.1325471
53,r/LeonaMains,21785,Gaming,t5_38ana,1729697315.1510231
54,r/donkeykong,21774,Gaming,t5_2stwn,1729697315.169749
55,r/thegildedage,21770,Television,t5_2zopm,1729697315.18826
56,r/techsales,21769,Careers,t5_2vnfb,1729697315.2065861
57,r/audiobooksonyoutube,21766,"Reading, Writing, and Literature",t5_2wgo6,1729697315.226288
58,r/RISCV,21764,Programming,t5_37y9z,1729697315.244915
59,r/90DayFianceUK,21761,Television,t5_58d07z,1729697315.26293
60,r/WarthunderPlayerUnion,21757,Gaming,t5_8fb2dg,1729697315.2811
61,r/Compilers,21754,Programming,t5_2qrgl,1729697315.2997959
62,r/IsraelWarVideoReport,21752,Military,t5_9jiys0,1729697315.318717
63,r/HoldMyBreedingTube,21750,Internet Culture and Memes,t5_25s39b,1729697315.337259
64,r/PeopleWhoWorkAt,21746,Careers,t5_tym0b,1729697315.355972
65,r/thepunchlineisracism,21746,Internet Culture and Memes,t5_49hkkr,1729697315.374822
66,r/Amphorium,21743,"Independent crypto media. Find the latest news about Bitcoin, Ethereum, Altcoins, NFTs, DeFi & Metaverse.",t5_4vaxbt,1729697315.393214
67,r/TheChurchOfShaggy,21743,Internet Culture and Memes,t5_vcbb1,1729697315.411604
68,r/cestunepieencule,21740,Internet Culture and Memes,t5_6vb57q,1729697315.4311738
69,r/Surron,21740,Cars and Motor Vehicles,t5_22gsd9,1729697315.450835
70,r/TrueBackrooms,21739,Internet Culture and Memes,t5_127w3v,1729697315.4699378
71,r/amiga,21737,Technology,t5_2qikh,1729697315.489791
72,r/ImaginaryPropaganda,21734,Art,t5_2zfid,1729697315.509025
73,r/wintercycling,21734,Sports,t5_34b5y,1729697315.527597
74,r/undisputedboxing,21732,Gaming,t5_72p9pt,1729697315.546597
75,r/SpainFIRE,21729,"Business, Economics, and Finance",t5_tigm8,1729697315.565227
76,r/tech1e,21728,Podcasts and Streamers,t5_3m3v0t,1729697315.584047
77,r/AussieTikTokSnark,21726,Podcasts and Streamers,t5_7e2vmb,1729697315.602937
78,r/homebrew,21726,Programming,t5_2qw5k,1729697315.621635
79,r/ImaginaryDwarves,21717,Art,t5_2y0jp,1729697315.6399791
80,r/IvanaKnoll,21717,Celebrity,t5_63g9ii,1729697315.658724
81,r/OffTheGrid,21716,Home and Garden,t5_2sw6r,1729697315.677373
82,r/Patrig,21716,Internet Culture and Memes,t5_3g8hw,1729697315.696922
83,r/unix,21712,Programming,t5_2qhd5,1729697315.715604
84,r/TheSilmarillion,21711,"Reading, Writing, and Literature",t5_2usvw,1729697315.734093
85,r/HardwareSwapUK,21709,Marketplace and Deals,t5_2sp1c,1729697315.752959
86,r/notthebeaverton,21709,World News,t5_2z92u,1729697315.781913
87,r/OmegaStrikers,21709,Gaming,t5_67bq7z,1729697315.8004858
88,r/casetoomeme,21706,Podcasts and Streamers,t5_81dxkn,1729697315.818932
89,r/Dogloaf,21697,Animals and Pets,t5_33qmx,1729697315.8372312
90,r/BoFuri,21696,Anime,t5_22o92n,1729697315.855961
91,r/airbrush,21694,Art,t5_2tiuv,1729697315.874801
92,r/LaserEyedCats,21691,Animals and Pets,t5_3ibar,1729697315.8936162
93,r/humour,21688,Internet Culture and Memes,t5_2r07y,1729697315.912516
94,r/LegoCreations,21686,Hobbies,t5_2uq4c,1729697315.9321358
95,r/BertKreischer,21685,Celebrity,t5_2tjpv,1729697315.951794
96,r/cellular_automata,21682,Science,t5_2tr1l,1729697316.008088
97,r/MemoryDefrag,21681,Gaming,t5_3g3s7,1729697316.1030579
98,r/VintageClothing,21680,Fashion,t5_2qwwy,1729697316.124696
99,r/MaddenCFM,21679,Gaming,t5_31a9v,1729697316.143327
100,r/sheetmusic,21679,Music,t5_2qktf,1729697316.161966
101,r/JoePera,21678,Celebrity,t5_janbi,1729697316.180653
102,r/phenotypes,21678,"Culture, Race, and Ethnicity",t5_3rlxu8,1729697316.207815
103,r/austriahungary,21677,History,t5_31zn5,1729697316.226433
104,r/leaf,21673,Cars and Motor Vehicles,t5_2sfej,1729697316.245012
105,r/Eyelooks,21669,Beauty and Makeup,t5_28cyrv,1729697316.263647
106,r/ToFizzOrNotToFizz,21666,Food and Drink,t5_3c1s5,1729697316.282136
107,r/BashTheFash,21664,Ethics and Philosophy,t5_6c7yuz,1729697316.346896
108,r/Kafes,21661,Podcasts and Streamers,t5_3lb7py,1729697316.3657868
109,r/Ravenfield,21658,Gaming,t5_3fwi0,1729697316.39115
110,r/rubyonrails,21656,Programming,t5_2qi04,1729697316.409995
111,r/DistroKidHelpDesk,21654,Music,t5_2o67cb,1729697316.429031
112,r/ocala,21649,Place,t5_2s4hh,1729697316.449984
113,r/SingleDads,21648,Family and Relationships,t5_2srzj,1729697316.469456
114,r/CypherRing,21646,Gaming,t5_5ukhfm,1729697316.488647
115,r/InvisibleBicycles,21643,Funny/Humor,t5_2yt9i,1729697316.5079522
116,r/SimsMobile,21642,Gaming,t5_3ker8,1729697316.527015
117,r/InterdimensionalNHI,21638,Internet Culture and Memes,t5_bhb06m,1729697316.545689
118,r/GeekSquad,21636,Technology,t5_2rrk9,1729697316.564113
119,r/NATOWave,21634,Military,t5_4a3gqy,1729697316.583025
120,r/TemuThings,21630,Marketplace and Deals,t5_9genvd,1729697316.6016908
121,r/TELOS,21628,Crypto,t5_2u6b3,1729697316.6204212
122,r/ChromeHeart,21626,Fashion,t5_36b188,1729697316.639008
123,r/D4Necromancer,21624,Gaming,t5_6ixoxo,1729697316.657071
124,r/wakfu,21618,Gaming,t5_2sbcy,1729697316.675325
125,r/waterbros,21613,Funny/Humor,t5_102azz,1729697316.693599
126,r/tech_house,21612,Music,t5_2se7s,1729697316.7130198
127,r/FenyxRising,21605,Gaming,t5_3251up,1729697316.73447
128,r/lovehandles,21602,Mature Themes and Adult Content,t5_31pca,1729697316.753394
129,r/tallfashionadvice,21595,Fashion,t5_2umpz,1729697316.782431
130,r/seedswap,21590,Home and Garden,t5_2r5fm,1729697316.800568
131,r/islamichistory,21588,History,t5_33a6q,1729697316.819467
132,r/pinkplants,21586,Home and Garden,t5_1u1e5j,1729697316.838351
133,r/bronco,21584,Cars and Motor Vehicles,t5_2tgg8,1729697316.857055
134,r/CosmosAirdrops,21584,Crypto,t5_5azor8,1729697316.875842
135,r/mountains,21584,Outdoors and Nature,t5_2s90a,1729697316.8946
136,r/Archiveofourownmemes,21583,Internet Culture and Memes,t5_4daplv,1729697316.913252
137,r/GenerationJones,21579,History,t5_3mmla2,1729697316.9327621
138,r/cookingcollaboration,21577,Food and Drink,t5_3b4jh,1729697316.952822
139,r/shiroganesama,21577,Podcasts and Streamers,t5_1114ba,1729697316.971946
140,r/mahluna,21575,Podcasts and Streamers,t5_4w34y2,1729697316.991006
141,r/sammythighs,21575,Mature Themes and Adult Content,t5_8o4wki,1729697317.0108118
142,r/wholesomepranks,21573,Funny/Humor,t5_3hjlw,1729697317.02992
143,r/amberheard,21570,Celebrity,t5_2sgrb,1729697317.048625
144,r/discover,21569,"Business, Economics, and Finance",t5_2qody,1729697317.067361
145,r/fangies,21567,Animals and Pets,t5_wajvq,1729697317.0860999
146,r/AsheruIMBA,21566,Podcasts and Streamers,t5_46kbxi,1729697317.104528
147,r/Pyrex_Love,21562,Food and Drink,t5_2teib,1729697317.123277
148,r/ipv6,21561,Technology,t5_2qmpw,1729697317.142007
149,r/HarryPotteronHBO,21557,Television,t5_87sv5u,1729697317.161001
150,r/UnderNightInBirth,21555,Gaming,t5_2y04q,1729697317.179911
151,r/MTGO,21551,Gaming,t5_2qwgh,1729697317.199981
152,r/Physical100,21548,Television,t5_7sghf3,1729697317.218467
153,r/NewPipe,21547,Technology,t5_4fobl,1729697317.237479
154,r/longlostgamers,21541,Gaming,t5_2vgp9,1729697317.25636
155,r/treeidentification,21541,Outdoors and Nature,t5_32qv5,1729697317.274941
156,r/olivertree,21540,Music,t5_3o54s,1729697317.293735
157,r/Paleoart,21538,Art,t5_2z0xu,1729697317.312222
158,r/EarthStrike,21531,Activism,t5_r5ax8,1729697317.330875
159,r/OutsideT14lawschools,21527,Learning and Education,t5_2lrd7h,1729697317.349252
160,r/2anatolia4you,21524,Internet Culture and Memes,t5_3o3tp3,1729697317.368043
161,r/21stCenturyBabes,21523,Mature Themes and Adult Content,t5_7w720n,1729697317.386761
162,r/rhythmheaven,21522,Gaming,t5_2twoc,1729697317.405695
163,r/LilyChee18,21517,Celebrity,t5_314odo,1729697317.424588
164,r/catalan,21516,Learning and Education,t5_2tjlk,1729697317.444402
165,r/smallbusinessuk,21514,"Business, Economics, and Finance",t5_2srty,1729697317.4630752
166,r/NepalSocial,21506,Place,t5_afta1v,1729697317.482053
167,r/AdLunam_Launchpad,21501,AdLunam the first NFT integrated Investment Platform using an Engage To Earn model with a Proof of Attention Mechanism to reward you! Welcome to the game changing Launchpad,t5_5hwchb,1729697317.501069
168,r/TheFrontRange,21500,Place,t5_2hq51q,1729697317.520279
169,r/mua,21497,Beauty and Makeup,t5_2v66e,1729697317.540284
170,r/TennisClash,21497,Gaming,t5_10tdy4,1729697317.5595431
171,r/fordfusion,21496,Cars and Motor Vehicles,t5_2u6bd,1729697317.579953
172,r/intotheradius,21496,Gaming,t5_ycoye,1729697317.59853
173,r/OvercookedGame,21496,Gaming,t5_3fodx,1729697317.6169899
174,r/AndroidPreviews,21492,Technology,t5_3926l,1729697317.635294
175,r/LiberalGooseGroup,21486,Politics,t5_6er7z6,1729697317.65362
176,r/WhatsThisShoe,21477,Fashion,t5_35ep2,1729697317.673244
177,r/2011,21476,Mature Themes and Adult Content,t5_2qwws,1729697317.691961
178,r/DianaEstradaOnly,21475,Mature Themes and Adult Content,t5_6h1g3b,1729697317.710732
179,r/SlowHorses,21469,Television,t5_5sxx8e,1729697317.729356
180,r/ZenyattaMains,21468,Gaming,t5_3ejvg,1729697317.748341
181,r/Explainlikeimscared,21464,Family and Relationships,t5_2xiog,1729697317.776057
182,r/mirin,21463,Family and Relationships,t5_2wf0y,1729697317.7944179
183,r/PluggnB,21459,Music,t5_trufs,1729697317.812944
184,r/Arad,21458,Place,t5_2t435,1729697317.831108
185,r/realityshifting,21456,Hobbies,t5_4zf3c7,1729697317.8493881
186,r/StarWarsArmada,21455,Tabletop Games,t5_32ym5,1729697317.868176
187,r/Bobbers,21454,Cars and Motor Vehicles,t5_2sxtt,1729697317.886666
188,r/NamiMains,21453,Gaming,t5_387du,1729697317.905503
189,r/CaptainDisillusion,21450,Podcasts and Streamers,t5_36zyy,1729697317.924234
190,r/Stocks_Picks,21450,"Business, Economics, and Finance",t5_3p1cn,1729697317.944631
191,r/MinecraftMod,21448,Gaming,t5_2seac,1729697317.963548
192,r/ArtTimelapse,21444,Art,t5_3iuea,1729697317.9829628
193,r/Boxers,21443,Animals and Pets,t5_2t0fn,1729697318.001882
194,r/DeskCableManagement,21437,Technology,t5_2ue6v,1729697318.021446
195,r/rabbitswithjobs,21436,Animals and Pets,t5_bvysg,1729697318.040477
196,r/McKinsey_BCG_Bain,21433,Careers,t5_969ina,1729697318.059436
197,r/labradoodles,21419,Animals and Pets,t5_2rqa0,1729697318.0780559
198,r/ratemydessert,21417,Food and Drink,t5_21znyc,1729697318.0968409
199,r/OntologyNetwork,21412,Crypto,t5_4blrv,1729697318.115309
200,r/Tyla,21411,Music,t5_27tg1u,1729697318.1339688
201,r/MattressAdvisory,21409,Home and Garden,t5_7fwnzp,1729697318.1534479
202,r/UserExperienceDesign,21408,Learning and Education,t5_2ug9m,1729697318.172002
203,r/pleistocene,21405,Science,t5_23e60z,1729697318.190997
204,r/SportCardValue,21403,Hobbies,t5_97s0au,1729697318.209561
205,r/pantheism,21401,Religion and Spirituality,t5_2rl1v,1729697318.2282822
206,r/PixelBook,21401,Technology,t5_3olir,1729697318.246432
207,r/Interpol,21397,Music,t5_2rwkm,1729697318.2649531
208,r/XenobladeChronicles2,21397,Gaming,t5_3ihoi,1729697318.283224
209,r/CyberSleuth,21396,Gaming,t5_3caqh,1729697318.3016949
210,r/mandolin,21396,Music,t5_2rsc7,1729697318.320029
211,r/VenomousKeepers,21393,Animals and Pets,t5_p5te7,1729697318.338393
212,r/tundra,21392,Cars and Motor Vehicles,t5_2rq04,1729697318.356639
213,r/LittleFreeLibrary,21388,"Reading, Writing, and Literature",t5_31qck,1729697318.3752341
214,r/caseyneistat,21387,Podcasts and Streamers,t5_2y8ps,1729697318.3936372
215,r/YomiHustle,21387,Gaming,t5_7e0mow,1729697318.41189
216,r/AimeLeonDore,21379,Fashion,t5_xta6f,1729697318.430219
217,r/ParlerTrick,21377,Politics,t5_3ffh5p,1729697318.4512901
218,r/VegasPro,21377,Technology,t5_3fxkv,1729697318.469985
219,r/DelusionsOfAdequacy,21373,Internet Culture and Memes,t5_2gjiq0,1729697318.489089
220,r/secretlab,21370,Gaming,t5_2skeh,1729697318.5078242
221,r/Metaverse_Blockchain,21369,Crypto,t5_3od9i,1729697318.5270898
222,r/yimby,21367,Politics,t5_2ve0m,1729697318.5457659
223,r/FJCruiser,21364,Cars and Motor Vehicles,t5_2si0x,1729697318.564609
224,r/Overlandpark,21363,Place,t5_2vuzl,1729697318.5833979
225,r/ExamHelpers_Tutoring,21362,"Welcome to ExamHelpers_Tutoring. Pay VERIFIED TUTORS to handle your Exams and Homework on time. Join our discord, create a ticket and get instant help with your exams and homework.",t5_8z00ne,1729697318.602411
226,r/squarebodies,21362,Cars and Motor Vehicles,t5_2zxfk,1729697318.6212292
227,r/TrueTrueReddit,21361,World News,t5_2rx07,1729697318.64127
228,r/SandwichesofHistory,21360,Food and Drink,t5_6u02oj,1729697318.659575
229,r/WonderlandTIME,21356,Crypto,t5_54yruf,1729697318.678036
230,r/nightcafe,21354,Art,t5_54v4b3,1729697318.696857
231,r/GeeksGamersCommunity,21353,Podcasts and Streamers,t5_otlmu,1729697318.715609
232,r/invasivespecies,21353,Outdoors and Nature,t5_2s89v,1729697318.7334762
233,r/ImaginaryWarships,21349,Art,t5_309f2,1729697318.75164
234,r/PalinaRojinski,21342,Celebrity,t5_35t17,1729697318.779527
235,r/dogsenjoyingnature,21341,Animals and Pets,t5_3d1nf,1729697318.797812
236,r/beetle,21340,Cars and Motor Vehicles,t5_2scbf,1729697318.816216
237,r/bioengineering,21340,Science,t5_2sb13,1729697318.8345642
238,r/durham,21340,Place,t5_2qibg,1729697318.853058
239,r/diablo2resurrected,21339,Gaming,t5_2n600a,1729697318.8716009
240,r/JetLagTheGame,21337,Podcasts and Streamers,t5_74lr0i,1729697318.889942
241,r/Enayet_Chowdhury,21336,Politics,t5_4joqvt,1729697318.9080288
242,r/SocietyofHiddenPaint,21334,Tabletop Games,t5_12j9a6,1729697318.926207
243,r/AskCentralAsia,21332,"Culture, Race, and Ethnicity",t5_ujz7x,1729697318.945985
244,r/GolemProject,21332,Crypto,t5_3emre,1729697318.965707
245,r/ScuttleCrabMains,21328,Gaming,t5_2ssh6p,1729697318.985335
246,r/itchio,21327,Gaming,t5_2zkf3,1729697319.004384
247,r/RemoteJobHunters,21327,Careers,t5_4g624p,1729697319.023433
248,r/MusicEd,21324,Careers,t5_2swl6,1729697319.044275
249,r/EmperorsChildren,21321,Tabletop Games,t5_3nxrb,1729697319.0624251
