,subreddit,subscribers,topic,subreddit_id,time
0,r/Tricking,19180,Sports,t5_2s8yf,1729697411.259733
1,r/gangbeasts,19172,Gaming,t5_30vjv,1729697411.281483
2,r/tiktokersspain,19172,Mature Themes and Adult Content,t5_6jq27v,1729697411.301086
3,r/SpunoutVideoEdits,19171,Mature Themes and Adult Content,t5_8a249k,1729697411.324852
4,r/web_programming,19169,Programming,t5_2yse3,1729697411.344574
5,r/woofbarkwoof,19169,Animals and Pets,t5_382cb,1729697411.3760781
6,r/AllChinabuy,19168,Marketplace and Deals,t5_azs5b8,1729697411.395373
7,r/NeuralDSP,19168,Technology,t5_2atpap,1729697411.414586
8,r/JUSTINBIEBER,19167,Celebrity,t5_2r4ze,1729697411.4335501
9,r/DJAkademiks,19166,Podcasts and Streamers,t5_3ensl,1729697411.4526248
10,r/juliensolomita,19166,Podcasts and Streamers,t5_a1qsd,1729697411.526667
11,r/AestheticWallpapers,19164,Art,t5_3fw1f,1729697411.545634
12,r/ICARUS,19163,Gaming,t5_4tg797,1729697411.572351
13,r/ParkJihyo,19160,Celebrity,t5_3ctwp,1729697411.59141
14,r/fennecfoxes,19158,Animals and Pets,t5_2uwjv,1729697411.610435
15,r/HikerTrashMeals,19158,Food and Drink,t5_307zzw,1729697411.629586
16,r/2kmyteam,19156,Gaming,t5_38xot,1729697411.6485991
17,r/Pflugerville,19156,Place,t5_2s87j,1729697411.6676102
18,r/90dayfiance_FB_memes,19152,Television,t5_7coq1u,1729697411.686317
19,r/AshaDegree,19148,Law,t5_11nq90,1729697411.70544
20,r/dungeondefenders,19148,Gaming,t5_2sf8u,1729697411.724041
21,r/solidity,19147,Programming,t5_37k24,1729697411.7432692
22,r/ShaileneWoodley,19144,Celebrity,t5_2tnkn,1729697411.762058
23,r/autotldr,19136,Meta/Reddit,t5_2thsh,1729697411.781028
24,r/Dudeism,19135,Ethics and Philosophy,t5_2r1bk,1729697411.7997792
25,r/polydactyl,19134,Animals and Pets,t5_2qojz,1729697411.8201861
26,r/NewDads,19133,Family and Relationships,t5_2sau1,1729697411.8400419
27,r/BrownDust2Official,19132,Gaming,t5_8mj0ef,1729697411.8594828
28,r/StarWarsShips,19132,Movies,t5_39ayl,1729697411.878942
29,r/pompoir,19131,Mature Themes and Adult Content,t5_52qxpr,1729697411.8990562
30,r/venti,19127,Anime,t5_2qm6r,1729697411.918528
31,r/MittenSquad,19126,Celebrity,t5_2yzgw,1729697411.9374971
32,r/drumline,19124,Music,t5_2toak,1729697411.956613
33,r/GaState,19117,Learning and Education,t5_2s6ds,1729697411.975606
34,r/WorshipJennaOrtega,19116,Celebrity,t5_5p353d,1729697411.994393
35,r/FE_Exam,19115,Learning and Education,t5_38k9a,1729697412.013272
36,r/trondheim,19113,Place,t5_2rt5g,1729697412.033252
37,r/CanadianPL,19109,Sports,t5_3bpge,1729697412.0542982
38,r/cambridge_uni,19108,Learning and Education,t5_2s17x,1729697412.07361
39,r/nexusmods,19108,Gaming,t5_2y0at,1729697412.092683
40,r/remotejs,19108,Programming,t5_35p7v,1729697412.11289
41,r/trueMusic,19108,Music,t5_2rzty,1729697412.132437
42,r/bahamas,19106,Place,t5_2rld2,1729697412.152291
43,r/facebookdisabledme,19104,Technology,t5_3kk761,1729697412.1718788
44,r/huskies,19101,Sports,t5_2skd8,1729697412.1908429
45,r/NewToDenmark,19101,Place,t5_6qvyt2,1729697412.2101839
46,r/WebtoonCanvas,19100,"Reading, Writing, and Literature",t5_2cscdf,1729697412.229589
47,r/AkatsukinoYona,19099,Anime,t5_33n8w,1729697412.249705
48,r/ApexLegendsMemes,19099,Gaming,t5_w08w9,1729697412.268637
49,r/messi,19099,Sports,t5_2tvzo,1729697412.2876642
50,r/SWFL,19096,Place,t5_2se9m,1729697412.306431
51,r/Witchbrook,19094,Gaming,t5_fm4gw,1729697412.325408
52,r/GTA7,19092,Gaming,t5_2vk1e,1729697412.367455
53,r/TimeTravelSteve,19089,Internet Culture and Memes,t5_11xtyy,1729697412.388299
54,r/umanitoba,19089,Learning and Education,t5_2s4oc,1729697412.409385
55,r/Playdate,19088,Gaming,t5_2spg8,1729697412.428829
56,r/ZHCSubmissions,19088,Podcasts and Streamers,t5_qdp36,1729697412.447941
57,r/gigantic,19086,Gaming,t5_2rkwg,1729697412.467089
58,r/influencers_tiktok,19082,Mature Themes and Adult Content,t5_aaou73,1729697412.486144
59,r/LabDiamonds,19079,Fashion,t5_262l5q,1729697412.505169
60,r/hanoi,19075,Place,t5_2r5q2,1729697412.525356
61,r/TheLustygrandmas,19072,Welcome to the hottest horniest sub Reddit about GRANNY PORN! This sub to encourage people to jerk off to GRANNY PORN by posting dirty pictures of GRANNY PORNSTARS performing GRANNY PORN! WARNING! After you visit this sub you will immediately be horny for GRANNY PORN! I’ve even started posting close up of GRANNY PORNSTARS GRANNY PUSSIES with hard cock in them to let you know what you should be getting horny for! I use this sub to make other people look at GRANNY PORN because that is so damn hot!,t5_5202ve,1729697412.545769
62,r/ewphoria,19067,Gender,t5_75ijpz,1729697412.572463
63,r/Surlybikefans,19065,Hobbies,t5_358z5,1729697412.591289
64,r/melbournemusic,19061,Music,t5_2srld,1729697412.6097121
65,r/megaconstrux,19054,Hobbies,t5_3gx1d,1729697412.628458
66,r/ancestors,19052,Gaming,t5_37ypm,1729697412.647213
67,r/bigsleep,19051,Art,t5_3ve5l3,1729697412.669813
68,r/ParanormalReddit,19051,Internet Culture and Memes,t5_2shr8,1729697412.702122
69,r/Eloping,19049,Family and Relationships,t5_2v27k,1729697412.724046
70,r/MonsterProm,19049,Gaming,t5_4bmj7,1729697412.7466009
71,r/FrontiersOfPandora,19047,Gaming,t5_4le5hz,1729697412.768119
72,r/roastmypet,19041,Animals and Pets,t5_39nm3,1729697412.7888331
73,r/SnooLife,19040,Medical and Mental Health,t5_xp0ds,1729697412.808034
74,r/AmazonVine,19034,Marketplace and Deals,t5_28yu6q,1729697412.829953
75,r/minimalist_art,19034,Art,t5_2ssjc,1729697412.849469
76,r/hatsunemiku,19033,Anime,t5_2rqwd,1729697412.86912
77,r/fitgirlsinbikinis,19029,"Sharing and appreciating beautiful fit girls showing off in bikinis. Bras, sets, and bikini adjacent content welcome.",t5_8ft6p9,1729697412.888761
78,r/askhotels,19028,Careers,t5_2w0xb,1729697412.908471
79,r/werewolves,19025,Hobbies,t5_2ssdh,1729697412.930176
80,r/zsh,19024,Programming,t5_2rb3y,1729697412.9512
81,r/BinanceUS,19016,Crypto,t5_250pfe,1729697412.9706829
82,r/Cookies,19013,Food and Drink,t5_2qjsb,1729697412.989876
83,r/JeanMains,19013,Gaming,t5_38ddxx,1729697413.0089548
84,r/PeptideDiscussion,19013,Mature Themes and Adult Content,t5_85za1v,1729697413.028096
85,r/RenektonMains,19012,Gaming,t5_39cxm,1729697413.046952
86,r/OnlyCleavageClub,19011,Only Cleavage Club,t5_ajoo29,1729697413.065883
87,r/basslessons,19010,Music,t5_2sr7g,1729697413.084887
88,r/quainetwork,19001,Crypto,t5_5qldiv,1729697413.103863
89,r/DogsWhoYell,19000,Animals and Pets,t5_11abf1,1729697413.1221042
90,r/Handspinning,19000,Hobbies,t5_2rx72,1729697413.140766
91,r/takemysurvey,19000,Learning and Education,t5_2z6t2,1729697413.1594958
92,r/ProWordPress,18997,Technology,t5_2vyjj,1729697413.178306
93,r/TrollFaceIncident,18997,Internet Culture and Memes,t5_3odj45,1729697413.197088
94,r/Covetfashion,18996,Gaming,t5_353v3,1729697413.215969
95,r/LeBlancMains,18996,Gaming,t5_35bez,1729697413.23471
96,r/TikTokFeetLive,18991,Mature Themes and Adult Content,t5_7u22qc,1729697413.253866
97,r/DopeAsHell,18987,Internet Culture and Memes,t5_pyxhd,1729697413.271785
98,r/projectsession,18985,Gaming,t5_38vse,1729697413.289024
99,r/EllaPurnell,18982,Celebrity,t5_2u24t,1729697413.306336
100,r/mercedesamgf1,18982,Sports,t5_30jvh,1729697413.326415
101,r/GenshinTrades,18978,Marketplace and Deals,t5_37xdad,1729697413.344974
102,r/stratisplatform,18977,Crypto,t5_3f8kk,1729697413.364043
103,r/sofistock,18976,"Business, Economics, and Finance",t5_445tpz,1729697413.383252
104,r/NUST,18974,Learning and Education,t5_2yjm8,1729697413.467502
105,r/128bitbay,18973,Gaming,t5_8dg07b,1729697413.548692
106,r/rSlash_YT,18970,Celebrity,t5_zwbmd,1729697413.5704331
107,r/CreaturesofSonaria,18969,Gaming,t5_3237mu,1729697413.589578
108,r/ambient,18968,Music,t5_2qmwi,1729697413.608565
109,r/MAU3,18968,Gaming,t5_sflfl,1729697413.6279612
110,r/RiotFest,18967,Music,t5_2wqhk,1729697413.656287
111,r/NinomaeInanis,18966,Anime,t5_33i6gg,1729697413.675088
112,r/beginnerastrology,18964,Religion and Spirituality,t5_2l642d,1729697413.69408
113,r/learncsharp,18962,Programming,t5_2s0xo,1729697413.712995
114,r/honeypuu__,18960,Mature Themes and Adult Content,t5_97ngwd,1729697413.731783
115,r/Rubiks_Cubes,18960,Hobbies,t5_2w40s,1729697413.798591
116,r/ThomasPynchon,18957,"Reading, Writing, and Literature",t5_2skte,1729697413.818014
117,r/DoomPatrol,18956,Television,t5_31bwf,1729697413.862981
118,r/goodvibes,18956,Internet Culture and Memes,t5_2qwzd,1729697413.8825548
119,r/UrgotMains,18956,Gaming,t5_3303r,1729697413.9017441
120,r/Citrus,18955,Home and Garden,t5_2ti51,1729697413.9206588
121,r/starfield_lore,18954,Gaming,t5_7rdyem,1729697413.939712
122,r/GTAgifs,18952,Gaming,t5_2ynje,1729697413.958998
123,r/OshiNoKoMemes,18952,Anime,t5_8bbtlv,1729697413.977837
124,r/Idles,18951,Music,t5_3jquv,1729697413.9964821
125,r/BollywoodShaadis,18950,Celebrity,t5_7l5c6h,1729697414.016077
126,r/TimingWasPerfect,18950,Internet Culture and Memes,t5_2g8sow,1729697414.035925
127,r/LoFiAesthetic,18949,Art,t5_26pxpt,1729697414.055477
128,r/EatTheRich,18948,Activism,t5_4w6e5j,1729697414.075161
129,r/BlackboxPuzzles,18943,Gaming,t5_39m53,1729697414.094049
130,r/langrisser,18940,Gaming,t5_2vo7m,1729697414.113208
131,r/galaxynote10,18936,Technology,t5_34bej,1729697414.132246
132,r/TurkeyMeta,18935,World News,t5_5fkffq,1729697414.151623
133,r/puer,18930,Food and Drink,t5_2unf1,1729697414.171815
134,r/Bonchi,18926,Home and Garden,t5_2x5yn,1729697414.192939
135,r/531Discussion,18920,Fitness and Nutrition,t5_citco,1729697414.211875
136,r/anglish,18919,"Reading, Writing, and Literature",t5_2sne7,1729697414.231185
137,r/Woodszin,18910,Podcasts and Streamers,t5_2pepbv,1729697414.250259
138,r/amazonemployees,18905,Careers,t5_3eeat,1729697414.269161
139,r/sabrina,18905,Television,t5_2rkpy,1729697414.287897
140,r/ThaiFood,18905,Food and Drink,t5_2tauv,1729697414.3069382
141,r/anglosaxon,18904,History,t5_2vo6h,1729697414.328029
142,r/openbsd,18900,Technology,t5_2qnr6,1729697414.347397
143,r/slpGradSchool,18900,Learning and Education,t5_39xqx,1729697414.366583
144,r/indiebiz,18894,"Business, Economics, and Finance",t5_2vgxa,1729697414.3862872
145,r/bioware,18891,Gaming,t5_2rnfb,1729697414.4056342
146,r/miniSNES,18891,Gaming,t5_3fhep,1729697414.4267368
147,r/haiti,18889,Place,t5_2ql9x,1729697414.448073
148,r/Staiy,18888,Gaming,t5_37h7q,1729697414.467893
149,r/annasophiarobb,18887,Celebrity,t5_2s6v4,1729697414.4901462
150,r/filthypitches,18884,Sports,t5_2xblo,1729697414.512037
151,r/sscnapoli,18883,Sports,t5_2spkf,1729697414.5306711
152,r/watchOSBeta,18881,Technology,t5_38wn7,1729697414.5510888
153,r/drone,18873,Music,t5_2rw5e,1729697414.5733938
154,r/escaperooms,18873,Hobbies,t5_35o1v,1729697414.595905
155,r/egopowerplus,18871,Technology,t5_101eli,1729697414.61638
156,r/promotereddit,18871,Meta/Reddit,t5_2tcef,1729697414.636727
157,r/villagerrights,18871,Gaming,t5_231loo,1729697414.6564732
158,r/CoronavirusAlabama,18870,Place,t5_2glya8,1729697414.6764731
159,r/Sezane,18870,Fashion,t5_2itlos,1729697414.696966
160,r/AmericanHistory,18865,History,t5_2qiee,1729697414.715474
161,r/bbwfeetlove,18859,Mature Themes and Adult Content,t5_4u6878,1729697414.733752
162,r/FeetBR,18858,Mature Themes and Adult Content,t5_67zkc8,1729697414.7529159
163,r/analogygifs,18857,Internet Culture and Memes,t5_2uhkk,1729697414.770609
164,r/BDSP,18855,Gaming,t5_40wtkw,1729697414.789372
165,r/Porsche_Cayman,18855,Cars and Motor Vehicles,t5_3eueq,1729697414.807895
166,r/BELGICA,18854,Internet Culture and Memes,t5_2xlkj,1729697414.828073
167,r/abanpreach,18853,Podcasts and Streamers,t5_2jgwft,1729697414.848635
168,r/WeissSchwarz,18853,Tabletop Games,t5_2uolt,1729697414.868848
169,r/WITT_FAT,18853,Learning and Education,t5_h0fke,1729697414.916495
170,r/EDRecoverySnark,18848,Celebrity,t5_7tcn9t,1729697414.9405382
171,r/GenjiMains,18847,Gaming,t5_3dywh,1729697414.960532
172,r/sludge,18847,Music,t5_2sznn,1729697414.981163
173,r/HalfFlops,18846,Animals and Pets,t5_ks0jt,1729697415.000561
174,r/Galaxy_S20,18845,Technology,t5_2bf7r5,1729697415.018212
175,r/ScissorSeven,18845,Anime,t5_2by8sc,1729697415.0356932
176,r/NZBitcoin,18842,Crypto,t5_2wujr,1729697415.053239
177,r/GeorgiaCampAndHike,18840,Outdoors and Nature,t5_389uz,1729697415.070739
178,r/snowden,18840,Activism,t5_2xjl1,1729697415.088126
179,r/UrbexRo,18838,Travel,t5_3csiue,1729697415.105401
180,r/G37,18837,Cars and Motor Vehicles,t5_2x86q,1729697415.123661
181,r/bukowski,18834,"Reading, Writing, and Literature",t5_2ql0j,1729697415.140926
182,r/cognitivescience,18834,Science,t5_2rpg6,1729697415.158149
183,r/Metoidioplasty,18832,Gender,t5_2pxdzp,1729697415.176638
184,r/TriangleStrategy,18832,Gaming,t5_3z8y83,1729697415.1943161
185,r/louboutins,18830,Fashion,t5_2yfib,1729697415.211953
186,r/Ulyssesbucketlist,18830,Ethics and Philosophy,t5_31q4w,1729697415.229244
187,r/taquerosprogramadores,18829,"Business, Economics, and Finance",t5_30domc,1729697415.2465541
188,r/RangeRover,18820,Cars and Motor Vehicles,t5_2x3gw,1729697415.263714
189,r/Locochon,18818,Podcasts and Streamers,t5_5sxuai,1729697415.2809641
190,r/RentPH,18818,"Business, Economics, and Finance",t5_aoxwhd,1729697415.298272
191,r/csshelp,18817,Programming,t5_2roaw,1729697415.315553
192,r/pencils,18817,Hobbies,t5_2qmhr,1729697415.3358788
193,r/Antwerpen,18814,Place,t5_2scb6,1729697415.354385
194,r/employedbykohls,18814,Careers,t5_35bcz,1729697415.373336
195,r/ThaiCelebs,18811,Mature Themes and Adult Content,t5_9b5z12,1729697415.3924448
196,r/BourbonHunt,18810,Food and Drink,t5_33dhk,1729697415.410301
197,r/masters,18809,Sports,t5_2tgcn,1729697415.4278731
198,r/SK8TheInfinity,18809,Anime,t5_35cb2f,1729697415.445724
199,r/CringePDPSubmissions,18808,Internet Culture and Memes,t5_2fjghw,1729697415.464169
200,r/GymnastBabes,18807,Mature Themes and Adult Content,t5_9r0s0t,1729697415.482833
201,r/blackandwhite,18806,Art,t5_2se4v,1729697415.501718
202,r/Neringakriziutefans,18806,Mature Themes and Adult Content,t5_6wl02n,1729697415.5194418
203,r/notabilityapp,18805,Technology,t5_z4ynk,1729697415.537399
204,r/ImaginaryAnimals,18804,Art,t5_2yeo9,1729697415.5549738
205,r/NewRiders,18803,Cars and Motor Vehicles,t5_3hdbs,1729697415.572483
206,r/GoldenGirlsTV,18800,Television,t5_2xkkv,1729697415.5897899
207,r/Renewable,18797,Activism,t5_2sa7l,1729697415.607031
208,r/cavite,18795,Place,t5_2tdnf,1729697415.6257658
209,r/SciFiModels,18794,Hobbies,t5_2vewj,1729697415.6442618
210,r/denverjobs,18793,Careers,t5_2san4,1729697415.665123
211,r/westies,18793,Animals and Pets,t5_2zor3,1729697415.69135
212,r/ERB,18792,Funny/Humor,t5_2th4w,1729697415.7376971
213,r/ZoeKravitz,18792,Celebrity,t5_2v1y0,1729697415.760532
214,r/hetalia,18790,Anime,t5_2sfi6,1729697415.781366
215,r/TransferToTop25,18787,Learning and Education,t5_398mo6,1729697415.801242
216,r/colorful_divinity,18784,Mature Themes and Adult Content,t5_55i6np,1729697415.8219898
217,r/medicalschoolRomania,18783,Learning and Education,t5_41urvu,1729697415.8459241
218,r/MRW,18780,Internet Culture and Memes,t5_2vjp3,1729697415.8669
219,r/gybe,18779,Music,t5_2v6qb,1729697415.888302
220,r/queensgambit,18779,Television,t5_35zbt,1729697415.9079711
221,r/KrakenSupport,18777,Crypto,t5_3jkp7,1729697415.92783
222,r/laketahoe,18771,Place,t5_2r1g4,1729697415.947714
223,r/IndianWorkplace,18770,Careers,t5_9rlah9,1729697415.967015
224,r/Lumix,18769,Technology,t5_2wxkc,1729697415.985964
225,r/yumenikki,18769,Gaming,t5_2s6br,1729697416.00484
226,r/asm,18768,Programming,t5_2qhz5,1729697416.023832
227,r/talesfromthejob,18767,Careers,t5_2ttfz,1729697416.0427468
228,r/SmotheredTLC,18763,Television,t5_11l3q8,1729697416.061764
229,r/AdorableHome,18762,Gaming,t5_291dys,1729697416.080694
230,r/MinecraftStoryMode,18760,Gaming,t5_35his,1729697416.0996091
231,r/TomHolland,18760,Celebrity,t5_3gswo,1729697416.1187341
232,r/LandroverDefender,18759,Cars and Motor Vehicles,t5_2usfm,1729697416.139304
233,r/ChurchOfSenko,18756,Anime,t5_2b6ole,1729697416.161261
234,r/WindowsServer,18756,Technology,t5_2tmlc,1729697416.1806111
235,r/CigarettesAfterSex,18755,Music,t5_3ep0a,1729697416.199865
236,r/project1999,18754,Gaming,t5_2seuy,1729697416.219562
237,r/CeceRoseFans,18752,Mature Themes and Adult Content,t5_a3iamn,1729697416.2392378
238,r/ArenaHS,18751,Gaming,t5_396kn,1729697416.257031
239,r/Anime_Romance,18750,Anime,t5_qpmwy,1729697416.274845
240,r/Gamecocks,18747,Sports,t5_2qi6j,1729697416.2924778
241,r/SneerClub,18747,Activism,t5_39qia,1729697416.310111
242,r/midcentury,18745,Home and Garden,t5_2stn0,1729697416.328863
243,r/TaraReid,18745,Celebrity,t5_2v9vf,1729697416.3484302
244,r/MaraudersGame,18744,Gaming,t5_61t0vv,1729697416.366709
245,r/TragicallyHip,18742,Music,t5_2t1wy,1729697416.38497
246,r/avesNYC_tix,18740,Marketplace and Deals,t5_4q2q21,1729697416.402786
247,r/noiserock,18739,Music,t5_2ryny,1729697416.420883
248,r/ConfrontingChaos,18736,Ethics and Philosophy,t5_pombj,1729697416.439168
249,r/sauteedmemes,18736,Internet Culture and Memes,t5_3o23u,1729697416.497352
