,subreddit,subscribers,topic,subreddit_id,time
0,r/insanity,16805,Fitness and Nutrition,t5_2qyvz,1729697508.180614
1,r/BiomedicalEngineers,16802,Careers,t5_2r0fc,1729697508.202817
2,r/creekyhours,16802,"Reading, Writing, and Literature",t5_829wu0,1729697508.222081
3,r/flippyflaps,16800,Animals and Pets,t5_3nrrh,1729697508.2410429
4,r/gabber,16800,Music,t5_2rh87,1729697508.262348
5,r/SongwritingPrompts,16794,Music,t5_2z2fo,1729697508.293091
6,r/Duramax,16792,Cars and Motor Vehicles,t5_2umg0,1729697508.313748
7,r/Mandela_Effect,16791,Internet Culture and Memes,t5_3h9m4,1729697508.33603
8,r/kalam_army,16790,Internet Culture and Memes,t5_5k43n6,1729697508.356413
9,r/ActiveMeasures,16788,Activism,t5_3jror,1729697508.378717
10,r/OfflineDay,16788,Activism,t5_wwiu1,1729697508.4746702
11,r/heathergraham,16787,Celebrity,t5_2t386,1729697508.4977438
12,r/KassadinMains,16786,Gaming,t5_39cxa,1729697508.530442
13,r/NeedyStreamerOverload,16786,Gaming,t5_5q4eeo,1729697508.5492349
14,r/shootingcars,16786,Cars and Motor Vehicles,t5_2vyk5,1729697508.5683808
15,r/NeDucemPePula,16784,Funny/Humor,t5_wc7xr,1729697508.5874739
16,r/YABUJIN,16783,Art,t5_3fkqos,1729697508.605974
17,r/BrigitteMains,16782,Gaming,t5_fli76,1729697508.6248178
18,r/ikeacats,16779,Animals and Pets,t5_2gpj6x,1729697508.6437309
19,r/VintageLA,16777,History,t5_3atq5,1729697508.6622689
20,r/okbuddyrathalos,16771,Gaming,t5_27klyw,1729697508.6811619
21,r/PharmacyResidency,16770,Careers,t5_3brwz,1729697508.699971
22,r/artmemes,16766,Art,t5_3ffm5,1729697508.7187572
23,r/midtiersuperpowers,16764,Funny/Humor,t5_wg4wn,1729697508.737557
24,r/ImaginaryMarvel,16763,Art,t5_303ao,1729697508.7576609
25,r/chicagoEDM,16762,Music,t5_2t3zh,1729697508.7798789
26,r/SubredditDramaDrama,16762,Meta/Reddit,t5_2ss6f,1729697508.7991319
27,r/Indian_Actresses_Pics,16761,Celebrity,t5_5mqbb7,1729697508.819305
28,r/TorontoMetU,16761,Learning and Education,t5_6a3c59,1729697508.8386948
29,r/stonemasonry,16759,Home and Garden,t5_2t841,1729697508.8586419
30,r/traadustCrusaders,16758,Gender,t5_xx50g,1729697508.877972
31,r/bakingrecipes,16750,Food and Drink,t5_2v1k5,1729697508.897581
32,r/UAVmapping,16748,Technology,t5_38jg9,1729697508.9164119
33,r/KiaTelluride,16747,Cars and Motor Vehicles,t5_o9cc2,1729697508.9392908
34,r/Lichen,16743,Outdoors and Nature,t5_2v0w7,1729697508.961343
35,r/Pins,16741,Hobbies,t5_2uios,1729697508.9807968
36,r/Reprap,16741,Technology,t5_2qq91,1729697509.0004349
37,r/AceOfTheDiamond,16738,Anime,t5_2yz83,1729697509.019325
38,r/AnnieEdison,16735,Celebrity,t5_53ilo5,1729697509.0388548
39,r/SATACTprep,16735,Learning and Education,t5_osuvm,1729697509.057502
40,r/persiancat,16734,Animals and Pets,t5_2uqv9,1729697509.078393
41,r/CelebritiesYogaPants,16730,Mature Themes and Adult Content,t5_3dxqkj,1729697509.0978382
42,r/datavisualization,16728,Technology,t5_2snk0,1729697509.116668
43,r/TSBA,16727,Mature Themes and Adult Content,t5_b6sef3,1729697509.1359098
44,r/Airdrie,16725,Place,t5_2rrf9,1729697509.154654
45,r/europeanparliament,16723,Politics,t5_34528,1729697509.174467
46,r/foreverplayer,16723,Podcasts and Streamers,t5_8g59c6,1729697509.200432
47,r/openstreetmap,16723,Technology,t5_2rm1s,1729697509.22223
48,r/Eatventure,16721,Gaming,t5_68hpil,1729697509.242912
49,r/eddyburback,16719,Podcasts and Streamers,t5_3nulo,1729697509.262592
50,r/bikinitalk,16714,Fitness and Nutrition,t5_5y5tiz,1729697509.282141
51,r/poi,16713,Hobbies,t5_2rqys,1729697509.301932
52,r/GlobalMarketNews,16711,"Business, Economics, and Finance",t5_5cvjhm,1729697509.321019
53,r/Ketodietbeginners,16711,Food and Drink,t5_2diq3m,1729697509.3396108
54,r/irishrugby,16709,Sports,t5_303rs,1729697509.357989
55,r/Optics,16709,Science,t5_2rg81,1729697509.376307
56,r/elrondnetwork,16708,Crypto,t5_jrd51,1729697509.395209
57,r/microcontrollers,16708,Technology,t5_2qjky,1729697509.413862
58,r/SciFiRealism,16707,Technology,t5_393qx,1729697509.4339142
59,r/firepro,16702,Gaming,t5_2u1lq,1729697509.452545
60,r/TransportFever2,16699,Gaming,t5_10bfa0,1729697509.4714339
61,r/IslamicFinance,16697,"Business, Economics, and Finance",t5_2w749,1729697509.511882
62,r/ReviewsDeMerda,16692,Funny/Humor,t5_bnx2tv,1729697509.537209
63,r/Reps,16690,Fashion,t5_38ro6,1729697509.560417
64,r/Coffeezilla_gg,16682,Podcasts and Streamers,t5_2lxrwr,1729697509.591275
65,r/digitaltabletop,16682,Tabletop Games,t5_2xejf,1729697509.622855
66,r/LoveForBoozeCruisers,16682,Internet Culture and Memes,t5_5jsx8d,1729697509.644184
67,r/AmazonUnder5,16681,Marketplace and Deals,t5_2wtki,1729697509.665379
68,r/chillwave,16681,Music,t5_2rn70,1729697509.687008
69,r/Basebaww,16679,Sports,t5_2y9ou,1729697509.706363
70,r/bebahan,16678,Podcasts and Streamers,t5_3u2dmq,1729697509.725525
71,r/Ketomealseatingnow,16678,Food and Drink,t5_3p42k,1729697509.744648
72,r/Invest_Voyager,16672,Crypto,t5_ygoao,1729697509.763656
73,r/ReadyMeals,16669,Food and Drink,t5_25h66e,1729697509.783133
74,r/MonclerRep,16666,Fashion,t5_5o8287,1729697509.802419
75,r/Zomedica,16666,"Business, Economics, and Finance",t5_3onbvr,1729697509.821813
76,r/CentOS,16665,Technology,t5_2s6fk,1729697509.841119
77,r/jadecargill,16665,Celebrity,t5_356k5e,1729697509.8600042
78,r/SingleAndHappy,16662,Family and Relationships,t5_3eu4d,1729697509.878689
79,r/Jabra,16661,Technology,t5_i8tc3,1729697509.897303
80,r/UndertaleYellow,16661,Gaming,t5_3cbfq,1729697509.916096
81,r/paidstudy,16660,Marketplace and Deals,t5_3oa9g,1729697509.934686
82,r/flipline,16659,Gaming,t5_2xy7r,1729697509.952828
83,r/amarmolmc,16657,Mature Themes and Adult Content,t5_505xko,1729697509.9730601
84,r/GymHotties,16655,Mature Themes and Adult Content,t5_3f0m2,1729697509.991449
85,r/iPhone11,16651,Technology,t5_2vgta,1729697510.010057
86,r/labradors,16651,Animals and Pets,t5_2rjul,1729697510.028882
87,r/Parasyte,16650,Anime,t5_320yc,1729697510.0475001
88,r/wondereggpriority,16650,Anime,t5_388nwo,1729697510.066509
89,r/LeftHandQuickie2,16648,The best girls 😍 no names please DM for request,t5_c1kctg,1729697510.10923
90,r/LFG_Europe,16646,Tabletop Games,t5_21pqpm,1729697510.263037
91,r/XTerra,16644,Cars and Motor Vehicles,t5_2szy7,1729697510.284384
92,r/fansofcriticalrole,16643,Tabletop Games,t5_4wydu2,1729697510.3031402
93,r/Super73,16641,Cars and Motor Vehicles,t5_3fbpt,1729697510.3220842
94,r/Citrix,16638,Technology,t5_2scmp,1729697510.340987
95,r/OrderOfHeroes,16638,Gaming,t5_3okhn,1729697510.369385
96,r/Artistsforhire,16633,Art,t5_2wg48,1729697510.388557
97,r/scrivener,16627,"Reading, Writing, and Literature",t5_2uxm4,1729697510.407716
98,r/BinghamtonUniversity,16624,Learning and Education,t5_2ryg7,1729697510.4265442
99,r/dadsouls,16623,Funny/Humor,t5_3fnht,1729697510.445248
100,r/GhostHunting,16623,Internet Culture and Memes,t5_2qthh,1729697510.5211468
101,r/PublicFreakoutX,16623,Internet Culture and Memes,t5_446tzo,1729697510.5402281
102,r/CyberVeinOfficial,16621,Crypto,t5_hwiqz,1729697510.56611
103,r/BlackMetalMemes,16618,Music,t5_kjp0a,1729697510.5850618
104,r/ESLegal,16618,Law,t5_7dkbx9,1729697510.603681
105,r/pueblo,16617,Place,t5_2s938,1729697510.622445
106,r/skulls,16615,Hobbies,t5_2rskz,1729697510.641077
107,r/celebritymouths,16613,Mature Themes and Adult Content,t5_pwccy,1729697510.660908
108,r/FluidMechanics,16613,Science,t5_37yxy,1729697510.681747
109,r/StockMarketMovers,16612,"Business, Economics, and Finance",t5_2e74h9,1729697510.7012842
110,r/SETI,16609,Science,t5_2qtld,1729697510.7209501
111,r/ArenaBreakoutGlobal,16608,Gaming,t5_7e6k0q,1729697510.7402391
112,r/Got7,16608,Music,t5_2zrs4,1729697510.759188
113,r/ConanTheBarbarian,16603,"Reading, Writing, and Literature",t5_37vft,1729697510.778214
114,r/rsloshredit,16602,Internet Culture and Memes,t5_5kul2j,1729697510.7973309
115,r/Biltong,16600,Food and Drink,t5_2teti,1729697510.8164039
116,r/MechanicalKeyboardsUK,16596,Technology,t5_3gur6,1729697510.835525
117,r/airmax,16595,Fashion,t5_303pv,1729697510.85481
118,r/FurnitureFlip,16594,Home and Garden,t5_2sqe0w,1729697510.873822
119,r/genomics,16591,Science,t5_2qmh4,1729697510.893436
120,r/face,16583,Beauty and Makeup,t5_2r326,1729697510.914809
121,r/DeathCabforCutie,16582,Music,t5_2tm9k,1729697510.933204
122,r/fcdallas,16576,Sports,t5_2spq4,1729697510.951757
123,r/davidfosterwallace,16575,"Reading, Writing, and Literature",t5_2s6a8,1729697510.97162
124,r/timburton,16575,Movies,t5_2sygb,1729697510.9927838
125,r/Jetbrains,16573,Programming,t5_31e0e,1729697511.011979
126,r/boxycharm,16571,Beauty and Makeup,t5_kqam1,1729697511.031252
127,r/ultrakillmemes,16571,Gaming,t5_43cxe8,1729697511.0503979
128,r/cereal,16569,Food and Drink,t5_2rh4h,1729697511.069397
129,r/found70percentbanana,16567,Funny/Humor,t5_7z2hv1,1729697511.089037
130,r/SecurityBlueTeam,16567,Learning and Education,t5_zux4y,1729697511.1078699
131,r/Indianbasketball,16564,Sports,t5_wyt79,1729697511.127483
132,r/MedievalCreatures,16562,Art,t5_9n10q4,1729697511.148543
133,r/coquitlam,16560,Place,t5_2s502,1729697511.16854
134,r/Erie,16558,Place,t5_2ruus,1729697511.18973
135,r/AoSLore,16557,Tabletop Games,t5_i4mx9,1729697511.209287
136,r/drupal,16555,Programming,t5_2qhl5,1729697511.228714
137,r/Natureiscursed,16555,Outdoors and Nature,t5_28tbwz,1729697511.2488441
138,r/PMCareers,16554,Careers,t5_61a7gq,1729697511.268933
139,r/SVExchange,16554,Gaming,t5_2z47n,1729697511.291129
140,r/magiarecord,16553,Anime,t5_3l3by,1729697511.3105931
141,r/realhousewivesofSLC,16552,Television,t5_7kubgx,1729697511.330128
142,r/Climbingvids,16551,Sports,t5_2sxum,1729697511.3495328
143,r/CroIT,16551,Programming,t5_64hpn8,1729697511.3700218
144,r/LogHorizon,16550,Anime,t5_2yppv,1729697511.3897111
145,r/BubblegumNose,16546,Animals and Pets,t5_2kdyb3,1729697511.409039
146,r/PSMF,16546,Fitness and Nutrition,t5_2tf03,1729697511.429763
147,r/FireflyFestival,16540,Music,t5_2u882,1729697511.450563
148,r/klr650,16540,Cars and Motor Vehicles,t5_2skgw,1729697511.469666
149,r/Zambia,16539,Place,t5_2s5bu,1729697511.4890702
150,r/OpenEmu,16538,Gaming,t5_2viai,1729697511.508217
151,r/60sMusic,16535,Music,t5_2u3i3,1729697511.52717
152,r/devopsjobs,16535,Careers,t5_357dp,1729697511.54614
153,r/Tickets,16534,Marketplace and Deals,t5_2qosc,1729697511.564854
154,r/Hedgehogs,16532,Animals and Pets,t5_2tbj0,1729697511.585501
155,r/WGUIT,16532,Learning and Education,t5_35m63,1729697511.6065228
156,r/CookierunKingdom,16530,Gaming,t5_3iimrw,1729697511.625591
157,r/SortedFood,16530,Food and Drink,t5_32xr2,1729697511.64535
158,r/Italianscamads,16526,Learning and Education,t5_b599zd,1729697511.6644979
159,r/Overgeared,16524,Anime,t5_pguwd,1729697511.685479
160,r/lotus,16519,Cars and Motor Vehicles,t5_2sy42,1729697511.70506
161,r/MinecraftPE,16519,Gaming,t5_2sqy3,1729697511.725784
162,r/stakeus,16513,Mature Themes and Adult Content,t5_6rmwfi,1729697511.74678
163,r/IndiaNonPolitical,16509,Place,t5_3lgg3,1729697511.765619
164,r/StreetStickers,16509,Art,t5_nia7e,1729697511.785068
165,r/PotionCraft,16505,Gaming,t5_vug9f,1729697511.804388
166,r/Lapidary,16502,Hobbies,t5_2wml6,1729697511.8238568
167,r/Stepmania,16500,Gaming,t5_2s2wx,1729697511.847276
168,r/dagadtmacskak,16496,Animals and Pets,t5_450j1j,1729697511.8711228
169,r/MomsWorkingFromHome,16494,Family and Relationships,t5_5ozol5,1729697511.897142
170,r/songsofsyx,16492,Gaming,t5_26oq2c,1729697511.9224682
171,r/OnlineEducation,16490,Learning and Education,t5_2t4ld,1729697511.947525
172,r/Pontiac,16484,Cars and Motor Vehicles,t5_2sn2h,1729697511.969028
173,r/CosplayofColor,16481,"Culture, Race, and Ethnicity",t5_2lsnas,1729697511.991158
174,r/RKLB,16480,"Business, Economics, and Finance",t5_41h007,1729697512.015033
175,r/AznPersuazn,16479,Mature Themes and Adult Content,t5_517nfl,1729697512.0372322
176,r/EtsyCommunity,16479,"Business, Economics, and Finance",t5_32e1dq,1729697512.05676
177,r/LakeErieBros,16478,Sports,t5_zjlq7,1729697512.077836
178,r/Roasted,16474,Internet Culture and Memes,t5_2x1ae,1729697512.098667
179,r/thai,16474,Learning and Education,t5_2r6tb,1729697512.119116
180,r/femalebodybuilding,16472,Fitness and Nutrition,t5_33jvv,1729697512.138929
181,r/OriginalMoe,16472,Anime,t5_3xvaua,1729697512.158336
182,r/PizzaDrivers,16470,Careers,t5_2slab,1729697512.177952
183,r/NoJumperV2,16469,Podcasts and Streamers,t5_73ivpt,1729697512.198147
184,r/Olathe,16469,Place,t5_2sf0m,1729697512.21766
185,r/HPOmen,16468,Gaming,t5_2igb4l,1729697512.237036
186,r/Portsmouth,16468,Place,t5_2sjg1,1729697512.2564878
187,r/JavaScriptTips,16467,Programming,t5_1469w3,1729697512.275558
188,r/CodingandBilling,16465,Careers,t5_323k8,1729697512.2947369
189,r/PFtools,16465,"Business, Economics, and Finance",t5_3abvt,1729697512.3139882
190,r/ChineseMedicine,16464,Medical and Mental Health,t5_2rips,1729697512.333139
191,r/PCDeals,16464,Marketplace and Deals,t5_2vw46,1729697512.352751
192,r/DJ_Peach_Cobbler,16463,Podcasts and Streamers,t5_2hkx68,1729697512.3716412
193,r/InvestWiselyHub,16463,"Business, Economics, and Finance",t5_b1ed0d,1729697512.390485
194,r/MaguiCorceiro,16462,Celebrity,t5_2qfkdz,1729697512.41049
195,r/computerviruses,16461,Technology,t5_2qm2p,1729697512.429141
196,r/Headspace,16461,Medical and Mental Health,t5_2vx87,1729697512.447773
197,r/pcpartsales,16461,Marketplace and Deals,t5_trg2p,1729697512.466441
198,r/timesuck,16460,Podcasts and Streamers,t5_2rvuc,1729697512.485552
199,r/blackpanther,16457,Movies,t5_2too1,1729697512.50474
200,r/MHATheStrongestHero,16457,Gaming,t5_12p2lb,1729697512.5238469
201,r/Balenciaga,16456,Fashion,t5_2s476,1729697512.542393
202,r/antitheistcheesecake,16455,Internet Culture and Memes,t5_56ml5q,1729697512.561246
203,r/Marylandr4r,16454,Mature Themes and Adult Content,t5_273wgd,1729697512.580141
204,r/QueroAchar,16451,Internet Culture and Memes,t5_690o9f,1729697512.5993369
205,r/small_business_ideas,16449,"Business, Economics, and Finance",t5_336py,1729697512.618326
206,r/BannerlordBanners,16448,Gaming,t5_2juf31,1729697512.637213
207,r/ColourPop,16448,Beauty and Makeup,t5_33puf,1729697512.656072
208,r/Chaewon,16446,Celebrity,t5_puzyg,1729697512.6757288
209,r/equestriaatwar,16446,Gaming,t5_nigbe,1729697512.6993291
210,r/SoundCloudHipHop,16443,Music,t5_3jub7,1729697512.719857
211,r/minoxidil,16439,Men's Health,t5_394ca,1729697512.738889
212,r/lipsum,16438,Internet Culture and Memes,t5_3estd,1729697512.758634
213,r/CatCircles,16437,Animals and Pets,t5_3443j,1729697512.777458
214,r/Drexel,16437,Learning and Education,t5_2qh6g,1729697512.796844
215,r/NinjaKiwiOfficial,16434,Gaming,t5_33u787,1729697512.816125
216,r/Reddit_Island,16434,Meta/Reddit,t5_4c4nbj,1729697512.83515
217,r/AnimeBurumaandSpats,16431,Anime,t5_2p2f85,1729697512.854306
218,r/spirograph,16431,Art,t5_3lvui,1729697512.873438
219,r/FiveMServers,16426,Gaming,t5_2c9mgv,1729697512.89364
220,r/TraceeEllisRossFans,16424,Mature Themes and Adult Content,t5_qk85k,1729697512.912666
221,r/Thruhiking,16423,Outdoors and Nature,t5_2t8hp,1729697512.9319859
222,r/panoramicsgonewrong,16422,Funny/Humor,t5_2x2yl,1729697512.951062
223,r/EndlessLegend,16420,Gaming,t5_30xqz,1729697512.969627
224,r/HyperV,16420,Technology,t5_2rraq,1729697512.9887118
225,r/ElvenGirls,16417,Art,t5_2yhgsc,1729697513.0257971
226,r/Environmentalism,16413,Activism,t5_2rnv3,1729697513.048744
227,r/90sand2000sNostalgia,16412,History,t5_2l1xod,1729697513.071879
228,r/beatmakers,16412,Music,t5_2se2h,1729697513.106726
229,r/NepalPics,16412,Art,t5_34hfm,1729697513.1292968
230,r/newwave,16411,Music,t5_2snzk,1729697513.15095
231,r/Alien_Theory,16404,Internet Culture and Memes,t5_2umlo,1729697513.172435
232,r/Bengaluru,16404,Place,t5_4r5eni,1729697513.1960409
233,r/accidentalart,16401,Art,t5_2ws98,1729697513.2176042
234,r/surfshark,16400,Technology,t5_kpmej,1729697513.239151
235,r/notredame,16395,Learning and Education,t5_2qxir,1729697513.259625
236,r/TimeWizardStudios,16394,Mature Themes and Adult Content,t5_2c2aaq,1729697513.278839
237,r/AnimalsBeingPerfect,16391,Animals and Pets,t5_yrnvv,1729697513.2977989
238,r/bgy,16390,Internet Culture and Memes,t5_12cvgw,1729697513.316878
239,r/gibraltar,16390,Place,t5_2shlr,1729697513.3350909
240,r/NMIXX,16388,Music,t5_51k5jx,1729697513.353472
241,r/Beetlejuice,16387,Movies,t5_2skju,1729697513.371839
242,r/LilDurk,16384,Music,t5_382ny,1729697513.3904798
243,r/PokeMedia,16375,Internet Culture and Memes,t5_6dx4mu,1729697513.409157
244,r/EustachianTubeClick,16370,Medical and Mental Health,t5_31ovs,1729697513.429108
245,r/TenYearsAgo,16370,History,t5_2sts3,1729697513.4476328
246,r/whatsinthebag,16370,Hobbies,t5_33nk5,1729697513.466826
247,r/DinosaurDrawings,16369,Art,t5_377ze,1729697513.4858592
248,r/emby,16368,Technology,t5_37gl3,1729697513.505331
249,r/suckless,16366,Technology,t5_2sczw,1729697513.524759
