,subreddit,subscribers,topic,subreddit_id,time
0,r/DixieFood,16364,Food and Drink,t5_3446v,1729697525.652716
1,r/FoodTheorists,16362,Food and Drink,t5_2wdwgz,1729697525.6741009
2,r/P320,16361,Mature Themes and Adult Content,t5_3eqmf,1729697525.693703
3,r/8outof10cats,16360,Television,t5_2w28d,1729697525.712703
4,r/Catwoman,16358,Art,t5_2uajp,1729697525.733182
5,r/helicopterparents,16358,Family and Relationships,t5_34hti,1729697525.762304
6,r/CatholicPhilosophy,16354,Religion and Spirituality,t5_39uy8,1729697525.782007
7,r/DnDPlaylist,16353,Tabletop Games,t5_30e1o,1729697525.8010151
8,r/comicstriphistory,16352,"Reading, Writing, and Literature",t5_z6zct,1729697525.82
9,r/groenevingers,16352,Home and Garden,t5_4xwk9u,1729697525.8386319
10,r/pj_explained,16351,Movies,t5_93eisi,1729697525.90558
11,r/Archivists,16349,Careers,t5_2t2gh,1729697525.925314
12,r/RealHookupAdvice,16343,Family and Relationships,t5_7typyr,1729697525.95575
13,r/Disneycollegeprogram,16340,Careers,t5_2v17m,1729697525.974823
14,r/ContestOfChampionsLFG,16339,Gaming,t5_384zq,1729697525.993788
15,r/3dPrintsintheShop,16337,Crafts and DIY,t5_2tao42,1729697526.012912
16,r/Toastmasters,16337,Learning and Education,t5_2s72y,1729697526.031445
17,r/KinkyTattoos,16334,Art,t5_36znrj,1729697526.0500228
18,r/NaomiScott,16334,Celebrity,t5_2syko,1729697526.069021
19,r/goodlongposts,16330,Meta/Reddit,t5_35ei4,1729697526.08762
20,r/accountinghumor,16326,Careers,t5_37a6m,1729697526.106123
21,r/Catio,16326,Animals and Pets,t5_37fxx,1729697526.124933
22,r/crosstradingroblox,16322,Gaming,t5_38bajb,1729697526.145073
23,r/7kglobal,16320,Gaming,t5_3aev3,1729697526.1641002
24,r/NotintheMovie,16313,Movies,t5_kleip,1729697526.1827881
25,r/festivalgirls,16312,Mature Themes and Adult Content,t5_2yq7d,1729697526.202325
26,r/nikon_Zseries,16308,Technology,t5_q9p2g,1729697526.2220259
27,r/Kamloops,16305,Place,t5_2sacx,1729697526.2430851
28,r/Apocalypse,16304,Activism,t5_2qhnj,1729697526.262491
29,r/longtermtravel,16302,Travel,t5_2yvl6,1729697526.28213
30,r/MastersoftheAir,16302,Television,t5_2y0g3,1729697526.301384
31,r/Changarrito,16301,"Business, Economics, and Finance",t5_5y4drr,1729697526.320244
32,r/hyperlightdrifter,16300,Gaming,t5_2yhza,1729697526.339118
33,r/Bokoen1,16295,Podcasts and Streamers,t5_pgruw,1729697526.358042
34,r/Yarnswap,16292,Crafts and DIY,t5_2rx58,1729697526.376549
35,r/HPReverb,16289,Technology,t5_yf22y,1729697526.3952682
36,r/staircasewit,16288,"This subreddit intends to gather, categorize, analyze, and discuss those moments of wit that left you wishing you had thought of them earlier.",t5_2x3tl,1729697526.4138439
37,r/naturepics,16277,Outdoors and Nature,t5_2sdh1,1729697526.433868
38,r/TeenActressPhotos,16276,Mature Themes and Adult Content,t5_5zcrug,1729697526.452877
39,r/ZazieBeetzFans,16276,Celebrity,t5_61dv4y,1729697526.471414
40,r/HondaElement,16274,Cars and Motor Vehicles,t5_2we8y,1729697526.490054
41,r/SouthBend,16274,Place,t5_2ro11,1729697526.508794
42,r/desenhos,16271,Art,t5_3orhb,1729697526.5276318
43,r/InsomniacGames,16267,Gaming,t5_2wzp8,1729697526.5462232
44,r/Caricatures,16265,Art,t5_2syam,1729697526.564954
45,r/NootropicsHelp,16265,Medical and Mental Health,t5_6ydw4p,1729697526.583741
46,r/ImaginaryNetwork,16264,Meta/Reddit,t5_2yfuq,1729697526.6027699
47,r/aretheNTsokay,16259,Medical and Mental Health,t5_2ykjpi,1729697526.6216261
48,r/RnBHeads,16259,Music,t5_3b2p2,1729697526.640453
49,r/CoronavirusOklahoma,16255,Place,t5_2gh7c5,1729697526.659384
50,r/UlalaIdleAdventure,16254,Gaming,t5_23sisz,1729697526.678089
51,r/stonedswifties,16252,Music,t5_3asytt,1729697526.6967208
52,r/ILoveAMamasBoy,16248,Television,t5_3b1v0s,1729697526.715668
53,r/AnimeCalendar,16246,Anime,t5_3g3rt,1729697526.7361019
54,r/AdeptusRidiculous,16245,Podcasts and Streamers,t5_3h7d05,1729697526.7553961
55,r/AyeshaErotica,16245,Music,t5_1jr78j,1729697526.7749
56,r/nocontact,16244,Family and Relationships,t5_2unrd,1729697526.794286
57,r/adele,16242,Music,t5_2t6c3,1729697526.813181
58,r/psychicdevelopment,16242,Religion and Spirituality,t5_3n89m,1729697526.832055
59,r/wirtual,16241,Podcasts and Streamers,t5_2uwm5y,1729697526.851136
60,r/StephanieBeatriz,16240,Mature Themes and Adult Content,t5_35j4y,1729697526.869945
61,r/CatsWithSocks,16238,Animals and Pets,t5_itj8y,1729697526.888809
62,r/celestialbabes,16238,Celebrity,t5_8wy03k,1729697526.908673
63,r/brawlstarsmodding,16235,Gaming,t5_zkw8c,1729697526.927464
64,r/DaniSpeegle,16233,Celebrity,t5_wvrp0,1729697526.946622
65,r/DIYfail,16233,Internet Culture and Memes,t5_2z61d,1729697526.965976
66,r/OutdoorHacks,16232,Outdoors and Nature,t5_2wvgi,1729697526.985016
67,r/EmmaLangevin,16231,Podcasts and Streamers,t5_2p5r1s,1729697527.003733
68,r/ryujin,16227,Celebrity,t5_ma52a,1729697527.0225852
69,r/Steel_Division,16223,Gaming,t5_3jbdp,1729697527.041203
70,r/GravesMains,16221,Gaming,t5_389g1,1729697527.0596569
71,r/PaigeNicoleWoolen,16218,Mature Themes and Adult Content,t5_31uahe,1729697527.0784519
72,r/CEH,16217,Technology,t5_2s32x,1729697527.0971131
73,r/ProjectHailMary,16214,"Reading, Writing, and Literature",t5_2j3pgi,1729697527.1160572
74,r/Janna,16210,Gaming,t5_2rutn,1729697527.1351092
75,r/themoddingofisaac,16210,Gaming,t5_34xs3,1729697527.154612
76,r/PinoyUnsentLetters,16209,Family and Relationships,t5_2tbunx,1729697527.173065
77,r/SlowTV,16195,Podcasts and Streamers,t5_2yp8n,1729697527.1914492
78,r/DishaPataniFans,16194,Mature Themes and Adult Content,t5_6p0tzc,1729697527.209745
79,r/HPMOR,16193,"Reading, Writing, and Literature",t5_2t5xf,1729697527.2288
80,r/terrifying,16193,Internet Culture and Memes,t5_2tshj,1729697527.249206
81,r/MikahlynnLove,16190,Welcome to MikahlynnLove,t5_ad1bzp,1729697527.268259
82,r/characterforge,16189,Gaming,t5_3enf1,1729697527.287364
83,r/Craiova,16188,Place,t5_2t8uq,1729697527.306138
84,r/AzurLane,16187,Gaming,t5_4tiyvo,1729697527.324592
85,r/Cosmetology,16184,Beauty and Makeup,t5_2stk8,1729697527.34331
86,r/EasyPeasyRecipes,16183,Food and Drink,t5_b9s8n7,1729697527.3615518
87,r/Tahmkenchmains,16183,Gaming,t5_38ssu,1729697527.3809652
88,r/DenmarkPics,16182,Place,t5_34i9k,1729697527.399764
89,r/Brno,16181,Place,t5_2to8e,1729697527.418447
90,r/foreignpolicy,16179,Politics,t5_2qmlq,1729697527.437078
91,r/Malaisetopie,16179,Internet Culture and Memes,t5_69ym0x,1729697527.4563122
92,r/fulhamfc,16177,Sports,t5_2t2kg,1729697527.4755468
93,r/mudlarking,16174,Hobbies,t5_sygw4,1729697527.494417
94,r/EgyReaders,16172,"Reading, Writing, and Literature",t5_am6y5e,1729697527.5130932
95,r/SoftDramatics,16172,Fashion,t5_354hlm,1729697527.531805
96,r/TheLib,16172,Politics,t5_4tj9yv,1729697527.550318
97,r/electriccars,16171,Cars and Motor Vehicles,t5_2tb80,1729697527.5691571
98,r/AmberMains,16170,Gaming,t5_3c67hf,1729697527.5879118
99,r/Emiratis,16169,Place,t5_3wiafq,1729697527.6063292
100,r/literallythetruth,16169,Funny/Humor,t5_p2opl,1729697527.6248262
101,r/leicaphotos,16167,Art,t5_33oae,1729697527.685032
102,r/playnite,16167,Gaming,t5_3koqm,1729697527.825078
103,r/vincestaples,16167,Music,t5_2yi5w,1729697527.846956
104,r/Alzheimers,16166,Medical and Mental Health,t5_2r8fp,1729697527.865835
105,r/Dragon,16163,Art,t5_2rpj4,1729697527.884934
106,r/swgoh_guilds,16162,Gaming,t5_3ecmx,1729697527.903857
107,r/DonaldandHobbes,16161,Calvin and Hobbes strips where Calvin is replaced with Donald Trump.,t5_3b8qn,1729697527.931367
108,r/johncarpenter,16160,Movies,t5_2vq4v,1729697527.9501061
109,r/DarazPeAlfaaz,16158,Internet Culture and Memes,t5_6ta4td,1729697527.969142
110,r/kaggle,16154,Technology,t5_2sbdp,1729697527.988319
111,r/llc,16154,"Business, Economics, and Finance",t5_2tmri,1729697528.0073159
112,r/blackTattooing,16148,Art,t5_32a5iy,1729697528.0819142
113,r/homecooking,16146,Food and Drink,t5_31sla,1729697528.100804
114,r/AmazonFBA,16145,"Business, Economics, and Finance",t5_2uj3c,1729697528.134172
115,r/EgyptExTomato,16141,Politics,t5_6ts0cj,1729697528.1532521
116,r/PDXBuyNothing,16141,Marketplace and Deals,t5_4tadpc,1729697528.172083
117,r/NursingStudent,16140,Learning and Education,t5_2qv7r,1729697528.190783
118,r/specialized,16140,Sports,t5_2usyd,1729697528.209602
119,r/MissingPersonsCanada,16134,Law,t5_uxvwy,1729697528.228659
120,r/nextdns,16132,Technology,t5_111h92,1729697528.2491908
121,r/actressfacewash,16129,Mature Themes and Adult Content,t5_6es5ke,1729697528.268451
122,r/Integra,16127,Cars and Motor Vehicles,t5_2smu6,1729697528.287353
123,r/Kendama,16126,Hobbies,t5_2skuv,1729697528.3059058
124,r/microservices,16124,Technology,t5_3361s,1729697528.324167
125,r/itsalwayslowqltyvideo,16121,Funny/Humor,t5_8bhswq,1729697528.342413
126,r/Logo_Critique,16121,Art,t5_2soc0,1729697528.360822
127,r/beabadoobee,16120,Music,t5_233x84,1729697528.3792481
128,r/Lampposts,16120,Home and Garden,t5_3d1g2,1729697528.39769
129,r/Peptidesource,16120,Fitness and Nutrition,t5_4hqpml,1729697528.4158158
130,r/AgeOfCivilizations,16119,Gaming,t5_3a17x,1729697528.4341602
131,r/TheForeverWinter,16119,Gaming,t5_aukwsb,1729697528.453851
132,r/kijiji,16118,Marketplace and Deals,t5_2qtqm,1729697528.475477
133,r/ArsivUnutmaz,16117,Politics,t5_4ltox8,1729697528.494178
134,r/medicase,16117,Medical and Mental Health,t5_2a9g29,1729697528.512811
135,r/playitforward,16116,Marketplace and Deals,t5_2s4e5,1729697528.531521
136,r/Roboquest,16116,Gaming,t5_311iqg,1729697528.550326
137,r/MostInterestingCats,16111,Animals and Pets,t5_3kf8n,1729697528.5686002
138,r/SurfaceLinux,16110,Technology,t5_2w9ps,1729697528.5873122
139,r/BollyGoodVibes,16105,Movies,t5_8yr3lb,1729697528.606039
140,r/crt,16104,Technology,t5_2sclw,1729697528.62494
141,r/starocean,16103,Gaming,t5_2tfub,1729697528.643801
142,r/KarmaForBrats,16102,Funny/Humor,t5_2sp4yq,1729697528.663043
143,r/Pelicangers_Cave,16101,Podcasts and Streamers,t5_7nb3zy,1729697528.681233
144,r/USMilitarySO,16100,Military,t5_2ta0n,1729697528.700587
145,r/classicmustangs,16095,Cars and Motor Vehicles,t5_2txow,1729697528.71991
146,r/Toreba,16091,Gaming,t5_3g6rt,1729697528.740156
147,r/uoguelph,16091,Learning and Education,t5_2sb2e,1729697528.759789
148,r/sun,16090,Art,t5_2qon0,1729697528.77925
149,r/hostedgames,16089,Gaming,t5_23x90s,1729697528.798228
150,r/anitta_rabuda,16088,Mature Themes and Adult Content,t5_66rwxs,1729697528.816586
151,r/ukplace,16086,Meta/Reddit,t5_3ju18,1729697528.8348532
152,r/ColumbiYEAH,16084,Place,t5_2scbs,1729697528.853347
153,r/Turkiye,16082,Place,t5_2qlnz,1729697528.871608
154,r/knicks,16079,Sports,t5_2s735,1729697528.8902988
155,r/Teddy,16078,"Business, Economics, and Finance",t5_2w164,1729697528.908731
156,r/ReLIFE,16075,Anime,t5_37bgs,1729697528.9287481
157,r/ChristmasTrees,16074,Home and Garden,t5_2t91q,1729697528.9469419
158,r/MLB_9Innings,16074,Gaming,t5_3iu31,1729697528.965554
159,r/skincare_ph,16074,Beauty and Makeup,t5_77wkqg,1729697528.9845529
160,r/WingChun,16074,Sports,t5_2qkn0,1729697529.003455
161,r/RepostSleuthBot,16073,Meta/Reddit,t5_vmtud,1729697529.02242
162,r/DemonSlayerMemes,16069,Anime,t5_25o08l,1729697529.041385
163,r/KaeyaMains,16065,Gaming,t5_38szqz,1729697529.059864
164,r/ScarletNexus,16065,Gaming,t5_2ip6ci,1729697529.0782201
165,r/AESPA_Hotties,16063,Celebrity,t5_8w6zkg,1729697529.097002
166,r/HeavenlyDelusion,16063,Anime,t5_6xb7r0,1729697529.115502
167,r/SteroidsWiki,16062,Mature Themes and Adult Content,t5_4ezjjs,1729697529.134069
168,r/JeepMemes,16061,Cars and Motor Vehicles,t5_2vd7m,1729697529.152985
169,r/BloodhoundMains,16058,Gaming,t5_w8czs,1729697529.1716301
170,r/syndramains,16057,Gaming,t5_3831v,1729697529.1903381
171,r/Vindictus,16057,Gaming,t5_2s3rl,1729697529.208678
172,r/catvideos,16056,Animals and Pets,t5_2ti1g,1729697529.227224
173,r/catplops,16055,Animals and Pets,t5_k6w7b,1729697529.248171
174,r/braga,16049,Place,t5_2qhf7,1729697529.267162
175,r/ebike,16048,Technology,t5_3bmne,1729697529.286667
176,r/fallenlondon,16048,Gaming,t5_2uexp,1729697529.3055592
177,r/Canbau,16047,Mature Themes and Adult Content,t5_arl5xd,1729697529.324277
178,r/corsetry,16047,Fashion,t5_2saig,1729697529.343125
179,r/Sudbury,16046,Place,t5_2sgfu,1729697529.3616698
180,r/experimyco,16038,Science,t5_4au25a,1729697529.380259
181,r/MarioJudah,16037,Celebrity,t5_365wpo,1729697529.400564
182,r/Daheim,16033,Place,t5_2v4of6,1729697529.418998
183,r/Newark,16030,Place,t5_2rc7a,1729697529.437502
184,r/LovelyLetters,16028,"Reading, Writing, and Literature",t5_ql51p,1729697529.456324
185,r/RightJerk,16023,Politics,t5_4b203v,1729697529.475712
186,r/WormMemes,16023,Internet Culture and Memes,t5_3mqln,1729697529.49492
187,r/crazywoodworking,16017,Crafts and DIY,t5_3zjll9,1729697529.513752
188,r/dogbees,16012,Animals and Pets,t5_37uf8,1729697529.532516
189,r/steadycraftin,16012,Crafts and DIY,t5_po334,1729697529.5513668
190,r/WholesomeAsHeck,16012,Animals and Pets,t5_2p9c8z,1729697529.5699599
191,r/shapezio,16011,Gaming,t5_2ou2e9,1729697529.589097
192,r/iTunesMovieDeals,16010,Movies,t5_3k2va,1729697529.607597
193,r/GildedAgeHBO,16005,Television,t5_5rcd9e,1729697529.625922
194,r/mysticism,16005,Religion and Spirituality,t5_2r2er,1729697529.644796
195,r/okkammeratmongol,16004,Internet Culture and Memes,t5_23fov1,1729697529.663868
196,r/PINE64official,16000,Technology,t5_23ijer,1729697529.683318
197,r/dubaiclassifieds,15994,Marketplace and Deals,t5_30uuh,1729697529.702131
198,r/SofiiiiiaGomez,15993,Mature Themes and Adult Content,t5_944nr3,1729697529.731889
199,r/PALGSS,15992,PHAT ASSED LATINA GIRLS,t5_bpeh2h,1729697529.752542
200,r/PokemonVGC,15991,Gaming,t5_2swu3,1729697529.7716212
201,r/primaverasound,15991,Music,t5_2vznd,1729697529.79123
202,r/ToramOnline,15990,Gaming,t5_39750,1729697529.809943
203,r/guichon,15988,Food and Drink,t5_4myl39,1729697529.82873
204,r/katebush,15988,Music,t5_2t6fd,1729697529.847424
205,r/EldenRingMods,15987,Gaming,t5_28vd9y,1729697529.866621
206,r/ConeHeads,15985,Crypto,t5_71zs6l,1729697529.8869739
207,r/rorep,15985,Music,t5_3at5g,1729697529.905453
208,r/animegirlsdabbing,15984,Anime,t5_3in86,1729697529.92429
209,r/FarthestFrontier,15980,Gaming,t5_3m35bs,1729697529.9426281
210,r/BSTsquishmallow,15979,Hobbies,t5_41jlq8,1729697529.961401
211,r/PopCornTimeApp,15978,Movies,t5_3ijrxq,1729697529.980778
212,r/geese,15976,Animals and Pets,t5_2sga2,1729697529.9997172
213,r/larrystylinson,15968,Celebrity,t5_2uptu,1729697530.018302
214,r/littlehouseonprairie,15968,Television,t5_2zhvj,1729697530.037007
215,r/Cordwaining,15967,Crafts and DIY,t5_3jkmr,1729697530.055618
216,r/OverwatchCustomGames,15965,Gaming,t5_3izvh,1729697530.073865
217,r/gorgc,15964,Podcasts and Streamers,t5_3o700,1729697530.092483
218,r/LeadGeneration,15963,"Business, Economics, and Finance",t5_2rh2i,1729697530.1111722
219,r/PremierePro,15963,Technology,t5_2v3cs,1729697530.129972
220,r/renting,15963,Law,t5_2sg0x,1729697530.148874
221,r/enduro,15962,Sports,t5_2vrho,1729697530.167716
222,r/retroactivejealousy,15961,Medical and Mental Health,t5_2vq5h,1729697530.1864388
223,r/surrealtraa,15960,Gender,t5_9cigk,1729697530.205079
224,r/KobeBryant24,15958,Celebrity,t5_2w1oi,1729697530.223985
225,r/Skullcandy,15958,Music,t5_2uelk,1729697530.2442071
226,r/BroomClosetWitch,15957,Religion and Spirituality,t5_23evf3,1729697530.263186
227,r/LincolnProject,15956,Politics,t5_2apb20,1729697530.2825322
228,r/classictrucks,15955,Cars and Motor Vehicles,t5_2sclp,1729697530.301862
229,r/VietNamNation,15955,Place,t5_bbqyei,1729697530.3205628
230,r/storytellingvideos,15951,Internet Culture and Memes,t5_310ps,1729697530.3391402
231,r/urbanfantasy,15950,"Reading, Writing, and Literature",t5_2tmdu,1729697530.35903
232,r/StrongTowns,15946,Podcasts and Streamers,t5_4br9y,1729697530.377331
233,r/CatgirlSFW,15945,Anime,t5_50ea42,1729697530.395749
234,r/PowerLedger,15945,Crypto,t5_3nuyt,1729697530.4148932
235,r/fatherjohnmisty,15943,Music,t5_2xgno,1729697530.433418
236,r/R6Extraction,15939,Gaming,t5_4ixh9o,1729697530.451957
237,r/PikabuPolitics,15933,Politics,t5_10bb3u,1729697530.470229
238,r/lego_raffles,15932,Marketplace and Deals,t5_3pbbl,1729697530.48896
239,r/autechre,15931,Music,t5_2w6c1,1729697530.507166
240,r/AHomeForPlagueRats,15930,Politics,t5_55hqum,1729697530.525771
241,r/Woodworking_DIY,15930,Crafts and DIY,t5_5gjbe1,1729697530.5445518
242,r/babyelephants,15929,Animals and Pets,t5_30veo,1729697530.563064
243,r/joeyy,15929,Music,t5_5df9r2,1729697530.581397
244,r/HealthyWeightLoss,15927,Fitness and Nutrition,t5_2s3q2,1729697530.600003
245,r/WootingKB,15927,Technology,t5_3ffr5,1729697530.6184561
246,r/NeedVocals,15923,Music,t5_2vd9v,1729697530.636845
247,r/wsu,15921,Learning and Education,t5_2roja,1729697530.6551092
248,r/Veeam,15917,Technology,t5_2ut1c,1729697530.673711
249,r/instagramfollowers,15915,Technology,t5_2wofl,1729697530.692063
