,subreddit,subscribers,topic,subreddit_id,time
0,r/SoloStove,14443,Outdoors and Nature,t5_2q5mui,1729697619.4879
1,r/AdultMeme,14442,Internet Culture and Memes,t5_244mty,1729697619.510902
2,r/ADTR,14440,Music,t5_2swdk,1729697619.5319118
3,r/pacmanfrog,14439,Animals and Pets,t5_3l5j5,1729697619.553369
4,r/pushshift,14439,Technology,t5_37z6f,1729697619.5756521
5,r/MonstaX,14438,Music,t5_36puo,1729697619.6060328
6,r/nzgardening,14438,Home and Garden,t5_3aniq,1729697619.6245902
7,r/ChumbaCasino,14437,Mature Themes and Adult Content,t5_3ns26k,1729697619.643976
8,r/worldcupqatarstrophy,14437,Activism,t5_7ejyx3,1729697619.689286
9,r/MomentsBeforeDisaster,14435,Internet Culture and Memes,t5_jck3o,1729697619.7134342
10,r/FromTVShow,14434,Television,t5_5sjit8,1729697619.8407161
11,r/HorribleHistoryMemes,14434,History,t5_r7l5i,1729697619.860515
12,r/voidlinux,14430,Programming,t5_32rpq,1729697619.893238
13,r/EgyptianFreelancers,14428,Careers,t5_ahusr8,1729697619.914138
14,r/IWantOutJobs,14428,Careers,t5_2u88t,1729697619.935969
15,r/alitabattleangel,14423,Movies,t5_3f073,1729697619.962576
16,r/Needlepoint,14421,Crafts and DIY,t5_2vedg,1729697619.985363
17,r/Bagels,14417,Food and Drink,t5_2rtb6,1729697620.007572
18,r/CriterionChannel,14417,Movies,t5_rkdh7,1729697620.030338
19,r/GFLNeuralCloud,14417,Gaming,t5_3cwjb6,1729697620.051809
20,r/KoreanAdvice,14417,Gaming,t5_30l0k,1729697620.072991
21,r/vcu,14416,Learning and Education,t5_2qr81,1729697620.094466
22,r/SingularityNet,14414,Crypto,t5_2u6rr,1729697620.11595
23,r/WagWalker,14414,Animals and Pets,t5_3jqcq,1729697620.136411
24,r/NormalPeopleBBCHulu,14413,Television,t5_2ln1up,1729697620.156163
25,r/SalesforceCareers,14412,Careers,t5_l1mim,1729697620.174968
26,r/JacobCollier,14411,Music,t5_3e95w,1729697620.1933959
27,r/TheFamilyChantel,14411,Television,t5_12rqg2,1729697620.211947
28,r/CopyCatRecipes,14408,Food and Drink,t5_2rwuq,1729697620.23141
29,r/Maltipoo,14408,Animals and Pets,t5_36mis,1729697620.250897
30,r/amc,14407,Cars and Motor Vehicles,t5_2rhsp,1729697620.272623
31,r/Gunlance,14407,Gaming,t5_12qb23,1729697620.2924569
32,r/Legodimensions,14407,Gaming,t5_37rc6,1729697620.3117151
33,r/OrangePI,14406,Technology,t5_39s5l,1729697620.3315918
34,r/Frenemies3,14401,Podcasts and Streamers,t5_539e1s,1729697620.3516989
35,r/evopsych,14396,Science,t5_2qsg3,1729697620.3727272
36,r/PaulMcCartney,14396,Celebrity,t5_2u0ht,1729697620.393357
37,r/he_comes,14393,Internet Culture and Memes,t5_3lvqmn,1729697620.41438
38,r/PrimalShow,14393,Television,t5_11ewlx,1729697620.4360309
39,r/SteamScams,14393,Gaming,t5_2twj3,1729697620.456654
40,r/woodworkingtools,14393,Crafts and DIY,t5_362md,1729697620.476133
41,r/CarSalesTraining,14391,Careers,t5_27mq1l,1729697620.495666
42,r/orbi,14391,Technology,t5_3hfqg,1729697620.515085
43,r/SewingWorld,14390,Crafts and DIY,t5_5x4ves,1729697620.534816
44,r/FlareNetworks,14389,Crypto,t5_30bfqg,1729697620.5544808
45,r/Blackpink_Hotties,14388,Music,t5_ajfu05,1729697620.5740921
46,r/Fungalacne,14388,Medical and Mental Health,t5_xcr6k,1729697620.593743
47,r/3rdGen4Runner,14387,Cars and Motor Vehicles,t5_akgm1,1729697620.613394
48,r/AusPol,14387,Politics,t5_2vjko,1729697620.633109
49,r/collegecooking,14381,Food and Drink,t5_2skrj,1729697620.6527722
50,r/DescentintoAvernus,14381,Tabletop Games,t5_11lvwz,1729697620.673266
51,r/ChicagoPD,14380,Television,t5_2x7l8,1729697620.693579
52,r/TechnicallyCorrect,14379,Internet Culture and Memes,t5_2s4ew,1729697620.714219
53,r/LUMS,14377,Learning and Education,t5_2umw3,1729697620.734966
54,r/starcraft2coop,14375,Gaming,t5_3ob90,1729697620.756913
55,r/pimplecommunity,14374,Medical and Mental Health,t5_4v8vj0,1729697620.7774642
56,r/amateursatellites,14371,Technology,t5_1fvo1j,1729697620.797247
57,r/LaurenAlexisBooty,14371,This is the place to chat and upload videos of Lauren Alexis.,t5_bi1usw,1729697620.817536
58,r/Maria_Arreghini,14369,Celebrity,t5_7j9ncu,1729697620.837164
59,r/CarsPH,14368,Cars and Motor Vehicles,t5_11p8f9,1729697620.856488
60,r/surreal,14365,Art,t5_2qhrh,1729697620.8760781
61,r/LooneyTunesWoM,14360,Gaming,t5_ntlo4,1729697620.8953412
62,r/NotTimAndEricPics,14359,Internet Culture and Memes,t5_31hky,1729697620.914509
63,r/Lophophora,14357,Home and Garden,t5_317c0,1729697620.9346418
64,r/tightdress,14355,Mature Themes and Adult Content,t5_2ucnu,1729697620.953881
65,r/Bastille,14354,Music,t5_2vojc,1729697620.97575
66,r/Family_Nudity,14354,Mature Themes and Adult Content,t5_7oxoii,1729697620.9978108
67,r/Maher,14352,Celebrity,t5_38r3o,1729697621.017306
68,r/compoundedtirzepatide,14347,Medical and Mental Health,t5_a0npvh,1729697621.03581
69,r/CommercialPrinting,14346,Technology,t5_2vg80,1729697621.054538
70,r/Floppa,14344,Internet Culture and Memes,t5_2rkmkk,1729697621.072869
71,r/RHOP,14343,Television,t5_2it601,1729697621.091232
72,r/SonazHangout,14343,Funny/Humor,t5_4behaj,1729697621.109765
73,r/1000lbbestfriends,14342,Television,t5_5mwzln,1729697621.129164
74,r/nanotech,14341,Technology,t5_2qo1n,1729697621.147797
75,r/SFWGoneMild,14340,Mature Themes and Adult Content,t5_8iy6eu,1729697621.1666298
76,r/honkai_starrail,14337,Gaming,t5_52ocxy,1729697621.1855638
77,r/DiepioPartyLinks,14336,Gaming,t5_3g8oj,1729697621.204036
78,r/slasherfilms,14336,Movies,t5_2vl0f,1729697621.225843
79,r/snek_irl,14336,Irl snek,t5_386cp,1729697621.2457118
80,r/WaitWhat,14335,Internet Culture and Memes,t5_2qp7t,1729697621.264599
81,r/fatbike,14334,Fitness and Nutrition,t5_2uzci,1729697621.283336
82,r/motleyfool,14332,"Business, Economics, and Finance",t5_2w7li,1729697621.3029
83,r/PoloG,14330,Music,t5_10qlpm,1729697621.323424
84,r/seriousfifacareers,14330,Gaming,t5_2m6gw5,1729697621.343586
85,r/Brentford,14329,Sports,t5_2qxrl,1729697621.363009
86,r/TheFrame,14325,Technology,t5_5d5ulj,1729697621.382446
87,r/JeffreyDahmer,14323,Law,t5_3a2wo,1729697621.401859
88,r/peakdesign,14322,Fashion,t5_3js06,1729697621.4211452
89,r/thegarden,14322,Music,t5_2rzgb,1729697621.4406972
90,r/OMSA,14318,Learning and Education,t5_3ihhi,1729697621.4599302
91,r/thomasthetankengine,14316,Television,t5_2ur17,1729697621.4784908
92,r/Manatees,14313,Animals and Pets,t5_2stjo,1729697621.49716
93,r/portraitphotos,14313,Art,t5_2qugk,1729697621.517235
94,r/BoardKings,14311,Gaming,t5_3j0p9,1729697621.537226
95,r/UNITINU,14311,Internet Culture and Memes,t5_2u133,1729697621.556808
96,r/BaizhuMains,14308,Gaming,t5_3ebi3q,1729697621.576072
97,r/Pyrotechnics,14307,Hobbies,t5_2rsz8,1729697621.594847
98,r/publicdefenders,14306,Law,t5_2vfk1,1729697621.612519
99,r/ArsenalWFC,14305,Sports,t5_11mpco,1729697621.629963
100,r/altcomix,14304,Art,t5_2vk9n,1729697621.6523259
101,r/crosstradingrblx,14304,Gaming,t5_337srz,1729697621.673373
102,r/theplanetcrafter,14302,Gaming,t5_4qoj4j,1729697621.6956632
103,r/ComfortLevelPod,14301,Podcasts and Streamers,t5_7l71ng,1729697621.7184262
104,r/Borb,14295,Animals and Pets,t5_2s38g,1729697621.739048
105,r/houseplans,14294,Home and Garden,t5_2sdv1,1729697621.920754
106,r/LifeisStrange2,14291,Gaming,t5_3bw37,1729697621.943445
107,r/MovieTheaterEmployees,14290,Careers,t5_2uo7s,1729697621.963125
108,r/learningfrench,14289,Learning and Education,t5_2vfud,1729697621.983399
109,r/GravityFallsTheory,14284,Television,t5_38ou3,1729697622.002657
110,r/longislandcity,14284,Place,t5_2s9i8,1729697622.030318
111,r/sneakerbots,14283,Technology,t5_30uv7,1729697622.0487528
112,r/Fromis,14281,Music,t5_3phrc,1729697622.067009
113,r/ecoboostmustang,14279,Cars and Motor Vehicles,t5_2vbtw,1729697622.08529
114,r/KanojoMoKanojo,14278,Anime,t5_2g1g1c,1729697622.10356
115,r/UKRunners,14277,Sports,t5_n3ggu,1729697622.1796758
116,r/Aruba,14275,Place,t5_2u5qz,1729697622.1984131
117,r/midori,14270,Hobbies,t5_31sx2,1729697622.2242272
118,r/AnimatedPixelArt,14269,Art,t5_3njtc,1729697622.24316
119,r/FtMpassing,14269,Gender,t5_3i443,1729697622.261975
120,r/estimators,14268,Careers,t5_2zmws,1729697622.2805278
121,r/HowIMetYourFather,14268,Television,t5_2yy92,1729697622.299289
122,r/MaterialDesign,14268,Technology,t5_32bmk,1729697622.3198578
123,r/biotech_stocks,14267,"Business, Economics, and Finance",t5_2v214,1729697622.341602
124,r/exoprimal,14267,Gaming,t5_5za0lm,1729697622.360615
125,r/hondaridgeline,14265,Cars and Motor Vehicles,t5_30zf7,1729697622.379348
126,r/Agedlikehoney,14263,A subreddit for things that have yet to change,t5_2ahd56,1729697622.3984
127,r/BlackMetalCringe,14257,Internet Culture and Memes,t5_7ryymg,1729697622.417152
128,r/BriarMains,14256,Gaming,t5_8b4ela,1729697622.4358358
129,r/JulesYT,14256,Podcasts and Streamers,t5_8twcxl,1729697622.454342
130,r/CollegeFootball25,14255,Gaming,t5_atsdoo,1729697622.4725308
131,r/monicasneaker,14254,Fashion,t5_12f04t,1729697622.4906769
132,r/sdr,14252,Technology,t5_2x04o,1729697622.508914
133,r/Quadcopter,14250,Hobbies,t5_2tazm,1729697622.527503
134,r/AroAceMemes,14249,Sexual Orientation,t5_2d7jo8,1729697622.547296
135,r/wallstreetbet,14249,"Business, Economics, and Finance",t5_3f5g3,1729697622.568361
136,r/MedSpouse,14248,Family and Relationships,t5_32t39,1729697622.590307
137,r/ShamanKing,14247,Anime,t5_2y4o8,1729697622.613566
138,r/TheWorldOfRepsneakers,14244,Fashion,t5_8ur0cv,1729697622.635937
139,r/TheRealHoopz,14241,Mature Themes and Adult Content,t5_4d5rpy,1729697622.6611588
140,r/TheWitness,14241,Gaming,t5_2u3f5,1729697622.691822
141,r/Beetles,14239,Animals and Pets,t5_2se6c,1729697622.71485
142,r/DressUpTimePrincess,14239,Gaming,t5_31su6g,1729697622.734446
143,r/ItsukiClassroom,14239,Anime,t5_11zcho,1729697622.754623
144,r/RockhoundExchange,14238,Hobbies,t5_2tmuh,1729697622.77574
145,r/southkorea,14237,Place,t5_2r5bd,1729697622.795668
146,r/DodgeRam,14236,Cars and Motor Vehicles,t5_2xhbu,1729697622.8151581
147,r/kerning,14235,Funny/Humor,t5_2w51w,1729697622.83494
148,r/GabrielaGarciaonlyfn,14233,COMUNIDAD LATINA,t5_besse9,1729697622.857179
149,r/recipescopycat,14233,Food and Drink,t5_37vmb,1729697622.877301
150,r/TestosteroneKickoff,14232,Gender,t5_3nxlxz,1729697622.896998
151,r/Hyte,14230,Technology,t5_48ecfa,1729697622.916825
152,r/VacheronConstantin,14230,Fashion,t5_2xh95,1729697622.936217
153,r/ImaginaryMutants,14227,Art,t5_32aq1,1729697622.955759
154,r/vcvrack,14227,Music,t5_3p9iv,1729697622.975803
155,r/EllaFreya,14223,Celebrity,t5_3d4hb,1729697622.9984682
156,r/producer,14223,Music,t5_2w3fb,1729697623.018178
157,r/SummonersGreed,14222,Gaming,t5_9fnly,1729697623.038972
158,r/SingleUseCodes,14221,Marketplace and Deals,t5_337qn,1729697623.060981
159,r/AtlantaBraves,14220,Sports,t5_2wf4q,1729697623.082651
160,r/PriorityPass,14219,Travel,t5_24ry71,1729697623.102277
161,r/PTschool,14218,Learning and Education,t5_g9rou,1729697623.1235368
162,r/kankan,14217,Music,t5_3hbfrj,1729697623.143886
163,r/Alexa_Figueroa,14216,Mature Themes and Adult Content,t5_3ciag4,1729697623.164512
164,r/discogs,14215,Marketplace and Deals,t5_2urpc,1729697623.184808
165,r/ExploitDev,14213,Programming,t5_35mpm,1729697623.2049122
166,r/PanamPalmer,14211,Mature Themes and Adult Content,t5_3juyl3,1729697623.2257311
167,r/propagandasantigas,14208,Television,t5_7md6r1,1729697623.2455978
168,r/AEWFightForever,14203,Gaming,t5_622uir,1729697623.2657301
169,r/CedarPark,14203,Place,t5_2uhh3,1729697623.286108
170,r/astralchain,14202,Gaming,t5_wj0eo,1729697623.306881
171,r/audiorepair,14202,Technology,t5_2yn23,1729697623.327137
172,r/CafeRacer,14202,Cars and Motor Vehicles,t5_2vmpi,1729697623.34798
173,r/BABY_ANIMAL_GIFS,14201,Animals and Pets,t5_3j7cq,1729697623.3680189
174,r/PrimarchGFs,14198,Tabletop Games,t5_bi97sl,1729697623.3884108
175,r/NetworkingJobs,14194,Careers,t5_2tvyy,1729697623.408244
176,r/FPVvideos,14193,Technology,t5_3bfex,1729697623.4290109
177,r/Existential_crisis,14192,Medical and Mental Health,t5_2wex0,1729697623.450059
178,r/gothplants,14192,Home and Garden,t5_55acfo,1729697623.471943
179,r/BabyYodaMemes,14187,Internet Culture and Memes,t5_28hlx9,1729697623.492618
180,r/BrawlStarsClips,14186,Gaming,t5_wufu6,1729697623.513081
181,r/Havanese,14186,Animals and Pets,t5_2rrbo,1729697623.534195
182,r/rochestermn,14184,Place,t5_2rqfl,1729697623.55497
183,r/Freud,14182,Science,t5_33nce,1729697623.5766542
184,r/chillstep,14179,Music,t5_2sd6n,1729697623.5973718
185,r/ProtonPass,14178,Technology,t5_7g1kxz,1729697623.6173089
186,r/Scranton,14178,Place,t5_2se4c,1729697623.6392791
187,r/synthwaveproducers,14178,Music,t5_39rwz,1729697623.659488
188,r/VWMK7,14176,Cars and Motor Vehicles,t5_38f20,1729697623.679074
189,r/idiotwastingtime,14174,Internet Culture and Memes,t5_6x79q1,1729697623.6982138
190,r/FriedChicken,14173,Food and Drink,t5_2rkau,1729697623.7181451
191,r/Yield_Farming,14173,Crypto,t5_3220yj,1729697623.737622
192,r/sigils,14172,Religion and Spirituality,t5_2w2qx,1729697623.7597818
193,r/CreamsicleCats,14166,Animals and Pets,t5_5h5kju,1729697623.780143
194,r/SupplyChainLogistics,14166,Careers,t5_31nkl,1729697623.800543
195,r/Doodle_Magic,14165,Gaming,t5_9mmdgs,1729697623.821215
196,r/NickCave,14165,Music,t5_2tpyl,1729697623.842551
197,r/treehouse,14165,Home and Garden,t5_2qscl,1729697623.86235
198,r/Rainbow,14164,Outdoors and Nature,t5_2ra51,1729697623.882866
199,r/Menaregood,14163,Internet Culture and Memes,t5_291y40,1729697623.90248
200,r/QuietOnSetDocumentary,14163,Television,t5_azto0d,1729697623.922564
201,r/hellcat,14162,Cars and Motor Vehicles,t5_2wukq,1729697623.942912
202,r/RepublicOfMusic,14161,Music,t5_2svep,1729697623.9635231
203,r/Thor,14161,Movies,t5_2sb44,1729697623.985003
204,r/GymFails,14157,Fitness and Nutrition,t5_2xs1f,1729697624.004887
205,r/tanzania,14155,Place,t5_2rhfq,1729697624.025173
206,r/Amazing,14154,Internet Culture and Memes,t5_2qqg0,1729697624.0458329
207,r/ClassicDesiBeauties,14147,Celebrity,t5_4c9b7z,1729697624.065734
208,r/LucianMains,14147,Gaming,t5_385uh,1729697624.086315
209,r/Physiology,14143,Science,t5_2rc9j,1729697624.106833
210,r/TalynnGracee,14139,Podcasts and Streamers,t5_5jx3cu,1729697624.126949
211,r/Pessimism,14138,Ethics and Philosophy,t5_2rpbb,1729697624.146046
212,r/ImaginaryOverwatch,14137,Art,t5_3e8ml,1729697624.16605
213,r/q50,14134,Cars and Motor Vehicles,t5_3b9mv,1729697624.186673
214,r/GunnersatGames,14133,Sports,t5_2up4w,1729697624.205525
215,r/KnottsBerryFarm,14130,Travel,t5_2wfms,1729697624.224563
216,r/mikaylamdemaiter,14129,Celebrity,t5_8zf37d,1729697624.24365
217,r/zerobaseone,14129,Music,t5_89c4pm,1729697624.264589
218,r/Cuttingboards,14128,Crafts and DIY,t5_2zhbp,1729697624.284648
219,r/LethalMemes,14128,Gaming,t5_a5x7l3,1729697624.303824
220,r/AutomotiveLearning,14126,Cars and Motor Vehicles,t5_3iont,1729697624.322577
221,r/TagPro,14126,Gaming,t5_2w7hh,1729697624.344092
222,r/Oobabooga,14123,Technology,t5_80tprv,1729697624.364031
223,r/CartoonuityErrors,14122,Television,t5_xmt6w,1729697624.384453
224,r/fruit,14122,Food and Drink,t5_2rln2,1729697624.404146
225,r/SaltwaterAquariumClub,14122,Animals and Pets,t5_34nap,1729697624.42379
226,r/FumetsuNoAnataE,14117,Anime,t5_3hirl,1729697624.4439092
227,r/sodadungeon,14113,Gaming,t5_35aph,1729697624.463073
228,r/CelebrityPegging,14111,Mature Themes and Adult Content,t5_4g830y,1729697624.483733
229,r/henna,14109,Beauty and Makeup,t5_2rk88,1729697624.502557
230,r/italiancooking,14103,Food and Drink,t5_2t5nq,1729697624.52175
231,r/developers,14098,Careers,t5_2sama,1729697624.540756
232,r/IWasTodayYearsOld,14098,Internet Culture and Memes,t5_nk2mr,1729697624.5603368
233,r/stemcells,14097,Science,t5_2rlti,1729697624.580132
234,r/johndeere,14095,Cars and Motor Vehicles,t5_2ub6d,1729697624.60081
235,r/Algebra,14094,Learning and Education,t5_2qumy,1729697624.620646
236,r/HowToWithJohnWilson,14094,Television,t5_230hb1,1729697624.640866
237,r/BodybuildingCycle,14091,Fitness and Nutrition,t5_85qlma,1729697624.661421
238,r/Idiots,14091,For the stupidest things that dumb people do,t5_2qife,1729697624.6843982
239,r/BikeLA,14090,Place,t5_2ry2s,1729697624.704632
240,r/ImaginAsian,14090,Art,t5_buqg3,1729697624.724103
241,r/Airbus,14086,Cars and Motor Vehicles,t5_2wapz,1729697624.7424388
242,r/theofficegifs,14085,Funny/Humor,t5_331w5,1729697624.761009
243,r/ColumbusGA,14084,Place,t5_2rn8i,1729697624.783912
244,r/TheBlackKeys,14082,Music,t5_2sl26,1729697624.804234
245,r/dreamingspanish,14080,Learning and Education,t5_6hb6pn,1729697624.824667
246,r/Report_scams,14080,Technology,t5_az6yqo,1729697624.844643
247,r/jerseymikes,14079,Food and Drink,t5_2su52,1729697624.865473
248,r/reasoners,14078,Music,t5_2rdm9,1729697624.884543
249,r/crueltyfree,14077,Beauty and Makeup,t5_2wn9t,1729697624.903349
