,subreddit,subscribers,topic,subreddit_id,time
0,r/rosajadeliFANS,14077,Mature Themes and Adult Content,t5_afutse,1729697638.559207
1,r/AncientMagusBride,14076,Anime,t5_3c7mo,1729697638.582144
2,r/comphet,14076,Sexual Orientation,t5_xv0in,1729697638.6018429
3,r/uscanadaborder,14076,Travel,t5_4ovkbx,1729697638.622383
4,r/knittinghelp,14075,Crafts and DIY,t5_6t9xoo,1729697638.642194
5,r/FootFunction,14072,Medical and Mental Health,t5_1229nt,1729697638.671696
6,r/rccrawler,14072,Hobbies,t5_2x4ll,1729697638.691699
7,r/BandMaid,14070,Music,t5_38wtb,1729697638.716303
8,r/FeetRomania,14070,Mature Themes and Adult Content,t5_5gan88,1729697638.7369778
9,r/lyvlas,14064,Mature Themes and Adult Content,t5_5fms8f,1729697638.757757
10,r/PLLOriginalSin,14064,Television,t5_44hiy8,1729697638.860159
11,r/Swindon,14063,Place,t5_2qmi4,1729697638.881175
12,r/clocks,14062,Hobbies,t5_2r2n7,1729697638.90963
13,r/supercross,14062,Sports,t5_2txdx,1729697638.930206
14,r/Zentangle,14060,Art,t5_2x4q8,1729697638.950667
15,r/Patagonia,14059,Place,t5_2zk69,1729697638.971255
16,r/trainsimworld,14059,Gaming,t5_3g4n9,1729697638.9912808
17,r/CPTSDFreeze,14058,Medical and Mental Health,t5_5nx20i,1729697639.01112
18,r/OriannaMains,14058,Gaming,t5_37wve,1729697639.030006
19,r/VanessaKirby,14057,Celebrity,t5_3hevc,1729697639.048311
20,r/BAbike,14056,Place,t5_2sfn4,1729697639.0667012
21,r/OnMyBlock,14055,Television,t5_g17pi,1729697639.0850828
22,r/GeeKnitting,14052,Welcome to GeeKnitting,t5_2s9hz,1729697639.103473
23,r/originsofreligion,14052,Internet Culture and Memes,t5_50hc8d,1729697639.122081
24,r/Tatort,14050,Television,t5_2u013,1729697639.1404002
25,r/kurosanji,14049,Celebrity,t5_ashqiw,1729697639.158666
26,r/OnlyFangsbg3,14048,Gaming,t5_9h91zc,1729697639.177053
27,r/lordhuron,14047,Music,t5_2z26a,1729697639.1952908
28,r/Cordcutting,14044,Television,t5_2tf4a,1729697639.213557
29,r/parkslope,14044,Place,t5_2sa4f,1729697639.2317362
30,r/StandingDesks,14044,Home and Garden,t5_2tf0s,1729697639.2500439
31,r/LoverFella,14040,Gaming,t5_qlix8,1729697639.268376
32,r/NavalRavikant,14039,"Business, Economics, and Finance",t5_1094sp,1729697639.287068
33,r/NftGiveawayOnly,14037,Crypto,t5_5eckps,1729697639.306896
34,r/TeenMFA,14037,Fashion,t5_2sjsv,1729697639.325563
35,r/MSCS,14035,Careers,t5_67akk7,1729697639.344766
36,r/FurryCommissions,14032,Art,t5_38rrw,1729697639.3632152
37,r/playtoearngames,14032,Crypto,t5_4rxx3o,1729697639.380577
38,r/PowerliftingMemes,14027,Internet Culture and Memes,t5_fc8fw,1729697639.398897
39,r/metallurgy,14026,Science,t5_2tdna,1729697639.417206
40,r/workplace_bullying,14026,Careers,t5_23xisu,1729697639.435343
41,r/ChurchOfNejire,14025,Anime,t5_omp33,1729697639.453603
42,r/huntingtonbeach,14024,Place,t5_2sgfq,1729697639.47171
43,r/WorldOfDarkness,14023,Tabletop Games,t5_2skzb,1729697639.490051
44,r/Frankenbike,14022,Hobbies,t5_2xbq8,1729697639.508502
45,r/HaloLeaks,14020,Gaming,t5_3a1s4,1729697639.527838
46,r/HonkaiHusbandos,14020,Gaming,t5_84h7f2,1729697639.549546
47,r/100xCoin,14019,Technology,t5_47bf02,1729697639.5696168
48,r/DankMemesYLYL,14019,Internet Culture and Memes,t5_4e2zni,1729697639.594975
49,r/EditMyRaw,14019,Art,t5_3cja1,1729697639.6201391
50,r/dns,14018,Technology,t5_2rdxn,1729697639.645183
51,r/Coconaad,14016,Place,t5_awcegx,1729697639.6742132
52,r/TheSmile,14014,Music,t5_4gp2k3,1729697639.701987
53,r/cronusmax,14013,Gaming,t5_386vk,1729697639.72718
54,r/VoxelGameDev,14011,Programming,t5_2ton9,1729697639.750402
55,r/AcaciaKerseySnark,14009,Celebrity,t5_5rv37y,1729697639.778868
56,r/LabelMemes,14009,The dragon represents your math teacher.,t5_ejwwh,1729697639.801973
57,r/unexpectedrunescape,14009,Internet Culture and Memes,t5_3f8fb,1729697639.850869
58,r/PoliceVehicles,14008,Cars and Motor Vehicles,t5_2x8xb,1729697639.878413
59,r/VRchatAvatars,14008,Gaming,t5_a372k,1729697639.903032
60,r/7String,14006,Music,t5_2syol,1729697639.9326122
61,r/karaoke,14006,Music,t5_2qq7y,1729697639.957393
62,r/GermanCitizenship,14005,Law,t5_2wz03w,1729697639.980721
63,r/WitchHatAtelier,14003,"Reading, Writing, and Literature",t5_mxxop,1729697640.007661
64,r/newsentences,14000,Internet Culture and Memes,t5_32jw7,1729697640.0336661
65,r/tortico,14000,Animals and Pets,t5_5a7qva,1729697640.060802
66,r/rattlecannedguns,13999,Mature Themes and Adult Content,t5_3bvrk,1729697640.085187
67,r/surrendercobra,13996,Internet Culture and Memes,t5_3bm3j,1729697640.1125572
68,r/fastfoodreview,13995,Food and Drink,t5_2z6jv,1729697640.1373708
69,r/UrbanRescueRanch,13995,Podcasts and Streamers,t5_4aqphv,1729697640.159743
70,r/atari,13991,Gaming,t5_2qlc0,1729697640.1848261
71,r/CallCenterWorkers,13990,Careers,t5_313sv,1729697640.2143
72,r/jurugansolana,13989,Crypto,t5_bb9nop,1729697640.241041
73,r/TeamGB,13988,Sports,t5_2unjr,1729697640.2671528
74,r/SimplePlanes,13986,Gaming,t5_30a8y,1729697640.313102
75,r/PlayGodfall,13985,Gaming,t5_o4s5w,1729697640.338138
76,r/Truthoffmychest,13985,Family and Relationships,t5_2gjv82,1729697640.36171
77,r/financestudents,13984,Learning and Education,t5_2zlxn,1729697640.39201
78,r/HamlinzFam,13979,Podcasts and Streamers,t5_51exjz,1729697640.418686
79,r/therapyabuse,13977,Medical and Mental Health,t5_2jlxhd,1729697640.442215
80,r/ProjectEnrichment,13976,Welcome to ProjectEnrichment,t5_2sto3,1729697640.469245
81,r/Morgan_Wallen,13974,Music,t5_4v0363,1729697640.49155
82,r/STFUitsadragon,13973,Internet Culture and Memes,t5_12q6za,1729697640.517055
83,r/BeginnerKorean,13972,Learning and Education,t5_npryw,1729697640.53919
84,r/fodust,13970,Gaming,t5_38d47,1729697640.564419
85,r/Nebula,13970,Technology,t5_2sjja,1729697640.587757
86,r/GlobalEntry,13969,Travel,t5_3jz3l,1729697640.6142411
87,r/PowerRangersGoneWild,13968,Celebrity,t5_2oe4k3,1729697640.638131
88,r/ChatGPTGoneWild,13966,Technology,t5_7ieqlf,1729697640.6608808
89,r/MediumApp,13966,Technology,t5_22uzne,1729697640.688738
90,r/FGC,13965,Gaming,t5_2t17f,1729697640.712545
91,r/MirandaCohen,13965,Celebrity,t5_2vyf44,1729697640.7408352
92,r/mealprepsundays,13960,Food and Drink,t5_3gqu2,1729697640.764528
93,r/StellarisMods,13960,Gaming,t5_3de64,1729697640.789922
94,r/onlinesoccermanager,13959,Gaming,t5_2ye6j,1729697640.8155038
95,r/spaceships,13959,Hobbies,t5_2rrsp,1729697640.8418639
96,r/System76,13959,Technology,t5_2vzqv,1729697640.863586
97,r/CollegeEssayReview,13958,Learning and Education,t5_3alo5,1729697640.8918378
98,r/iPhone16Pro,13957,Technology,t5_3pb7xg,1729697640.9227982
99,r/sweaterbullets,13955,Celebrity,t5_6wz4z6,1729697640.9503338
100,r/TheFallofHouseofUsher,13955,Television,t5_9l59ja,1729697640.9739
101,r/movingout,13954,Home and Garden,t5_2skoz,1729697641.1963258
102,r/munichsocialclub,13952,Travel,t5_34xla,1729697641.2329879
103,r/thane,13952,Place,t5_2r2kw,1729697641.263232
104,r/orangutan,13949,Animals and Pets,t5_2zd69,1729697641.293757
105,r/CustomLoR,13947,Gaming,t5_26q11r,1729697641.3215601
106,r/WeChatQRScan,13947,This is a safe community where WeChat verifications are conducted and heavily moderated. WeChat verifications might be offered or requested for free or paid for depending on the person offering and requesting the service (Amount depends on the two parties). Verified community members might return and offer verification after 6 months when they acquire their first verification. Feel safe because every post and sellers will undergo eligibility test before posting. Welcome and stay safe.,t5_885bea,1729697641.354451
107,r/DragonRajaMobile,13944,Gaming,t5_27i66w,1729697641.398293
108,r/BatmanMemes,13937,Internet Culture and Memes,t5_bvero,1729697641.430652
109,r/PixelFold,13937,Technology,t5_4ktlhe,1729697641.4639518
110,r/frontierairlines,13935,Marketplace and Deals,t5_m0gjv,1729697641.491175
111,r/bmwmotorrad,13934,Cars and Motor Vehicles,t5_13hobi,1729697641.519274
112,r/HandToolRescue,13933,Crafts and DIY,t5_4f4qb,1729697641.6207612
113,r/Wyze,13933,Technology,t5_3pyn9,1729697641.644843
114,r/GRCorolla,13932,Cars and Motor Vehicles,t5_59thpw,1729697641.6816251
115,r/womensfashion,13932,Fashion,t5_2wuq0,1729697641.706123
116,r/FidgetSpinners,13929,Hobbies,t5_3hd6q,1729697641.7360299
117,r/Wizz_App_Unofficial,13927,Technology,t5_3pzog4,1729697641.76056
118,r/ghosting,13926,Family and Relationships,t5_2vcxd,1729697641.7889888
119,r/campinas,13925,Place,t5_2t3o6,1729697641.813757
120,r/GGPoker,13925,Mature Themes and Adult Content,t5_349sh8,1729697641.839514
121,r/BlakeEllenderLively,13921,Celebrity,t5_7udcu2,1729697641.8686888
122,r/YIMO,13918,Gaming,t5_3c24l,1729697641.896775
123,r/2DAnimation,13916,Art,t5_3awht,1729697641.925379
124,r/cockatoos,13916,Animals and Pets,t5_2tcot,1729697641.9502149
125,r/NCTrails,13916,Outdoors and Nature,t5_2urj4,1729697641.976127
126,r/BladeMains,13915,Gaming,t5_6ex4ql,1729697642.001236
127,r/logseq,13915,"Reading, Writing, and Literature",t5_2wnjza,1729697642.028237
128,r/OldBooks,13915,"Reading, Writing, and Literature",t5_2vert,1729697642.0500412
129,r/swipebuddies,13915,"Business, Economics, and Finance",t5_akhyav,1729697642.078052
130,r/TheBreaker,13912,Anime,t5_2w0y1,1729697642.1041028
131,r/OvereatersAnonymous,13911,Addiction Support,t5_2vifh,1729697642.128039
132,r/SchoolSpirits,13908,Television,t5_7rg25r,1729697642.1489542
133,r/duelyst,13907,Gaming,t5_30w43,1729697642.174731
134,r/malvern,13907,"/r/malvern is a subreddit dedicated for Malvern, Worcestershire, UK.",t5_2sftc,1729697642.197119
135,r/tartarianarchitecture,13906,History,t5_t1d5a,1729697642.2239811
136,r/Wevolver,13903,Technology,t5_9xk9a,1729697642.249425
137,r/Illaoi,13902,Gaming,t5_3afkz,1729697642.275477
138,r/ArcGIS,13901,Technology,t5_2vn2r,1729697642.3021739
139,r/MinaProtocol,13898,Crypto,t5_35j22t,1729697642.328532
140,r/stroke,13898,Medical and Mental Health,t5_2qsry,1729697642.352999
141,r/Heroquest,13897,Tabletop Games,t5_2v6gz,1729697642.377304
142,r/StarWarsTelevision,13896,Television,t5_3mr2t,1729697642.409936
143,r/STAYC,13895,Music,t5_38q51i,1729697642.440705
144,r/Epcot,13894,Travel,t5_2t6xl,1729697642.4681542
145,r/milesprower,13894,Gaming,t5_3336h,1729697642.493115
146,r/MilitiousCompliance,13894,Military,t5_3ozhqk,1729697642.51808
147,r/TaylorSwiftVinyl,13888,Music,t5_42r4jb,1729697642.5457642
148,r/SummerGlau,13886,Celebrity,t5_2rrmj,1729697642.573579
149,r/theswarm,13883,Meta/Reddit,t5_62v34j,1729697642.6023512
150,r/peytoncovfefe,13882,Mature Themes and Adult Content,t5_748n5m,1729697642.6306229
151,r/Therapylessons,13881,Medical and Mental Health,t5_2xu9j,1729697642.659913
152,r/PocketPlanes,13878,Gaming,t5_2uamw,1729697642.684758
153,r/AnthonyChristopherArt,13875,Art,t5_3mqt8,1729697642.714172
154,r/megamindmemes,13875,Internet Culture and Memes,t5_3jy3m,1729697642.742651
155,r/questionablecontent,13875,"Reading, Writing, and Literature",t5_2rjz3,1729697642.772129
156,r/RoamResearch,13875,Technology,t5_2b5xg2,1729697642.79709
157,r/deer,13874,Outdoors and Nature,t5_2umsb,1729697642.827779
158,r/bee,13873,Animals and Pets,t5_2qytk,1729697642.853301
159,r/shortynails,13869,Beauty and Makeup,t5_7gtobk,1729697642.88162
160,r/SweaterDress,13868,Mature Themes and Adult Content,t5_31wls,1729697642.908421
161,r/terriblemaps,13868,Internet Culture and Memes,t5_3lw23,1729697642.936297
162,r/MarvelsWhatIf,13865,Television,t5_zly8x,1729697642.963572
163,r/NYCC,13865,"Reading, Writing, and Literature",t5_2v1q5,1729697642.995876
164,r/americanidol,13864,Television,t5_2qh6f,1729697643.026934
165,r/GirlsLove,13863,Television,t5_2xn2b,1729697643.055192
166,r/LanternDie,13863,Animals and Pets,t5_8tg0kd,1729697643.085997
167,r/myvegas,13863,Gaming,t5_2wf14,1729697643.120723
168,r/AllDeliciousRecipes,13862,Food and Drink,t5_l0zjd,1729697643.150197
169,r/FuXuan_Mains,13861,Gaming,t5_82awsj,1729697643.2052329
170,r/haworthia,13860,Home and Garden,t5_31vy8,1729697643.237816
171,r/DanielaMelchior,13859,Celebrity,t5_31vpl3,1729697643.266078
172,r/fionnaandcake,13858,Television,t5_58c0c6,1729697643.29856
173,r/Backcountrygourmet,13857,Food and Drink,t5_2zqeuj,1729697643.3294232
174,r/KimberleyGarner,13853,Celebrity,t5_33u3o,1729697643.3601768
175,r/Medway,13852,Place,t5_2s3ro,1729697643.3928661
176,r/haikusbot,13849,Meta/Reddit,t5_305p4f,1729697643.4207182
177,r/printful,13849,"Business, Economics, and Finance",t5_3a7ft,1729697643.4512799
178,r/liquiddnb,13848,Music,t5_2saw8,1729697643.475961
179,r/MoscowBeat,13844,Music,t5_kmjob,1729697643.5120618
180,r/Portlandia,13844,Television,t5_2sae0,1729697643.538625
181,r/RandomActsOfTacoBell,13841,Food and Drink,t5_35oyu,1729697643.567013
182,r/zodiacacademy,13838,"Reading, Writing, and Literature",t5_4jhewt,1729697643.593515
183,r/LibertarianSocialism,13837,Politics,t5_2qpfx,1729697643.623678
184,r/CameltoesOfTikTok,13835,Mature Themes and Adult Content,t5_728irs,1729697643.65555
185,r/RLCustomTraining,13835,Gaming,t5_3hwmb,1729697643.684104
186,r/Gambler500,13832,Cars and Motor Vehicles,t5_3k0dh,1729697643.713114
187,r/WatchCloakedSombraDie,13832,Gaming,t5_3hkxm,1729697643.7387788
188,r/WonderTrade,13830,Gaming,t5_2yrvs,1729697643.766392
189,r/MaxMSP,13828,Music,t5_2s9jm,1729697643.7916522
190,r/spookymemes,13828,Internet Culture and Memes,t5_33nh6,1729697643.817703
191,r/houseplantpropping,13827,Home and Garden,t5_2tv9zt,1729697643.84142
192,r/slavestodarkness,13826,Tabletop Games,t5_2nswjj,1729697643.8693771
193,r/The_Gaben,13826,Gaming,t5_3ii9a,1729697643.8937569
194,r/UnexpectedSpongeBob,13826,Funny/Humor,t5_3c6gg,1729697643.920567
195,r/G35,13825,Cars and Motor Vehicles,t5_2uf4l,1729697643.9477088
196,r/funnyonlineclasses,13824,Funny/Humor,t5_2ixxpo,1729697643.975521
197,r/okbuddysplicer,13824,Gaming,t5_52q0wb,1729697644.001791
198,r/WomenRO,13824,Gender,t5_86lhci,1729697644.029522
199,r/Homeschooling,13823,Learning and Education,t5_2sybr,1729697644.054467
200,r/DescentIntoTyranny,13822,Politics,t5_2tvr7,1729697644.08127
201,r/goingmedieval,13821,Gaming,t5_wyxfa,1729697644.105962
202,r/saitatsumaki,13819,Anime,t5_74czge,1729697644.130903
203,r/yummycoin,13819,Deflationary token with holder rewards and +$1.6M Growth Fund that buybacks and burns tokens on a daily basis! Check us out!,t5_4beqc8,1729697644.1557388
204,r/Displate,13813,"Business, Economics, and Finance",t5_3j71a,1729697644.1801238
205,r/MilesMorales,13813,Movies,t5_3186l,1729697644.205567
206,r/Chilis,13812,Food and Drink,t5_2txn4,1729697644.228928
207,r/GamingPCBuildHelp,13810,Technology,t5_3p57a,1729697644.252678
208,r/windows7,13810,Technology,t5_2qudu,1729697644.276469
209,r/Euphorbiaceae,13809,Home and Garden,t5_39qtq,1729697644.300003
210,r/redmond,13809,Place,t5_2s985,1729697644.32329
211,r/rundisney,13808,Fitness and Nutrition,t5_2sx9g,1729697644.346113
212,r/gratefulguitar,13807,Music,t5_3lxet,1729697644.3666198
213,r/flint,13803,Place,t5_2rmf0,1729697644.3870988
214,r/ErwinSmith,13801,Anime,t5_33kxn,1729697644.406543
215,r/seasonalfabricbirds,13799,Hobbies,t5_mq134,1729697644.426101
216,r/EarningOnline,13795,"Business, Economics, and Finance",t5_3g6xk,1729697644.445513
217,r/Wario,13794,Gaming,t5_2u1i4,1729697644.464658
218,r/BurnNotice,13789,Television,t5_2rusp,1729697644.483566
219,r/willhaben,13789,Marketplace and Deals,t5_8cxyp,1729697644.5021791
220,r/SIreps,13788,Fashion,t5_4clv3z,1729697644.5266612
221,r/RazorMains,13787,Gaming,t5_3c3324,1729697644.5479429
222,r/2balkans4You,13786,"Culture, Race, and Ethnicity",t5_5s3uxx,1729697644.566562
223,r/ImaginaryMonuments,13786,Art,t5_2yews,1729697644.585207
224,r/ToddintheShadow,13785,Podcasts and Streamers,t5_h6lgh,1729697644.603745
225,r/PraiseTheCameraDog,13783,Animals and Pets,t5_xzbot,1729697644.622184
226,r/QUALITYanime,13783,Anime,t5_320xh,1729697644.640748
227,r/edX,13781,Learning and Education,t5_2u0zr,1729697644.660038
228,r/MOASS,13779,"Business, Economics, and Finance",t5_46vgjg,1729697644.680795
229,r/EnvironmentalEngineer,13776,Careers,t5_38vth,1729697644.7011461
230,r/PhysicGarden,13776,Home and Garden,t5_2sq2f,1729697644.721129
231,r/NymphowarriorRides,13774,Cars and Motor Vehicles,t5_jia71,1729697644.740236
232,r/gamejams,13767,Gaming,t5_2u0oh,1729697644.759091
233,r/temu_old_users,13766,Marketplace and Deals,t5_8qdio9,1729697644.7797801
234,r/Wandsmith,13765,Hobbies,t5_3j2qu,1729697644.7995431
235,r/workaway,13763,Travel,t5_2yhfr,1729697644.820004
236,r/MachineKnitting,13761,Crafts and DIY,t5_3g0wl,1729697644.840715
237,r/canterbury,13756,Place,t5_2sbso,1729697644.862188
238,r/FBI,13755,Careers,t5_2shit,1729697644.883372
239,r/Polish,13753,"Culture, Race, and Ethnicity",t5_2rhyf,1729697644.904642
240,r/IndiansRead,13750,"Reading, Writing, and Literature",t5_2ptom2,1729697644.925619
241,r/Jakerton,13748,Podcasts and Streamers,t5_5em99c,1729697644.945608
242,r/GeoWizard,13745,Podcasts and Streamers,t5_21sqzh,1729697644.9660149
243,r/KylieJennerForever,13743,Mature Themes and Adult Content,t5_83ltft,1729697644.9864378
244,r/DellXPS,13742,Technology,t5_2urh7,1729697645.0065868
245,r/amywinehouse,13739,Music,t5_2so6y,1729697645.026693
246,r/Hacking_Tricks,13739,Technology,t5_3l752,1729697645.047515
247,r/RatRod,13738,Cars and Motor Vehicles,t5_2ronn,1729697645.0683892
248,r/verticalfarming,13737,Home and Garden,t5_2wn51,1729697645.093776
249,r/DogfreeHumor,13732,Internet Culture and Memes,t5_u99v4,1729697645.12011
