,subreddit,subscribers,topic,subreddit_id,time
0,r/steamfriend,13731,Gaming,t5_2ui2k,1729697662.949054
1,r/IntelArc,13730,Technology,t5_4wtns7,1729697662.9719949
2,r/OnlineDatingApps,13728,A place to discuss online dating without manipulation from Match Group Inc. Please keep it civil.,t5_92bjtz,1729697662.991631
3,r/BoomtownFestival,13727,Music,t5_38783,1729697663.0108008
4,r/petedavidson,13726,Celebrity,t5_3jhr2,1729697663.0299861
5,r/RoadBikes,13725,Sports,t5_38k2u,1729697663.2039309
6,r/UnfunnyHellhole,13724,Internet Culture and Memes,t5_4t0rc4,1729697663.22595
7,r/BestofRedditorSagas,13723,Meta/Reddit,t5_79kffx,1729697663.244811
8,r/forgeofempires,13720,Gaming,t5_2tj0e,1729697663.263702
9,r/NoRestForTheWicked,13720,Gaming,t5_ajmlxp,1729697663.282738
10,r/FictionWriting,13714,"Reading, Writing, and Literature",t5_2tucy,1729697663.311737
11,r/celeb_sandals,13712,Celebrity,t5_477g7i,1729697663.3323488
12,r/DnDminiatures,13712,Tabletop Games,t5_q6zrl,1729697663.352322
13,r/sevilla,13712,Place,t5_2tqz4,1729697663.372763
14,r/cafebrasil,13710,Food and Drink,t5_6vtgpz,1729697663.393208
15,r/teenageengineering,13709,Technology,t5_37l1r,1729697663.4387589
16,r/WarriorTV,13708,Television,t5_nxd9e,1729697663.5275142
17,r/amateurastronomy,13707,Science,t5_2r6as,1729697663.548044
18,r/graphology,13705,"Reading, Writing, and Literature",t5_3grkc,1729697663.585641
19,r/dessin,13700,Art,t5_2y9ot,1729697663.606494
20,r/Harrisburg,13700,Place,t5_2rar7,1729697663.629388
21,r/LoansPaydayOnline,13700,"Business, Economics, and Finance",t5_3kaypz,1729697663.649848
22,r/manifestationvalley,13700,Religion and Spirituality,t5_37skfy,1729697663.6699631
23,r/ultrahardcore,13700,Gaming,t5_2tswi,1729697663.690432
24,r/lesbiansexhd,13697,Mature Themes and Adult Content,t5_9mnh4r,1729697663.7105951
25,r/hololiveEN,13695,Podcasts and Streamers,t5_32h3is,1729697663.7311628
26,r/EnneagramType4,13694,Ethics and Philosophy,t5_jtde9,1729697663.751198
27,r/precure,13694,Anime,t5_2tov2,1729697663.7713
28,r/SchoolSystemBroke,13693,Activism,t5_x94fp,1729697663.790858
29,r/SteamDeckEmu,13692,Gaming,t5_68ei2d,1729697663.810634
30,r/wilco,13692,Music,t5_2rc07,1729697663.829715
31,r/1920s,13691,History,t5_2s1dv,1729697663.848908
32,r/EiyudenChronicle,13687,Gaming,t5_2widft,1729697663.869524
33,r/mega64,13685,Podcasts and Streamers,t5_2s4nu,1729697663.902213
34,r/spooky_stories,13684,Internet Culture and Memes,t5_3bqhy,1729697663.924695
35,r/mallorca,13682,Place,t5_2t2jy,1729697663.946054
36,r/rance_iel,13682,Internet Culture and Memes,t5_51gnf7,1729697663.967753
37,r/NMN,13678,Fitness and Nutrition,t5_3eplj,1729697663.9887412
38,r/fallout4settlements,13676,Gaming,t5_3ahi4,1729697664.010217
39,r/Blockbench,13675,Technology,t5_284nsl,1729697664.032019
40,r/PiltoversFinest,13674,Mature Themes and Adult Content,t5_3kapl,1729697664.053847
41,r/askmeaboutmyjob,13672,Careers,t5_2srv6,1729697664.0756228
42,r/nftsupermarket,13671,Crypto,t5_5tvnol,1729697664.097727
43,r/serum,13670,Music,t5_339hy,1729697664.119624
44,r/BabyNames,13669,Family and Relationships,t5_2sto4,1729697664.141546
45,r/takis,13669,Food and Drink,t5_2yd3z,1729697664.161999
46,r/FinalFantasyTCG,13668,Tabletop Games,t5_3g2mp,1729697664.1822631
47,r/lifx,13668,Technology,t5_2x1dq,1729697664.199931
48,r/StreetWomanFighter,13667,Television,t5_4vdkwq,1729697664.217868
49,r/DystopiaForReddit,13666,Technology,t5_pt9qm,1729697664.236353
50,r/WorldNews_Serious,13663,World News,t5_365z1,1729697664.255381
51,r/NewedgeMustang,13661,Cars and Motor Vehicles,t5_2w1pc,1729697664.2737842
52,r/apachekafka,13659,Programming,t5_3abmv,1729697664.292321
53,r/irishwolfhound,13659,Animals and Pets,t5_2xnsg,1729697664.310292
54,r/MarketingHelp,13659,"Business, Economics, and Finance",t5_3mo5s,1729697664.3277261
55,r/ultimaonline,13659,Gaming,t5_2qtmf,1729697664.347085
56,r/BeautyInfluencers,13658,Beauty and Makeup,t5_4bk9s,1729697664.365251
57,r/cptsdcreatives,13655,Trauma Support,t5_w8fi6,1729697664.383738
58,r/ScienceParents,13655,Family and Relationships,t5_2wj8p,1729697664.402144
59,r/CollegeStation,13654,Place,t5_2riwk,1729697664.422839
60,r/PokeRevOfficial,13653,Podcasts and Streamers,t5_3gwp26,1729697664.441668
61,r/MiraculousFanfiction,13652,"Reading, Writing, and Literature",t5_pgvdx,1729697664.460146
62,r/nyctohylophobia,13648,"Your source for all of your nope-filled forest needs. Images, gifs or music, all to set the mood.",t5_3blmw,1729697664.4798021
63,r/MalaikaTerry,13647,Celebrity,t5_1prv25,1729697664.502075
64,r/SofiaAnsariHot,13647,Mature Themes and Adult Content,t5_77su7r,1729697664.522458
65,r/TrainCrashes,13646,Internet Culture and Memes,t5_3l1y54,1729697664.542756
66,r/Wechat,13646,Technology,t5_2wb3z,1729697664.563911
67,r/YigaClanOfficial,13646,Gaming,t5_2r709z,1729697664.582413
68,r/SherwoodPark,13644,Place,t5_2sm2v,1729697664.601372
69,r/waterfox,13644,Technology,t5_2vnvl,1729697664.6196759
70,r/divi,13642,Programming,t5_38kqv,1729697664.637698
71,r/ThoughtsYouCanFeel,13642,Internet Culture and Memes,t5_2qg65s,1729697664.6558049
72,r/IRLCheats,13641,Funny/Humor,t5_ze48z,1729697664.67452
73,r/TVTooSmall,13640,Home and Garden,t5_3ag9x4,1729697664.6921878
74,r/labcreateddiamonds,13638,Fashion,t5_5bdfzr,1729697664.709924
75,r/Rifftrax,13634,Movies,t5_2rmto,1729697664.727776
76,r/ThatEvilFarmingGame,13634,Gaming,t5_2ddbwm,1729697664.7457962
77,r/RedPillWives,13632,Family and Relationships,t5_3ddkr,1729697664.763676
78,r/auto,13629,Cars and Motor Vehicles,t5_2qh1r,1729697664.781207
79,r/thermodynamics,13627,Science,t5_2s4c5,1729697664.82688
80,r/SCX24,13625,Hobbies,t5_35k3qv,1729697664.8605921
81,r/traveller,13625,Tabletop Games,t5_2r0fu,1729697664.884541
82,r/carbuying,13623,Cars and Motor Vehicles,t5_2tvc6,1729697664.907464
83,r/playwriting,13623,"Reading, Writing, and Literature",t5_2rtar,1729697664.9375842
84,r/greatestgen,13619,Podcasts and Streamers,t5_3er7i,1729697664.964826
85,r/stlouiscitysc,13618,Sports,t5_2zimtl,1729697665.001822
86,r/BearsWithBeaks,13617,Internet Culture and Memes,t5_2ugdq,1729697665.029495
87,r/CIO,13617,"A place for senior/executive tech leaders to discuss. CIO, CTO, CISO, VP, EVP, managers - come on in.",t5_2tl25,1729697665.056133
88,r/SZAworship,13616,Mature Themes and Adult Content,t5_7kviku,1729697665.086176
89,r/Wallows,13616,Music,t5_3k0vi,1729697665.118881
90,r/CryptoKitties,13614,Gaming,t5_3p97k,1729697665.148729
91,r/firewalla,13609,Technology,t5_3liio,1729697665.174075
92,r/AdvaitaVedanta,13608,Religion and Spirituality,t5_2szu8,1729697665.197707
93,r/FollowersofCyberJudy,13608,Gaming,t5_2sph3i,1729697665.219326
94,r/HustleCastle,13608,Gaming,t5_3pqlr,1729697665.239768
95,r/Valheim_Seeds,13608,Gaming,t5_3xspzt,1729697665.25981
96,r/vipkid,13608,Learning and Education,t5_3hruy,1729697665.281234
97,r/MobiusFF,13607,Gaming,t5_3ffqe,1729697665.3016992
98,r/selfesteem,13607,Medical and Mental Health,t5_2ribq,1729697665.3214211
99,r/bradenton,13605,Place,t5_2rokh,1729697665.3395278
100,r/WWU,13605,Learning and Education,t5_2rjx9,1729697665.358059
101,r/TorrieWilson,13604,Celebrity,t5_37zd9,1729697665.375963
102,r/ODTU,13602,Learning and Education,t5_2vixz,1729697665.410453
103,r/Risk,13601,Gaming,t5_2qmbc,1729697665.456946
104,r/ryangosling,13601,Celebrity,t5_2sf2h,1729697665.483766
105,r/smartlife,13599,Technology,t5_shi1c,1729697665.522495
106,r/altona,13597,Place,t5_33sbs,1729697665.54827
107,r/crete,13595,Place,t5_2uhqf,1729697665.5686212
108,r/FanTrailers,13595,Movies,t5_2veq8,1729697665.589352
109,r/BirdLoaf,13590,Animals and Pets,t5_3byu2,1729697665.609345
110,r/Loungefly,13590,Fashion,t5_21paqs,1729697665.627794
111,r/BestBuyWorkers,13588,Careers,t5_2ksmj9,1729697665.6456
112,r/Sabermetrics,13588,Sports,t5_2rxl3,1729697665.66296
113,r/PalWorldEngineering,13587,Gaming,t5_amz4rr,1729697665.6803389
114,r/hydraulicpresschannel,13586,Internet Culture and Memes,t5_3d6il,1729697665.69753
115,r/CatTrap,13585,Animals and Pets,t5_2y7e5,1729697665.714946
116,r/findaserver,13585,Internet Culture and Memes,t5_556bol,1729697665.733338
117,r/Hartlepool,13583,Place,t5_2yk7d,1729697665.751484
118,r/Seulgi,13582,Celebrity,t5_37y8w,1729697665.769687
119,r/b2bmarketing,13580,"Business, Economics, and Finance",t5_2zhom,1729697665.7881489
120,r/FootballCoach,13579,Gaming,t5_3d6uz,1729697665.806616
121,r/rocketpool,13578,Crypto,t5_3l356,1729697665.8247838
122,r/Social_Psychology,13570,"Welcome to r/Social_Psychology! Dive into the world of human behavior and social interactions with fellow enthusiasts, students, researchers, and professionals. Here, everyone is welcome to discuss any topic relating to social psychology. Whether it's conformity, prejudice, social influence, or group dynamics, share your insights, ask questions, and join the conversation on all things social psychology!",t5_2u87b,1729697665.8448482
123,r/batman_comics,13568,"Reading, Writing, and Literature",t5_2vkhr,1729697665.862894
124,r/Blacksmith_Forge,13566,Crafts and DIY,t5_al7tgh,1729697665.881054
125,r/K_gifs,13566,K,t5_2zdve,1729697665.898923
126,r/manchester_uni,13566,Learning and Education,t5_2spim,1729697665.918219
127,r/LaptopDealsIndia,13565,Marketplace and Deals,t5_47lg93,1729697665.9379818
128,r/WelcomeHomeNeighbor,13562,"Reading, Writing, and Literature",t5_7rtggr,1729697665.956778
129,r/atnircapital,13560,An open world space action RPG adventure that can be played both alone and together! 🛸,t5_5i6tsk,1729697665.978957
130,r/TeluguMusicMelodies,13560,Music,t5_4jfs6z,1729697665.9996731
131,r/maru,13556,Animals and Pets,t5_2qzxb,1729697666.0174878
132,r/PuntaCana,13556,Place,t5_2uee5,1729697666.0359511
133,r/JusticeMusic,13554,Music,t5_2uab4,1729697666.054162
134,r/EllieKemper,13553,Mature Themes and Adult Content,t5_2t66o,1729697666.0724092
135,r/SirYakari,13553,Meta/Reddit,t5_1df0nq,1729697666.09121
136,r/DodoCodeCommunity,13552,Gaming,t5_2i7c3u,1729697666.111497
137,r/gunplagonewild,13552,Hobbies,t5_32s2u3,1729697666.129835
138,r/FOOD_AMAZON,13551,Sub specializing in presenting products from Amazon from well-known and Trusted sellers,t5_7n50yh,1729697666.148094
139,r/Animators,13550,Art,t5_2r5va,1729697666.166334
140,r/botwatch,13550,Programming,t5_2u3r3,1729697666.184853
141,r/HondaMotorcycles,13548,Cars and Motor Vehicles,t5_2xow6,1729697666.2021592
142,r/toystory,13547,Movies,t5_2rv1l,1729697666.2222028
143,r/AntiMemes,13544,Internet Culture and Memes,t5_2ytpu,1729697666.24176
144,r/AetherGazer,13543,Gaming,t5_4zq5ow,1729697666.2600498
145,r/DinnerIdeas,13542,Food and Drink,t5_2uhbd,1729697666.278198
146,r/SyntheticGemstones,13542,Fashion,t5_2utgzf,1729697666.296204
147,r/AdamRagusea,13541,Podcasts and Streamers,t5_102qqb,1729697666.316549
148,r/NJTransit,13541,Cars and Motor Vehicles,t5_2vo8s,1729697666.334913
149,r/FlairEspresso,13540,Food and Drink,t5_jwd2o,1729697666.3536901
150,r/moodeng,13540,Animals and Pets,t5_cfymes,1729697666.3716428
151,r/PlayingGuitar,13537,Music,t5_2ur8a,1729697666.390205
152,r/Saberspark,13537,Podcasts and Streamers,t5_3hetz,1729697666.408413
153,r/INeedAName,13532,Internet Culture and Memes,t5_2sij4,1729697666.429475
154,r/MedicalPhysics,13531,Science,t5_2tf9a,1729697666.448322
155,r/Menskirts,13530,Fashion,t5_2y0he,1729697666.468145
156,r/ChandlerAZ,13529,Place,t5_2vx38,1729697666.4876359
157,r/BostonWeather,13528,Place,t5_36gtu,1729697666.5069141
158,r/JudyAlvarez,13526,Mature Themes and Adult Content,t5_33xtm3,1729697666.527018
159,r/14ers,13524,Fitness and Nutrition,t5_2srvd,1729697666.5461671
160,r/feetsies,13524,Animals and Pets,t5_3gt84,1729697666.565387
161,r/StalkMarket,13524,Gaming,t5_2xj23,1729697666.584346
162,r/Troy,13524,Place,t5_2qye0,1729697666.6032279
163,r/WelshFootball,13523,Sports,t5_322nc,1729697666.621612
164,r/LegoMasters,13522,Television,t5_10j51j,1729697666.640081
165,r/killerinstinct,13521,Gaming,t5_2sqy5,1729697666.658506
166,r/kayandtaysnark,13520,Podcasts and Streamers,t5_a1a1tk,1729697666.6771688
167,r/txstate,13520,Learning and Education,t5_2sc7i,1729697666.695721
168,r/lifeafter,13518,Gaming,t5_2vq8j,1729697666.714207
169,r/Puscifer,13517,Music,t5_2s40z,1729697666.7327948
170,r/ArtTherapy,13516,Art,t5_2s2g2,1729697666.751776
171,r/AKB48,13514,Music,t5_2sdu9,1729697666.771136
172,r/TheWho,13513,Music,t5_2tjqb,1729697666.7916539
173,r/SoulblightGravelords,13512,Tabletop Games,t5_41h8yf,1729697666.8111439
174,r/wicked,13512,Music,t5_2rdf5,1729697666.8300679
175,r/CrossCode,13511,Gaming,t5_377me,1729697666.8493881
176,r/Taskade,13510,Technology,t5_3ipu3,1729697666.868914
177,r/MahouAko,13509,Anime,t5_8byii9,1729697666.888275
178,r/palatecleanser,13508,Internet Culture and Memes,t5_2vxdc,1729697666.907756
179,r/utahtreasurehunt,13508,Internet Culture and Memes,t5_4n6n5c,1729697666.928803
180,r/sunlesssea,13507,Gaming,t5_2yok9,1729697666.9488661
181,r/MotleyCrue,13506,Music,t5_2sik5,1729697666.9688902
182,r/antiwar,13505,Activism,t5_2qkr9,1729697666.988704
183,r/CombatSportsCentral,13505,Sports,t5_bdn7dd,1729697667.008446
184,r/BloodOnTheClocktower,13504,Tabletop Games,t5_ioxkd,1729697667.028613
185,r/hedidthemath,13504,Funny/Humor,t5_328ew,1729697667.048286
186,r/IrelandGaming,13503,Gaming,t5_3itw1,1729697667.068199
187,r/Its_Jawsh,13503,Podcasts and Streamers,t5_1u9alk,1729697667.0881548
188,r/SilverSmith,13500,Fashion,t5_2wwa4,1729697667.107671
189,r/CryptoCurrencyMeta,13498,Crypto,t5_dy66n,1729697667.126988
190,r/SmorgasbordBizarre,13498,Internet Culture and Memes,t5_8yc45,1729697667.1470132
191,r/guildrecruitment,13495,Gaming,t5_2thc3,1729697667.166152
192,r/schoolpsychology,13495,Careers,t5_2tqny,1729697667.1855412
193,r/TownshipTale,13493,Gaming,t5_fq361,1729697667.204911
194,r/ideas,13492,Internet Culture and Memes,t5_2qh8x,1729697667.224601
195,r/RippleTalk,13492,Crypto,t5_3jqvj,1729697667.2438579
196,r/theascent,13490,Gaming,t5_2n62w2,1729697667.263058
197,r/raft,13488,Gaming,t5_369sb,1729697667.284019
198,r/ripplingass,13483,Mature Themes and Adult Content,t5_7qvfzb,1729697667.303061
199,r/3DHentai1,13482,"3d Hentai, Pics, Vids, GIF's",t5_a2janz,1729697667.322677
200,r/chevyc10,13482,Cars and Motor Vehicles,t5_33t4f,1729697667.341835
201,r/Realestatefinance,13481,"Business, Economics, and Finance",t5_37uo5,1729697667.3611362
202,r/DumfriesAndGalloway,13478,Place,t5_2zufi,1729697667.3804102
203,r/iSorrowProductions,13475,Podcasts and Streamers,t5_38pmv,1729697667.399789
204,r/JeepRenegade,13474,Cars and Motor Vehicles,t5_36ttw,1729697667.418872
205,r/CelebsHDNeeds,13473,Celebrity,t5_5ausuz,1729697667.44
206,r/QuinnMains,13473,Gaming,t5_37jso,1729697667.4603388
207,r/AnimeAnonymous,13470,Anime,t5_ohyhk,1729697667.480316
208,r/drarry,13470,"Reading, Writing, and Literature",t5_312r1,1729697667.501001
209,r/dcss,13467,Gaming,t5_2s7d8,1729697667.52089
210,r/DeathsofDisinfo,13467,Medical and Mental Health,t5_5jigce,1729697667.540268
211,r/DMV,13467,Cars and Motor Vehicles,t5_2r4c0,1729697667.559432
212,r/TrenchCrusade,13467,Tabletop Games,t5_8em7f7,1729697667.57823
213,r/antiforensics,13465,Technology,t5_2udmz,1729697667.597067
214,r/MysticcPukeRepository,13465,Mature Themes and Adult Content,t5_aey766,1729697667.615351
215,r/talespire,13465,Gaming,t5_3c3dm,1729697667.6342819
216,r/trsaat,13465,Fashion,t5_bdgm7i,1729697667.655631
217,r/BrucesGooses,13464,Podcasts and Streamers,t5_2491vl,1729697667.675714
218,r/Kulturel,13464,Learning and Education,t5_govoq,1729697667.695881
219,r/phasmophobia,13464,Gaming,t5_3l0n9,1729697667.716089
220,r/RoadTo56,13464,Gaming,t5_lvpvi,1729697667.735035
221,r/AmeliaWatson,13462,Podcasts and Streamers,t5_33toqa,1729697667.755506
222,r/mtgGore,13462,Tabletop Games,t5_2yv7r,1729697667.778389
223,r/whatsongisthis,13462,Music,t5_2rcxx,1729697667.8001301
224,r/ifixit,13460,Technology,t5_2snoi,1729697667.820991
225,r/nucleuscoop,13460,Gaming,t5_3gebf,1729697667.841355
226,r/chvrches,13459,Music,t5_2vsur,1729697667.861332
227,r/Pararescue,13459,Military,t5_35u6c,1729697667.881621
228,r/dogecoinbeg,13457,Crypto,t5_2zfso,1729697667.90193
229,r/doughertydozenexposed,13455,Celebrity,t5_812m72,1729697667.922702
230,r/ENFPmemes,13455,Internet Culture and Memes,t5_23xt0n,1729697667.944109
231,r/NopeMovie,13453,Movies,t5_4sli0t,1729697667.964299
232,r/songs,13451,Music,t5_2qko8,1729697667.984711
233,r/ExecutiveDysfunction,13450,Medical and Mental Health,t5_r3x0n,1729697668.004875
234,r/Foamed,13447,Medical and Mental Health,t5_2xczp,1729697668.025228
235,r/powdereddonutlips,13447,Animals and Pets,t5_7cwhfu,1729697668.045402
236,r/MSMfriendcodes,13446,Gaming,t5_39fgv,1729697668.0660071
237,r/BeurspleinBets,13445,"Business, Economics, and Finance",t5_2hvo6r,1729697668.086221
238,r/sharpei,13442,Animals and Pets,t5_2sqtp,1729697668.106812
239,r/vangogh,13442,Art,t5_2ui5v,1729697668.126786
240,r/GnarMains,13441,Gaming,t5_3786r,1729697668.148366
241,r/USExpatTaxes,13441,Law,t5_38rq8,1729697668.1686342
242,r/EverspaceGame,13439,Gaming,t5_39aen,1729697668.189057
243,r/MrNightmare,13439,Podcasts and Streamers,t5_3e0eu,1729697668.2094269
244,r/smartlauncher,13439,Technology,t5_37xg6,1729697668.229881
245,r/persianfood,13438,Food and Drink,t5_2ynjw,1729697668.249795
246,r/Tegu,13438,Animals and Pets,t5_2uee4,1729697668.27366
247,r/wsbk,13438,Sports,t5_2t23e,1729697668.689846
248,r/Fairbanks,13437,Place,t5_2s854,1729697668.733522
249,r/AffinityDesigner,13436,Technology,t5_3416f,1729697668.769875
