,subreddit,subscribers,topic,subreddit_id,time
0,r/EMTstories,12568,Careers,t5_36li6,1729697738.3768
1,r/OlderGenZ,12568,Internet Culture and Memes,t5_6vor38,1729697738.4005089
2,r/ActuaryUK,12567,Careers,t5_38po48,1729697738.423698
3,r/StationEleven,12567,Television,t5_36kob,1729697738.446881
4,r/ValentGarzonC,12567,Celebrity,t5_7na08t,1729697738.469619
5,r/styrofashion,12565,Medical and Mental Health,t5_3lrgm,1729697738.501594
6,r/triops,12564,Animals and Pets,t5_2rvw3,1729697738.520937
7,r/DJIMini2,12563,Technology,t5_3b9r00,1729697738.539818
8,r/TheDearHunter,12563,Music,t5_2st9u,1729697738.5601149
9,r/WhereDidTheSiloGo,12563,Disappearing act.,t5_2w39t,1729697738.5811021
10,r/countryball_memes,12562,Internet Culture and Memes,t5_4n9llt,1729697738.657918
11,r/Zune,12562,Technology,t5_2qmv8,1729697738.677483
12,r/GhostsofSaltmarsh,12561,Tabletop Games,t5_x6k72,1729697738.7084742
13,r/PovertyFIRE,12561,"Business, Economics, and Finance",t5_p74fr,1729697738.72886
14,r/enviroaction,12560,Science,t5_2wg6l,1729697738.748416
15,r/Metrology,12560,Science,t5_2t8ds,1729697738.7673512
16,r/rollsroyce,12560,Cars and Motor Vehicles,t5_2wgcl,1729697738.786287
17,r/Huntingdogs,12559,Animals and Pets,t5_2v0gw,1729697738.805076
18,r/Firehouse,12557,Music,t5_2x0ve,1729697738.823818
19,r/MangaFrames,12557,Anime,t5_2sqlyk,1729697738.843261
20,r/Netsphere,12556,Anime,t5_37yw9,1729697738.86319
21,r/JeritEX,12554,Welcome to r/JeritEX. Read the community rules before post/comments and Please keep it civil for all user.,t5_5449rk,1729697738.8826728
22,r/gachiakuta,12553,Anime,t5_5t3xn6,1729697738.904917
23,r/Turntablists,12553,Music,t5_2suy6,1729697738.924841
24,r/session,12552,Gaming,t5_2ug37,1729697738.944353
25,r/VictoriaJusticeShine,12552,Celebrity,t5_6q5h1c,1729697738.963916
26,r/PrincessPeach,12550,Mature Themes and Adult Content,t5_2vyp2,1729697738.983155
27,r/pulp,12550,"Reading, Writing, and Literature",t5_2sxfn,1729697739.016656
28,r/scouting,12550,Hobbies,t5_2qqos,1729697739.0555189
29,r/Alicante,12546,Place,t5_2ugoj,1729697739.080606
30,r/ChicagoConcerts,12546,Music,t5_4bcq75,1729697739.123002
31,r/clowns,12545,Hobbies,t5_2rhd1,1729697739.144269
32,r/ula,12544,Science,t5_30yuo,1729697739.163727
33,r/cpop,12543,Music,t5_2sekg,1729697739.182886
34,r/LinkClick,12543,Anime,t5_4dub2y,1729697739.203682
35,r/AbstractPhotos,12542,Art,t5_3hrla,1729697739.2246022
36,r/FarmRPG,12542,Gaming,t5_2fsyvd,1729697739.243938
37,r/Floki,12542,Crypto,t5_2bpsk8,1729697739.263681
38,r/SantaClarita,12540,Place,t5_2s3vy,1729697739.284411
39,r/KarenGillanLegs,12538,Celebrity,t5_2snpnh,1729697739.310422
40,r/eurobeat,12536,Music,t5_2r0zv,1729697739.331826
41,r/warmane,12536,Gaming,t5_37ds6,1729697739.355082
42,r/xbawks,12535,Mature Themes and Adult Content,t5_9t6u7f,1729697739.376977
43,r/princeton,12534,Learning and Education,t5_2r6x2,1729697739.39651
44,r/escondido,12531,Place,t5_2qvuf,1729697739.416051
45,r/simply_catfights,12531,Mature Themes and Adult Content,t5_93v5cq,1729697739.435095
46,r/serverless,12530,Programming,t5_3b3fv,1729697739.455768
47,r/cscareerquestionsuk,12527,Careers,t5_2278rz,1729697739.476223
48,r/Foxbody,12527,Cars and Motor Vehicles,t5_2vavy,1729697739.4950862
49,r/CompetitivePokemon,12526,Gaming,t5_2v3db,1729697739.5140212
50,r/modernbaseball,12526,Music,t5_2z107,1729697739.534132
51,r/dataengineeringjobs,12525,Careers,t5_2zbsd7,1729697739.555084
52,r/LegendsUltimate,12524,Gaming,t5_135oj0,1729697739.574909
53,r/PlayingCardsMarket,12522,Tabletop Games,t5_3mtje,1729697739.594608
54,r/trier,12521,Place,t5_2ucgn,1729697739.616009
55,r/UKmonarchs,12521,History,t5_8zqn9x,1729697739.637164
56,r/kilimanjaro,12517,Outdoors and Nature,t5_2tfyp,1729697739.656488
57,r/NHKEasyNews,12517,World News,t5_33lye,1729697739.675355
58,r/beaniebabies,12515,Hobbies,t5_2tl8y,1729697739.695263
59,r/cinema_therapy,12515,Podcasts and Streamers,t5_3k37vx,1729697739.716349
60,r/KevinCanFHimself,12514,Television,t5_2io2dr,1729697739.744788
61,r/KylieLeBeau,12513,Mature Themes and Adult Content,t5_2ljsef,1729697739.764168
62,r/NCL,12512,Travel,t5_4vlc2s,1729697739.784608
63,r/highrollersdnd,12511,Podcasts and Streamers,t5_3bygj,1729697739.8050041
64,r/TotallyNotDogs,12511,"Just doggos here, no hoomans in sight!",t5_3e8xm,1729697739.8246279
65,r/BuenosMemesEsp,12508,Internet Culture and Memes,t5_aejy1q,1729697739.8441641
66,r/Longineswatches,12508,Fashion,t5_4rksoz,1729697739.867038
67,r/MrInbetween,12508,Television,t5_j2vuf,1729697739.8887942
68,r/DafneKeenLove,12507,Celebrity,t5_5hllo7,1729697739.908737
69,r/NolanMemes,12507,Movies,t5_3m6io,1729697739.928425
70,r/seattlehobos,12507,Place,t5_50dmp1,1729697739.948019
71,r/CarltonBlues,12506,Sports,t5_31s46,1729697739.9676118
72,r/RobinMains_HSR,12504,Gaming,t5_9eqn8k,1729697739.986987
73,r/WizardingWorld,12504,Gaming,t5_3abza,1729697740.006429
74,r/Masks,12503,Art,t5_2wikh,1729697740.025722
75,r/produce,12503,Food and Drink,t5_2tb78,1729697740.045068
76,r/faceswap,12501,Art,t5_2tc16,1729697740.064121
77,r/moonbeam,12500,Crypto,t5_3gtgj,1729697740.0837069
78,r/SaintJohnNB,12500,Place,t5_2se98,1729697740.103232
79,r/BEFreelance,12498,Careers,t5_4843p3,1729697740.12255
80,r/iPhone13Pro,12498,Technology,t5_250elg,1729697740.143112
81,r/crapydesign,12497,Internet Culture and Memes,t5_38yi8,1729697740.162
82,r/Disappeared,12497,Television,t5_38cxh,1729697740.20752
83,r/WordBearers,12497,Tabletop Games,t5_3mtem,1729697740.232022
84,r/coyote,12496,Animals and Pets,t5_2zp0i,1729697740.254108
85,r/BetweenTheBuriedAndMe,12495,Music,t5_2sf49,1729697740.28906
86,r/MovingToUSA,12495,Travel,t5_3j5pah,1729697740.310984
87,r/Spongebros,12495,Internet Culture and Memes,t5_32pk9,1729697740.3305368
88,r/DOTA,12493,Gaming,t5_2qt7o,1729697740.349563
89,r/wholesomefortnite,12493,Gaming,t5_eeb0t,1729697740.370964
90,r/ayaneo,12490,Gaming,t5_3oae34,1729697740.390843
91,r/EDCCW,12490,Mature Themes and Adult Content,t5_2wbf3,1729697740.4104462
92,r/sonicyouth,12490,Music,t5_2s7rv,1729697740.429327
93,r/AntiP2W,12488,Gaming,t5_2qm7w4,1729697740.447784
94,r/InvestingandTrading,12488,"Business, Economics, and Finance",t5_3gl1av,1729697740.46651
95,r/littlebritishcars,12488,Cars and Motor Vehicles,t5_2wtwr,1729697740.4850821
96,r/TheWitcherLore,12488,"Reading, Writing, and Literature",t5_3dc61,1729697740.503772
97,r/dvcmember,12487,Travel,t5_2tl67,1729697740.5226629
98,r/LiftingRoutines,12484,Fitness and Nutrition,t5_32nmr,1729697740.541321
99,r/KickStreaming,12483,Podcasts and Streamers,t5_7hczmx,1729697740.560111
100,r/gaylatinos,12482,Sexual Orientation,t5_2w08u,1729697740.5791569
101,r/penelopecruz,12478,Mature Themes and Adult Content,t5_2vj3f,1729697740.598033
102,r/WoWRolePlay,12478,Gaming,t5_2vpbg,1729697740.616735
103,r/conversasserias,12476,Meta/Reddit,t5_6rntpe,1729697740.63573
104,r/OrthodoxMemes,12476,Religion and Spirituality,t5_ig7tv,1729697740.65443
105,r/Sadhguru,12476,Religion and Spirituality,t5_388ik,1729697740.762966
106,r/pantypoopv2,12475,Mature Themes and Adult Content,t5_6awqbk,1729697740.8962119
107,r/MalayalamMemes,12474,Internet Culture and Memes,t5_tyw5s,1729697740.921857
108,r/SXSW,12474,Place,t5_2rgp2,1729697740.945361
109,r/TeyanaTaylor,12474,Mature Themes and Adult Content,t5_3hpn4,1729697740.966717
110,r/whitneywrensnarky,12474,Celebrity,t5_92acw7,1729697740.987138
111,r/InteriorDesignHacks,12473,Home and Garden,t5_4zz2jx,1729697741.006909
112,r/Ontariodrivetest,12473,Cars and Motor Vehicles,t5_3lb0i9,1729697741.025687
113,r/FullTiming,12471,Travel,t5_39lxm,1729697741.044381
114,r/ImaginaryTemples,12471,Art,t5_2yewo,1729697741.0628412
115,r/inoxtag,12469,Podcasts and Streamers,t5_507iu3,1729697741.081439
116,r/activision,12466,Gaming,t5_2t2e6,1729697741.100066
117,r/Hanklights,12464,Hobbies,t5_3ugk08,1729697741.118589
118,r/CoreCyberpunk,12463,Art,t5_fq48x,1729697741.1376472
119,r/ypsi,12462,Place,t5_2s1rx,1729697741.158273
120,r/keyhouse,12456,Television,t5_390fp,1729697741.178685
121,r/Destiny2Fireteams,12455,Gaming,t5_3jvel,1729697741.1993349
122,r/cherryisland,12454,Podcasts and Streamers,t5_c73cll,1729697741.219465
123,r/extraordinary_tv,12452,Television,t5_7v1nxg,1729697741.2400892
124,r/nri,12452,"Culture, Race, and Ethnicity",t5_2se46,1729697741.2607071
125,r/Gritty,12451,Sports,t5_ozzui,1729697741.281364
126,r/TheMisfits,12450,Music,t5_2t66n,1729697741.301481
127,r/Fliff,12449,Mature Themes and Adult Content,t5_4ulqjc,1729697741.322043
128,r/SFBayHousing,12449,Home and Garden,t5_2sih2,1729697741.342232
129,r/TerraformingMarsGame,12449,Tabletop Games,t5_oeb1f,1729697741.364681
130,r/EpicHeroio,12448,"EpicHero is the biggest 3D NFT War Game on the Binance Smart Chain Network. Collect and build an unstoppable force of characters by choosing from your favorite heroes, Users can summon, merge and evolve thousands of Collectable Epic Hero Battle Card NFTs and bring them to the largest arena to do battle against other Epic Heroes. Moreover, EpicHero is the First Ever play to earn game that rewards its NFT holders with 5% BNB of token transaction and NFT marketplace transaction tax.",t5_4zcqr1,1729697741.386374
131,r/cranes,12446,Careers,t5_2t1o7,1729697741.408244
132,r/freshwateraquarium,12446,Animals and Pets,t5_3hsqu,1729697741.429837
133,r/oblivionmods,12443,Gaming,t5_2uv56,1729697741.4512799
134,r/Super_Robot_Wars,12442,Gaming,t5_iqsb5,1729697741.4736
135,r/Borderline,12441,Medical and Mental Health,t5_2s95r,1729697741.4947042
136,r/DiscordServerPromos,12441,Internet Culture and Memes,t5_2spbfr,1729697741.5159528
137,r/FrogLoaf,12437,Animals and Pets,t5_qe2m0,1729697741.537235
138,r/TheoryofCatsInSinks,12436,"Philosophize and debate theories of cats in sinks and/or doing things. No, you do not need to go to a psychologist; /r/TheoryOfCatsInSinks is indeed a mysterious subreddit!",t5_ru70r,1729697741.558557
139,r/gameDevJobs,12435,Careers,t5_3fgxs,1729697741.579492
140,r/battlegifs,12434,Welcome to battlegifs,t5_30vbl,1729697741.6009622
141,r/madisoniseman,12433,Celebrity,t5_34imk,1729697741.6225548
142,r/sylt51,12430,Activism,t5_6bnzuo,1729697741.64402
143,r/sonic,12428,Gaming,t5_2sm2s,1729697741.6653109
144,r/DartFrog,12426,Animals and Pets,t5_2vs64,1729697741.686799
145,r/GTTOD,12424,Gaming,t5_3fbe6,1729697741.708253
146,r/ShadowBanned,12424,Meta/Reddit,t5_2ql6u,1729697741.7298791
147,r/DisneylandAP,12423,Travel,t5_2yh8y,1729697741.751368
148,r/pacificDrive,12423,Gaming,t5_719s1m,1729697741.772497
149,r/potionseller,12422,Funny/Humor,t5_31qmt,1729697741.793783
150,r/LOTRbookmemes,12421,"Reading, Writing, and Literature",t5_2n2v74,1729697741.813998
151,r/GHannelius,12417,Celebrity,t5_2t9ed,1729697741.834186
152,r/morningsomewhere,12416,Podcasts and Streamers,t5_7xg7bc,1729697741.854079
153,r/AdditiveManufacturing,12415,Technology,t5_31ziw,1729697741.875676
154,r/signs,12412,Internet Culture and Memes,t5_2rf4b,1729697741.895832
155,r/thinkpadsforsale,12412,Marketplace and Deals,t5_3fbbz,1729697741.915225
156,r/financialaid,12410,"Business, Economics, and Finance",t5_2ul5t,1729697741.935488
157,r/bjjmemes,12406,Sports,t5_3ih7k,1729697741.9552588
158,r/numismatics,12406,Hobbies,t5_2rqg8,1729697741.976425
159,r/MartinScorsese,12405,Movies,t5_30950,1729697741.996751
160,r/CustomDolls,12402,Hobbies,t5_sjfir,1729697742.01666
161,r/deppVheardtrial,12400,Law,t5_69haov,1729697742.036907
162,r/theNvidiaShield,12400,Technology,t5_2xkph,1729697742.057342
163,r/UnsentMusic,12400,Music,t5_2svv6,1729697742.077431
164,r/BillyJoel,12399,Music,t5_2sqkp,1729697742.098259
165,r/readingfestival,12399,Music,t5_2u1wu,1729697742.1188061
166,r/HeadBangToThis,12398,Music,t5_2srzk,1729697742.139425
167,r/FO4mods,12397,Gaming,t5_389w4,1729697742.159873
168,r/filmphotos,12394,Art,t5_2tqzc,1729697742.180236
169,r/HiScoreGirl,12393,Anime,t5_jvzt0,1729697742.200393
170,r/PromoteGamingVideos,12392,Gaming,t5_2y6gz,1729697742.220881
171,r/BombPartyGossip,12391,Celebrity,t5_8b75dg,1729697742.2408562
172,r/GenXWomen,12390,Women's Health,t5_4hu7re,1729697742.2609432
173,r/exoplanets,12388,Science,t5_2ri56,1729697742.2813199
174,r/jhanvikapoor,12387,Celebrity,t5_27mkhx,1729697742.30103
175,r/pool,12387,Sports,t5_2qu5d,1729697742.321084
176,r/TheQuarrySupermassive,12387,Gaming,t5_60lfuf,1729697742.34109
177,r/WritersOfHorror,12387,"Reading, Writing, and Literature",t5_2vhmy,1729697742.361485
178,r/camouflage,12386,Military,t5_2u4q0,1729697742.382585
179,r/ksiazki,12386,"Reading, Writing, and Literature",t5_2wjza5,1729697742.4028668
180,r/SkarnerMains,12386,Gaming,t5_38pmm,1729697742.423352
181,r/AnimalsMadeMeSmile,12385,Animals and Pets,t5_6j1v2a,1729697742.443443
182,r/EastTexas,12385,Place,t5_2sd7i,1729697742.463446
183,r/AsrielUndertale,12382,Gaming,t5_109u66,1729697742.4837298
184,r/pokemonplatinum,12382,Gaming,t5_tbh4t,1729697742.504961
185,r/StencilTemplates,12382,Art,t5_2t7dg,1729697742.524309
186,r/TimeworksSubmissions,12381,Podcasts and Streamers,t5_13so7p,1729697742.543709
187,r/VintageLevis,12381,Fashion,t5_p98jy,1729697742.5631318
188,r/PassTheBooks,12380,"Reading, Writing, and Literature",t5_4zm0uq,1729697742.5822861
189,r/recordingmusic,12379,Music,t5_3a9kp,1729697742.601205
190,r/RetroLibraryMusic,12378,Music,t5_7sq4g,1729697742.620118
191,r/RussianFood,12377,Food and Drink,t5_34jkt,1729697742.638966
192,r/suomimeemit,12377,Internet Culture and Memes,t5_3b10j,1729697742.6578271
193,r/ApocalypseRising,12375,Gaming,t5_2umo5,1729697742.6764832
194,r/EssendonFC,12375,Sports,t5_2upvb,1729697742.6962712
195,r/OwlsWithCatHeads,12373,Internet Culture and Memes,t5_2xeaa,1729697742.716612
196,r/veloster,12373,Cars and Motor Vehicles,t5_2syvr,1729697742.736733
197,r/Rentbusters,12370,"Business, Economics, and Finance",t5_6zq1g2,1729697742.756843
198,r/clickholeorbuzzfeed,12369,A sub for trying to decide if an article/quiz/etc is a legitimate post on Buzzfeed (If anything there can really be called legitimate...) or a satirical post on Clickhole.,t5_325oi,1729697742.7768981
199,r/homebuilt,12369,Hobbies,t5_2tapu,1729697742.7969642
200,r/BadHaggling,12368,Marketplace and Deals,t5_torso,1729697742.8169658
201,r/lexibrookerivera,12368,Celebrity,t5_2j29pt,1729697742.836712
202,r/acidreflux,12367,Medical and Mental Health,t5_2sq7j,1729697742.856043
203,r/RedneckGifs,12367,Internet Culture and Memes,t5_309cs,1729697742.877432
204,r/georgetown,12365,Learning and Education,t5_2rh4n,1729697742.8973708
205,r/LGR,12365,Podcasts and Streamers,t5_2vauq,1729697742.916885
206,r/characterdesign,12363,Art,t5_2tcyz,1729697742.936604
207,r/vegetarian_food,12363,Food and Drink,t5_2rky2,1729697742.956265
208,r/ethiopianfood,12362,Food and Drink,t5_2ypow,1729697742.978865
209,r/HotSprings,12362,Place,t5_2sih5,1729697742.999712
210,r/BloomingtonNormal,12361,Place,t5_2rl3z,1729697743.020183
211,r/PHXList,12361,Marketplace and Deals,t5_3amg6,1729697743.04018
212,r/foodphotography,12359,Art,t5_2sns0,1729697743.059842
213,r/arachnids,12357,Animals and Pets,t5_2snid,1729697743.079742
214,r/KiaEV6,12356,Cars and Motor Vehicles,t5_4dhaeg,1729697743.0988579
215,r/OddlyWholesome,12356,Internet Culture and Memes,t5_3i0ke,1729697743.118776
216,r/minecraftskins,12354,Gaming,t5_2sr18,1729697743.139393
217,r/InfluencerSnark,12353,Celebrity,t5_2fvwp9,1729697743.1594188
218,r/ShangriLaFrontier,12353,Anime,t5_2tr0p8,1729697743.17903
219,r/altfashionadvice,12352,Fashion,t5_2u5ji,1729697743.197695
220,r/Garmininstinct,12352,Technology,t5_2wngoc,1729697743.2169979
221,r/amsterdam_rave,12350,Music,t5_7v5c6r,1729697743.2358809
222,r/konekocosplays,12350,Mature Themes and Adult Content,t5_3n1ai,1729697743.2547462
223,r/reneerapp,12350,Music,t5_34qmv1,1729697743.2731788
224,r/suprmemesociety,12350,Internet Culture and Memes,t5_2bts5u,1729697743.291561
225,r/Trams,12350,Cars and Motor Vehicles,t5_2txh6,1729697743.309962
226,r/VtuberV8,12348,Anime,t5_2ptvjk,1729697743.328316
227,r/gurkistan,12347,Internet Culture and Memes,t5_6rk5mx,1729697743.3469021
228,r/smitepro,12347,Gaming,t5_2xdtn,1729697743.366665
229,r/TommyKay,12346,Podcasts and Streamers,t5_oalhp,1729697743.386282
230,r/pokemonmaxraids,12345,Gaming,t5_12lgtq,1729697743.40555
231,r/tdu3,12345,Gaming,t5_3cl6v,1729697743.424551
232,r/psat,12344,Learning and Education,t5_2ta12,1729697743.443679
233,r/Senzawa,12344,Music,t5_rgymr,1729697743.463566
234,r/OpenWaterSwimming,12343,Sports,t5_2y57m,1729697743.4824672
235,r/AngelsAndAirwaves,12341,Music,t5_2sulw,1729697743.501148
236,r/RestaurantsThatMeme,12341,"Welcome to RestaurantsThatMeme, where the fries are hot, the memes are hotter, and the bagel bites are divine. We’re here to gawk at restaurants and food brands as they dive into the meme world. Whether it’s a burger joint dropping dank memes on X, or a pizza chain declaring their undying love for pineapple, this is the place to post it. Just remember: no spitting in the frying pan (seriously, twice is too much), and always bow down to our sandwich overlord, Jimmy John's.",t5_3hbxg,1729697743.521287
237,r/HyruleTown,12340,Gaming,t5_8upy60,1729697743.540471
238,r/NoHumanity,12340,Gaming,t5_27dafs,1729697743.559366
239,r/KatyaSitak,12338,Celebrity,t5_2rwwjk,1729697743.578012
240,r/Catahoula,12334,Animals and Pets,t5_2t1g0,1729697743.596861
241,r/theloudhouse,12334,Television,t5_39wzf,1729697743.615547
242,r/dawsonscreek,12332,Television,t5_2t0qi,1729697743.634235
243,r/ladyshavers,12330,Beauty and Makeup,t5_2zpzg,1729697743.653014
244,r/deptheffectwallpaper,12327,Art,t5_6x5wu7,1729697743.6718469
245,r/thevoice,12327,Television,t5_2toa3,1729697743.690617
246,r/toomanypillows,12327,Home and Garden,t5_3date,1729697743.7094011
247,r/Imperial,12326,Learning and Education,t5_2rp5z,1729697743.727778
248,r/floofyboop,12324,Animals and Pets,t5_4pp3jg,1729697743.7461
249,r/Vue,12320,Technology,t5_34j3e,1729697743.764399
