,subreddit,subscribers,topic,subreddit_id,time
0,r/russianwarcrimes,10142,Activism,t5_5wpxh3,1729697929.9743161
1,r/mvci,10141,Gaming,t5_3httl,1729697929.995209
2,r/plantpathology,10141,Home and Garden,t5_2t4zp,1729697930.014035
3,r/AccountingDepartment,10140,"Business, Economics, and Finance",t5_3hrqw,1729697930.032526
4,r/ComicK,10140,"Reading, Writing, and Literature",t5_3d9t00,1729697930.0512772
5,r/accesscontrol,10136,Technology,t5_2s9zq,1729697930.0789068
6,r/OnlineIncomeHustle,10136,Careers,t5_c5u9zg,1729697930.0971699
7,r/Subways,10136,Cars and Motor Vehicles,t5_2tlia,1729697930.11675
8,r/BrosDatingAdvice,10135,Family and Relationships,t5_72lgko,1729697930.1386461
9,r/NorthernBlade,10135,"Reading, Writing, and Literature",t5_2nlxzi,1729697930.157622
10,r/Skunks,10135,Animals and Pets,t5_2ugw8,1729697930.2340539
11,r/Athleta_gap,10134,Fashion,t5_3054kp,1729697930.252819
12,r/lupinthe3rd,10133,Anime,t5_2t1we,1729697930.293163
13,r/Morbid_discussions,10132,Mature Themes and Adult Content,t5_50ic39,1729697930.3119512
14,r/Ocarina,10132,Music,t5_2ra5l,1729697930.331136
15,r/Relax,10131,Medical and Mental Health,t5_2qoyq,1729697930.3538299
16,r/SwitchFCSwap,10130,Gaming,t5_3jbzw,1729697930.3746948
17,r/DaddyDoingDonts,10129,Funny/Humor,t5_8exwqv,1729697930.395083
18,r/DrMundoMains,10126,Gaming,t5_3afhv,1729697930.415581
19,r/JanelleMonae_,10125,Mature Themes and Adult Content,t5_8e4es2,1729697930.4363132
20,r/madmamasnark,10123,Celebrity,t5_6mapff,1729697930.457257
21,r/WarhammerOldWorld,10123,Tabletop Games,t5_29kpg1,1729697930.4774761
22,r/WorldOfYs,10123,Gaming,t5_36gbb,1729697930.497492
23,r/Cattle,10120,Animals and Pets,t5_2rgib,1729697930.5170429
24,r/thenbhd,10120,Music,t5_359a8,1729697930.535691
25,r/SilencerShop,10118,Mature Themes and Adult Content,t5_gt3es,1729697930.553937
26,r/UrbanSurvivalism,10117,Welcome to UrbanSurvivalism,t5_2tzrq,1729697930.573083
27,r/MOONMOON_OW,10116,Podcasts and Streamers,t5_3f8s2,1729697930.5945358
28,r/windsurfing,10115,Sports,t5_2s5ga,1729697930.615194
29,r/AlchemyPay,10114,Crypto,t5_48pjiu,1729697930.635927
30,r/GoogleTagManager,10114,Technology,t5_38vgj,1729697930.656333
31,r/meetmeintheartroom,10114,Meta/Reddit,t5_7dswyx,1729697930.676404
32,r/SmilingCelebs,10113,Celebrity,t5_4ry4i6,1729697930.696059
33,r/Nintendo3DS,10112,Gaming,t5_2s30p,1729697930.715568
34,r/longtermTRE,10109,Medical and Mental Health,t5_5r22nx,1729697930.735731
35,r/OKState,10109,Learning and Education,t5_2qnwi,1729697930.754742
36,r/Stillgame,10109,Television,t5_2zffy,1729697930.774133
37,r/chixnshyt,10107,Mature Themes and Adult Content,t5_3189rl,1729697930.7932951
38,r/fuboTV,10107,Television,t5_379yo,1729697930.812163
39,r/GachaUnity,10106,Gaming,t5_27ocna,1729697930.8304682
40,r/palmbeach,10106,Place,t5_2ruf2,1729697930.848855
41,r/CDT,10105,Outdoors and Nature,t5_2wfk4,1729697930.867131
42,r/AdriannePalicki,10103,Mature Themes and Adult Content,t5_2v9vk,1729697930.885411
43,r/Boglememes,10103,"Business, Economics, and Finance",t5_32srz7,1729697930.906805
44,r/TeamBuilder25,10103,Sports,t5_bkuxu0,1729697930.929208
45,r/NYTCrossword,10102,Gaming,t5_5a7vau,1729697930.950353
46,r/PhaseConnect,10101,Podcasts and Streamers,t5_4521nj,1729697930.9709818
47,r/ProstateCancer,10100,Men's Health,t5_2s1qy,1729697930.992117
48,r/remoteworking,10100,Careers,t5_33pff,1729697931.0128782
49,r/iguanas,10099,Animals and Pets,t5_2swll,1729697931.0344162
50,r/steveoraw,10099,Celebrity,t5_9aer8c,1729697931.055647
51,r/TeddyStories,10099,History,t5_2gbs2f,1729697931.076617
52,r/VideoGameAnalysis,10099,Gaming,t5_38ieu,1729697931.0973701
53,r/freedesign,10098,Art,t5_2tdap,1729697931.117755
54,r/l5r,10098,Tabletop Games,t5_2skzf,1729697931.137463
55,r/mw3zombies,10097,Gaming,t5_94ucqf,1729697931.158401
56,r/WorldAnvil,10097,Tabletop Games,t5_3pn4b,1729697931.177554
57,r/Chinavisa,10096,Travel,t5_2vwx8,1729697931.197207
58,r/Fireplaces,10096,Home and Garden,t5_2rjdf,1729697931.218606
59,r/IntermittentFastLife,10096,Fitness and Nutrition,t5_33lqd,1729697931.240839
60,r/JustaMinx,10096,Podcasts and Streamers,t5_1ppj0m,1729697931.262326
61,r/ReformJews,10094,Religion and Spirituality,t5_3cneh,1729697931.2822971
62,r/guitarrepair,10093,Music,t5_309vh,1729697931.305003
63,r/writinghelp,10093,"Reading, Writing, and Literature",t5_2ym4p,1729697931.327816
64,r/HalstonSage,10092,Celebrity,t5_2usf0,1729697931.3520892
65,r/Packout,10091,Crafts and DIY,t5_2x18u9,1729697931.375742
66,r/Simulate,10090,Science,t5_2v5nv,1729697931.3994932
67,r/lawofassumption,10088,Religion and Spirituality,t5_4u3qs2,1729697931.424192
68,r/TitanQuestAE,10087,Gaming,t5_3g4r2,1729697931.4494798
69,r/TickleAddicts,10086,Mature Themes and Adult Content,t5_brwsx9,1729697931.471211
70,r/UnoReverseCard,10086,Internet Culture and Memes,t5_p1pfj,1729697931.495479
71,r/MemeThatNews,10083,World News,t5_23xlwi,1729697931.5195441
72,r/s2ggang,10083,Podcasts and Streamers,t5_7hamez,1729697931.542196
73,r/UkStocks,10083,"Business, Economics, and Finance",t5_31iax,1729697931.561551
74,r/chuggaaconroy,10082,Podcasts and Streamers,t5_2upzb,1729697931.582422
75,r/workmemes,10082,Internet Culture and Memes,t5_3j3az,1729697931.6017458
76,r/gme_capitalists,10080,Internet Culture and Memes,t5_45kmib,1729697931.62064
77,r/NanashiMumei,10080,Anime,t5_4wtnxa,1729697931.64134
78,r/diySolar,10079,Crafts and DIY,t5_32vm8,1729697931.66122
79,r/wealth,10079,"Business, Economics, and Finance",t5_2qmqh,1729697931.6813152
80,r/AustraliaPost,10077,"Business, Economics, and Finance",t5_4qo3ua,1729697931.701557
81,r/SavedMyDay,10077,saved my day. savedmyday. A sub where good things happen after you think they went bad. or someone is literally saving someone's life!,t5_s7t3e,1729697931.7282612
82,r/GluttonGuts,10075,Mature Themes and Adult Content,t5_ye0hr,1729697931.750984
83,r/TeamRKT,10075,Technology,t5_2ypdyx,1729697931.772852
84,r/AllHayganeen,10074,Family and Relationships,t5_bcx52w,1729697931.7955651
85,r/goodwill,10074,Marketplace and Deals,t5_2scz5,1729697931.8165472
86,r/FRM,10072,"Business, Economics, and Finance",t5_3fdtc,1729697931.83714
87,r/moog,10069,Technology,t5_2u5dv,1729697931.857295
88,r/KristinSmart,10068,Law,t5_49cdhi,1729697931.87764
89,r/PMHNP,10068,Careers,t5_3ea8e,1729697931.897674
90,r/BitcoinNL,10067,Verplichte titel van je post: BIIIITCOOOOIIIN -- Bitcoin community voor de Nederlands sprekende Bitcoin fanaten!,t5_2wrm5,1729697931.917462
91,r/lobotomydash,10066,Gaming,t5_aexc68,1729697931.937547
92,r/Gamer,10065,Gaming,t5_2qmqj,1729697931.957381
93,r/POESIA,10065,"Reading, Writing, and Literature",t5_2rb97,1729697931.977241
94,r/eskisehir,10064,Place,t5_2yifj,1729697931.996726
95,r/PokemonZA,10064,Gaming,t5_aw1k4k,1729697932.016344
96,r/note20ultra,10061,Technology,t5_2ybeih,1729697932.035167
97,r/HSMTMTS,10060,Television,t5_284qg9,1729697932.0536342
98,r/simplisafe,10060,Home and Garden,t5_3jbnx,1729697932.072026
99,r/FatSquirrelLove,10057,Animals and Pets,t5_srl6f,1729697932.090286
100,r/Talaria,10057,Cars and Motor Vehicles,t5_5j5cj2,1729697932.108598
101,r/Emily_Osment,10055,Subreddit dedicated to Emily Osment,t5_2vgkn,1729697932.1268191
102,r/oathbreaker_MtG,10055,Tabletop Games,t5_yzlxc,1729697932.14529
103,r/Tirzeglutide,10055,Medical and Mental Health,t5_8pgll0,1729697932.163581
104,r/VirginiaR4R,10055,Mature Themes and Adult Content,t5_2wq1s,1729697932.181696
105,r/KimKardashianPics2,10054,This subreddit is dedicated to Kim Kardashian.,t5_850hav,1729697932.200326
106,r/F250,10053,Cars and Motor Vehicles,t5_3i00m,1729697932.218823
107,r/Highfleet,10052,Gaming,t5_k4wlt,1729697932.2373
108,r/AskModerators,10051,Meta/Reddit,t5_2uwjj,1729697932.256085
109,r/GhibliArt,10050,Anime,t5_35ch1,1729697932.440983
110,r/Raynauds,10050,Medical and Mental Health,t5_38ivs,1729697932.462742
111,r/BakingPhilippines,10046,Food and Drink,t5_8489t6,1729697932.480639
112,r/raiseyourdongers,10046,Internet Culture and Memes,t5_2xys4,1729697932.498105
113,r/StephenKingBookClub,10046,"Reading, Writing, and Literature",t5_2xdzx,1729697932.516048
114,r/Waifutights,10046,Mature Themes and Adult Content,t5_2cgehf,1729697932.543469
115,r/darkhorsecomics,10045,"Reading, Writing, and Literature",t5_2snj5,1729697932.5611572
116,r/okbuddywizards,10044,Internet Culture and Memes,t5_b5gi21,1729697932.578911
117,r/plantycrafts,10044,Crafts and DIY,t5_2lx0xr,1729697932.5987258
118,r/Tenagra,10043,Television,t5_32j41,1729697932.616471
119,r/tnvisa,10043,Law,t5_9zdb8,1729697932.635194
120,r/Blackwidow,10042,Movies,t5_31iu8,1729697932.7093341
121,r/civbattleroyale,10042,Gaming,t5_36z7e,1729697932.727633
122,r/TheSims4cc,10042,Gaming,t5_12ibj5,1729697932.753223
123,r/Muelltrennung,10041,Home and Garden,t5_aah9nf,1729697932.7708201
124,r/944,10040,Cars and Motor Vehicles,t5_2v9r3,1729697932.788026
125,r/QuestBridge,10040,Learning and Education,t5_2z5cz,1729697932.814007
126,r/formulaone,10039,Sports,t5_2qoo3,1729697932.832159
127,r/JazzMemes,10039,Music,t5_2v5uh,1729697932.8507469
128,r/Animeedits,10038,Anime,t5_294ek2,1729697932.8693278
129,r/assasinscreed,10038,Gaming,t5_2vg59,1729697932.888545
130,r/OhLawdHeComin,10038,Animals and Pets,t5_qvgsv,1729697932.906821
131,r/wynonnaearp,10037,Television,t5_3bj24,1729697932.924949
132,r/AcrylicNails,10035,Beauty and Makeup,t5_3arq6,1729697932.943093
133,r/BerkshireHathaway,10035,"Business, Economics, and Finance",t5_2qkg0,1729697932.962367
134,r/BetterDiscord,10035,Technology,t5_3exar,1729697932.980454
135,r/FoodBlog,10035,Food and Drink,t5_2qmrk,1729697932.998441
136,r/GlasgowUni,10030,Learning and Education,t5_2szzf,1729697933.016502
137,r/johnbrownposting,10030,History,t5_11imrd,1729697933.0348449
138,r/shenzhen,10024,Place,t5_2qk15,1729697933.0544279
139,r/meowormyson,10021,Animals and Pets,t5_43pc30,1729697933.076318
140,r/RevueStarlight,10021,Anime,t5_acq2s,1729697933.10154
141,r/disabledgamers,10020,Gaming,t5_35ubo,1729697933.12095
142,r/trello,10020,Technology,t5_2vdjl,1729697933.1396039
143,r/RealGirlsFeet,10017,Mature Themes and Adult Content,t5_2w32i,1729697933.158326
144,r/obscuremusic,10016,Music,t5_2r2m6,1729697933.1772969
145,r/UKweedscene,10016,Mature Themes and Adult Content,t5_4uiev1,1729697933.196131
146,r/headphonemods,10015,Technology,t5_3i2zy,1729697933.224512
147,r/Korean_hotties,10015,Celebrity,t5_5ecpxh,1729697933.243413
148,r/PCSleeving,10015,Technology,t5_2vpff,1729697933.262057
149,r/ReloadingExchange,10014,Mature Themes and Adult Content,t5_3hs3u,1729697933.2801752
150,r/glitchtaleofficial,10013,Podcasts and Streamers,t5_2q4esr,1729697933.298414
151,r/OklahomaJoe,10013,Food and Drink,t5_264otd,1729697933.31651
152,r/plutus,10013,Crypto,t5_3b257,1729697933.335237
153,r/nocturnemains,10011,Gaming,t5_390e0,1729697933.3538182
154,r/cargocamper,10010,Cars and Motor Vehicles,t5_3nevp,1729697933.373253
155,r/SubForEverything,10010,Meta/Reddit,t5_2uj8u,1729697933.3921762
156,r/collegeinfogeek,10009,Learning and Education,t5_3aygy,1729697933.411367
157,r/DanhengMains,10009,Gaming,t5_52u608,1729697933.430273
158,r/oldmovies,10009,Movies,t5_2woq3,1729697933.4489431
159,r/BearableApp,10007,Technology,t5_2364td,1729697933.467704
160,r/perfectonpointe,10007,Art,t5_6qeblw,1729697933.486258
161,r/Qsmp,10006,Gaming,t5_7yg6nr,1729697933.504958
162,r/bigdata_analytics,10005,Careers,t5_2wpv7,1729697933.524734
163,r/OttawaFishing,10005,Hobbies,t5_30ur2,1729697933.54368
164,r/BadAssDragons,10004,Art,t5_486asp,1729697933.562453
165,r/nonfictionbooks,10003,"Reading, Writing, and Literature",t5_2xd5n,1729697933.581606
166,r/zappafied,10002,Music,t5_32kfz,1729697933.6005602
167,r/AmazonMusic,10000,Music,t5_3281k,1729697933.6192472
168,r/TopStreetFights_,10000,Internet Culture and Memes,t5_7v1koq,1729697933.638154
169,r/aphmaufandom,9999,Podcasts and Streamers,t5_3ig6r,1729697933.6568582
170,r/Appleton,9999,Place,t5_2s1mu,1729697933.675508
171,r/Carolinepolachek,9997,Music,t5_224civ,1729697933.695126
172,r/Broadcasting,9996,Technology,t5_2s31e,1729697933.716036
173,r/Cringetopia_Two,9995,Internet Culture and Memes,t5_69bm3j,1729697933.73678
174,r/realracing,9994,Gaming,t5_2wku2,1729697933.757775
175,r/peperomia,9992,Home and Garden,t5_wkpkx,1729697933.77883
176,r/RayMarieMorris,9992,Celebrity,t5_4sxldb,1729697933.8005672
177,r/TurkicHistory,9991,History,t5_37f7c,1729697933.821275
178,r/Blockchain_Healthcare,9990,Crypto,t5_3gj3p,1729697933.843025
179,r/Lutron,9990,Technology,t5_2zn0a,1729697933.864609
180,r/NavyNukes,9990,Military,t5_2xbbp,1729697933.887216
181,r/BitLifeRebels,9989,Gaming,t5_53vwal,1729697933.909268
182,r/ETS2,9986,Gaming,t5_2vd1n,1729697933.931938
183,r/PeriodUnderwear,9986,Fashion,t5_3riwhx,1729697933.952009
184,r/movieideas,9984,Movies,t5_2ragr,1729697933.972734
185,r/Syncthing,9982,Technology,t5_31c92,1729697933.9937658
186,r/hellier,9981,Television,t5_w75da,1729697934.014088
187,r/IndianEngineers,9981,Careers,t5_35bjf,1729697934.034413
188,r/juryduty,9981,Law,t5_2rkpz,1729697934.055627
189,r/OutdoorKitchens,9981,Home and Garden,t5_3d7ba,1729697934.0755908
190,r/visas,9981,Travel,t5_32edu,1729697934.0952792
191,r/learnmandarin,9979,Learning and Education,t5_2saod,1729697934.1156511
192,r/OntarioGardeners,9979,Home and Garden,t5_45kzhx,1729697934.1355038
193,r/Lumine_Mains,9978,Gaming,t5_45f6k2,1729697934.155541
194,r/Minecraftfarms,9978,Gaming,t5_13sd6e,1729697934.175475
195,r/recording,9978,Music,t5_2r8eb,1729697934.195852
196,r/BravestWarriors,9977,Television,t5_2tl4p,1729697934.2160919
197,r/GabrielDropout,9977,Anime,t5_3if67,1729697934.236386
198,r/StraightTransGirls,9977,Gender,t5_6fel7i,1729697934.256208
199,r/CivSeedExchange,9976,Gaming,t5_2q914q,1729697934.275965
200,r/bransonmo,9975,Place,t5_2vl66,1729697934.295237
201,r/stubhub,9975,Marketplace and Deals,t5_32qb2,1729697934.314581
202,r/computer_help,9974,Programming,t5_2zha6,1729697934.333576
203,r/siblingsordating,9973,Family and Relationships,t5_3mg4m,1729697934.35276
204,r/Coimbatore,9971,Place,t5_2szwc,1729697934.372608
205,r/ps5homebrew,9970,Gaming,t5_3cmdv,1729697934.39255
206,r/moto360,9969,Technology,t5_30zwd,1729697934.412383
207,r/OkProxyPhaethon,9969,"Do you have autism? Do you like rats? Do you like trucker girls who can hit you with a bat and break you? Then you are in the right place! This is the ZZZ anything goes sub, feel free.",t5_by6w2s,1729697934.4319308
208,r/DogPics,9968,Animals and Pets,t5_2slao,1729697934.449858
209,r/jennacoleman,9967,Celebrity,t5_2xj8a,1729697934.4675908
210,r/Polygel,9967,Beauty and Makeup,t5_2y0dav,1729697934.4852989
211,r/AV1,9966,Technology,t5_fuge3,1729697934.502895
212,r/musicforsex,9965,Music,t5_31t5o,1729697934.520412
213,r/AnarchyMemeCollective,9964,Activism,t5_29d0we,1729697934.539606
214,r/DerailValley,9963,Gaming,t5_3jhyq,1729697934.5573409
215,r/UglyBetty,9963,Television,t5_2u82v,1729697934.574775
216,r/RHDiscussion,9961,Television,t5_o3oz8,1729697934.592108
217,r/englishmajors,9959,Learning and Education,t5_2uicc,1729697934.610395
218,r/titlefight,9959,Music,t5_30db8,1729697934.629096
219,r/district0x,9958,"District0x.io is a web3 network of decentralized marketplaces and communities. d0x is non-custodial, unstoppable and open-source. Powered by Ethereum, Aragon, and IPFS. Create, operate, and govern! Get started with at: http://onboarding.district0x.io/",t5_3lzh8,1729697934.6474938
220,r/NRelationships,9958,Family and Relationships,t5_38fvg,1729697934.6658409
221,r/psychopath,9958,Medical and Mental Health,t5_2rb54,1729697934.684277
222,r/whitepeople,9958,Internet Culture and Memes,t5_2rfz1,1729697934.7026298
223,r/AllThingsMorbid,9957,Internet Culture and Memes,t5_cdpema,1729697934.720789
224,r/Anthurium,9956,Home and Garden,t5_2a24x3,1729697934.73884
225,r/spectrex360,9955,Technology,t5_38jjn,1729697934.757209
226,r/lowimpactlifestyle,9954,Home and Garden,t5_2wrx1,1729697934.775947
227,r/Mothman,9954,Internet Culture and Memes,t5_2trhk,1729697934.794603
228,r/PressureRoblox,9954,Gaming,t5_bx49cz,1729697934.812892
229,r/3dprintingdms,9953,Tabletop Games,t5_kvb1j,1729697934.831223
230,r/civicplatform,9953,Crypto,t5_3l6gc,1729697934.849282
231,r/lolitafashion,9953,Fashion,t5_a2pb3,1729697934.86727
232,r/Nighthaunt,9953,Tabletop Games,t5_ueb2m,1729697934.885335
233,r/Roadkillshow,9953,Television,t5_30a7c,1729697934.9039948
234,r/MischievousGibbons,9952,This sub is for gibbons being mischievous. Be more civil than the apes but as much or more fun than them!,t5_m9gv3,1729697934.922527
235,r/TibetanBuddhism,9952,Religion and Spirituality,t5_2ybue,1729697934.9409122
236,r/writingopportunities,9952,Careers,t5_2vx2a,1729697934.959094
237,r/GSXR,9950,Cars and Motor Vehicles,t5_2uktj,1729697934.977493
238,r/adnd,9949,Tabletop Games,t5_2vtpx,1729697934.997622
239,r/coffeeandsmartnotes,9949,Learning and Education,t5_6mntjc,1729697935.016396
240,r/AussieMakeupTrade,9944,Beauty and Makeup,t5_sb9wh,1729697935.03535
241,r/BethBehrs,9944,Celebrity,t5_36ghy,1729697935.0539641
242,r/NJTech,9944,Learning and Education,t5_2s9ey,1729697935.072834
243,r/legomeme,9943,Internet Culture and Memes,t5_2w66z,1729697935.0916228
244,r/PerfectlyCutGT,9943,Internet Culture and Memes,t5_5n2jgz,1729697935.1104681
245,r/Scrollsaw,9941,Crafts and DIY,t5_2u0w8,1729697935.128789
246,r/enneagrammemes,9940,Internet Culture and Memes,t5_y9oq6,1729697935.147309
247,r/Memeloid,9939,Internet Culture and Memes,t5_2hwj4l,1729697935.1658392
248,r/raeleerudolph22x,9939,Welcome to raeleerudolph22x,t5_aywr2m,1729697935.184329
249,r/Anaheim,9938,Place,t5_2s47n,1729697935.2029362
