,subreddit,subscribers,topic,subreddit_id,time
0,r/CatsClimbingPeople,9734,Animals and Pets,t5_9kw29,1729697967.7028952
1,r/gaidhlig,9732,Learning and Education,t5_2tift,1729697967.7240891
2,r/PantheismEmbodied,9732,Religion and Spirituality,t5_3b2bjd,1729697967.7427251
3,r/Everglades,9730,Outdoors and Nature,t5_2s5to,1729697967.761461
4,r/Fall,9730,Home and Garden,t5_2ryf4,1729697967.779968
5,r/leftistposters,9730,Politics,t5_2jncuu,1729697967.8072908
6,r/GoogleMyBusiness,9729,"Business, Economics, and Finance",t5_3g6vw,1729697967.8261042
7,r/PicoXR,9729,Technology,t5_6ew6au,1729697967.844675
8,r/DenverGardener,9728,Home and Garden,t5_31qqr,1729697967.864764
9,r/cafecafecafe,9727,Food and Drink,t5_9vt890,1729697967.885939
10,r/XenobladeChroniclesX,9727,Gaming,t5_32886,1729697967.9624152
11,r/AdhdRelationships,9725,Medical and Mental Health,t5_ybrl0,1729697967.9814558
12,r/timesplitters,9725,Gaming,t5_2scur,1729697968.015976
13,r/Car_Insurance_Help,9724,Cars and Motor Vehicles,t5_3hk87,1729697968.0346692
14,r/YBAOfficial,9721,Gaming,t5_36zjdl,1729697968.053462
15,r/cubing,9720,Hobbies,t5_2riw0,1729697968.072198
16,r/DSLcommunity,9720,Mature Themes and Adult Content,t5_9wq20v,1729697968.091142
17,r/lifelonglearning,9717,"A community dedicated to discussing resources, methods, and aspects of enriching life through the constant acquisition of knowledge.",t5_2v7sk,1729697968.110178
18,r/AnomaliesUnleashed,9716,Religion and Spirituality,t5_2xfc5,1729697968.128878
19,r/checkra1n,9716,Technology,t5_26ch87,1729697968.1476748
20,r/DWC,9716,Mature Themes and Adult Content,t5_2yut0,1729697968.1663191
21,r/animalWell,9715,Gaming,t5_4o57ym,1729697968.185129
22,r/AntoineDaniel,9713,Podcasts and Streamers,t5_663u3i,1729697968.204146
23,r/SyntheticSelection,9713,Gaming,t5_25d2d7,1729697968.222851
24,r/Avoidant,9712,Medical and Mental Health,t5_2ylwq,1729697968.241567
25,r/TheVedasAndUpanishads,9712,Religion and Spirituality,t5_v75ii,1729697968.260393
26,r/YDHBSnark,9711,Podcasts and Streamers,t5_574mt9,1729697968.2792351
27,r/WeArePennState,9710,Sports,t5_398xw,1729697968.298288
28,r/IndianGirlAi,9709,Mature Themes and Adult Content,t5_8gwo1a,1729697968.317346
29,r/GreenAndEXTREME,9708,Politics,t5_5m8j73,1729697968.33598
30,r/OctobersVeryOwn,9707,Fashion,t5_2x6vq,1729697968.354605
31,r/powergamermunchkin,9707,Tabletop Games,t5_p5k70,1729697968.373019
32,r/lostidols,9706,Gaming,t5_39gmh,1729697968.3912451
33,r/spacesimgames,9705,Gaming,t5_2u6r8,1729697968.569412
34,r/Endfield,9704,Gaming,t5_5zcuxu,1729697968.619349
35,r/Graftingplants,9704,Home and Garden,t5_2t90m5,1729697968.644099
36,r/Whonix,9704,Technology,t5_2wwk3,1729697968.669787
37,r/40k_Crusade,9701,Tabletop Games,t5_2pr8fc,1729697968.694856
38,r/fatalframe,9701,Gaming,t5_2tp63,1729697968.716365
39,r/pystats,9701,Programming,t5_2yw9f,1729697968.739244
40,r/giraffes,9700,Animals and Pets,t5_2rgz9,1729697968.7616441
41,r/joplinmo,9699,Place,t5_2ss0q,1729697968.7835252
42,r/MakeMeRichIDC,9699,Internet Culture and Memes,t5_4e11c1,1729697968.805123
43,r/NewAmsterdamTV,9699,Television,t5_iw1nw,1729697968.827905
44,r/justiceforKarenRead,9696,Law,t5_89zxo4,1729697968.8499892
45,r/sculpting,9695,Art,t5_2ssh8,1729697968.8732018
46,r/OnesqueezeDD,9694,"Business, Economics, and Finance",t5_5gwqpe,1729697968.898179
47,r/TumblrWrites,9693,"Reading, Writing, and Literature",t5_26niz1,1729697968.921109
48,r/Compound,9692,Crypto,t5_3b7g4,1729697968.943257
49,r/StrikeForRoe,9691,Activism,t5_6l2ffs,1729697968.9633548
50,r/ChineseLaserCutters,9690,Crafts and DIY,t5_34hp8,1729697968.982934
51,r/LifeWithIgor,9690,"Igor is my brother-in-law. He and my sister have been married for 7 years, and have been living with us for the last few months. This is Life with Igor. /u/DisgruntledPlebian",t5_37cnk,1729697969.002885
52,r/employeesonly,9689,Ever wanted to see what's on the screen as your order taker is punching in your delicious? Are you curious what the call center you just called looks like? The warehouse your new gadget was shipped from? The grill where your delicious burger was made? Are you a retail employee who wants to show everybody what your daily grind looks like? This is the subreddit for you!,t5_2zgzc,1729697969.022939
53,r/ExpeditionUnknown,9689,Television,t5_35qsv,1729697969.042596
54,r/WoWsBlitz,9689,Gaming,t5_3jpe7,1729697969.062195
55,r/SantanDave,9688,Music,t5_3ljo8,1729697969.0818639
56,r/adamdriver,9687,Celebrity,t5_3bln1,1729697969.101672
57,r/FreeCash,9687,Technology,t5_32kw9,1729697969.121116
58,r/repackgames,9687,Gaming,t5_1010ph,1729697969.140463
59,r/FemaleCelebrityBiceps,9686,Celebrity,t5_2a15i4,1729697969.161288
60,r/MemetsuNoYaiba,9686,Anime,t5_24fc85,1729697969.180672
61,r/ShiftYourReality,9686,Religion and Spirituality,t5_64f4m5,1729697969.199873
62,r/leoduhvinci,9684,"Reading, Writing, and Literature",t5_36s1w,1729697969.2191281
63,r/Logan,9683,Place,t5_2qybq,1729697969.238264
64,r/Scootering,9682,Sports,t5_2tf9s,1729697969.257378
65,r/advrider,9681,Cars and Motor Vehicles,t5_30y9e,1729697969.276635
66,r/badmemes,9680,Internet Culture and Memes,t5_2t71n,1729697969.2956212
67,r/GraduateSchool,9680,Learning and Education,t5_2qju4,1729697969.314941
68,r/RedactedCharts,9680,Internet Culture and Memes,t5_2v1sq,1729697969.334341
69,r/AkshanMains,9678,Gaming,t5_3ncaep,1729697969.353722
70,r/Guyana,9678,Place,t5_2s3m3,1729697969.373458
71,r/CampCult,9677,Movies,t5_2u2j2,1729697969.392965
72,r/Numerama,9676,World News,t5_6alpei,1729697969.412281
73,r/streamlabsobs,9676,Technology,t5_kc99n,1729697969.431988
74,r/Comixology,9675,Marketplace and Deals,t5_2ynmp,1729697969.451644
75,r/MotivationalThoughts,9675,Ethics and Philosophy,t5_2jhsu1,1729697969.471095
76,r/saltyobituaries,9675,Funny/Humor,t5_k27r1,1729697969.490947
77,r/StudentiSrbija,9675,Learning and Education,t5_3irdcm,1729697969.5108721
78,r/TrueReligionJeans,9674,Fashion,t5_4uroyl,1729697969.532363
79,r/FinalFantasyVI,9673,Gaming,t5_2sgpa,1729697969.554205
80,r/justfriendshome,9673,Podcasts and Streamers,t5_ibtn7,1729697969.579212
81,r/athensohio,9672,Place,t5_2sko7,1729697969.598263
82,r/flstudio,9672,Music,t5_2rcxd,1729697969.6166332
83,r/Somi,9672,Celebrity,t5_385rp,1729697969.63489
84,r/TinyPrepping,9672,Hobbies,t5_2heipm,1729697969.653101
85,r/Alldarksouls,9671,Gaming,t5_41w63m,1729697969.6725178
86,r/Bullion,9669,"Business, Economics, and Finance",t5_2svwm,1729697969.689963
87,r/HairlossResearch,9668,Medical and Mental Health,t5_592f7x,1729697969.7073438
88,r/pocketwatch,9668,Fashion,t5_2ti8w,1729697969.72468
89,r/futurerevolution,9667,Gaming,t5_2gi6o1,1729697969.7418501
90,r/SplatoonMeta,9667,Gaming,t5_38exn,1729697969.759116
91,r/cavestory,9666,Gaming,t5_2smq4,1729697969.7763
92,r/RexHeuermann,9666,Law,t5_8u6wnu,1729697969.7934568
93,r/desifit,9665,Celebrity,t5_7s8p8e,1729697969.810611
94,r/YaeMikoShrine,9665,Gaming,t5_4o6dm5,1729697969.827913
95,r/concept2,9664,Fitness and Nutrition,t5_25h88q,1729697969.845241
96,r/DarkCloud,9664,Gaming,t5_2tzb4,1729697969.862699
97,r/CoronaMENA,9662,World News,t5_2h1wj4,1729697969.881122
98,r/LaurenGerman,9662,Mature Themes and Adult Content,t5_2wf9m,1729697969.9003332
99,r/Natalism,9662,Ethics and Philosophy,t5_2vp2p,1729697969.919639
100,r/TheFosters,9662,Television,t5_2xm3c,1729697969.938825
101,r/ammodeals,9661,Sports,t5_2vw5u,1729697969.957112
102,r/Frandroid,9661,Technology,t5_6ae614,1729697969.9754791
103,r/HodlToken,9661,Crypto,t5_4czifl,1729697969.993301
104,r/exocomics,9659,Art,t5_35fj3,1729697970.0105128
105,r/gentleparenting,9659,Family and Relationships,t5_50bubm,1729697970.027783
106,r/MauraMurraySub,9659,Law,t5_290pyk,1729697970.0461051
107,r/Mosaic,9659,Crafts and DIY,t5_2r99n,1729697970.064409
108,r/DerryLondonderry,9658,Place,t5_2slwt,1729697970.082443
109,r/DeltaForceGlobal,9655,Gaming,t5_awr9tg,1729697970.100595
110,r/AdultShowOffs,9653,Mature Themes and Adult Content,t5_arbs1j,1729697970.248578
111,r/CannabisMSOs,9653,"Business, Economics, and Finance",t5_3kl0tw,1729697970.270781
112,r/DigitalLego,9653,Technology,t5_1mqmiq,1729697970.289328
113,r/iamveryspecial,9653,For special people.,t5_3hi1f,1729697970.308146
114,r/CharlesLeclerc,9652,Sports,t5_4eo7o,1729697970.3268201
115,r/PromoCodeShare,9650,Marketplace and Deals,t5_327ds,1729697970.354514
116,r/Pasco,9648,Place,t5_2tau4,1729697970.37318
117,r/NinjaFoodi,9647,Food and Drink,t5_u2lzt,1729697970.3915021
118,r/writingprompt,9647,"Reading, Writing, and Literature",t5_2rwoa,1729697970.4099462
119,r/TheStoryGraph,9646,"Reading, Writing, and Literature",t5_3pl1ga,1729697970.4290829
120,r/aspynovard,9645,Podcasts and Streamers,t5_b8d70e,1729697970.44852
121,r/mysore,9645,Place,t5_2s9as,1729697970.515161
122,r/NJmeetup,9645,Place,t5_2odr9e,1729697970.5341618
123,r/WorldPanorama,9645,Ethics and Philosophy,t5_843t3e,1729697970.5715141
124,r/ArtStationsFinest,9644,Art,t5_6h4wuc,1729697970.590271
125,r/Slaanesh,9643,Tabletop Games,t5_2x3hc,1729697970.6087182
126,r/ADHDparenting,9642,Medical and Mental Health,t5_34mk8t,1729697970.627607
127,r/Chub_AI,9642,Technology,t5_8elllb,1729697970.645857
128,r/sonomacounty,9642,Place,t5_2sxif,1729697970.664198
129,r/thirdworldproblems,9642,Welcome to thirdworldproblems,t5_2sdvt,1729697970.6828082
130,r/factualUFO,9641,Internet Culture and Memes,t5_2pa573,1729697970.701602
131,r/GEazy,9641,Music,t5_2ysjt,1729697970.720234
132,r/Leander,9641,Place,t5_2ulsm,1729697970.738722
133,r/MCEternal,9641,Gaming,t5_2et1tc,1729697970.757243
134,r/CryptocurrencyLovers,9640,Crypto,t5_486hbm,1729697970.775342
135,r/okbuddytankie,9640,Politics,t5_28zu7y,1729697970.7937899
136,r/SelfPettingCats,9640,Animals and Pets,t5_5bn20w,1729697970.812072
137,r/usask,9640,Learning and Education,t5_2spei,1729697970.830348
138,r/HardspaceShipbreaker,9639,Gaming,t5_2gt2g7,1729697970.8489962
139,r/WillaFitzgerald,9639,Celebrity,t5_3aoy1,1729697970.868521
140,r/mymorningjacket,9638,Music,t5_2s9aa,1729697970.8907561
141,r/vsco,9638,Technology,t5_2xq7q,1729697970.913743
142,r/HeroinHeroines,9637,Mature Themes and Adult Content,t5_a8sfu,1729697970.936811
143,r/StarAtlas,9637,Gaming,t5_3abvyr,1729697970.963944
144,r/JoJolion,9635,Anime,t5_38gwf,1729697970.990535
145,r/yiddle,9634,Movies,t5_28huq6,1729697971.015261
146,r/BargainBinVinyl,9633,Music,t5_3gb5g,1729697971.036578
147,r/FlipTop,9633,Music,t5_36txs,1729697971.055997
148,r/MDT,9633,Technology,t5_2v3bh,1729697971.0752041
149,r/ExperimentalFilm,9632,Movies,t5_2t56i,1729697971.0947268
150,r/mapua,9631,Learning and Education,t5_2szzk,1729697971.114092
151,r/waterparksband,9631,Music,t5_3er9x,1729697971.1336598
152,r/BrittanyMatthewsSnark,9630,Celebrity,t5_5437xb,1729697971.152844
153,r/classicmods,9629,Gaming,t5_hly0o,1729697971.172312
154,r/Pranayama,9627,Fitness and Nutrition,t5_2tb7x,1729697971.191581
155,r/wahoofitness,9627,Fitness and Nutrition,t5_3k5x5,1729697971.210815
156,r/IMDbFilmGeneral,9626,Movies,t5_3iwyp,1729697971.230041
157,r/DRUM,9625,Music,t5_2s7vg,1729697971.24916
158,r/fantasywriting,9624,"Reading, Writing, and Literature",t5_2uch5,1729697971.268333
159,r/OutlastTrials,9623,Gaming,t5_2joqz9,1729697971.2877069
160,r/TubbyTuxes,9620,Animals and Pets,t5_svv28,1729697971.306975
161,r/ThePickledGnome,9617,"Reading, Writing, and Literature",t5_2kua3l,1729697971.326401
162,r/airedaleterrier,9616,Animals and Pets,t5_2tarp,1729697971.345729
163,r/YogaChallenge,9616,Fitness and Nutrition,t5_2txqk,1729697971.3652182
164,r/Angel_Reese_,9615,subreddit for WNBA player Angel Reese.,t5_agh6zs,1729697971.386615
165,r/JeepCherokeeXJ,9615,Cars and Motor Vehicles,t5_32k29,1729697971.406025
166,r/UnstableUnicorns,9615,Tabletop Games,t5_3o7ua,1729697971.425005
167,r/freestylerap,9614,Music,t5_2tf11,1729697971.444267
168,r/LanaDelReyPictures,9614,Celebrity,t5_3fptd,1729697971.46337
169,r/shipping,9614,"Business, Economics, and Finance",t5_2qj7e,1729697971.482982
170,r/basel,9613,Place,t5_2scrn,1729697971.502221
171,r/telescope,9613,Science,t5_2rqr0,1729697971.521627
172,r/OpticalIllusionGifs,9612,Internet Culture and Memes,t5_38p0v,1729697971.5411048
173,r/EnergyStorage,9611,Science,t5_2wfgr,1729697971.560572
174,r/Fijian,9611,Place,t5_2spz6,1729697971.579747
175,r/Kowalski_Memes,9611,Internet Culture and Memes,t5_q928k,1729697971.5990882
176,r/snuggly,9611,Gaming,t5_3ibt7,1729697971.6183522
177,r/Israel_Palestine,9610,Politics,t5_madl8,1729697971.6375098
178,r/mounjarouk,9610,Medical and Mental Health,t5_aqyjxy,1729697971.656903
179,r/Time,9610,Science,t5_2qojx,1729697971.676951
180,r/WrestleFeetTwo,9610,Mature Themes and Adult Content,t5_4popvk,1729697971.696346
181,r/HorseRacingUK,9609,Sports,t5_3auq8,1729697971.715795
182,r/tcltvs,9609,Technology,t5_1o9wjl,1729697971.734889
183,r/RenderedComment,9608,Art,t5_6zgfpy,1729697971.753772
184,r/transandthriving,9608,Gender,t5_5xp15u,1729697971.772161
185,r/OCLions,9607,Sports,t5_2u29i,1729697971.7903569
186,r/Pac12,9607,Sports,t5_2sbnj,1729697971.808744
187,r/TurtleBeach,9607,Gaming,t5_2vjrj,1729697971.826991
188,r/CrabChampions,9606,Gaming,t5_xkryl,1729697971.8454778
189,r/HappyHomeParadise,9604,Gaming,t5_56obzc,1729697971.865412
190,r/LCID,9604,Cars and Motor Vehicles,t5_3whr3o,1729697971.8835661
191,r/memeculturetechnology,9604,Music,t5_27t72a,1729697971.901506
192,r/MounjaroMaintenance,9604,Medical and Mental Health,t5_88gdtx,1729697971.919379
193,r/TodayIamHappy,9603,"Welcome to r/TodayIamHappy. Happiness is only real when shared. Sometimes due to our busy and chaotic life, small moments of joy and happiness are lost into the mist, being completely ignored. But we forgot that these small moments of joy and happiness can sometimes mean a lot for us. This subreddit will allow you to open your heart and tell us what made you happy today? Why are you feeling so joyous and wholesome today? We would love to hear about it.",t5_wpspv,1729697971.9375172
194,r/bim,9599,Technology,t5_2qsyj,1729697971.956008
195,r/TrueNarcissisticAbuse,9599,Trauma Support,t5_4x26rt,1729697971.975748
196,r/dsmp,9598,Podcasts and Streamers,t5_3moebr,1729697971.995711
197,r/hela_gewuerzketchup,9596,Food and Drink,t5_2x6foo,1729697972.015886
198,r/bharat,9595,Place,t5_2qyh9,1729697972.0357509
199,r/unc0ver,9595,Technology,t5_puj5k,1729697972.0559812
200,r/Sockknitting,9594,Hobbies,t5_2gwpq6,1729697972.076052
201,r/pokemonviolet,9593,Gaming,t5_2x09z,1729697972.0960672
202,r/Sarawak,9593,Place,t5_2vp9x,1729697972.115967
203,r/AndroidStudio,9592,Programming,t5_2x99z,1729697972.1363661
204,r/DBZmemes,9592,Internet Culture and Memes,t5_2wvxs,1729697972.15589
205,r/Enneagram5,9592,Ethics and Philosophy,t5_346ek,1729697972.175487
206,r/MonarchyHistory,9589,History,t5_4pgpln,1729697972.195222
207,r/GameSociety,9588,Gaming,t5_2sysj,1729697972.2139862
208,r/LeavingAcademia,9588,Careers,t5_319dl,1729697972.232694
209,r/chulavista,9587,Place,t5_2r1us,1729697972.2514791
210,r/RecomandariCarti_RO,9587,"Reading, Writing, and Literature",t5_86wki7,1729697972.269952
211,r/CelebrityCollages,9586,Mature Themes and Adult Content,t5_3w843i,1729697972.2890959
212,r/MarvelsAvengersGaming,9586,Gaming,t5_2rkc6x,1729697972.3074062
213,r/pandabuy_jerseys,9586,Fashion,t5_93f5ii,1729697972.3291478
214,r/EndangeredSpecies,9585,Animals and Pets,t5_2yx4d,1729697972.3538702
215,r/managementconsulting,9583,Careers,t5_397ah,1729697972.375108
216,r/Panetty,9583,Podcasts and Streamers,t5_2m4kml,1729697972.394298
217,r/SunlessKhan,9583,Gaming,t5_wfd50,1729697972.413384
218,r/fairphone,9582,Technology,t5_2ynqk,1729697972.434159
219,r/Horology,9582,Fashion,t5_2rhs6,1729697972.454159
220,r/ZeroPunctuation,9581,Podcasts and Streamers,t5_2qic2,1729697972.473651
221,r/mathteachers,9580,Careers,t5_2s9ou,1729697972.493248
222,r/mythsandlegends,9579,"Culture, Race, and Ethnicity",t5_2szz6,1729697972.5129101
223,r/NicksHandmadeBoots,9577,Fashion,t5_4hggr3,1729697972.53272
224,r/clearlake,9576,Place,t5_2safd,1729697972.552285
225,r/Horizen,9576,Technology,t5_38p8p,1729697972.572022
226,r/PsychonautsGame,9574,Gaming,t5_2ua4a,1729697972.5918221
227,r/Kossacks_for_Sanders,9573,Politics,t5_3czby,1729697972.611596
228,r/cernercorporation,9572,Careers,t5_58geh1,1729697972.631367
229,r/Planetchan,9569,Art,t5_9exzv,1729697972.651155
230,r/aloyoga,9568,Fashion,t5_3q7ac4,1729697972.6707451
231,r/faithjefferies,9567,Mature Themes and Adult Content,t5_5bxyd0,1729697972.69041
232,r/OkBuddyPilot,9567,Gaming,t5_2i1vih,1729697972.7101178
233,r/purrrfect,9567,Animals and Pets,t5_7yhdh4,1729697972.729825
234,r/BrookiesCookies,9565,Celebrity,t5_akj3cq,1729697972.749281
235,r/AsianGuysSFW,9564,Mature Themes and Adult Content,t5_2xx33m,1729697972.768808
236,r/chilliwack,9564,Place,t5_2tglv,1729697972.78838
237,r/ProvoUtah,9564,Place,t5_2wjg3,1729697972.807503
238,r/ElizabethDebicki,9562,Celebrity,t5_38zy9,1729697972.826709
239,r/Hoobuy,9562,Marketplace and Deals,t5_awr735,1729697972.846964
240,r/MangaArt,9562,Art,t5_jkt6w,1729697972.865134
241,r/infinitode,9561,Gaming,t5_3icwf,1729697972.88349
242,r/Lexi_and_HaydenSnark,9560,Podcasts and Streamers,t5_6uzur4,1729697972.9024792
243,r/topeleven,9560,Gaming,t5_2x3pu,1729697972.9213052
244,r/AggressiveInline,9559,Sports,t5_2tg2x,1729697972.9398131
245,r/Airsoft3DPrinting,9559,Crafts and DIY,t5_5dhsly,1729697972.95923
246,r/fedmyster,9558,Podcasts and Streamers,t5_4fpzr,1729697972.977068
247,r/TheGita,9558,Religion and Spirituality,t5_pnirq,1729697972.994462
248,r/fictionalfloorplans,9557,This subreddit is for fictional floorplans of any type.,t5_3eayw,1729697973.01305
249,r/LinearAlgebra,9557,Science,t5_2sfpa,1729697973.0353432
