,subreddit,subscribers,topic,subreddit_id,time
0,r/Tiele,9556,"Culture, Race, and Ethnicity",t5_3gm3le,1729697989.448881
1,r/chonglangTV_irl,9555,Politics,t5_50l88s,1729697989.470973
2,r/BrunaMarquezineFans,9554,Celebrity,t5_4g2zuq,1729697989.490088
3,r/nbabetting,9553,Sports,t5_3jfum,1729697989.508996
4,r/OSUOnlineCS,9553,Learning and Education,t5_34oss,1729697989.527764
5,r/Wildflowers,9553,Outdoors and Nature,t5_320dk,1729697989.555871
6,r/telaviv,9552,Place,t5_2qohh,1729697989.574383
7,r/findthatsong,9551,Music,t5_2uwho,1729697989.59319
8,r/snowboard,9550,Sports,t5_2rfrz,1729697989.613002
9,r/solorpgplay,9550,Tabletop Games,t5_q9qiu,1729697989.63216
10,r/StellarCannabis,9550,Mature Themes and Adult Content,t5_6134kq,1729697989.773258
11,r/tarasdelusionalworld,9549,Celebrity,t5_6ytxpn,1729697989.7926242
12,r/TikTokshop,9549,"Business, Economics, and Finance",t5_5bv2gw,1729697989.819221
13,r/Minecolonies,9547,Gaming,t5_uhhxm,1729697989.838538
14,r/thepaknarrative,9547,Activism,t5_3dtsvy,1729697989.857688
15,r/Basenji,9545,Animals and Pets,t5_2t0n2,1729697989.875953
16,r/LearnConceptArt,9542,Art,t5_2vurd,1729697989.8945699
17,r/BuffaloCannabis,9541,Mature Themes and Adult Content,t5_4aob3z,1729697989.913198
18,r/itsaratsnake,9540,Animals and Pets,t5_6r1qao,1729697989.932062
19,r/Nonprofit_Jobs,9539,Careers,t5_2tn2c,1729697989.950492
20,r/YOUDIED,9538,Funny/Humor,t5_31lxw,1729697989.968718
21,r/adamtots,9537,"Reading, Writing, and Literature",t5_6mq3pg,1729697989.9869282
22,r/ChuckNorrisJokes,9537,Funny/Humor,t5_2uf43,1729697990.005973
23,r/horrormoviechallenge,9537,Movies,t5_2s4r5,1729697990.024868
24,r/OculusReferral,9535,Gaming,t5_534glp,1729697990.043905
25,r/SPD,9535,Medical and Mental Health,t5_2ug5f,1729697990.063047
26,r/WendyWilliams,9535,Television,t5_2zeye,1729697990.0816178
27,r/HRV,9533,Cars and Motor Vehicles,t5_39fco,1729697990.100188
28,r/Names,9533,Meta/Reddit,t5_2r07v,1729697990.118904
29,r/ACC,9532,Sports,t5_2sxf8,1729697990.137652
30,r/AncientEgyptian,9532,Learning and Education,t5_2alrt9,1729697990.156555
31,r/peachmilky,9532,Podcasts and Streamers,t5_21pnuc,1729697990.175523
32,r/usmlestudymaterials,9531,Learning and Education,t5_va4ai,1729697990.194276
33,r/1kto1mil,9530,"Business, Economics, and Finance",t5_3ni0x2,1729697990.2130098
34,r/Elastos,9530,Technology,t5_3olsa,1729697990.231624
35,r/urbexnewengland,9530,Travel,t5_sxy59,1729697990.250486
36,r/mariapedraza_,9529,Subreddit dedicated for spanish actress María Pedraza.,t5_480nrw,1729697990.2693272
37,r/wooooosh,9529,Internet Culture and Memes,t5_3ltda,1729697990.289067
38,r/Wrestling_Figures,9529,Hobbies,t5_o5yef,1729697990.30832
39,r/CreatureDesign,9528,Art,t5_2xzi4,1729697990.327015
40,r/NYSCannabis,9528,Mature Themes and Adult Content,t5_6vyz1q,1729697990.345998
41,r/crowfall,9527,Gaming,t5_35qsx,1729697990.364764
42,r/Lisa_Mains,9527,Gaming,t5_3qnomw,1729697990.3835049
43,r/ZEROsievert,9527,Gaming,t5_5csz07,1729697990.402308
44,r/Dieselpunks,9525,"Reading, Writing, and Literature",t5_2sqdy,1729697990.421331
45,r/MobileSuitGundam,9525,Anime,t5_le8rb,1729697990.440008
46,r/chessvariants,9524,Tabletop Games,t5_2u91f,1729697990.4587252
47,r/functionalmemes,9523,"Memes that aren't funny, but are used correctly, and serve a purpose.",t5_4bp4n,1729697990.477613
48,r/CapitalOne_,9521,"Business, Economics, and Finance",t5_5h2qup,1729697990.496248
49,r/FrenchHouse,9520,Music,t5_2t9wa,1729697990.515579
50,r/ILoveLucy,9519,Television,t5_2v2q6,1729697990.534115
51,r/WrestleWithTheJoshis2,9519,Mature Themes and Adult Content,t5_6lykbs,1729697990.552902
52,r/9x9,9518,Gaming,t5_pen6t,1729697990.571601
53,r/Dentists,9516,Careers,t5_2sx33,1729697990.590223
54,r/SonicTheHedgejerk,9516,Gaming,t5_2urkb2,1729697990.608871
55,r/TripperGoods,9516,歡迎來到TripperGoods，本站僅供合法、非管制物質、商品、器材之交流或交易，請勿張貼任何非法或管制物質的相關資訊。,t5_3n4ny,1729697990.6291132
56,r/InsurgencySandstorm,9515,Gaming,t5_51ebjz,1729697990.664209
57,r/thehauntedmansion,9515,Place,t5_32xn1,1729697990.6827729
58,r/DearEvanHansen,9514,Movies,t5_3itqh,1729697990.701515
59,r/LK99,9514,Science,t5_8yqthz,1729697990.720469
60,r/playrustgroups,9514,Gaming,t5_30x89,1729697990.739338
61,r/atheistparents,9511,Family and Relationships,t5_2tfua,1729697990.758421
62,r/ISSK_Manga,9511,Anime,t5_89eras,1729697990.777312
63,r/InternalAudit,9510,"Business, Economics, and Finance",t5_3axid,1729697990.796501
64,r/3kliksphilip,9509,Podcasts and Streamers,t5_330yq,1729697990.8156328
65,r/crochetrequests,9509,Crafts and DIY,t5_2tjxv,1729697990.8345852
66,r/Lotion_Not_Includedd,9509,Mature Themes and Adult Content,t5_b9mwwj,1729697990.853698
67,r/RocketLeagueMods,9509,Gaming,t5_3f8o8,1729697990.8732421
68,r/CelebOasis,9508,Celebrity,t5_6jfez5,1729697990.892713
69,r/communicationskills,9508,Family and Relationships,t5_346vk,1729697990.9119732
70,r/MagicMirror,9508,Technology,t5_38kc8,1729697990.930462
71,r/programmingtools,9508,Programming,t5_36im4,1729697990.948809
72,r/WeirdFriends,9508,Crafts and DIY,t5_3ee60,1729697990.967416
73,r/Kurrent,9507,"Reading, Writing, and Literature",t5_3i1pz,1729697990.985767
74,r/bladesInStock,9506,Mature Themes and Adult Content,t5_3q5big,1729697991.0041049
75,r/MerchByAmazon,9506,"Business, Economics, and Finance",t5_3aznu,1729697991.022348
76,r/Schurniverse,9506,Television,t5_uxk6q,1729697991.04059
77,r/panerai,9505,Fashion,t5_2sp5w,1729697991.0606852
78,r/WhoMadeMeAPrincess,9504,Anime,t5_viabn,1729697991.0789351
79,r/WhereIsThisPlace,9502,Place,t5_55x2kt,1729697991.09729
80,r/MotoX,9501,Technology,t5_2xebt,1729697991.1158001
81,r/sporetrading,9501,Marketplace and Deals,t5_30457m,1729697991.134136
82,r/draftkingsbets,9500,Mature Themes and Adult Content,t5_34cnlp,1729697991.152089
83,r/Calamitymod_,9499,Gaming,t5_6hso0p,1729697991.170798
84,r/MBTIDating,9499,Family and Relationships,t5_37dc5,1729697991.189208
85,r/lolphp,9498,Programming,t5_2rt7j,1729697991.207985
86,r/MarbleMachineX,9498,Music,t5_fsshl,1729697991.226325
87,r/Bullmastiff,9497,Animals and Pets,t5_2tau5,1729697991.2449229
88,r/DirectvStream,9497,Television,t5_4q457b,1729697991.263956
89,r/SexyGirlsInDresses,9497,"Sexy girls in all kinds of dresses, short, long, tight, sexy, comfy. Pics, GIFS and videos. No self promotion. This is a SFW sub.",t5_6pv2dj,1729697991.282773
90,r/StockholmSocialClub,9497,Place,t5_2twc8c,1729697991.301673
91,r/chihayafuru,9496,Anime,t5_2zo72,1729697991.3203142
92,r/lightpainting,9496,Art,t5_2ra6m,1729697991.339128
93,r/memenade,9495,Podcasts and Streamers,t5_111c9m,1729697991.357717
94,r/remotesensing,9495,Science,t5_2rhsu,1729697991.376601
95,r/schizophrenicpissdawn,9495,Internet Culture and Memes,t5_6y982j,1729697991.395398
96,r/UltimateTraders,9495,"Business, Economics, and Finance",t5_40jvjw,1729697991.414303
97,r/Gokushufudou,9494,Anime,t5_liqdk,1729697991.4332318
98,r/jollyposting,9494,Internet Culture and Memes,t5_a4ixuu,1729697991.452232
99,r/clep,9493,Learning and Education,t5_2skbk,1729697991.471145
100,r/summervillesc,9493,Place,t5_2ww88,1729697991.4898078
101,r/AnarchyAnarchyChess,9491,Tabletop Games,t5_2di89h,1729697991.509491
102,r/Calfreezy,9491,Podcasts and Streamers,t5_zgae5,1729697991.52793
103,r/peercoin,9491,Crypto,t5_2x4c8,1729697991.546779
104,r/Sriracha,9491,Food and Drink,t5_2rdw0,1729697991.565482
105,r/Palantir_Investors,9490,"Business, Economics, and Finance",t5_3eu72p,1729697991.58378
106,r/EnModeAdulte,9489,Meta/Reddit,t5_akhjs2,1729697991.602047
107,r/ukulelelessons,9489,Music,t5_2xm68,1729697991.620478
108,r/SouthernReach,9488,"Reading, Writing, and Literature",t5_32aku,1729697991.639015
109,r/CameraShutterSync,9486,Internet Culture and Memes,t5_3mfxv,1729697991.657842
110,r/Epithet_Erased,9486,Television,t5_242x3g,1729697991.676655
111,r/Lotuseaters_com,9486,Podcasts and Streamers,t5_3hobwo,1729697991.695067
112,r/pnsd,9485,Medical and Mental Health,t5_4n21zm,1729697991.7135968
113,r/Republican_misdeeds,9485,Politics,t5_4gls01,1729697991.732815
114,r/VTT,9485,Tabletop Games,t5_38kr6,1729697991.751623
115,r/Balkans,9484,Place,t5_2rahj,1729697991.770507
116,r/Nordmenn,9484,Place,t5_3jx0b,1729697991.7889578
117,r/FightingLion,9483,Gaming,t5_274b0v,1729697991.807657
118,r/onlyflans,9483,Food and Drink,t5_2nr23e,1729697991.826494
119,r/TrumpIsWeird,9483,Politics,t5_c29x4f,1729697991.844884
120,r/MVPerry,9481,Podcasts and Streamers,t5_4bqxt,1729697991.8634439
121,r/PhotoModePhantoms,9481,Gaming,t5_6dcitq,1729697991.882109
122,r/PVCs,9481,Medical and Mental Health,t5_3nuhq,1729697991.9010549
123,r/zapier,9481,Technology,t5_31z7c,1729697991.9195259
124,r/duggarsnark,9480,Television,t5_28ux4a,1729697991.938366
125,r/civitai,9479,Technology,t5_7qblm7,1729697991.9574158
126,r/JackReacher,9479,"Reading, Writing, and Literature",t5_2ue2y,1729697991.977649
127,r/Trebuchet,9479,Hobbies,t5_2zooj,1729697991.996348
128,r/synthetix_io,9478,Crypto,t5_s2oo3,1729697992.0149062
129,r/LocalGuides,9477,Technology,t5_3askl,1729697992.033678
130,r/asianfood,9474,Food and Drink,t5_2tkwk,1729697992.051939
131,r/AMillionLittleThings,9473,Television,t5_id0he,1729697992.070729
132,r/aurora,9473,Gaming,t5_2rw9f,1729697992.089708
133,r/begleri,9473,Hobbies,t5_38h2z,1729697992.108332
134,r/DecisionsWereMade,9473,Internet Culture and Memes,t5_2ymew,1729697992.126934
135,r/Outsiderart,9472,Art,t5_2yyn5,1729697992.145469
136,r/Swyftx,9472,Crypto,t5_ws2n5,1729697992.164292
137,r/ironflame,9471,"Reading, Writing, and Literature",t5_9phu1n,1729697992.183188
138,r/christenwhitmans,9469,Celebrity,t5_6j3xpt,1729697992.202019
139,r/B12_Deficiency,9468,Medical and Mental Health,t5_22xc6v,1729697992.22047
140,r/cruze,9468,Cars and Motor Vehicles,t5_2wg7n,1729697992.2391071
141,r/learnitalian,9468,Learning and Education,t5_2tjay,1729697992.258132
142,r/MileHigherPodcast,9468,Podcasts and Streamers,t5_13vi2n,1729697992.276565
143,r/garage,9467,Music,t5_2s5cl,1729697992.295352
144,r/DanielRicciardo,9466,Sports,t5_32ucq,1729697992.3143208
145,r/demiromantic,9466,Sexual Orientation,t5_zkbji,1729697992.332861
146,r/Poldersocialisme,9466,Politics,t5_jsyzh,1729697992.351532
147,r/WebDeveloperJobs,9466,Careers,t5_loaz3,1729697992.3704362
148,r/gmeamcstonks,9465,"Business, Economics, and Finance",t5_43klu5,1729697992.3889651
149,r/makingmoney,9465,"Business, Economics, and Finance",t5_2r1xj,1729697992.4080372
150,r/RedRiverGorge,9464,Place,t5_2upng,1729697992.42659
151,r/48lawsofpower,9463,"Reading, Writing, and Literature",t5_2yrkp,1729697992.445496
152,r/headsdownbaseball,9463,Sports,t5_3fs8r,1729697992.4653351
153,r/MarinKitagawa,9463,Mature Themes and Adult Content,t5_4eu21n,1729697992.4837298
154,r/eLearnSecurity,9460,Learning and Education,t5_10j7ge,1729697992.502476
155,r/StayAtHomeDaddit,9459,Family and Relationships,t5_37q4l,1729697992.521285
156,r/DCU_,9458,Movies,t5_8kh3go,1729697992.540046
157,r/Esotericism,9458,Religion and Spirituality,t5_2vwi2,1729697992.558531
158,r/hotgirlsindenim,9458,hot girls wearing jeans! 18+ community,t5_bdx07d,1729697992.577259
159,r/Iron,9458,Sports,t5_2scwx,1729697992.5960479
160,r/circus,9456,Hobbies,t5_2qnow,1729697992.617446
161,r/Blackpeople,9455,"Culture, Race, and Ethnicity",t5_2r81q,1729697992.63731
162,r/CampOhio,9455,Outdoors and Nature,t5_21vcgk,1729697992.657797
163,r/editlines,9455,Technology,t5_2ws2y,1729697992.676254
164,r/randolphin,9455,Podcasts and Streamers,t5_yiyqf,1729697992.6949382
165,r/Toribrix,9455,Celebrity,t5_35qhv0,1729697992.7136059
166,r/SDAM,9452,Medical and Mental Health,t5_3pujx,1729697992.732474
167,r/PPeperomioides,9451,Home and Garden,t5_3itpg,1729697992.751557
168,r/sustainableFinance,9449,"Business, Economics, and Finance",t5_241u03,1729697992.770414
169,r/femtanyl,9448,Music,t5_a9ulgk,1729697992.789021
170,r/MasterPalace,9446,Internet Culture and Memes,t5_4x9nha,1729697992.8078332
171,r/TfwYouLiveInMexico,9446,Internet Culture and Memes,t5_2tocwj,1729697992.8262799
172,r/AgeOfEmpires2,9445,Gaming,t5_2wneu,1729697992.845115
173,r/Explosion_Gfys,9445,Cool gfys of your favourite explosions.,t5_33wpi,1729697992.86364
174,r/thingsmadeofchocolate,9445,Food and Drink,t5_24k12b,1729697992.882287
175,r/Allen,9444,Place,t5_2qtfe,1729697992.900835
176,r/medejongeren,9444,Funny/Humor,t5_3bt8k,1729697992.919656
177,r/peine,9444,Subreddit für alles was in und rund um Peine passiert. Bitte kein NSFW posten.,t5_2xx2w,1729697992.939459
178,r/ReBoot,9444,Television,t5_2ro1h,1729697992.9582028
179,r/evedreddit,9443,Gaming,t5_2rhwu,1729697992.9769778
180,r/ProgrammingPals,9443,Learning and Education,t5_xlumf,1729697992.995606
181,r/ragdollphysics,9441,Mature Themes and Adult Content,t5_4blvr,1729697993.014357
182,r/TheLiverDoc,9441,Celebrity,t5_9xa57e,1729697993.032993
183,r/Suislide,9440,Internet Culture and Memes,t5_z8vb1,1729697993.0517912
184,r/berlinpics,9438,Art,t5_3luhd,1729697993.070663
185,r/theidol,9438,Television,t5_55xmxi,1729697993.088958
186,r/prepo_io,9437,The decentralized pre-IPO & pre-token trading platform. | https://prepo.io/,t5_4rzcyc,1729697993.107452
187,r/Shardus,9437,Official community for Shardus distributed ledger technology. www.shardus.com,t5_mzeud,1729697993.126274
188,r/coventry,9436,Place,t5_2qhtp,1729697993.14509
189,r/TrueYou,9436,Mature Themes and Adult Content,t5_49gz0g,1729697993.1638558
190,r/ImaginaryAnime,9435,Anime,t5_31hkq,1729697993.182413
191,r/laos,9435,Place,t5_2ro7e,1729697993.201101
192,r/smp,9435,Gaming,t5_2s703,1729697993.220032
193,r/ToxicMoldExposure,9435,Medical and Mental Health,t5_3320b,1729697993.238799
194,r/Sheepadoodles,9434,Animals and Pets,t5_31ofl,1729697993.257417
195,r/planetaryannihilation,9433,Gaming,t5_2uqs0,1729697993.276344
196,r/RoyalAirForce,9433,Military,t5_2w56y,1729697993.295192
197,r/YOASOBI,9431,Music,t5_2nvskq,1729697993.3141
198,r/adjusters,9430,Careers,t5_2zibb,1729697993.3326778
199,r/CelebsWearingBikinis,9430,Mature Themes and Adult Content,t5_3i9wm,1729697993.351121
200,r/freemusic,9430,Music,t5_2qinw,1729697993.370104
201,r/BikeCammers,9429,Hobbies,t5_3emm5,1729697993.388903
202,r/brovisitedhisfriend,9426,Internet Culture and Memes,t5_bfa18z,1729697993.408798
203,r/Katy,9426,Place,t5_2qm3k,1729697993.427559
204,r/stickerbomb,9426,Art,t5_3bvpi,1729697993.4462569
205,r/sixthemusical,9425,Music,t5_1482h0,1729697993.464923
206,r/CanineCosplay,9424,Welcome to CanineCosplay,t5_37j3j,1729697993.48388
207,r/System32Comics,9424,Internet Culture and Memes,t5_q9kwc,1729697993.502902
208,r/UKHighPotentialVisa,9424,Travel,t5_6k65sl,1729697993.521589
209,r/SheSmellsShoes,9423,"A place for fetishists to share pictures and videos of women smelling their sneakers, heels, flats, etc. not a place for selling. 18+ only. Don't be rude. Self promotion is okay (posting OC to create visibility) but overt advertising or direct selling is not. twitter.com/SheSmellsShoes , tweet using #SheSmellsShoes, also on FetLife under the same name. Similar content can be found at r/SheSmellsSocks and r/SheSmellsSoles. Keep the posts on topic and the comments positive!",t5_2lfseb,1729697993.5403159
210,r/hegetsus,9422,Religion and Spirituality,t5_7p6e4v,1729697993.558934
211,r/SpacePortCoin,9421,Welcome to SpacePortCoin,t5_4rvk5i,1729697993.577455
212,r/AstonishingLegends,9420,Podcasts and Streamers,t5_3ecjp,1729697993.595768
213,r/GalaxyS24,9420,Technology,t5_3jray,1729697993.6145039
214,r/ballroom,9419,Art,t5_2r31v,1729697993.6328902
215,r/BellyPunchChamber,9419,Mature Themes and Adult Content,t5_6fkfo4,1729697993.651659
216,r/DarkTable,9419,Technology,t5_2zx69,1729697993.670348
217,r/practicingstoicism,9419,Ethics and Philosophy,t5_yqhh3,1729697993.68891
218,r/4thGen4Runner,9417,Cars and Motor Vehicles,t5_2cyz3r,1729697993.707703
219,r/SaturatedFat,9417,Fitness and Nutrition,t5_29sd06,1729697993.726474
220,r/FemmeFitness,9416,Fitness and Nutrition,t5_3mo1n,1729697993.745095
221,r/Vanderbilt,9415,Learning and Education,t5_2s4s4,1729697993.763989
222,r/3DPrintingDeal,9414,Marketplace and Deals,t5_3mc9sl,1729697993.782869
223,r/LivingBackgrounds,9414,Art,t5_2ytyi,1729697993.801724
224,r/DesantisJetTracker,9412,Activism,t5_89l3h1,1729697993.8206642
225,r/indonesian,9412,Learning and Education,t5_2rzr4,1729697993.839471
226,r/Doineedthis,9409,"Business, Economics, and Finance",t5_4h46vv,1729697993.857995
227,r/KiriBaku,9409,Anime,t5_zglp9,1729697993.878251
228,r/DeepikaPadukoneSexy,9407,Celebrity,t5_3scf87,1729697993.896826
229,r/royaloak,9407,Place,t5_2qm1s,1729697993.915649
230,r/Slitherio,9407,Gaming,t5_3ddl4,1729697993.9347048
231,r/MantaComics,9405,Anime,t5_4w48gy,1729697993.953268
232,r/NFTGames,9405,Crypto,t5_42ga7u,1729697993.971776
233,r/RaidenMei,9404,Art,t5_3ment3,1729697993.991688
234,r/AcerOfficial,9403,Technology,t5_3dxy9,1729697994.010347
235,r/downtempo,9403,Music,t5_2r4yo,1729697994.028928
236,r/MargotRobbiesLegs,9402,Mature Themes and Adult Content,t5_52smm7,1729697994.0474792
237,r/SportsCardTracker,9400,Marketplace and Deals,t5_24sdpw,1729697994.06604
238,r/gonzo,9399,"Reading, Writing, and Literature",t5_2sd73,1729697994.084637
239,r/siatrader,9399,Crypto,t5_3l1sh,1729697994.1030269
240,r/SSUPD,9399,Technology,t5_3ebuyh,1729697994.121353
241,r/Cakeeater,9398,Mature Themes and Adult Content,t5_4t02az,1729697994.139445
242,r/AmmoInStock,9397,Mature Themes and Adult Content,t5_2yz2yl,1729697994.157871
243,r/earth2io,9397,Technology,t5_3dlr2y,1729697994.17631
244,r/EmpiresSMP,9397,Gaming,t5_4lctav,1729697994.195167
245,r/BellezasDeQuito,9395,Mature Themes and Adult Content,t5_4sp5d1,1729697994.213714
246,r/DabblersAnonymous,9395,Podcasts and Streamers,t5_47xwju,1729697994.232476
247,r/scrabble,9395,Tabletop Games,t5_2re4z,1729697994.251463
248,r/Lovely_Finance_,9394,Crypto,t5_brqu95,1729697994.2698398
249,r/portalknights,9394,Gaming,t5_3cb1r,1729697994.2880828
