,subreddit,subscribers,topic,subreddit_id,time
0,r/audhd,8860,Medical and Mental Health,t5_5wkqhd,1729698063.578699
1,r/ChicagoList,8860,Marketplace and Deals,t5_3naw9,1729698063.598575
2,r/MadOver30,8860,Medical and Mental Health,t5_ovyqm,1729698063.616857
3,r/unschool,8860,Learning and Education,t5_2rnbs,1729698063.6360629
4,r/FortSaskatchewan,8858,Place,t5_2sqqw,1729698063.656096
5,r/kiwisavengers,8858,Activism,t5_628spn,1729698063.687892
6,r/neurallace,8858,Science,t5_3g520,1729698063.7072692
7,r/PBE,8858,Gaming,t5_2whfu,1729698063.726539
8,r/apecoins,8857,Crypto,t5_60rzt8,1729698063.745791
9,r/hanszimmer,8857,Music,t5_2s8cd,1729698063.765343
10,r/ImaginaryArtifacts,8856,Art,t5_2yjd0,1729698063.856719
11,r/toolbox,8856,Meta/Reddit,t5_2rko7,1729698063.875644
12,r/DabooqClub,8854,Place,t5_7r91v4,1729698063.922973
13,r/KylieMinogue,8854,Celebrity,t5_2u1s4,1729698063.942234
14,r/LeafBlowerRevolution,8854,Gaming,t5_3jpe0r,1729698063.962204
15,r/SchumyVKofficial,8854,Podcasts and Streamers,t5_3ziupg,1729698063.9805388
16,r/WAX_io,8854,Marketplace and Deals,t5_5ir70,1729698063.998594
17,r/hci,8853,Technology,t5_2qo19,1729698064.016531
18,r/AvatarLegendsTTRPG,8852,Tabletop Games,t5_4qwlfi,1729698064.034168
19,r/BikiniDreams,8852,Mature Themes and Adult Content,t5_in6b8,1729698064.0517828
20,r/Clairvoyantreadings,8852,Religion and Spirituality,t5_3esrs,1729698064.0692658
21,r/PS5_Jailbreak,8852,Gaming,t5_5eqprg,1729698064.0865998
22,r/folkhorror,8851,Internet Culture and Memes,t5_3exhq,1729698064.1037178
23,r/printandplay,8851,Tabletop Games,t5_30tq6,1729698064.1212401
24,r/PopsicleMains,8850,Gaming,t5_3bhjw6,1729698064.138361
25,r/BeautyCommunity,8849,Beauty and Makeup,t5_3bvlfq,1729698064.155573
26,r/UoPeople,8848,Learning and Education,t5_2rb8y,1729698064.176074
27,r/nscalemodeltrains,8847,Hobbies,t5_2tbs4,1729698064.196964
28,r/Oceanside,8846,Place,t5_2vosd,1729698064.2147698
29,r/Suunto,8846,Technology,t5_32zge,1729698064.233889
30,r/OnlineMoneyMaking,8845,"Business, Economics, and Finance",t5_2spn2,1729698064.252214
31,r/socialnudity,8845,Mature Themes and Adult Content,t5_6xhdn3,1729698064.271062
32,r/SoulsHabbyMobile,8845,Gaming,t5_981nfh,1729698064.2900538
33,r/upliftingtrends,8845,Science,t5_2wzzn,1729698064.308882
34,r/Resell,8844,Marketplace and Deals,t5_2rcip,1729698064.327625
35,r/systemshock,8844,Gaming,t5_2ueb5,1729698064.345957
36,r/swgtecosystem,8843,Crypto,t5_9i8hjs,1729698064.3644679
37,r/IndianDivas,8841,Mature Themes and Adult Content,t5_b8yyny,1729698064.382858
38,r/kinematografija,8841,Movies,t5_b2e3j6,1729698064.40139
39,r/Yullalol,8839,Celebrity,t5_31vt20,1729698064.419798
40,r/seedsaving,8837,Home and Garden,t5_2sws2,1729698064.4381819
41,r/olderlesbians,8836,Sexual Orientation,t5_2vtpm,1729698064.456494
42,r/MovingtoHawaii,8835,Travel,t5_5wcz32,1729698064.474813
43,r/thechurchofspeedwagon,8835,"A subreddit that workships our god and waifu,Speedwagon The creator of the background is u/w3are138",t5_22e7ad,1729698064.4931588
44,r/vrd,8835,Technology,t5_2uohm,1729698064.51156
45,r/CoronaVirusLA,8834,Medical and Mental Health,t5_2guidt,1729698064.530155
46,r/MyHeritage,8834,Family and Relationships,t5_kl0l6,1729698064.549037
47,r/cigar_refuge,8833,Mature Themes and Adult Content,t5_854b2c,1729698064.5679429
48,r/linkbuilding,8833,Technology,t5_2safp,1729698064.586561
49,r/TopRightMessi,8832,Sports,t5_ytpza,1729698064.606643
50,r/ada,8831,Programming,t5_2qi8f,1729698064.626403
51,r/OPPW4,8831,Gaming,t5_23mbv0,1729698064.647048
52,r/wohnkultur,8831,Home and Garden,t5_66ec8q,1729698064.6681669
53,r/Manhunt,8830,Gaming,t5_2vcfz,1729698064.687445
54,r/Ticketmaster,8830,"Business, Economics, and Finance",t5_2s02g,1729698064.706961
55,r/ConnectWise,8829,Technology,t5_2zw1b,1729698064.726175
56,r/DisneySpeedstormGame,8827,Gaming,t5_5u0yr7,1729698064.744606
57,r/iskissingerdeadyet,8827,Funny/Humor,t5_6yp63p,1729698064.763081
58,r/ActuallyCumHaters,8826,Mature Themes and Adult Content,t5_c27amu,1729698064.781871
59,r/JuicyNewsNetwork,8826,Gaming,t5_3p7xwg,1729698064.801037
60,r/repurpose,8826,Crafts and DIY,t5_2rz4c,1729698064.8200252
61,r/ThePersianbaddie,8826,Mature Themes and Adult Content,t5_33jfpa,1729698064.8391738
62,r/Fiestaware,8825,Hobbies,t5_4bipi,1729698064.858259
63,r/oldindia,8825,History,t5_2v708,1729698064.87725
64,r/cloudstorage,8824,Technology,t5_2sxgg,1729698064.8958871
65,r/PennyCatalysts,8823,"Business, Economics, and Finance",t5_2rymbs,1729698064.914583
66,r/calireggae,8822,Music,t5_2t2gk,1729698064.93328
67,r/Nautical,8822,Cars and Motor Vehicles,t5_2r87x,1729698064.951971
68,r/AnimalswithJobs,8820,Animals and Pets,t5_3om09,1729698064.970978
69,r/HomeKitAutomation,8820,Home and Garden,t5_4iwqqk,1729698064.989408
70,r/newsubreddits,8820,Meta/Reddit,t5_2qzi8,1729698065.0082188
71,r/BlackMentalHealth,8819,Medical and Mental Health,t5_2gca3l,1729698065.026759
72,r/sushiflavoredmilkkk,8819,Mature Themes and Adult Content,t5_6hgb3d,1729698065.0456052
73,r/commonplacebook,8818,"Reading, Writing, and Literature",t5_32xtw,1729698065.064394
74,r/TheChi,8818,Television,t5_4br0b,1729698065.082623
75,r/BritishHistoryPod,8815,Podcasts and Streamers,t5_soeip,1729698065.101067
76,r/NewsLadies,8815,Celebrity,t5_2neqbj,1729698065.120237
77,r/dartmouth,8814,Learning and Education,t5_2rc20,1729698065.138719
78,r/uphold,8814,Crypto,t5_3ebsr,1729698065.157662
79,r/TayConti,8812,Celebrity,t5_368pr3,1729698065.178463
80,r/GigglySquadPodcast,8811,Podcasts and Streamers,t5_6uepie,1729698065.197782
81,r/KaosNetflixSeries,8810,Television,t5_ca2ipf,1729698065.21729
82,r/MIR4global,8810,Gaming,t5_4xpwuy,1729698065.236665
83,r/okbuddyimperialist,8810,Politics,t5_3gcpzh,1729698065.255643
84,r/oldskoolrave,8810,Music,t5_2rujb,1729698065.275198
85,r/Battlegrounds,8809,A place to discuss historic Battles and Tactics.,t5_2wsmh,1729698065.294603
86,r/Futa_creampies,8809,Mature Themes and Adult Content,t5_5394bf,1729698065.31408
87,r/HoboNickels,8809,Hobbies,t5_2xos4,1729698065.333875
88,r/mountainview,8809,Place,t5_2s55r,1729698065.353559
89,r/rifles,8809,Mature Themes and Adult Content,t5_2tu19,1729698065.373299
90,r/sneakerhead,8809,Fashion,t5_2s3ym,1729698065.392813
91,r/agentcarter,8807,Movies,t5_2yjw2,1729698065.4124212
92,r/ProjectCARS_2,8807,Gaming,t5_3onwl,1729698065.432153
93,r/ReoMaori,8805,Learning and Education,t5_2z3wz,1729698065.451948
94,r/EVEX,8804,Meta/Reddit,t5_35smv,1729698065.4718862
95,r/IsleofMan,8804,Place,t5_2qyvt,1729698065.4916632
96,r/k9sports,8804,Animals and Pets,t5_3gb38,1729698065.511728
97,r/UMBC,8804,Learning and Education,t5_2rggg,1729698065.531384
98,r/FosterThePeople,8803,Music,t5_2tiyx,1729698065.55134
99,r/Eizouken,8802,Anime,t5_111ur8,1729698065.570793
100,r/ProductMgmt,8802,Careers,t5_25x3yu,1729698065.590166
101,r/sugardaddyonlyforum,8802,Mature Themes and Adult Content,t5_7cmfhl,1729698065.6107981
102,r/PotionPermit,8801,Gaming,t5_34xc5n,1729698065.630198
103,r/agora,8800,Ethics and Philosophy,t5_2qzzr,1729698065.6497102
104,r/LightRoast,8797,Funny/Humor,t5_qm7re,1729698065.670061
105,r/AFireInside,8796,Music,t5_2t9fk,1729698065.689306
106,r/olemiss,8796,Learning and Education,t5_2qrja,1729698065.708225
107,r/LOAM_LOVERS,8795,Trauma Support,t5_6g5h58,1729698065.728137
108,r/quantum_immortality,8794,Religion and Spirituality,t5_oiedu,1729698065.747
109,r/vintagecrochet,8794,Crafts and DIY,t5_40j8d4,1729698065.765942
110,r/lmms,8793,Music,t5_2sv3k,1729698065.785376
111,r/RYCEY,8793,"Business, Economics, and Finance",t5_3j438t,1729698065.805026
112,r/Saginaw,8792,Place,t5_2si23,1729698065.824328
113,r/GirlTalk,8791,Women's Health,t5_2s6lj,1729698065.8436968
114,r/gtamarketplace,8791,Marketplace and Deals,t5_2s6qm,1729698065.863595
115,r/AdobeAudition,8789,Technology,t5_2uckk,1729698065.8826041
116,r/anticapitalism,8789,Ethics and Philosophy,t5_2qw45,1729698065.901334
117,r/cine,8789,Movies,t5_2txdh,1729698065.920157
118,r/FreeTheUyghurs,8789,Activism,t5_yk58t,1729698065.938945
119,r/helpdesk,8789,Technology,t5_2qhbt,1729698065.9576168
120,r/metasploit,8789,Programming,t5_2qt1o,1729698065.9765189
121,r/websecurityresearch,8788,Technology,t5_1271ho,1729698065.995481
122,r/Redearedsliders,8787,Animals and Pets,t5_2x8e4,1729698066.0582469
123,r/PlayStationSolutions,8786,Gaming,t5_2zn3f,1729698066.159456
124,r/watchcareersend,8785,Witness the end of a career on camera.,t5_27wmpr,1729698066.185228
125,r/offthegame,8784,Gaming,t5_2x2ru,1729698066.207396
126,r/stellahudgens,8784,Celebrity,t5_2t96l,1729698066.229347
127,r/NapoleonicWarMemes,8782,Internet Culture and Memes,t5_2c0cq4,1729698066.2507331
128,r/recoil_tiktok,8782,Mature Themes and Adult Content,t5_8lgxzu,1729698066.281291
129,r/LGV60,8781,Technology,t5_3k8y7,1729698066.300867
130,r/carsoncity,8780,Place,t5_2uaur,1729698066.320205
131,r/Yashahime,8779,Anime,t5_2n86xk,1729698066.339984
132,r/hallsoftorment,8778,Gaming,t5_82179u,1729698066.3589308
133,r/LangBelta,8777,Television,t5_3ihge,1729698066.4280581
134,r/StarfieldBuilders,8776,Gaming,t5_7uim74,1729698066.447428
135,r/Tekken8,8776,Gaming,t5_2c22wm,1729698066.474168
136,r/kanpur,8775,Place,t5_2x72d,1729698066.493979
137,r/weirdanimals,8774,Science,t5_2xvmj,1729698066.51348
138,r/doctorswithoutborders,8772,Medical and Mental Health,t5_2vkui,1729698066.53284
139,r/kinobody,8771,Fitness and Nutrition,t5_39xij,1729698066.552416
140,r/azores,8770,Place,t5_2solj,1729698066.571605
141,r/ICPTrader,8770,Crypto,t5_2zeuzg,1729698066.5907269
142,r/pipefitter,8767,Careers,t5_3iebh,1729698066.610108
143,r/pastafarianism,8766,Religion and Spirituality,t5_2su38,1729698066.628705
144,r/Civvie11,8765,Podcasts and Streamers,t5_q3529,1729698066.64751
145,r/CounterSideGlobal,8765,Gaming,t5_603lhz,1729698066.666223
146,r/LibHumor,8765,Politics,t5_4tjb34,1729698066.687217
147,r/Schizotypal,8765,Medical and Mental Health,t5_2wlzo,1729698066.706437
148,r/TrumpRoasts,8765,Politics,t5_s2b5p,1729698066.7261739
149,r/dynamo,8764,Sports,t5_2s7ym,1729698066.745711
150,r/Melanotan2,8764,Medical and Mental Health,t5_3hjxz,1729698066.764886
151,r/mmo,8764,Gaming,t5_2qm3q,1729698066.784111
152,r/Newegg,8764,"Business, Economics, and Finance",t5_2s66h,1729698066.8045068
153,r/tee,8763,Food and Drink,t5_2s0bm,1729698066.826914
154,r/ChildhoodTrauma,8762,Trauma Support,t5_3mho9,1729698066.8469079
155,r/Best_of_Crypto,8761,Crypto,t5_36f3y,1729698066.866564
156,r/honey,8760,Food and Drink,t5_2qoh7,1729698066.885793
157,r/SMBCComics,8760,"Reading, Writing, and Literature",t5_2vq7v,1729698066.904334
158,r/airport,8759,Travel,t5_2r4ak,1729698066.923794
159,r/bananirou,8759,Podcasts and Streamers,t5_31753w,1729698066.942535
160,r/breadboard,8758,Crafts and DIY,t5_2rugg,1729698066.961848
161,r/NameThatMovie,8757,Movies,t5_2ths7,1729698066.980661
162,r/HogwartsLegacyFashion,8756,Gaming,t5_7kl0do,1729698066.999284
163,r/PeterExplainsTheLoss,8756,Internet Culture and Memes,t5_ahf7v0,1729698067.018271
164,r/Syngonium,8756,Home and Garden,t5_2nijh9,1729698067.036997
165,r/VeganRamen,8756,Food and Drink,t5_279v4i,1729698067.0559812
166,r/DeathInParadiseBBC,8755,Television,t5_310dd,1729698067.074923
167,r/ShortSadStories,8755,Mature Themes and Adult Content,t5_2xpp5,1729698067.093457
168,r/horrorwriters,8754,"Reading, Writing, and Literature",t5_jj2ja,1729698067.112329
169,r/IrelandPics,8754,Art,t5_3616f,1729698067.131294
170,r/RevivedWitch,8754,Gaming,t5_4r1g4b,1729698067.1500852
171,r/Dongistan,8753,Politics,t5_6bv3ac,1729698067.1689222
172,r/maille,8753,Crafts and DIY,t5_2sdan,1729698067.18963
173,r/Krautrock,8752,Music,t5_2rdko,1729698067.209059
174,r/nabelasnark,8752,Celebrity,t5_7gq07w,1729698067.228449
175,r/ADHDthriving,8751,Medical and Mental Health,t5_5l6in6,1729698067.247751
176,r/guitarras,8751,Music,t5_ap6cpy,1729698067.267162
177,r/disneybound,8750,Fashion,t5_2xd0a,1729698067.287885
178,r/MysteryMedia,8750,Podcasts and Streamers,t5_3e4p6,1729698067.306595
179,r/moldyinteresting,8749,Food and Drink,t5_2vavw,1729698067.3258429
180,r/Progenity_PROG,8749,"Business, Economics, and Finance",t5_4hsb06,1729698067.345084
181,r/ccie,8748,Careers,t5_2qjhm,1729698067.364257
182,r/boondocking,8747,Outdoors and Nature,t5_2tb0o,1729698067.383126
183,r/ReZeroRem,8747,Anime,t5_2lphtn,1729698067.402051
184,r/XboxGamers,8747,Gaming,t5_2tsys,1729698067.420714
185,r/UltralightCanada,8746,Outdoors and Nature,t5_w9m8w,1729698067.439592
186,r/neocities,8745,Programming,t5_2xnl0,1729698067.460363
187,r/ukrave,8745,Music,t5_2v06d,1729698067.483657
188,r/buildaboatfortreasure,8744,Gaming,t5_22bgfn,1729698067.506408
189,r/199,8743,Internet Culture and Memes,t5_3b88x,1729698067.532613
190,r/P365,8743,Mature Themes and Adult Content,t5_2h0mk7,1729698067.554259
191,r/GameStreamFails,8742,Gaming,t5_4m633b,1729698067.577067
192,r/DIYHome,8741,Home and Garden,t5_2vg45,1729698067.597416
193,r/Rakkun,8741,Internet Culture and Memes,t5_66nh5h,1729698067.618044
194,r/sabrinacarpenternudes,8741,Mature Themes and Adult Content,t5_9c1ii1,1729698067.638538
195,r/ETL,8740,Technology,t5_2r4rr,1729698067.6592588
196,r/thething,8740,Movies,t5_2revc,1729698067.6809568
197,r/wonyoung,8740,Celebrity,t5_o3lyf,1729698067.701461
198,r/chocolatelabs,8739,Animals and Pets,t5_2u3ug,1729698067.721976
199,r/didnthavetocutmeoff,8739,Funny/Humor,t5_4xgyyc,1729698067.742549
200,r/WildRiftMemes,8739,Gaming,t5_26o5a3,1729698067.763367
201,r/dank_memes_archive,8738,Internet Culture and Memes,t5_3kc6h,1729698067.783325
202,r/Lutris,8738,Gaming,t5_37znc,1729698067.804426
203,r/pseudoscorpiontime,8736,Animals and Pets,t5_6zb811,1729698067.824638
204,r/RepCenter,8736,Fashion,t5_84ixnz,1729698067.8446841
205,r/Restaurant_Managers,8736,Careers,t5_2szda,1729698067.864158
206,r/thco,8736,Mature Themes and Adult Content,t5_4mnfmt,1729698067.8838851
207,r/cambridgeont,8734,Place,t5_2t4q4,1729698067.903109
208,r/Safari,8734,Technology,t5_2remx,1729698067.9217658
209,r/shedhunting,8734,Outdoors and Nature,t5_2wfkb,1729698067.940678
210,r/sziget,8733,Music,t5_2ua8u,1729698067.959488
211,r/incestisntwrong,8732,Mature Themes and Adult Content,t5_aelobi,1729698067.978178
212,r/QualitySocialism,8730,Politics,t5_3ijb9,1729698067.9968681
213,r/idiopathichypersomnia,8728,Medical and Mental Health,t5_30y9f,1729698068.0152261
214,r/Taurusgang,8728,Religion and Spirituality,t5_297pud,1729698068.0338922
215,r/KillerKlownsGame,8726,Gaming,t5_6ewfqg,1729698068.052765
216,r/MaxFosh,8726,Podcasts and Streamers,t5_2pu6d5,1729698068.071764
217,r/PlantBased4ThePlanet,8726,Science,t5_wjeox,1729698068.090656
218,r/xcom2mods,8726,Gaming,t5_3b96c,1729698068.108531
219,r/codeforces,8725,Technology,t5_33o1k,1729698068.1269262
220,r/Proposal,8725,Family and Relationships,t5_2r69l,1729698068.1457999
221,r/dialysis,8724,Medical and Mental Health,t5_2slpl,1729698068.164458
222,r/LengfOrGirf,8724,Internet Culture and Memes,t5_7r3643,1729698068.184475
223,r/ragdollcats,8724,Animals and Pets,t5_2w6x1,1729698068.203577
224,r/KanyeCourt,8722,Music,t5_105fe2,1729698068.22315
225,r/cloudsmokerz,8720,Mature Themes and Adult Content,t5_a4tj3s,1729698068.242249
226,r/Darmstadt,8720,Place,t5_2sfmj,1729698068.2612412
227,r/pizzagator,8720,Internet Culture and Memes,t5_9i2cj4,1729698068.281173
228,r/CentrelinkOz,8717,Careers,t5_2jh09t,1729698068.300467
229,r/hotwives915,8716,A place for cuck husbands to post their hot wives or for hot wives to show off themselves and find a bull. No OF spams or dick pic spamming allowed. If you are a bull post a text with your desires and requests instead of a dick pics. Be respectful or get banned.,t5_74gtty,1729698068.319344
230,r/Nurgle,8716,Tabletop Games,t5_2x1xd,1729698068.338371
231,r/TrophyWiki,8716,Meta/Reddit,t5_2ev5z3,1729698068.3576488
232,r/hip_hop,8715,Music,t5_2qmxr,1729698068.376588
233,r/toriamos,8715,Music,t5_2rr4z,1729698068.3955
234,r/Maserati,8714,Cars and Motor Vehicles,t5_2sohr,1729698068.4141738
235,r/3dshomebrew,8713,Technology,t5_2sbjf,1729698068.4328399
236,r/Abandoned_Places,8713,Internet Culture and Memes,t5_52osem,1729698068.4515579
237,r/Patapon,8712,Gaming,t5_2u8p1,1729698068.469915
238,r/LifeInAdventure,8710,Gaming,t5_5fkol6,1729698068.4885492
239,r/gayasianspeedo,8709,Mature Themes and Adult Content,t5_dyv61,1729698068.5073211
240,r/psycho_alpaca,8709,"Hey, I'll be posting my prompt answers and other things I write in here. Welcome!",t5_36bzh,1729698068.526196
241,r/RedMagic,8709,Technology,t5_ia12a,1729698068.545314
242,r/grandjunction,8708,Place,t5_2sfod,1729698068.564864
243,r/Silkyy,8708,Podcasts and Streamers,t5_3p4aop,1729698068.584499
244,r/RootsOfPacha,8707,Gaming,t5_34uy9a,1729698068.603796
245,r/Vernon,8707,Place,t5_2r4vv,1729698068.6238139
246,r/AnanyaPandeyOfficial,8706,Mature Themes and Adult Content,t5_2o1xy5,1729698068.643231
247,r/OddityCollectors,8706,Hobbies,t5_37cu1,1729698068.662673
248,r/overland,8706,Travel,t5_2ru2w,1729698068.6833742
249,r/ResidencyMatch2022,8706,Learning and Education,t5_3vyg4k,1729698068.703051
