,subreddit,subscribers,topic,subreddit_id,time
0,r/Overemployed_PH,8532,Careers,t5_7pl350,1729698102.2004821
1,r/gegenewttfans,8529,"For all your Gegenewtt videos, gifs, edits and whatever else so long as it’s her",t5_7zdke8,1729698102.225344
2,r/sparklyisacolor,8528,Internet Culture and Memes,t5_2x66lp,1729698102.245614
3,r/ColoradoOffroad,8527,Cars and Motor Vehicles,t5_2uuxh,1729698102.265341
4,r/ErasedAnime,8527,Anime,t5_3f20r,1729698102.284329
5,r/newenglandrevolution,8527,Sports,t5_2st7o,1729698102.314451
6,r/originprotocol,8527,Crypto,t5_83sqa,1729698102.3341608
7,r/YookaLaylee,8527,Gaming,t5_381ui,1729698102.35401
8,r/Training,8526,Learning and Education,t5_2r5mf,1729698102.373323
9,r/BLgame,8525,Gaming,t5_335ezo,1729698102.392156
10,r/WholesomeAraAra,8525,Anime,t5_2kia2r,1729698102.469252
11,r/TomAndJerry,8524,Television,t5_2x3hn,1729698102.488727
12,r/BeginnersRunning,8523,Fitness and Nutrition,t5_3pyah2,1729698102.521746
13,r/DelTaco,8523,Food and Drink,t5_2sq88,1729698102.540768
14,r/geophysics,8522,Science,t5_2qzgp,1729698102.5605278
15,r/bursa,8521,Place,t5_2tvob,1729698102.581101
16,r/kites,8521,Hobbies,t5_2rs0q,1729698102.600671
17,r/MilitaryAviation,8520,Military,t5_2roga,1729698102.619989
18,r/uwa,8519,Learning and Education,t5_2s5ia,1729698102.640667
19,r/OrganicFarming,8518,Home and Garden,t5_2vcoz,1729698102.66221
20,r/ChaquetrixEnglishVer,8516,Television,t5_aktt5v,1729698102.681278
21,r/NMMNG,8515,Family and Relationships,t5_2ufki,1729698102.700279
22,r/Pionex,8515,Crypto,t5_128xfw,1729698102.7192042
23,r/NickiMinajFanclub,8514,Celebrity,t5_3a6nu,1729698102.736833
24,r/NotLikeTheOtherBarons,8513,Funny/Humor,t5_376g6o,1729698102.7556539
25,r/RecordStoreDay,8513,Marketplace and Deals,t5_2wy61,1729698102.773237
26,r/SmashingFour,8512,Gaming,t5_9c4yb,1729698102.7918808
27,r/hiltonhead,8511,Place,t5_2sm84,1729698102.810308
28,r/UnexpectedProposals,8511,"For all things proposal, and unexpected, related.",t5_pcuez,1729698102.828277
29,r/Guinness,8509,Food and Drink,t5_2qsb2,1729698102.84674
30,r/numbertheory,8509,Learning and Education,t5_2rs93,1729698102.8654761
31,r/AarynWilliams,8508,Celebrity,t5_4i1fd3,1729698102.882976
32,r/Cirkul,8508,Fitness and Nutrition,t5_27tg26,1729698102.901348
33,r/Musashi_chan,8507,Anime,t5_2vya9p,1729698102.919116
34,r/UndertaleMemesReddit,8507,Gaming,t5_3cg2l,1729698102.936619
35,r/folsom,8505,Place,t5_2s4z2,1729698102.985277
36,r/sindarin,8505,Learning and Education,t5_2vugl,1729698103.0067809
37,r/MarchingBandMemes,8504,Internet Culture and Memes,t5_qtpju,1729698103.026496
38,r/suicideboy,8504,Anime,t5_kfy6s,1729698103.0471091
39,r/HybridAthlete,8503,Fitness and Nutrition,t5_btosa,1729698103.067323
40,r/propertyinvesting,8503,"Business, Economics, and Finance",t5_3cjng,1729698103.1461718
41,r/Suzuki,8502,Cars and Motor Vehicles,t5_2txes,1729698103.234022
42,r/vimplugins,8502,Technology,t5_2rf3x,1729698103.2531211
43,r/fbhw,8501,Podcasts and Streamers,t5_2svpm,1729698103.2718668
44,r/FineArt,8501,Art,t5_2qnor,1729698103.290763
45,r/FourTet,8499,Music,t5_2sqty,1729698103.310484
46,r/NurembergTwo,8499,Politics,t5_55x4ke,1729698103.34004
47,r/RPGcreation,8499,Tabletop Games,t5_2q2c3f,1729698103.359479
48,r/worship_EmilyFeld,8499,Mature Themes and Adult Content,t5_8nwm6f,1729698103.37867
49,r/CelebrityHorror,8498,Celebrity,t5_6dikik,1729698103.397332
50,r/vending,8498,"Business, Economics, and Finance",t5_2rbjf,1729698103.4156108
51,r/altcoinforum,8497,Crypto,t5_3010z,1729698103.484174
52,r/DegenerateEDH,8497,Tabletop Games,t5_8coroc,1729698103.503096
53,r/EgyptGaminGG,8497,Gaming,t5_b6d76m,1729698103.529336
54,r/Lausanne,8495,Place,t5_2sk17,1729698103.548388
55,r/Msstate,8495,Learning and Education,t5_2scon,1729698103.567306
56,r/OneParagraph,8493,"Like fiction, but only have a minute? OneParagraph is a subreddit specifically for small format fiction limited to a single paragraph. Everyone is encouraged to contribute, but silent audience members are just as welcome. If you're unsure how to start, take a quick look at our guidelines.",t5_2rkb7,1729698103.58612
57,r/sasha,8493,Podcasts and Streamers,t5_2qjl0,1729698103.605091
58,r/TrapstarReps,8493,Fashion,t5_5ntvm5,1729698103.624065
59,r/Tayne,8492,Internet Culture and Memes,t5_2rufa,1729698103.642901
60,r/BusparOnline,8491,Medical and Mental Health,t5_3bkjv,1729698103.6616352
61,r/exAdventist,8491,Religion and Spirituality,t5_2srn6,1729698103.680764
62,r/KTMDuke,8491,Cars and Motor Vehicles,t5_3nsmy,1729698103.6995552
63,r/crusaderkings2,8490,Gaming,t5_2ui6p,1729698103.718323
64,r/womenoftheright,8490,Politics,t5_5h9gz3,1729698103.736834
65,r/rickandmortyGIFs,8489,Wubalubadubdubs!!,t5_30yla,1729698103.755628
66,r/PMsFeedback,8488,Marketplace and Deals,t5_2xfgn,1729698103.7746391
67,r/hackshbomax,8487,Television,t5_4ercyb,1729698103.7934122
68,r/MealPics,8487,Food and Drink,t5_46oofs,1729698103.81273
69,r/StarCitizenUniverse,8486,Gaming,t5_izu4l,1729698103.833143
70,r/UK_babes_underrated,8486,Celebrity,t5_2t240k,1729698103.854748
71,r/keurig,8483,Food and Drink,t5_2s9oz,1729698103.8739169
72,r/Bentley,8480,Cars and Motor Vehicles,t5_2qx34,1729698103.893253
73,r/CardanoTrading,8479,Crypto,t5_2z7sxa,1729698103.91215
74,r/Khyleri,8479,Art,t5_81q53m,1729698103.93156
75,r/craigferguson,8478,Celebrity,t5_2r34g,1729698103.9559839
76,r/sandbox,8478,Gaming,t5_2qh1j,1729698103.97793
77,r/desinavelandwaist,8477,Mature Themes and Adult Content,t5_8ll2m4,1729698104.0002198
78,r/ChandlersWildLife,8476,Podcasts and Streamers,t5_23e5v2,1729698104.019614
79,r/decayingwinter,8476,Gaming,t5_54yrdd,1729698104.041536
80,r/AmStaffPitts,8475,Animals and Pets,t5_2sll3,1729698104.06364
81,r/DesiDiasporaOnly,8475,Mature Themes and Adult Content,t5_35x77e,1729698104.0833158
82,r/food2,8475,Food and Drink,t5_2rk27,1729698104.103668
83,r/Commodore,8474,Technology,t5_2r4yt,1729698104.123754
84,r/travisscottleaks,8474,Music,t5_22fc6w,1729698104.144788
85,r/1990s,8473,History,t5_2r4yn,1729698104.1674519
86,r/DenverGamers,8473,Tabletop Games,t5_2tkvp,1729698104.187454
87,r/Wagons,8473,Cars and Motor Vehicles,t5_2xwl6,1729698104.207454
88,r/WritingWithAI,8473,"Reading, Writing, and Literature",t5_75xywj,1729698104.2288299
89,r/MiniBrands,8471,Hobbies,t5_29wuq1,1729698104.252296
90,r/RenaissanceFestivals,8470,Hobbies,t5_2s236,1729698104.273802
91,r/ViagraBoys,8470,Music,t5_3na2k,1729698104.292984
92,r/punchout,8469,Gaming,t5_2xdxg,1729698104.311946
93,r/TheNanny,8469,Television,t5_2y73h,1729698104.3321888
94,r/learntyping,8468,Learning and Education,t5_2vgfo,1729698104.351348
95,r/AmberHeardFans,8467,Celebrity,t5_6fifgf,1729698104.370535
96,r/KBDfans,8467,Technology,t5_2cng8r,1729698104.3894742
97,r/MrunalThakurFans,8467,Mature Themes and Adult Content,t5_7lkq30,1729698104.4085708
98,r/ReiPlush,8467,Anime,t5_3m8jry,1729698104.427692
99,r/SkallaSnarkUncensored,8467,Celebrity,t5_5kkpxi,1729698104.446976
100,r/ChurchofRogers,8466,Celebrity,t5_334x2,1729698104.4664938
101,r/ImaginaryDC,8464,Art,t5_39knv,1729698104.4859478
102,r/InfinityWar,8464,Movies,t5_349d5,1729698104.505551
103,r/KollyKattas,8464,Mature Themes and Adult Content,t5_axl4sh,1729698104.5249128
104,r/lifemakeover,8464,Gaming,t5_61yqs0,1729698104.544651
105,r/StockConsultant,8463,"Business, Economics, and Finance",t5_2xtm1,1729698104.564579
106,r/binge_food,8462,Food and Drink,t5_3cjye2,1729698104.58389
107,r/HearthDecklists,8462,Gaming,t5_2zzem,1729698104.603317
108,r/bevy,8461,Programming,t5_3bsly,1729698104.622439
109,r/CatholicWomen,8461,Religion and Spirituality,t5_2wlkr,1729698104.641228
110,r/IDF,8460,Military,t5_2r517,1729698104.65985
111,r/VWatlas,8460,Cars and Motor Vehicles,t5_uh3l6,1729698104.6829162
112,r/publicdomain,8459,Law,t5_2r4yq,1729698104.7061608
113,r/i_likekpopgirls,8458,Celebrity,t5_5nn3d8,1729698104.7271922
114,r/pinephone,8458,Technology,t5_128d7p,1729698104.7484689
115,r/deathroadtocanada,8457,Gaming,t5_3fkd6,1729698104.769544
116,r/writingcritiques,8456,"Reading, Writing, and Literature",t5_2xlzj,1729698104.7903428
117,r/Medicaid,8455,"Business, Economics, and Finance",t5_2t1un,1729698104.809493
118,r/airportceo,8454,Gaming,t5_3cei3,1729698104.829947
119,r/FZ07,8454,Cars and Motor Vehicles,t5_34hiv,1729698104.850797
120,r/RealRacing3,8454,Gaming,t5_2wzeu,1729698104.870534
121,r/WarriorNun,8454,Television,t5_p62mn,1729698104.89016
122,r/pigeons,8453,Animals and Pets,t5_2rjyy,1729698104.9095511
123,r/BaeBest,8451,Mature Themes and Adult Content,t5_46nkgy,1729698104.928742
124,r/discordservers_,8451,Mature Themes and Adult Content,t5_5l7zu3,1729698104.947531
125,r/Props,8451,Hobbies,t5_2s57b,1729698104.966215
126,r/biologygifs,8450,The place for all things relating to all subjects of Biology!,t5_2vpa0,1729698105.009523
127,r/GraceCarolineCurreyy,8449,A place to celebrate the gorgeous actress Grace Caroline Currey!,t5_83r7jc,1729698105.035032
128,r/SlapBattles,8449,Gaming,t5_51lsax,1729698105.055937
129,r/TenantUnion,8449,Activism,t5_us8sb,1729698105.082413
130,r/junkfood,8448,Food and Drink,t5_2sjt0,1729698105.103771
131,r/GeoffreyAsmus,8447,Celebrity,t5_9n42rg,1729698105.1279979
132,r/KokkoroNatsume,8446,Anime,t5_2mddma,1729698105.1519969
133,r/MiddleEarth,8446,"Reading, Writing, and Literature",t5_2sb2d,1729698105.1735659
134,r/OSXTweaks,8446,Technology,t5_30hl7,1729698105.195084
135,r/FleshEaterCourts,8445,Tabletop Games,t5_2f6tbn,1729698105.216309
136,r/gpu,8445,Technology,t5_2xk7h,1729698105.237559
137,r/SamsungWatchFace,8445,Fashion,t5_rm8iy,1729698105.258538
138,r/WorkersRights,8444,Activism,t5_2y1mz,1729698105.279149
139,r/vintagecameras,8443,History,t5_2sss1,1729698105.298388
140,r/jkterjter,8442,Podcasts and Streamers,t5_ar5151,1729698105.317816
141,r/sikkim,8442,A space of Reddit where everything related to Sikkim goes!,t5_2zaqs,1729698105.338269
142,r/DIYarrhea,8441,Crafts and DIY,t5_5dpkj5,1729698105.3576572
143,r/MtGHistoric,8441,Tabletop Games,t5_17c7i7,1729698105.3767521
144,r/r4rinterracial,8441,Family and Relationships,t5_ywjjl,1729698105.397585
145,r/cscareerquestionsIN,8440,Careers,t5_12miit,1729698105.4163468
146,r/paloalto,8440,Place,t5_2sk14,1729698105.4351912
147,r/technawwlogy,8440,Welcome to technawwlogy,t5_34iig,1729698105.454318
148,r/ansbach,8439,"DE: /r/Ansbach, die Reddit-Community für Ansbach. Hier ist Platz für Neuigkeiten und Memes für die Kleinstadt in Mittelfranken. EN: /r/Ansbach, the Reddit community for Ansbach. The place for news and memes for the small town in Mittelfranken.",t5_38fzj,1729698105.473252
149,r/Nolan,8438,Movies,t5_2r2ke,1729698105.49219
150,r/PittiesAndKitties,8438,Animals and Pets,t5_8odysz,1729698105.5110242
151,r/Turnip28,8438,Tabletop Games,t5_2tt4wa,1729698105.529757
152,r/Yorushika,8438,Music,t5_ytkke,1729698105.5488482
153,r/AbandonedMineExplores,8437,History,t5_5dht42,1729698105.567627
154,r/abarth,8437,Cars and Motor Vehicles,t5_2t4om,1729698105.586593
155,r/Fiat,8437,Cars and Motor Vehicles,t5_2r0g3,1729698105.6053162
156,r/thecampaigntrail,8437,Politics,t5_28596c,1729698105.624037
157,r/Durango,8436,Place,t5_2tak8,1729698105.642932
158,r/itsjasonbourne,8436,Jesus Christ..,t5_3g2u0,1729698105.661584
159,r/ashleyjohnson,8432,Celebrity,t5_30xwv,1729698105.6809459
160,r/DigimonMastersOnline,8432,Gaming,t5_2xpqt,1729698105.701477
161,r/decoration,8431,Home and Garden,t5_2vgnc,1729698105.7247229
162,r/Shinto,8431,Religion and Spirituality,t5_2trsm,1729698105.745677
163,r/SysCoin,8430,Crypto,t5_319ko,1729698105.7687318
164,r/burzum,8429,Music,t5_2rjyu,1729698105.7879171
165,r/MicroFreak,8429,Music,t5_vbavn,1729698105.8070028
166,r/motorcyclegear,8429,Cars and Motor Vehicles,t5_2ygyv,1729698105.8352451
167,r/DrawingsRevisited,8427,Art,t5_3ffca,1729698105.858864
168,r/CyclingMSP,8426,Sports,t5_2sla8,1729698105.878726
169,r/srpska,8426,Place,t5_32vm0,1729698105.899179
170,r/NoCodeSaaS,8425,Programming,t5_3xr8tw,1729698105.918111
171,r/Separation,8424,Family and Relationships,t5_3nhnb,1729698105.936809
172,r/SuzanneMorphew,8424,Activism,t5_2nzoyq,1729698105.955712
173,r/RoutineHub,8423,"Take your mobile coding skills to new heights? Discover RoutineHub, the ultimate platform for version control and productizing your Apple #Shortcuts. With a supportive community to guide and inspire you, let's elevate our coding game together!",t5_12xcwy,1729698105.974439
174,r/BenzoWithdrawal,8421,Addiction Support,t5_2vid4,1729698105.993144
175,r/openshift,8420,Technology,t5_2u84b,1729698106.0121222
176,r/RADAL,8420,Podcasts and Streamers,t5_y6hbu,1729698106.0312982
177,r/fundiefood,8419,Food and Drink,t5_37tboq,1729698106.050596
178,r/backblaze,8418,Technology,t5_2ttis,1729698106.069473
179,r/FashionValley,8418,Gaming,t5_29osj1,1729698106.087955
180,r/PatriotTV,8418,Television,t5_3iswk,1729698106.1066399
181,r/prolog,8418,Programming,t5_2qhvg,1729698106.12715
182,r/Simplelogin,8418,Technology,t5_292awl,1729698106.148552
183,r/JenniferAnistonLegs,8417,Mature Themes and Adult Content,t5_4w133m,1729698106.167983
184,r/LynetteMains,8417,Gaming,t5_3g8d80,1729698106.1876638
185,r/FlutterFlow,8416,Technology,t5_402prw,1729698106.2070231
186,r/Allelite,8414,Sports,t5_rqm1d,1729698106.226103
187,r/customGCC,8414,Gaming,t5_3ifo0,1729698106.245344
188,r/commissionart,8413,Art,t5_2szsz,1729698106.2644858
189,r/MutualAid,8410,"Business, Economics, and Finance",t5_2s4di,1729698106.2850392
190,r/JimAndSam,8409,Podcasts and Streamers,t5_3gktn,1729698106.306761
191,r/kson_ONAIR,8409,Podcasts and Streamers,t5_4kirrm,1729698106.3274298
192,r/3on3,8408,Gaming,t5_3glkp,1729698106.348438
193,r/MT09,8408,Cars and Motor Vehicles,t5_gif00,1729698106.3681989
194,r/MushroomsandForaging,8407,Outdoors and Nature,t5_386l5,1729698106.389364
195,r/Cities,8406,Travel,t5_2qvyz,1729698106.408643
196,r/OrientWatches,8405,Fashion,t5_3b2p6,1729698106.428672
197,r/SintangPaaralan,8405,Learning and Education,t5_j51l5,1729698106.451064
198,r/unixart,8405,Programming,t5_33hj8,1729698106.4720519
199,r/Gnomies,8403,Internet Culture and Memes,t5_3nis3t,1729698106.4913611
200,r/estrogel,8402,Gender,t5_2liyx4,1729698106.510402
201,r/Oncology,8402,Medical and Mental Health,t5_2tib8,1729698106.530078
202,r/westcoasteagles,8402,Sports,t5_2xeg2,1729698106.549588
203,r/OnePelotonRealSub,8401,Fitness and Nutrition,t5_76wz1k,1729698106.5692601
204,r/earthinc,8400,Gaming,t5_6b27ss,1729698106.5896661
205,r/finalfantasyxiii,8400,Gaming,t5_2w45k,1729698106.610485
206,r/infraredphotography,8399,Art,t5_2zgu4,1729698106.629566
207,r/CharlesCornell,8398,Music,t5_12jp82,1729698106.6489139
208,r/GCamPort,8397,Technology,t5_2aoitf,1729698106.668065
209,r/lyney,8397,Gaming,t5_48d43v,1729698106.687226
210,r/STLFood,8397,Food and Drink,t5_5tl3tu,1729698106.706759
211,r/AntiAmazon,8396,Activism,t5_4m6i4,1729698106.725864
212,r/bipolarart,8396,Art,t5_2z14q,1729698106.745555
213,r/comicbookshelves,8396,"Reading, Writing, and Literature",t5_29nwe5,1729698106.764452
214,r/RG35XX_Plus,8396,Gaming,t5_8seye3,1729698106.783267
215,r/stagelighting,8396,Careers,t5_2qxr7,1729698106.8062642
216,r/3DMA,8395,Technology,t5_2r4ei,1729698106.8283288
217,r/Robzombie,8394,Music,t5_2u6b1,1729698106.84801
218,r/awooo,8393,Animals and Pets,t5_3o279,1729698106.867795
219,r/Quenya,8393,Learning and Education,t5_2vfl0,1729698106.888542
220,r/Tavor,8393,Mature Themes and Adult Content,t5_2y7mw,1729698106.908036
221,r/NYCTeachers,8392,Careers,t5_mi5u8,1729698106.927218
222,r/RingerVerse,8391,Podcasts and Streamers,t5_5l6hsq,1729698106.9466171
223,r/BrettCooperSFW,8390,Celebrity,t5_6v545o,1729698106.966089
224,r/TheLastSupper_,8390,Food and Drink,t5_32c8qg,1729698106.9862468
225,r/gatsbyjs,8388,Programming,t5_3ouu3,1729698107.0101619
226,r/nosneeze,8388,"This is it. This how the world ends. Not with a bang, but without a sneeze.",t5_36nzg,1729698107.03263
227,r/arrowvideo,8387,Movies,t5_3aqin,1729698107.058284
228,r/PokemonCafeMix,8387,Gaming,t5_2rts8z,1729698107.0798268
229,r/cevamarunt,8386,Toma Alexandru si Sergiu Floroaia au creat Ceva Marunt. Lor li s-au alăturat Cristi Popesco și Sorin Pârcălab. Împreună fac lucruri. Funny.,t5_3lumb,1729698107.100058
230,r/Concussion,8386,Medical and Mental Health,t5_2zg39,1729698107.119842
231,r/ShibaInuCrypto,8386,Crypto,t5_3vsvqm,1729698107.139461
232,r/LucyDacus,8385,Music,t5_r3ytf,1729698107.159304
233,r/VitaminD,8383,Fitness and Nutrition,t5_39vsf,1729698107.178998
234,r/boone,8381,Place,t5_2r5xo,1729698107.19842
235,r/CookieMonsterFur,8380,Animals and Pets,t5_3rxs4k,1729698107.217816
236,r/PrismaticLightChurch,8380,Activism,t5_68oxoq,1729698107.23701
237,r/GuessTheCoaster,8379,Hobbies,t5_3mdaj,1729698107.2593741
238,r/KeoxerMemes,8379,Funny/Humor,t5_6ecbva,1729698107.280291
239,r/Histology,8378,Science,t5_2sq1k,1729698107.299701
240,r/napa,8378,Place,t5_2s89m,1729698107.3191621
241,r/Toowoomba,8378,Place,t5_2uim0,1729698107.3381498
242,r/Passwords,8377,Technology,t5_2rxzr,1729698107.3584151
243,r/savisworkshop,8377,Hobbies,t5_13ki68,1729698107.377515
244,r/ballerinafarmsnark,8376,Celebrity,t5_8etk51,1729698107.397986
245,r/superstonkuk,8376,"Business, Economics, and Finance",t5_4ghdfn,1729698107.4164538
246,r/KateeSackhoff,8375,Celebrity,t5_2yry1,1729698107.435002
247,r/LoveForScalpers,8375,Activism,t5_3ftg0c,1729698107.453722
248,r/ODroid,8375,Technology,t5_2vscb,1729698107.47229
249,r/CUDA,8374,Programming,t5_2s9d9,1729698107.4909282
