,subreddit,subscribers,topic,subreddit_id,time
0,r/Sovol,8374,Technology,t5_2elung,1729698120.927017
1,r/boysfeeet,8373,Mature Themes and Adult Content,t5_6ss4ay,1729698120.953218
2,r/Skinorac,8371,"This is a place to discuss about tretinoin and other skincare products like adapalene, differin, tazarotene, and trifarotene (NOT retiNOLs or Accutane). You can buy tretinoin online from legitimate sites. Tretinoin is a prescribed topical retinoid used for acne and anti-aging.",t5_5a9p5t,1729698120.981035
3,r/GMATpreparation,8370,Learning and Education,t5_ou7s8,1729698121.0106418
4,r/JunesJourney,8370,Gaming,t5_2u6wh2,1729698121.036812
5,r/regretevator,8370,Gaming,t5_8nga4w,1729698121.068647
6,r/trojancats,8369,Animals and Pets,t5_9gzovx,1729698121.090784
7,r/uksucculents,8369,Home and Garden,t5_rwcus,1729698121.112965
8,r/premeduk,8367,Careers,t5_2uoou,1729698121.135499
9,r/YunjinMains,8367,Gaming,t5_3imbok,1729698121.1581829
10,r/CanadasWonderland,8366,Travel,t5_2tzux,1729698121.236425
11,r/Constantine,8366,"Reading, Writing, and Literature",t5_2viio,1729698121.256809
12,r/kingsnakes,8366,Animals and Pets,t5_3h2fn,1729698121.2878878
13,r/UofB,8366,Learning and Education,t5_2sx4r,1729698121.307762
14,r/BritishEmpire,8365,History,t5_2vtrl,1729698121.32779
15,r/gretsch,8364,Music,t5_387yv,1729698121.3470771
16,r/IOENepal,8364,Learning and Education,t5_49br3i,1729698121.366744
17,r/SoloLevelingMemes,8364,Anime,t5_2e6ci2,1729698121.38848
18,r/TheresARedditForThat,8364,Meta/Reddit,t5_2vted,1729698121.408813
19,r/JurassicWorldApp,8363,Gaming,t5_38txc,1729698121.42917
20,r/Tim,8362,Internet Culture and Memes,t5_2qjh5,1729698121.449506
21,r/blackrimjobs,8361,Mature Themes and Adult Content,t5_4w387c,1729698121.469671
22,r/blizzcon,8360,Gaming,t5_2r5bh,1729698121.489046
23,r/CatsWithKittens,8359,Animals and Pets,t5_3qbvi7,1729698121.508379
24,r/Bean_Clean,8358,Animals and Pets,t5_2dmoj7,1729698121.52803
25,r/democracy,8358,Politics,t5_2qqok,1729698121.547355
26,r/RapidCity,8357,Place,t5_2tmgm,1729698121.570325
27,r/BleachImmortalSoul,8356,Gaming,t5_237mqc,1729698121.5904572
28,r/vail,8356,Place,t5_2saoz,1729698121.61131
29,r/ACCatalogParties,8355,Gaming,t5_2lwmil,1729698121.636833
30,r/IWantToTeach,8355,Careers,t5_2sk2o,1729698121.658131
31,r/PUBGvideos,8355,Gaming,t5_3kql4,1729698121.678806
32,r/SoulsHabby,8354,Gaming,t5_95v5u1,1729698121.698281
33,r/Permies,8352,"Permies.com is the largest site about permaculture on the internet. Paul Wheaton started when years ago he would get all sorts of emails that he started some forums, they blossomed into a community and now it's a powerful driving force for the good of permaculture. This sub is meant for the professional ethical discussion about all things permaculture.",t5_31i4j,1729698121.7178822
34,r/RedRocks,8352,Place,t5_30fr0,1729698121.736916
35,r/Bronya,8351,Gaming,t5_5tcvql,1729698121.7558248
36,r/Ureaplasma,8350,Science,t5_21nrmu,1729698121.774884
37,r/Borat,8349,Movies,t5_2su7s,1729698121.794793
38,r/englandrugby,8349,Sports,t5_alpnx5,1729698121.813969
39,r/promethease,8349,Medical and Mental Health,t5_37837,1729698121.8330472
40,r/livonia,8348,Place,t5_2s3j2,1729698121.851681
41,r/projectbike,8346,Cars and Motor Vehicles,t5_31t1a,1729698121.872244
42,r/SonicDriveIn,8346,Food and Drink,t5_2t1cz,1729698121.893258
43,r/depressedmemes,8345,Internet Culture and Memes,t5_1zuruz,1729698121.912731
44,r/Richardson,8344,Place,t5_2u6qz,1729698121.9323032
45,r/TransGymGirls,8344,Mature Themes and Adult Content,t5_6rmyvs,1729698121.951689
46,r/ArenaFPS,8341,Gaming,t5_30sbq,1729698121.970676
47,r/Ashland,8341,Place,t5_2rpty,1729698121.989182
48,r/catwalls,8341,Home and Garden,t5_5rqbwq,1729698122.0074902
49,r/unexpectedfallout,8341,Gaming,t5_3geew,1729698122.025853
50,r/XboxLiveGold,8341,Gaming,t5_33yj2,1729698122.04417
51,r/Binoculars,8340,Learning and Education,t5_2rmuy,1729698122.062521
52,r/cursedrobloximages,8340,Internet Culture and Memes,t5_yn0vm,1729698122.080943
53,r/Toughmudder,8340,Sports,t5_2sy1c,1729698122.099815
54,r/ArmoredCore6,8339,Gaming,t5_5nf6oo,1729698122.1190112
55,r/barelysociable,8339,Podcasts and Streamers,t5_2631g5,1729698122.1388779
56,r/TrueCrimeVids,8339,Law,t5_6zqz3h,1729698122.158742
57,r/entitledredditors,8337,Meta/Reddit,t5_x82l3,1729698122.1784441
58,r/hexandcounter,8336,Tabletop Games,t5_33ymz,1729698122.198089
59,r/MMAPoliticsAndCulture,8336,Politics,t5_3c5qv7,1729698122.2185888
60,r/sideloadly,8336,Technology,t5_6e6za5,1729698122.238216
61,r/HawaiiGardening,8334,Home and Garden,t5_38ro7,1729698122.2570229
62,r/Patents,8334,Law,t5_2qiaa,1729698122.276876
63,r/WeedStrains,8333,Mature Themes and Adult Content,t5_2x4qj,1729698122.295784
64,r/BambinoBecky,8332,Celebrity,t5_w1h7j,1729698122.3150861
65,r/beyondallreason,8332,Gaming,t5_36ta7,1729698122.334424
66,r/fossilfighters,8332,Gaming,t5_33r68,1729698122.353417
67,r/FunctionalMedicine,8332,Medical and Mental Health,t5_33pud,1729698122.373015
68,r/FreeCommentKarma,8331,Meta/Reddit,t5_2ur1j,1729698122.3944
69,r/AcousticCovers,8330,Music,t5_2u6ao,1729698122.415581
70,r/MyAdventuresWithSuper,8330,Television,t5_4gwusn,1729698122.436455
71,r/PrePharmacy,8330,Learning and Education,t5_310bd,1729698122.457494
72,r/Plastering,8329,Home and Garden,t5_2t5kz,1729698122.4774332
73,r/ImaginaryMountains,8328,Art,t5_2z8l2,1729698122.496665
74,r/WeaponFights,8328,Mature Themes and Adult Content,t5_4slig6,1729698122.515133
75,r/pnwgardening,8327,Home and Garden,t5_j3bwr,1729698122.534167
76,r/LifeProsTips,8326,Learning and Education,t5_a5pgle,1729698122.553107
77,r/AmourShipping,8325,Anime,t5_32cod,1729698122.572587
78,r/theescapists,8324,Gaming,t5_30n3t,1729698122.591634
79,r/CommercialTricks,8323,Technology,t5_rua67,1729698122.610958
80,r/VaporwaveCassettes,8323,Art,t5_3bkve,1729698122.630419
81,r/GSP,8321,Animals and Pets,t5_2tgk3,1729698122.649606
82,r/12Monkeys,8320,Television,t5_31827,1729698122.6692421
83,r/readwise,8320,"Reading, Writing, and Literature",t5_3230z0,1729698122.68892
84,r/TransChristianity,8320,Religion and Spirituality,t5_3be5v,1729698122.708471
85,r/midlanemains,8319,Gaming,t5_3cyki,1729698122.7273421
86,r/BeginnerArtists,8318,Art,t5_3fzil,1729698122.7465532
87,r/Powerwall,8318,Technology,t5_3825z,1729698122.7663481
88,r/Tahiti,8318,Place,t5_2udbl,1729698122.785464
89,r/angelinvestors,8315,"Business, Economics, and Finance",t5_2uzvx,1729698122.803612
90,r/discoveredspecies,8315,Science,t5_3ez7d,1729698122.822022
91,r/IndieGameDevs,8315,Gaming,t5_2udif,1729698122.840829
92,r/PhStartups,8315,"Business, Economics, and Finance",t5_60mrib,1729698122.8592808
93,r/CautiousHero,8313,Anime,t5_zneqq,1729698122.878634
94,r/lifeisbeautifulLV,8313,Music,t5_381wp,1729698122.8983512
95,r/rebelinc,8313,Gaming,t5_rzx7g,1729698122.9174201
96,r/resilientcommunities,8313,Welcome to resilientcommunities,t5_2rmh5,1729698122.936762
97,r/Westfalia,8313,Cars and Motor Vehicles,t5_2qo4h,1729698122.9562082
98,r/Ergonomics,8312,Medical and Mental Health,t5_2r24h,1729698122.975007
99,r/gameshow,8312,Television,t5_2t1mm,1729698122.9938931
100,r/Xpenology,8312,Technology,t5_39bpk,1729698123.012646
101,r/feghoot,8311,Funny/Humor,t5_2xibg,1729698123.031233
102,r/2BALTIC4YOU,8310,Internet Culture and Memes,t5_31qp85,1729698123.049933
103,r/LeagueofOutplays,8309,Gaming,t5_fu8mp,1729698123.068795
104,r/loaf,8309,Animals and Pets,t5_2wvu0,1729698123.08739
105,r/CoronavirusOregon,8308,Medical and Mental Health,t5_2gu6p2,1729698123.106307
106,r/dooshartpeepee,8308,Mature Themes and Adult Content,t5_bc9vqy,1729698123.124851
107,r/LatestInML,8308,Technology,t5_2c0xdn,1729698123.143703
108,r/WildCampingAndHiking,8308,Outdoors and Nature,t5_3omn9,1729698123.163337
109,r/Wildemount,8308,Tabletop Games,t5_2d16ec,1729698123.182192
110,r/RoyalNavy,8307,Military,t5_2tosv,1729698123.200953
111,r/Ceara,8306,Place,t5_2tkvx,1729698123.2194922
112,r/CosmicDisclosure,8306,Television,t5_3b3rf,1729698123.239475
113,r/GreecePics,8305,Place,t5_34i3v,1729698123.390638
114,r/niceguy,8304,Anime,t5_2t274,1729698123.4180522
115,r/SaltyPhish,8304,Podcasts and Streamers,t5_x0bnd,1729698123.4390368
116,r/leatherjacket,8303,Fashion,t5_2u6b2,1729698123.459937
117,r/MoscowIdaho,8303,Place,t5_2r4qq,1729698123.47983
118,r/Unmineable,8303,Crypto,t5_442sg3,1729698123.509692
119,r/italodisco,8302,Music,t5_2s8f7,1729698123.5287292
120,r/nordictrack,8302,Fitness and Nutrition,t5_2ba9fa,1729698123.547957
121,r/snappijuorutofftopic,8302,Internet Culture and Memes,t5_9756ae,1729698123.567254
122,r/AR_15,8301,Mature Themes and Adult Content,t5_50smos,1729698123.5862432
123,r/curiousplaces,8300,Place,t5_2vu0b,1729698123.656298
124,r/ElBaito,8300,Podcasts and Streamers,t5_92jj9o,1729698123.675603
125,r/Lima,8299,Place,t5_2skyl,1729698123.718922
126,r/LastOrigin,8297,Gaming,t5_xd750,1729698123.7378712
127,r/BigSur,8296,Place,t5_2umyo,1729698123.756951
128,r/Coloringbookspastime,8296,Art,t5_38poi,1729698123.775745
129,r/dramionebookclub,8296,"Reading, Writing, and Literature",t5_5jdwbo,1729698123.7948742
130,r/IT_CERT_STUDY,8296,Careers,t5_2sme6,1729698123.813602
131,r/SuburbanFarming,8296,"This community is for everyone who enjoys gardening and farming, particularly in the suburbs. Come chat about your own farm/garden, share your own knowledge and experience, and/or learn from the experiences of other farmers and gardeners!",t5_2rtpm,1729698123.832504
132,r/MotoIRELAND,8295,Cars and Motor Vehicles,t5_3fs5d,1729698123.851475
133,r/MushroomMeals,8295,Food and Drink,t5_4ah5ei,1729698123.869865
134,r/RustConsoleLFG,8295,Gaming,t5_41q5l2,1729698123.891348
135,r/SaraOrrego,8295,Mature Themes and Adult Content,t5_u5rnu,1729698123.910914
136,r/MusicWomen,8294,Music,t5_6gnm1g,1729698123.9304051
137,r/stalbert,8294,Place,t5_2uj2b,1729698123.950254
138,r/Tremors,8294,Movies,t5_2xdwt,1729698123.969384
139,r/textbookhumour,8291,Science,t5_28jr5y,1729698123.9883788
140,r/celebrityhairfetish,8290,Celebrity,t5_5hsgwh,1729698124.008878
141,r/ViaRail,8290,Travel,t5_2xmax,1729698124.029501
142,r/chicksfalling,8289,"Funny, non-serious injuries only.",t5_2y2sg,1729698124.051135
143,r/knowledgepill,8289,Learning and Education,t5_4di4yy,1729698124.07406
144,r/Scam_vendors,8288,Marketplace and Deals,t5_4nmk0i,1729698124.096887
145,r/One12Collective,8287,Hobbies,t5_3cr85,1729698124.119499
146,r/TallTeenagers,8287,Internet Culture and Memes,t5_28w6m8,1729698124.139988
147,r/PhilomenaCunk,8286,Television,t5_6cdabp,1729698124.1622138
148,r/focuspuller,8285,Technology,t5_46wdu4,1729698124.184512
149,r/JustBorkMyBorkUp,8285,Dogs with dumb haircuts. (Cats too.),t5_hapbw,1729698124.206722
150,r/paindeergames,8285,Tabletop Games,t5_3i523,1729698124.229436
151,r/TheOwlHouseTheory,8284,Television,t5_2gfi7e,1729698124.2515168
152,r/huntersthompson,8282,"Reading, Writing, and Literature",t5_2shuh,1729698124.274675
153,r/medicinehat,8282,Place,t5_2rdgv,1729698124.2987561
154,r/strongblock,8282,Crypto,t5_2ztfxn,1729698124.323628
155,r/AITX,8281,Technology,t5_3n3yjs,1729698124.3470988
156,r/CharlotteFootballClub,8280,Sports,t5_2qa3ww,1729698124.371187
157,r/HSRHusbandos,8279,Gaming,t5_8aeptu,1729698124.399175
158,r/Galil,8276,Mature Themes and Adult Content,t5_2tzjg,1729698124.424242
159,r/ShannonMcMullen,8275,Celebrity,t5_2gejwj,1729698124.449484
160,r/annaxsitarsnark,8273,Celebrity,t5_6hjem4,1729698124.4731321
161,r/LightAcademia,8273,Fashion,t5_2hv7zk,1729698124.496139
162,r/LindseyMorgan,8273,Celebrity,t5_3cc4b,1729698124.520395
163,r/Eatingdisordersover30,8272,Medical and Mental Health,t5_5gwpqi,1729698124.5437372
164,r/freesmiley,8272,Internet Culture and Memes,t5_3pq7n,1729698124.567731
165,r/scorpiomoon,8272,Religion and Spirituality,t5_3ge1d,1729698124.591478
166,r/SOSLimited,8272,"Business, Economics, and Finance",t5_3y1o6i,1729698124.6148381
167,r/ChildfreeIndia,8271,Family and Relationships,t5_yiup2,1729698124.640467
168,r/comlex,8271,Learning and Education,t5_3ceqa,1729698124.663372
169,r/HYMCStock,8271,"Business, Economics, and Finance",t5_60e8tu,1729698124.6862102
170,r/slotcars,8271,Hobbies,t5_2t7o4,1729698124.709746
171,r/AcousticOriginals,8269,Music,t5_2t03d,1729698124.732446
172,r/scat,8269,Music,t5_2rtbc,1729698124.753713
173,r/Delraybeach,8268,Place,t5_2sw8s,1729698124.774695
174,r/yota,8268,Cars and Motor Vehicles,t5_2y68y,1729698124.79375
175,r/MCSXbox,8267,Marketplace and Deals,t5_3714y,1729698124.811817
176,r/therewasnoattempt,8266,Funny/Humor,t5_3ekg5,1729698124.829828
177,r/AdventureBike,8265,Cars and Motor Vehicles,t5_32mfc,1729698124.847855
178,r/lasers,8265,Technology,t5_2re2g,1729698124.865632
179,r/RenalCats,8265,Animals and Pets,t5_2xmoh,1729698124.8850272
180,r/ForbiddenBromance,8264,Activism,t5_25iisd,1729698124.904255
181,r/MaisonMargiela,8262,Fashion,t5_3nl6v,1729698124.9237812
182,r/HeimerdingerMains,8260,Gaming,t5_39cx3,1729698124.942847
183,r/skeletor,8259,Television,t5_2us0s,1729698124.9615948
184,r/Caddicarus,8257,Podcasts and Streamers,t5_2xzzx,1729698124.979421
185,r/Humanitydool,8257,Internet Culture and Memes,t5_41spc8,1729698124.99715
186,r/CoventryUni,8255,Learning and Education,t5_23utdc,1729698125.014687
187,r/GorouMains,8253,Gaming,t5_4iff4y,1729698125.0323489
188,r/TheBoopTroop,8253,Podcasts and Streamers,t5_5bkio4,1729698125.049907
189,r/catsincostumes,8252,Animals and Pets,t5_33swz,1729698125.067334
190,r/crosseyedcats,8251,Animals and Pets,t5_3623d,1729698125.084838
191,r/UFC3,8251,Gaming,t5_bvdgx,1729698125.1034272
192,r/AubreyMaturinSeries,8250,"Reading, Writing, and Literature",t5_2s9nf,1729698125.121291
193,r/bonnarootickets,8250,Marketplace and Deals,t5_2x8gd,1729698125.1386309
194,r/flaminglips,8250,Music,t5_2rni5,1729698125.15662
195,r/stormkingsthunder,8250,Tabletop Games,t5_gahhu,1729698125.1746619
196,r/Telfar,8250,Fashion,t5_3a2aqu,1729698125.19282
197,r/AbandonedNJ,8249,Place,t5_2vzdn,1729698125.2108831
198,r/AFIB,8247,Medical and Mental Health,t5_33e38,1729698125.229006
199,r/ERP,8247,Technology,t5_2slcm,1729698125.246576
200,r/Monster_Hunter_Rise,8247,Gaming,t5_34vb2a,1729698125.264035
201,r/scheme,8247,Programming,t5_2qhcm,1729698125.281251
202,r/420hightimes,8245,this community would serve as a medium to connect stoners all over the world. Check our pin post to visit our telegram channel and see some of our best strains ☘️💨,t5_4uyw7q,1729698125.2987268
203,r/TrigeminalNeuralgia,8245,Medical and Mental Health,t5_2s9y5,1729698125.318145
204,r/simplypodlogical,8243,Podcasts and Streamers,t5_2fg3w9,1729698125.337292
205,r/KeybaseProofs,8242,Technology,t5_32u6q,1729698125.356897
206,r/KanyeCulture,8240,Music,t5_8mg79q,1729698125.376229
207,r/KingdomsandCastles,8239,Gaming,t5_3hthl,1729698125.3981628
208,r/walmartogp,8239,Careers,t5_27umpm,1729698125.4176419
209,r/Jasmine_Chiswell_lies,8238,Celebrity,t5_583dq1,1729698125.437608
210,r/NikkoleTeja,8238,Celebrity,t5_6td4fl,1729698125.456959
211,r/theprimeagen,8238,Celebrity,t5_2twy41,1729698125.4764569
212,r/Backpackingstoves,8237,Outdoors and Nature,t5_2a5bb0,1729698125.495244
213,r/TheNightmareBeneath,8237,This subreddit is for pictures of fictional characters with the focus on an illustration of their hypothetical anatomical structure.,t5_3p9u5,1729698125.5140622
214,r/arlingtonva,8236,Place,t5_2s4vo,1729698125.532332
215,r/GoodDoctor,8236,Television,t5_3ojpt,1729698125.550414
216,r/marta_diaaz,8236,Mature Themes and Adult Content,t5_8r8uok,1729698125.5694551
217,r/ModelDigitals,8236,Celebrity,t5_38nl2m,1729698125.588095
218,r/DrillandBop,8235,Music,t5_31tdm,1729698125.6057322
219,r/RealRepLadies,8235,Fashion,t5_cafotu,1729698125.623242
220,r/UTV,8235,Cars and Motor Vehicles,t5_2uobg,1729698125.640502
221,r/WWENatalyaFans,8235,Mature Themes and Adult Content,t5_3gkwl,1729698125.6582131
222,r/WorkersComp,8234,Law,t5_2xzdn,1729698125.675976
223,r/bunnieswithhats,8233,Animals and Pets,t5_2y1bg,1729698125.694077
224,r/pleco,8233,Animals and Pets,t5_2wgim,1729698125.71188
225,r/southeastasia,8233,Travel,t5_2vc85,1729698125.72977
226,r/woolworths,8233,Careers,t5_2xfho,1729698125.7470999
227,r/AppleBandMarket,8232,Technology,t5_37u9s,1729698125.764527
228,r/CrappyRedesigns,8231,Internet Culture and Memes,t5_2uqmo3,1729698125.781666
229,r/Deconstruction,8231,Religion and Spirituality,t5_2rmkx,1729698125.79886
230,r/MadsMikkelsen,8230,Celebrity,t5_2xmqk,1729698125.816055
231,r/SpidermanPS5_,8230,Gaming,t5_8hhkpm,1729698125.833434
232,r/TexasChainsawMassacre,8230,Movies,t5_2u3dg,1729698125.85242
233,r/askegypt,8228,"Culture, Race, and Ethnicity",t5_4hfa1m,1729698125.871938
234,r/KaiOS,8227,Technology,t5_gj23z,1729698125.8926132
235,r/Seikowatchexchange,8227,Marketplace and Deals,t5_2n0gw6,1729698125.91292
236,r/lightweight,8226,Outdoors and Nature,t5_3brd1,1729698125.9326239
237,r/petthedamnfish,8226,Animals and Pets,t5_26u0ni,1729698125.951713
238,r/SamanthaHoopes,8226,Mature Themes and Adult Content,t5_31fdl,1729698125.9714198
239,r/StargirlTV,8226,Television,t5_m105c,1729698125.991689
240,r/BackroomsTheory,8223,Internet Culture and Memes,t5_2l35m0,1729698126.0113752
241,r/LDPlayerEmulator,8223,Technology,t5_1h1sgy,1729698126.0319319
242,r/puzzle,8221,Hobbies,t5_2qjaz,1729698126.052623
243,r/minimalistphotography,8220,Art,t5_3g6je,1729698126.0721831
244,r/RenataMains,8220,Gaming,t5_5j82xu,1729698126.090156
245,r/atlanticcity,8219,Place,t5_2rj8l,1729698126.108195
246,r/ValerieLoureda,8218,Mature Themes and Adult Content,t5_121cdq,1729698126.1262631
247,r/ClinicalGenetics,8217,Science,t5_2u75m,1729698126.14558
248,r/DeathMustDie,8217,Gaming,t5_8qhoze,1729698126.16457
249,r/calm,8216,Outdoors and Nature,t5_2sdmn,1729698126.183285
