,subreddit,subscribers,topic,subreddit_id,time
0,r/doublesmoked,8216,Mature Themes and Adult Content,t5_34pibl,1729698138.748362
1,r/BelongsInAMuseum,8215,Internet Culture and Memes,t5_28uh95,1729698138.76998
2,r/MarvelContestOfChamps,8215,Gaming,t5_4xb13z,1729698138.788974
3,r/S23Ultra_Photography,8214,Technology,t5_7poj39,1729698138.8078651
4,r/Tortoises,8214,Animals and Pets,t5_2u0jx,1729698138.826853
5,r/Odoo,8213,Programming,t5_31uhr,1729698138.854465
6,r/dailygratitude,8212,Medical and Mental Health,t5_31mxm,1729698138.873348
7,r/HHKB,8212,Technology,t5_2x6gv,1729698138.89204
8,r/Squishmallowsforsale,8212,Marketplace and Deals,t5_41qtww,1729698138.910889
9,r/Eversoul,8211,Gaming,t5_5vdzow,1729698138.929673
10,r/LAjobs,8209,Careers,t5_2sj6i,1729698139.01936
11,r/WrestlingWomensBooty,8208,Mature Themes and Adult Content,t5_7ou77r,1729698139.038441
12,r/huntertheparenting,8207,Anime,t5_67espm,1729698139.072376
13,r/SunTzuSaidThat,8207,Funny/Humor,t5_26da51,1729698139.091399
14,r/GalaxyBook,8206,Technology,t5_3kw88,1729698139.110313
15,r/HarvestTown,8206,Gaming,t5_21s471,1729698139.129167
16,r/Creator,8205,Internet Culture and Memes,t5_2w5rt,1729698139.147872
17,r/wireshark,8205,Technology,t5_2v0ms,1729698139.166805
18,r/Bitburner,8204,Programming,t5_3lnua,1729698139.186162
19,r/AditiRaoHydari,8203,Celebrity,t5_33i9u,1729698139.205968
20,r/ownthedoge,8203,"You have arrived at the cultural institution of DOGE. Be part of the most famous piece of Internet history Own The Doge is a movement backed by the original Doge meme, endorsed by Atsuko Sato and the dog we all know and love, Kabosu. Our mission is to use the Doge meme and IP to pursue, propel and proliferate the ethos of D.O.G.E (Doing Only Good Everyday) ownthedoge.com",t5_5m6sxp,1729698139.225313
21,r/pinupart,8202,Art,t5_3k5ip,1729698139.2445729
22,r/OnlyBimbos,8201,"Bimbos are individuals who embrace their beauty and prioritize self-expression through fashion, makeup, and attitude. They empower themselves and others by challenging conventional norms and celebrating their unique style and confidence. We support bimbos by celebrating their self-confidence and advocating for their right to express themselves authentically without judgment.",t5_bxbftu,1729698139.264483
23,r/elhartistamag,8200,Mature Themes and Adult Content,t5_5b2846,1729698139.283366
24,r/FLVS,8200,Learning and Education,t5_2v6ey,1729698139.302367
25,r/Khorne,8200,Tabletop Games,t5_2ukzf,1729698139.321321
26,r/HollywoodReceipts,8199,Celebrity,t5_44q6zv,1729698139.34005
27,r/PassiveHouse,8199,Home and Garden,t5_2wl6v,1729698139.358639
28,r/program,8199,Programming,t5_2rvy6,1729698139.3771899
29,r/repcitykickz,8199,Fashion,t5_7vmk83,1729698139.395832
30,r/SwimmingMemes,8199,Internet Culture and Memes,t5_2uxuj,1729698139.4144561
31,r/StockInvest,8198,"Business, Economics, and Finance",t5_ftvlj,1729698139.433184
32,r/IrelandBaldwin,8197,Mature Themes and Adult Content,t5_2vloo,1729698139.4537652
33,r/partscounter,8197,Careers,t5_34a69,1729698139.4715168
34,r/satisfyingbeatdown,8197,Internet Culture and Memes,t5_cdx4lu,1729698139.489556
35,r/wgu_devs,8195,Learning and Education,t5_39m4n,1729698139.50887
36,r/Grizzzy,8194,Welcome to Grizzzy,t5_6rfmo9,1729698139.529016
37,r/MotivationAndMindset,8194,Medical and Mental Health,t5_bia7vr,1729698139.54781
38,r/macbookrepair,8193,Technology,t5_3ltwc,1729698139.566466
39,r/TomdayaUpdates,8192,Celebrity,t5_3ysntm,1729698139.5852082
40,r/WorldBuildingMemes,8192,Internet Culture and Memes,t5_51q11i,1729698139.603647
41,r/ArticulatedPlastic,8190,Hobbies,t5_37kg8,1729698139.622305
42,r/sanantoniofood,8190,Food and Drink,t5_2z0oc,1729698139.641112
43,r/emulator,8189,Gaming,t5_2vy4h,1729698139.659583
44,r/NootropicsDiscussions,8189,"There are trusted nootropics vendors like Highstreetpharma, Modafinia, Allmodafinil and there are scam vendors as well. There aren't many trustworthy people, but there are a lot of con artists and amateurs so be careful about who you deal with.",t5_8lplt5,1729698139.678101
45,r/ScarlettJohanssonFeet,8189,Mature Themes and Adult Content,t5_3xclkv,1729698139.696613
46,r/0xLend_Official,8188,0xLend is the first Lending Protocol on KuCoin Community Chain that supports the deposit and lending of crypto assets.,t5_698u7h,1729698139.715116
47,r/ConcordNC,8188,Place,t5_2ujrq,1729698139.73391
48,r/Fellowkidssuccess,8188,Internet Culture and Memes,t5_23uh9q,1729698139.753063
49,r/steamregionaltricks,8188,Gaming,t5_7t9d0a,1729698139.772228
50,r/themindyproject,8188,Television,t5_2ull8,1729698139.791081
51,r/berry0314,8187,Celebrity,t5_3azhsb,1729698139.809664
52,r/Flightreacts,8187,Podcasts and Streamers,t5_28lhqh,1729698139.828299
53,r/witchhouse,8187,"For sharing and discussing music witch house fans would enjoy. Witch house can mean a lot of things, so if you think it's relevant, just post it!",t5_2s89i,1729698139.847184
54,r/dailydoseofaww,8185,Animals and Pets,t5_5f9130,1729698139.86577
55,r/StockiOSSetups,8185,Technology,t5_3qz3oh,1729698139.884413
56,r/marshallsfinds,8184,Marketplace and Deals,t5_om2nx,1729698139.902994
57,r/SaladChefs,8184,Crypto,t5_qwslm,1729698139.9219358
58,r/MarioRPG,8183,Gaming,t5_2xo1l,1729698139.941498
59,r/holdmydashcam,8182,Funny/Humor,t5_146qm9,1729698139.961379
60,r/StarWarsCelebration,8182,Movies,t5_34akn,1729698139.9818351
61,r/KhopdiTodSaaleKi,8181,Mature Themes and Adult Content,t5_7c08i8,1729698140.001228
62,r/DragRaceThailand,8180,Television,t5_bu2iv,1729698140.019802
63,r/Zoroastrianism,8180,Religion and Spirituality,t5_2t77s,1729698140.0385768
64,r/cleanbeauty,8179,Beauty and Makeup,t5_3cbvk,1729698140.057201
65,r/COINOMI,8179,Crypto,t5_3eduv,1729698140.076139
66,r/ereps,8179,Technology,t5_bfpjth,1729698140.094951
67,r/mlmkalapom,8179,Podcasts and Streamers,t5_6u7gzj,1729698140.113645
68,r/baseballunis,8178,Sports,t5_g5lqk,1729698140.132361
69,r/RevolutionsPodcast,8178,Podcasts and Streamers,t5_3b7c0,1729698140.1508942
70,r/SurrealismArt,8178,Art,t5_33it9,1729698140.1697211
71,r/AftershockFestival,8176,Music,t5_3a7ds,1729698140.188571
72,r/StopDoingScience,8176,Internet Culture and Memes,t5_4c1ske,1729698140.207425
73,r/Motors,8175,Technology,t5_30fls,1729698140.22633
74,r/DnDoptimized,8173,Tabletop Games,t5_3i4p7r,1729698140.245078
75,r/Motorhead,8172,Music,t5_2r3a0,1729698140.264281
76,r/Homeorganization,8171,Home and Garden,t5_4jeeku,1729698140.283099
77,r/INTJfemale,8171,Family and Relationships,t5_3o0o8a,1729698140.301855
78,r/SoccerNoobs,8170,Sports,t5_326cz,1729698140.320158
79,r/FortnitePhotography,8168,Gaming,t5_hxk28,1729698140.339125
80,r/MenstrualDiscs,8168,Women's Health,t5_3jts4e,1729698140.357887
81,r/Mnemonics,8167,Learning and Education,t5_2rksx,1729698140.376365
82,r/Zeldatattoos,8167,Art,t5_2ti1c,1729698140.3949661
83,r/ebonybestie,8166,Welcome to ebonybestie,t5_az9lkm,1729698140.4134789
84,r/LewisMachineTool,8165,Mature Themes and Adult Content,t5_4517tp,1729698140.432319
85,r/chemtrails,8164,Science,t5_2qnov,1729698140.453461
86,r/Notary,8164,Law,t5_2t00v,1729698140.4728389
87,r/BruxellesMaBelle,8162,Place,t5_wsa4b,1729698140.4921641
88,r/CebuRestaurantReviews,8159,Food and Drink,t5_678ecx,1729698140.5112479
89,r/FishingAlberta,8159,Hobbies,t5_2xrug,1729698140.529931
90,r/BowlingGreen,8158,Place,t5_2ti8x,1729698140.548491
91,r/DragRace_Espana,8156,Television,t5_3ls3uc,1729698140.566981
92,r/axolotl,8154,Animals and Pets,t5_38wib,1729698140.58562
93,r/Housepainting101,8154,Home and Garden,t5_3jhmv,1729698140.6043992
94,r/AAP01owners,8153,Hobbies,t5_364wnv,1729698140.62322
95,r/apink,8152,Music,t5_2tdvs,1729698140.641953
96,r/BianncaPrinceHood,8152,Mature Themes and Adult Content,t5_9hlajs,1729698140.660188
97,r/AroAllo,8150,Gender,t5_2hu4h4,1729698140.678963
98,r/PriusPrime,8150,Cars and Motor Vehicles,t5_3gpxn,1729698140.69781
99,r/LGBT_Muslims,8148,Religion and Spirituality,t5_vp6c1,1729698140.7165859
100,r/Referees,8148,Sports,t5_2sq2q,1729698140.735268
101,r/Stranger_Things,8148,"""You're all so nerdy, it makes me physically ill."" — Erica Sinclair",t5_3ivrp,1729698140.7539861
102,r/WeGold,8148,WeGold empowers the individual to pay and earn from travelling on WEGOGO platform - a decentralized fair-share travel ecosystem!,t5_i8gpb,1729698140.7730381
103,r/loltero,8145,Funny/Humor,t5_a5750,1729698140.792097
104,r/TriptiDimrihub,8145,Celebrity,t5_84aqti,1729698140.810823
105,r/gdansk,8144,Place,t5_2vwh0,1729698140.829451
106,r/NWT,8143,Place,t5_2scnd,1729698140.848224
107,r/biblereading,8142,Religion and Spirituality,t5_30xvn,1729698140.866804
108,r/ikhadeenberoerte,8142,Funny/Humor,t5_y9004,1729698140.88532
109,r/nense,8142,Sports,t5_3ev96,1729698140.904265
110,r/SelfHate,8142,Medical and Mental Health,t5_2wihz,1729698140.924011
111,r/Stampylongnose,8142,Podcasts and Streamers,t5_2ztjx,1729698141.0744379
112,r/wholesomesurrealmemes,8142,Internet Culture and Memes,t5_3jrtu,1729698141.098161
113,r/IDontWorkHere,8141,Meta/Reddit,t5_319nt,1729698141.119663
114,r/traktorpro,8141,Music,t5_2rhdd,1729698141.1408262
115,r/dhmtb,8140,Sports,t5_2tvoa,1729698141.1619132
116,r/ECG,8140,Careers,t5_2vdmg,1729698141.1918578
117,r/SanDiegoJobs,8140,Place,t5_2sawx,1729698141.210769
118,r/SoiFonFromBleach,8140,Mature Themes and Adult Content,t5_2iloxj,1729698141.2296262
119,r/PleaseCallMe,8138,Family and Relationships,t5_3mrui,1729698141.2484312
120,r/SeductiveICECloudz,8138,Mature Themes and Adult Content,t5_9n22t8,1729698141.267468
121,r/UCD,8137,Learning and Education,t5_2sp9z,1729698141.3442152
122,r/cybersecurity_news,8136,Technology,t5_4uywx6,1729698141.363242
123,r/FictoLove,8136,Sexual Orientation,t5_8ap68n,1729698141.389617
124,r/LostArchitecture,8136,Art,t5_3l2x3,1729698141.4077299
125,r/JeffLewisSirius,8135,Podcasts and Streamers,t5_838cj5,1729698141.426313
126,r/Tradingcards,8135,Hobbies,t5_2sgba,1729698141.444917
127,r/CARTOON,8133,Podcasts and Streamers,t5_2qpgv,1729698141.465698
128,r/MonkieKid,8133,Television,t5_2o08eq,1729698141.4848142
129,r/bisq,8131,Crypto,t5_3j87m,1729698141.504239
130,r/GermanRoaches,8131,Home and Garden,t5_2gio5k,1729698141.5231302
131,r/LostArkEU,8131,Gaming,t5_3n0uef,1729698141.541955
132,r/TheBlueBoxConspiracy,8131,Gaming,t5_4maaqj,1729698141.560529
133,r/Soap,8130,Crafts and DIY,t5_2sv7l,1729698141.579369
134,r/SpiderVerse,8130,Movies,t5_k3z7o,1729698141.597961
135,r/hedgefund,8129,"Business, Economics, and Finance",t5_2tnmz,1729698141.616807
136,r/daveandchuckthefreak,8128,Podcasts and Streamers,t5_2yc6i,1729698141.6355479
137,r/wastelandwarfare,8128,Tabletop Games,t5_3k48n,1729698141.654238
138,r/QtFramework,8125,Programming,t5_2sh0k,1729698141.6727428
139,r/BraumMains,8124,Gaming,t5_38pju,1729698141.69153
140,r/SwtorFashion,8124,Gaming,t5_3k5qs,1729698141.711448
141,r/GhostAndMollyMcGee,8123,Television,t5_35yhfu,1729698141.732625
142,r/providers4syncler,8122,Technology,t5_3c3yv7,1729698141.7513862
143,r/WordsWithFriends,8122,Gaming,t5_2rzdy,1729698141.7703722
144,r/PsychWardChronicles,8121,Medical and Mental Health,t5_37jmg,1729698141.78936
145,r/BigBankTrend,8120,Mature Themes and Adult Content,t5_3w8teo,1729698141.807955
146,r/SmallYoutuber,8119,Podcasts and Streamers,t5_2ysog,1729698141.826495
147,r/xSMA333,8119,هنا ميمز المكسيكي نتمنى منكم تنزلون ميمز تخص محمد المكسيكي فقط,t5_48umnc,1729698141.845315
148,r/3dprint,8118,Technology,t5_2t79a,1729698141.864127
149,r/Colorguard,8118,Sports,t5_2u7f0,1729698141.883965
150,r/HappyUpvote,8118,Funny/Humor,t5_155pc2,1729698141.902246
151,r/yesyesyesdamn,8117,"yesyesyesdamn- A subreddit for anything (quotes, news, videos, commercial products, etc.) that start off strong with high expectations but in the end ultimately disappoint and go up in flames one way or another making you go... Damn",t5_3069c,1729698141.921073
152,r/Clickworker,8116,Careers,t5_2vts4,1729698141.940085
153,r/HoosiersBasketball,8116,Sports,t5_2gd0u3,1729698141.960774
154,r/Storyboarding,8116,Careers,t5_33leu,1729698141.979989
155,r/IndianDankTemplates,8115,Internet Culture and Memes,t5_5wee9g,1729698141.999347
156,r/IndianJoker,8115,Internet Culture and Memes,t5_2budk6,1729698142.018668
157,r/RogueLegacy,8115,Gaming,t5_2x0uz,1729698142.037628
158,r/yourfavoritemartian,8115,Podcasts and Streamers,t5_2wfzl,1729698142.05614
159,r/adobeanimate,8114,Technology,t5_3cfks,1729698142.075114
160,r/aithesomniumfiles,8114,Gaming,t5_zz4jm,1729698142.0938601
161,r/ADHD_LPT,8113,Medical and Mental Health,t5_3mt8ux,1729698142.112641
162,r/FellasPodcast,8112,Podcasts and Streamers,t5_5d0ktc,1729698142.131387
163,r/InfertilitySucks,8112,Medical and Mental Health,t5_32qt5,1729698142.150084
164,r/Rumblemains,8112,Gaming,t5_34mvx,1729698142.168695
165,r/paths,8110,Outdoors and Nature,t5_3cepq,1729698142.189018
166,r/kpopbetas,8109,Mature Themes and Adult Content,t5_8zrcf4,1729698142.207704
167,r/bbs,8108,Technology,t5_2qu11,1729698142.2264042
168,r/MoonShotsCrypto,8108,Crypto,t5_47o8to,1729698142.244985
169,r/blackadder,8107,Television,t5_2s9m4,1729698142.264111
170,r/Racket,8107,Programming,t5_2rjn1,1729698142.283417
171,r/ImogenPoots,8106,Celebrity,t5_2vvjd,1729698142.30227
172,r/JailbreakSwap,8105,Technology,t5_3es9v,1729698142.320904
173,r/pinoybigbrother,8105,Television,t5_38q7m,1729698142.339832
174,r/TheJediPraxeum,8105,Movies,t5_2hjt3p,1729698142.358273
175,r/MicrowaveTooHigh,8104,Home and Garden,t5_bcr50u,1729698142.376946
176,r/smokingcrabs,8104,Internet Culture and Memes,t5_2w36l,1729698142.395478
177,r/DinosaursMTG,8102,Tabletop Games,t5_2iy0w8,1729698142.414381
178,r/gapyear,8102,Learning and Education,t5_2tzxk,1729698142.4332879
179,r/poecilia,8102,Animals and Pets,t5_32io0,1729698142.452526
180,r/Miixeddolllover,8101,Mature Themes and Adult Content,t5_9bxlw6,1729698142.4726322
181,r/ImaginaryDisney,8100,Art,t5_308qf,1729698142.4917078
182,r/historyofmedicine,8099,History,t5_2vvx2,1729698142.510756
183,r/classicalpiano,8098,Music,t5_2y09u,1729698142.529772
184,r/hegel,8098,Ethics and Philosophy,t5_2rdn0,1729698142.548515
185,r/transfem,8098,Gender,t5_wzo9m,1729698142.567462
186,r/thrive,8097,Gaming,t5_2stu8,1729698142.586345
187,r/Rimowa,8096,Fashion,t5_3c0ra,1729698142.604921
188,r/whenitgoesin_,8096,Sensual Dick-into-Pussy captures only. No sex toys. r/whenitgoesin revamp.,t5_amh664,1729698142.623724
189,r/Elisemains,8095,Gaming,t5_38dyq,1729698142.6421928
190,r/kurdish,8095,Learning and Education,t5_33u1s,1729698142.661898
191,r/muslimculture,8095,Religion and Spirituality,t5_12rumi,1729698142.680456
192,r/entgaming,8094,Gaming,t5_2snfu,1729698142.699208
193,r/pokerrrr2,8094,Mature Themes and Adult Content,t5_mg7bu,1729698142.718103
194,r/adelaidefc,8092,Sports,t5_2v92s,1729698142.736736
195,r/Ouija_irl,8092,Internet Culture and Memes,t5_3k7z8,1729698142.755285
196,r/ThekinkPlace,8092,Mature Themes and Adult Content,t5_3yxwi2,1729698142.7742789
197,r/badomensband,8091,Music,t5_5vny9g,1729698142.793229
198,r/jayz,8091,Music,t5_2so00,1729698142.812105
199,r/TurboGrafx,8091,Gaming,t5_2zjza,1729698142.830705
200,r/bern,8089,Place,t5_2rs71,1729698142.8496141
201,r/NAIT,8089,Learning and Education,t5_2spah,1729698142.868672
202,r/Sex_Positivity,8089,Family and Relationships,t5_7hqrps,1729698142.887294
203,r/coinloan,8087,Crypto,t5_3p621,1729698142.9059699
204,r/Anytype,8084,Technology,t5_2j94v7,1729698142.924542
205,r/Beck,8084,Music,t5_2s2su,1729698142.943261
206,r/knooking,8083,Crafts and DIY,t5_369r2,1729698142.963658
207,r/uiowa,8083,Learning and Education,t5_2rflf,1729698142.9830022
208,r/ConspiracyPsychology,8082,Science,t5_3bfa9t,1729698143.0025642
209,r/RamiaYana,8081,Anime,t5_3xf7i5,1729698143.0214632
210,r/SketchComedy,8080,Funny/Humor,t5_2r1yk,1729698143.040372
211,r/faceshapeapp,8079,Beauty and Makeup,t5_23t2oy,1729698143.05921
212,r/celbit,8078,É r/cellbits burrão,t5_v01ap,1729698143.077751
213,r/PolyBridge,8076,Gaming,t5_3924m,1729698143.096498
214,r/Sexy4KWallpaper,8076,Mature Themes and Adult Content,t5_82sn41,1729698143.115038
215,r/xplane11,8076,Gaming,t5_3i6zr,1729698143.134701
216,r/Alessia_Lanza,8075,Celebrity,t5_78be4l,1729698143.153197
217,r/BelVethMains,8075,Gaming,t5_5j85i6,1729698143.172235
218,r/lofihouse,8075,Music,t5_3e8h9,1729698143.191124
219,r/nesoberi,8075,Hobbies,t5_4goeq,1729698143.209884
220,r/NSYNC,8075,Music,t5_2xa2w,1729698143.228775
221,r/alevelmaths,8074,Science,t5_2z1ot,1729698143.24719
222,r/coincidence,8074,Internet Culture and Memes,t5_2s64y,1729698143.266216
223,r/plantID,8074,Home and Garden,t5_2tvle,1729698143.284845
224,r/TravisKelceSnark,8073,Sports,t5_9la4zx,1729698143.303673
225,r/ArchaeologyMemes,8072,History,t5_2xbak,1729698143.322376
226,r/BrandMains,8072,Gaming,t5_390dg,1729698143.340981
227,r/GirlsFinishingJob,8072,Internet Culture and Memes,t5_3irkz,1729698143.360099
228,r/PokeGenie,8072,Gaming,t5_3i252,1729698143.378677
229,r/bearclawnipplegifs,8071,"Gifs of Kocoum, otherwise known as Bearclaw Nipples.",t5_38uqn,1729698143.39732
230,r/doorkickers,8070,Gaming,t5_2wpty,1729698143.416138
231,r/KochWatch,8070,Politics,t5_e0jgm,1729698143.4342022
232,r/MinecraftHardcore,8070,Gaming,t5_2sxd4,1729698143.452836
233,r/Bixbyroutines,8069,Technology,t5_xphkm,1729698143.473315
234,r/CurseOfAros,8069,Gaming,t5_p62rs,1729698143.492508
235,r/TheMidnight,8069,Music,t5_3kd2m,1729698143.511799
236,r/BlackCloverMobile,8068,Gaming,t5_5im6f0,1729698143.5305479
237,r/mapleservers,8068,Gaming,t5_sfiu9,1729698143.549063
238,r/NicoleKidman,8068,Celebrity,t5_2vtdp,1729698143.567229
239,r/canadia,8067,Place,t5_2qt7t,1729698143.585245
240,r/FavoriteMedia,8067,Hobbies,t5_40toq1,1729698143.604335
241,r/AirConditioners,8066,Home and Garden,t5_2w26a,1729698143.622964
242,r/Tenerife,8065,Place,t5_2wft1,1729698143.641081
243,r/ChurchOfNaoto,8064,Anime,t5_32nbn,1729698143.659342
244,r/monerosupport,8063,Crypto,t5_3ippx,1729698143.6777349
245,r/SamONella,8062,Podcasts and Streamers,t5_29o8dc,1729698143.696492
246,r/FansOfsaUCE,8061,Gaming,t5_2adwbj,1729698143.715364
247,r/WW2Photographs,8061,History,t5_2urt7,1729698143.73367
248,r/showerthoughs,8060,Funny/Humor,t5_34ocp,1729698143.7520452
249,r/Irumachi,8059,Anime,t5_27bl92,1729698143.770703
