,subreddit,subscribers,topic,subreddit_id,scraped_utc
0,r/proplifting,251421,Home and Garden,t5_3ptyf,1730745899.464465
1,r/fastfood,251401,Food and Drink,t5_2qiuz,1730745899.518514
2,r/BigBrother,251399,Television,t5_2r4zz,1730745899.5421271
3,r/bassfishing,251312,Hobbies,t5_2quue,1730745899.565851
4,r/sciencefiction,251294,"Reading, Writing, and Literature",t5_2rib5,1730745899.586079
5,r/Lovecraft,250940,"Reading, Writing, and Literature",t5_2qjt4,1730745899.615337
6,r/beatles,250923,Music,t5_2qt7l,1730745899.63589
7,r/ShroomID,250726,Learning and Education,t5_2xpli,1730745899.655869
8,r/robotics,250240,Technology,t5_2qh0p,1730745899.675794
9,r/maximalism,250161,Home and Garden,t5_2vpe6,1730745899.6961122
10,r/Residency,249927,Careers,t5_2t8qv,1730745899.758801
11,r/SpotifyPlaylists,249748,Music,t5_2szwj,1730745899.7793212
12,r/comicbookmovies,249669,Movies,t5_2qx71,1730745899.8057768
13,r/romemes,249610,Funny/Humor,t5_fv831,1730745899.825752
14,r/suns,249365,Sports,t5_2szvb,1730745899.846111
15,r/KneadyCats,249328,Animals and Pets,t5_3gtur,1730745899.866548
16,r/learnspanish,249319,Learning and Education,t5_2rd6d,1730745899.886736
17,r/titanfolk,249238,"Reading, Writing, and Literature",t5_ioe0d,1730745899.9068182
18,r/McMansionHell,249232,Home and Garden,t5_3mscn,1730745899.927548
19,r/FallenOrder,249177,Gaming,t5_k8d8d,1730745899.9484239
20,r/blackdesertonline,249084,Gaming,t5_2w6ir,1730745899.9675379
21,r/bookshelf,249076,Home and Garden,t5_2s9t6,1730745899.9867158
22,r/drums,248940,Music,t5_2qie5,1730745900.005675
23,r/christmas,248917,"Culture, Race, and Ethnicity",t5_2qi2n,1730745900.025782
24,r/HonkaiStarRail_leaks,248541,Gaming,t5_55njyr,1730745900.044796
25,r/Papaplatte,248410,Podcasts and Streamers,t5_xwqca,1730745900.063461
26,r/Edinburgh,248360,Place,t5_2rffi,1730745900.083288
27,r/OnlyFansReviews,248337,Mature Themes and Adult Content,t5_3odb7,1730745900.105834
28,r/southafrica,248158,Place,t5_2qney,1730745900.125864
29,r/Stormlight_Archive,247939,"Reading, Writing, and Literature",t5_2sq9v,1730745900.1456058
30,r/ClothedCurves,247935,Mature Themes and Adult Content,t5_2xlmop,1730745900.16701
31,r/airfryer,247934,Food and Drink,t5_33pim,1730745900.187244
32,r/maryland,247779,Place,t5_2qnnv,1730745900.205889
33,r/Pikabu,247478,Internet Culture and Memes,t5_2tzr0,1730745900.224561
34,r/nosurf,247461,Addiction Support,t5_2st2y,1730745900.243239
35,r/Visiblemending,247402,Crafts and DIY,t5_wfdvn,1730745900.262105
36,r/AskMechanics,247145,Learning and Education,t5_2vsnf,1730745900.2808151
37,r/Finland,246600,Place,t5_2qztz,1730745900.29954
38,r/software,246549,Technology,t5_2qh19,1730745900.3182359
39,r/animalid,246533,Animals and Pets,t5_2s27w,1730745900.337193
40,r/trailmeals,246410,Food and Drink,t5_2t6xo,1730745900.358346
41,r/infp,246221,Ethics and Philosophy,t5_2qn2o,1730745900.3792808
42,r/nier,246044,Gaming,t5_2w4iz,1730745900.399931
43,r/bikewrench,245974,Hobbies,t5_2sje0,1730745900.419093
44,r/JRPG,245736,Gaming,t5_2quw1,1730745900.436522
45,r/Egypt,245491,Place,t5_2ql2m,1730745900.453998
46,r/firstimpression,245463,Meta/Reddit,t5_2sg6k,1730745900.471342
47,r/Cryptozoology,245420,Internet Culture and Memes,t5_2qyez,1730745900.488724
48,r/PokemonGoSpoofing,245269,Gaming,t5_3fekc,1730745900.506067
49,r/LowSodiumCyberpunk,245084,Gaming,t5_3jhabn,1730745900.5234828
50,r/GlowUps,244943,Beauty and Makeup,t5_ruinb,1730745900.540694
51,r/farcry,244820,Gaming,t5_2st42,1730745900.560016
52,r/Miami,244770,Place,t5_2qi76,1730745900.5822148
53,r/writers,244740,"Reading, Writing, and Literature",t5_2r1ti,1730745900.657074
54,r/Mid_Century,244551,Home and Garden,t5_2syz6,1730745900.678472
55,r/GoNets,244395,Sports,t5_2sro2,1730745900.70224
56,r/Etsy,244153,Marketplace and Deals,t5_2qq24,1730745900.72249
57,r/volleyball,244128,Sports,t5_2rcxy,1730745900.742774
58,r/PSVR,244101,Gaming,t5_3102i,1730745900.766453
59,r/PhoenixSC,243817,Podcasts and Streamers,t5_m6qqr,1730745900.7895832
60,r/airplaneears,243758,Animals and Pets,t5_hwe5w,1730745900.811161
61,r/rockhounds,243713,Hobbies,t5_2rbfx,1730745900.831934
62,r/ElectricalEngineering,243702,Science,t5_2sey9,1730745900.853688
63,r/Bellapoarch,243573,Mature Themes and Adult Content,t5_31s798,1730745900.8751879
64,r/IndianCinema,243298,Movies,t5_2t24o,1730745900.895919
65,r/diamondpainting,243281,Crafts and DIY,t5_3fbdu,1730745900.9164958
66,r/Serverlife,243014,Careers,t5_31zbw,1730745900.9589372
67,r/gamedesign,242778,Gaming,t5_2qimq,1730745900.9828322
68,r/canadahousing,242706,Activism,t5_425dri,1730745901.003437
69,r/gif,242662,Internet Culture and Memes,t5_2qmfx,1730745901.0241878
70,r/CompTIA,242584,Learning and Education,t5_2skgs,1730745901.046015
71,r/askTO,242440,Place,t5_2xjsd,1730745901.065942
72,r/scaryeddie,242387,Internet Culture and Memes,t5_6pepzo,1730745901.084801
73,r/androiddev,242329,Technology,t5_2r26y,1730745901.103467
74,r/TopSecretRecipes,242129,Food and Drink,t5_3e7xo,1730745901.12199
75,r/Songwriters,242074,Music,t5_2qtpz,1730745901.1406798
76,r/ArtistLounge,242040,Art,t5_2yjxy,1730745901.159412
77,r/MensLib,242007,Men's Health,t5_38jid,1730745901.179517
78,r/whatintarnation,241886,Internet Culture and Memes,t5_3irjz,1730745901.198197
79,r/IncreasinglyVerbose,241786,Internet Culture and Memes,t5_3i5tr,1730745901.21673
80,r/Slovakia,241679,Place,t5_2qyjb,1730745901.235584
81,r/fashionph,241563,Fashion,t5_3jb9xo,1730745901.253941
82,r/opensource,241471,Technology,t5_2qh4n,1730745901.272624
83,r/vanderpumprules,241324,Television,t5_302zw,1730745901.2929542
84,r/namethatcar,241266,Cars and Motor Vehicles,t5_2ykjl,1730745901.313233
85,r/MuayThai,241252,Sports,t5_2r60y,1730745901.3332639
86,r/lies,241122,Funny/Humor,t5_2qloj,1730745901.3521101
87,r/transtimelines,241118,Gender,t5_2u0oa,1730745901.37061
88,r/TVTooHigh,240899,Home and Garden,t5_26mowr,1730745901.389498
89,r/iOSBeta,240512,Technology,t5_2sjys,1730745901.408242
90,r/deliciouscompliance,240506,Food and Drink,t5_3i00e,1730745901.426869
91,r/ACQR,240439,Gaming,t5_2xd2g,1730745901.4456089
92,r/gamingpc,240298,Gaming,t5_2sq2y,1730745901.464428
93,r/tijuana,240293,Place,t5_2qk9t,1730745901.4829152
94,r/aspiememes,239867,Internet Culture and Memes,t5_aeo7s,1730745901.5015638
95,r/consoles,239846,Gaming,t5_2qxn6,1730745901.520139
96,r/DeathStranding,239842,Gaming,t5_3f19t,1730745901.53865
97,r/ImaginaryWesteros,239736,Art,t5_2zkop,1730745901.557142
98,r/deals,239711,Marketplace and Deals,t5_2qir9,1730745901.57598
99,r/ObscureMedia,239706,Movies,t5_2rgdp,1730745901.594762
100,r/facebook,239468,Technology,t5_2qh8o,1730745901.61333
101,r/Dashcam,239191,Cars and Motor Vehicles,t5_2ties,1730745901.6321
102,r/IndianSkincareAddicts,238952,Beauty and Makeup,t5_gx07z,1730745901.652256
103,r/GlamourSchool,238875,Beauty and Makeup,t5_2dpu97,1730745901.671031
104,r/SonyAlpha,238725,Art,t5_2si08,1730745901.689493
105,r/battlefield2042,238660,Gaming,t5_3ocea6,1730745901.708231
106,r/swtor,238639,Gaming,t5_2qxih,1730745901.7265432
107,r/firstmarathon,238637,Fitness and Nutrition,t5_2xq8o,1730745901.745476
108,r/talesfromcallcenters,238533,Careers,t5_2urem,1730745901.764129
109,r/secretcompartments,238532,Crafts and DIY,t5_3ge9x,1730745901.78276
110,r/2westerneurope4u,238330,"Culture, Race, and Ethnicity",t5_66zq15,1730745901.801148
111,r/MrRobot,238306,Television,t5_37dnc,1730745901.819659
112,r/GymPawg,238286,Mature Themes and Adult Content,t5_6r56z5,1730745901.8385239
113,r/Indianbooks,238247,"Reading, Writing, and Literature",t5_2tiju,1730745901.8560221
114,r/InclusiveOr,238232,Internet Culture and Memes,t5_gsy4u,1730745901.873179
115,r/GothGirls,238115,Fashion,t5_2v5ap,1730745901.890452
116,r/Wordpress,238024,Programming,t5_2qhjq,1730745901.907789
117,r/TwoRedditorsOneCup,238013,Meta/Reddit,t5_3577y,1730745901.925298
118,r/Monopoly_GO,237938,Gaming,t5_7zifh8,1730745901.942622
119,r/TikTok,237769,Funny/Humor,t5_34883,1730745901.960054
120,r/NoLawns,237351,Home and Garden,t5_u037o,1730745901.977412
121,r/astrologymemes,237209,Internet Culture and Memes,t5_3ndue,1730745901.994647
122,r/lockpicking,237205,Hobbies,t5_2qh7k,1730745902.011977
123,r/Entomology,237180,Science,t5_2qygr,1730745902.029377
124,r/InternetPH,236989,Technology,t5_wsr3a,1730745902.0466402
125,r/askcarsales,236830,Cars and Motor Vehicles,t5_2vhkv,1730745902.063909
126,r/thecatdimension,236813,Animals and Pets,t5_39hkk,1730745902.0823412
127,r/riskofrain,236653,Gaming,t5_2wi6h,1730745902.101988
128,r/LocalLLaMA,236646,Technology,t5_81eyvm,1730745902.119875
129,r/Presidents,236642,History,t5_2qwlm,1730745902.1371992
130,r/polls,236585,Meta/Reddit,t5_2qh65,1730745902.154507
131,r/Monitors,236556,Technology,t5_2ts2a,1730745902.171937
132,r/Mandalorian,236537,Television,t5_2toao,1730745902.191181
133,r/PinoyProgrammer,236512,Programming,t5_33gof,1730745902.210599
134,r/JustUnsubbed,236453,Meta/Reddit,t5_34bcl,1730745902.228957
135,r/LegalAdviceEurope,236422,Law,t5_21xbu6,1730745902.247728
136,r/Animey,236413,Anime,t5_118l32,1730745902.266525
137,r/AustralianPolitics,236239,Politics,t5_2snwr,1730745902.284079
138,r/cookiedecorating,236232,Food and Drink,t5_2xe5x,1730745902.3016288
139,r/HungryArtists,236102,Art,t5_2wx1w,1730745902.319426
140,r/Ubuntu,235991,Technology,t5_2qh62,1730745902.336993
141,r/IndianHistory,235945,History,t5_2vzxs,1730745902.3547468
142,r/ChatGPTPromptGenius,235787,Technology,t5_7oabud,1730745902.372215
143,r/DivinityOriginalSin,235745,Gaming,t5_2x1t5,1730745902.390673
144,r/Tiresaretheenemy,235583,Funny/Humor,t5_3576x,1730745902.4104729
145,r/Israel,235547,Place,t5_2qhvo,1730745902.431306
146,r/Gundam,234901,Television,t5_2sjr4,1730745902.451065
147,r/pittsburgh,234809,Place,t5_2qhrn,1730745902.470907
148,r/GIMP,234635,Technology,t5_2que6,1730745902.489524
149,r/TedLasso,234609,Television,t5_26lae1,1730745902.506859
150,r/nashville,234604,Place,t5_2qimh,1730745902.524207
151,r/redditrequest,234376,Meta/Reddit,t5_2rlnw,1730745902.541646
152,r/WeirdWheels,234373,Cars and Motor Vehicles,t5_31dn6,1730745902.5606122
153,r/FIREUK,234356,"Business, Economics, and Finance",t5_39jiw,1730745902.5781171
154,r/spiderbro,234213,Animals and Pets,t5_2swdx,1730745902.596042
155,r/RedditInTheKitchen,233857,Food and Drink,t5_2dpthm,1730745902.615843
156,r/KeepWriting,233643,"Reading, Writing, and Literature",t5_2tl2y,1730745902.635742
157,r/wnba,233443,Sports,t5_2sk8b,1730745902.6553159
158,r/Thatsactuallyverycool,233387,Internet Culture and Memes,t5_2gxqvk,1730745902.675314
159,r/itsaunixsystem,233291,Technology,t5_2xxaq,1730745902.6947808
160,r/AnimeMeme,232554,Anime,t5_2wdgo,1730745902.7123468
161,r/curlygirl,232552,Beauty and Makeup,t5_3gm54,1730745902.729772
162,r/Catholicism,232262,Religion and Spirituality,t5_2qi4f,1730745902.7471502
163,r/Lost_Architecture,232236,History,t5_3l7lg,1730745902.764645
164,r/UPSC,232125,Learning and Education,t5_2tcq6,1730745902.782015
165,r/triathlon,232002,Sports,t5_2qhyh,1730745902.799389
166,r/Fishingmemes,231940,Hobbies,t5_utbgx,1730745902.816695
167,r/BreakfastFood,231912,Food and Drink,t5_2sk2y,1730745902.834205
168,r/CBSE,231785,Careers,t5_2qt79,1730745902.8517199
169,r/Scary,231585,Mature Themes and Adult Content,t5_2ql2q,1730745902.87727
170,r/Drizzy,231526,Music,t5_2z4xo,1730745902.9036329
171,r/pagan,231429,Religion and Spirituality,t5_2rmnm,1730745902.922709
172,r/Mosses,231024,Outdoors and Nature,t5_36hg6,1730745902.9416058
173,r/sploot,230893,Animals and Pets,t5_37kco,1730745902.961959
174,r/redditmoment,230813,Meta/Reddit,t5_10xdjv,1730745902.9806879
175,r/ExperiencedDevs,230766,Programming,t5_e0gez,1730745903.000829
176,r/MLBTheShow,230654,Sports,t5_2tjde,1730745903.0208309
177,r/submarines,230530,Military,t5_2s3g2,1730745903.039831
178,r/ManchesterUnited,230386,Sports,t5_2r3io,1730745903.058788
179,r/amazon,230198,Technology,t5_2qjnx,1730745903.077589
180,r/Appalachia,230193,Place,t5_2r9x7,1730745903.0965602
181,r/mtg,230162,Tabletop Games,t5_2qhnp,1730745903.115113
182,r/ender3,229968,Technology,t5_i3pca,1730745903.1337159
183,r/kittens,229798,Animals and Pets,t5_2qn3z,1730745903.152195
184,r/Machinists,229699,Careers,t5_2s1ie,1730745903.1709828
185,r/CanadaPolitics,229578,Politics,t5_2s4gt,1730745903.190621
186,r/HollowKnightMemes,229384,Gaming,t5_j958e,1730745903.210133
187,r/masterhacker,229314,Internet Culture and Memes,t5_3eo2g,1730745903.2285051
188,r/Shortsqueeze,229252,"Business, Economics, and Finance",t5_2qaj0q,1730745903.2462878
189,r/SnapshotHistory,229190,History,t5_7o6ere,1730745903.2666602
190,r/ageofsigmar,229143,Tabletop Games,t5_38pa9,1730745903.2841039
191,r/XXXTENTACION,228888,Music,t5_3ecrg,1730745903.301648
192,r/overlanding,228746,Travel,t5_2sm62,1730745903.318798
193,r/recipegifs,228670,Food and Drink,t5_38vv1,1730745903.33628
194,r/NBASpurs,228636,Sports,t5_2s53b,1730745903.3535218
195,r/JeffArcuri,228605,Funny/Humor,t5_740oig,1730745903.370971
196,r/mspaint,227996,Art,t5_2r370,1730745903.388288
197,r/SpeedOfLobsters,227882,Internet Culture and Memes,t5_opcpz,1730745903.405735
198,r/Letterboxd,227781,Movies,t5_2vts7,1730745903.425188
199,r/miamidolphins,227759,Sports,t5_2s20n,1730745903.442934
200,r/F1Game,227586,Gaming,t5_33sdn,1730745903.460223
201,r/JuiceWRLD,227367,Music,t5_gm2ug,1730745903.477504
202,r/coins,227246,Hobbies,t5_2qhuq,1730745903.496316
203,r/papgrappen,227179,Funny/Humor,t5_31t2z,1730745903.513482
204,r/NewSkaters,227121,Sports,t5_2tqri,1730745903.5309381
205,r/Mountaineering,226870,Hobbies,t5_2tbyb,1730745903.54824
206,r/darkestdungeon,226837,Gaming,t5_2znp4,1730745903.565629
207,r/Georgia,226711,Place,t5_2ql6n,1730745903.5828302
208,r/SexyButNotNude,226632,Mature Themes and Adult Content,t5_75rqq0,1730745903.600169
209,r/DnDHomebrew,226187,Tabletop Games,t5_2xzpc,1730745903.617968
210,r/dataengineering,226141,Programming,t5_36en4,1730745903.637873
211,r/murdermittens,225952,Animals and Pets,t5_dgeh6,1730745903.658192
212,r/whatisit,225893,Learning and Education,t5_2r397,1730745903.679591
213,r/SampleSize,225822,Science,t5_2tlqg,1730745903.6972091
214,r/tretinoin,225647,Medical and Mental Health,t5_31nsz,1730745903.714962
215,r/surrealism,225565,Art,t5_2ratq,1730745903.73294
216,r/Youtooz,225502,Hobbies,t5_w5oni,1730745903.7504508
217,r/badUIbattles,225495,Programming,t5_lpjvv,1730745903.769472
218,r/kettlebell,225327,Fitness and Nutrition,t5_2rpqv,1730745903.7891462
219,r/IndieDev,225164,Programming,t5_2t1dz,1730745903.809015
220,r/questions,225097,Learning and Education,t5_2qici,1730745903.8287182
221,r/ChineseLanguage,225091,Learning and Education,t5_2qyz1,1730745903.848479
222,r/sanantonio,225063,Place,t5_2qqch,1730745903.868804
223,r/Tecnologia,225057,Technology,t5_2qm9x,1730745903.888791
224,r/drones,224941,Technology,t5_2rudk,1730745903.908017
225,r/quilting,224869,Crafts and DIY,t5_2rjcg,1730745903.9263842
226,r/worldnewsvideo,224486,World News,t5_31m0v,1730745903.944798
227,r/Brooklyn,224473,Place,t5_2qme3,1730745903.9642339
228,r/PS3,224428,Gaming,t5_2qhhw,1730745903.9827142
229,r/Borderlands2,224420,Gaming,t5_2spu9,1730745904.0005481
230,r/slaythespire,224063,Gaming,t5_3hbbd,1730745904.018114
231,r/legal,223806,Law,t5_2qhsb,1730745904.035541
232,r/hellsomememes,223681,Internet Culture and Memes,t5_3l0jy,1730745904.0529332
233,r/Whatisthis,223664,Learning and Education,t5_2qtwp,1730745904.070246
234,r/metaldetecting,223619,Hobbies,t5_2rizx,1730745904.087778
235,r/judo,223573,Sports,t5_2qkzy,1730745904.1051772
236,r/ClashOfClansRecruit,223334,Gaming,t5_30jzq,1730745904.122601
237,r/TheExpanse,222640,Television,t5_2xi70,1730745904.139987
238,r/cutouts,222574,Art,t5_2uny2,1730745904.1574342
239,r/AnimalsBeingMoms,222503,Animals and Pets,t5_37h9r,1730745904.17495
240,r/Indian_Academia,222455,Learning and Education,t5_idfco,1730745904.192367
241,r/insects,222291,Animals and Pets,t5_2r87c,1730745904.209984
242,r/khajiithaswares,222048,Animals and Pets,t5_3894q,1730745904.227202
243,r/AtlantaHawks,222046,Sports,t5_2sgwl,1730745904.2455502
244,r/TILI,222046,Internet Culture and Memes,t5_2zfhy,1730745904.2631721
245,r/flashlight,221916,Technology,t5_2qjmy,1730745904.280554
246,r/motorcycle,221916,Cars and Motor Vehicles,t5_2qpvo,1730745904.297971
247,r/dubstep,221908,Music,t5_2qi8s,1730745904.315328
248,r/Vechain,221832,Crypto,t5_3osjr,1730745904.332763
249,r/XboxGamePass,221613,Gaming,t5_3ob8t,1730745904.350733
