,subreddit,subscribers,topic,subreddit_id,scraped_utc
0,r/TheCatReport,8025,Animals and Pets,t5_2gk3xp,1730747708.5897799
1,r/52in52,8023,"Reading, Writing, and Literature",t5_3bid8,1730747708.612923
2,r/FordF150,8023,Cars and Motor Vehicles,t5_31vhx,1730747708.632637
3,r/NewRockstars,8023,Podcasts and Streamers,t5_3mks5,1730747708.652267
4,r/portlandstate,8023,Learning and Education,t5_2re0n,1730747708.6712582
5,r/LakeCharles,8022,Place,t5_2sc5l,1730747708.697632
6,r/AnimeWallpaperGif,8021,Anime,t5_2w5azz,1730747708.715369
7,r/Badmaps,8021,Funny/Humor,t5_yd2wg,1730747708.733162
8,r/JettMains,8021,Gaming,t5_2grt0x,1730747708.751165
9,r/NDQ,8021,Podcasts and Streamers,t5_3l3j5,1730747708.76916
10,r/Nomad,8020,Welcome to Nomad,t5_2tk1b,1730747708.8610802
11,r/PurpleGrowery,8020,Mature Themes and Adult Content,t5_4spo9b,1730747708.879093
12,r/SonyA7iii,8020,Technology,t5_yh22t,1730747708.912506
13,r/The_Black_Tower,8020,Television,t5_98wpqy,1730747708.932157
14,r/ImaginaryAutumnscapes,8019,ImaginaryAutumnscapes,t5_36646,1730747708.952277
15,r/MovieStarPlanet,8019,Gaming,t5_2ucyg,1730747708.971513
16,r/Rplanet,8019,Crypto,t5_49cww9,1730747708.991723
17,r/unexpecteddune,8019,Movies,t5_3g8a5,1730747709.011041
18,r/vogonpoetrycircle,8019,"Reading, Writing, and Literature",t5_2s4c1,1730747709.031028
19,r/CCSP,8018,Careers,t5_37yjx,1730747709.04957
20,r/DarkSkinnedAnimeBabes,8018,Anime,t5_bgmdtz,1730747709.0700648
21,r/LeagueArena,8017,Gaming,t5_8pjcs1,1730747709.0888479
22,r/MythicHeroes,8017,Gaming,t5_4xzwx4,1730747709.107188
23,r/turku,8016,Place,t5_2skfo,1730747709.1258628
24,r/zamboanga,8016,Place,t5_2ygme,1730747709.144507
25,r/makeaband,8015,Music,t5_36lcx,1730747709.164154
26,r/Benilde,8014,Learning and Education,t5_3a1age,1730747709.182587
27,r/Katherineheigl,8014,Katherine Heigl subreddit,t5_2uzxp,1730747709.200613
28,r/MXLinux,8014,Technology,t5_3ix44,1730747709.218807
29,r/TortieCats,8013,Animals and Pets,t5_39ejp,1730747709.237746
30,r/4KBlurayDeals,8012,Marketplace and Deals,t5_aojaqa,1730747709.257499
31,r/Demoscene,8012,Art,t5_2qkfg,1730747709.276907
32,r/homecomingmemes,8011,Internet Culture and Memes,t5_3ovde,1730747709.2967172
33,r/logitechgcloud,8010,Gaming,t5_78epbz,1730747709.315891
34,r/thelastpsychiatrist,8010,"Reading, Writing, and Literature",t5_2zd20,1730747709.334302
35,r/WritingJobBoard,8009,Careers,t5_3aqd5,1730747709.352222
36,r/medievalMemes,8008,Internet Culture and Memes,t5_3jkac,1730747709.3707929
37,r/citiesofsigmar,8007,Tabletop Games,t5_24fted,1730747709.390136
38,r/DualUniverse,8007,Gaming,t5_33ukc,1730747709.6706991
39,r/NegociosArgentina,8006,"Business, Economics, and Finance",t5_5ya8of,1730747709.694703
40,r/picsthatgohard,8006,Internet Culture and Memes,t5_57fnzm,1730747709.716873
41,r/ringdoorbell,8006,Technology,t5_38crn,1730747709.7390258
42,r/Actage,8005,Anime,t5_busg1,1730747709.760969
43,r/MushroomKingdomWaifus,8005,Mature Themes and Adult Content,t5_122sgk,1730747709.794165
44,r/AustraliaTravel,8004,Travel,t5_3ej5o,1730747709.8158169
45,r/genlock,8004,Anime,t5_3mka6,1730747709.837163
46,r/RSPfilmclub,8004,Movies,t5_8p0tmt,1730747709.858239
47,r/LidoFinance,8003,Crypto,t5_3fw73k,1730747709.881879
48,r/RockyHorror,8003,Music,t5_2ryhi,1730747709.9716449
49,r/janetjackson,8001,Music,t5_2upnc,1730747709.993699
50,r/TaiwanPics,8001,Place,t5_35pmf,1730747710.033041
51,r/TowerDefenseSimulator,8001,Gaming,t5_22do4e,1730747710.054603
52,r/creeptimethepodcast,8000,Podcasts and Streamers,t5_9gqfzo,1730747710.0761049
53,r/Korg,8000,Music,t5_37u8b,1730747710.098561
54,r/monsterjam,8000,Sports,t5_2u691,1730747710.1209788
55,r/3dprintedcarparts,7999,Cars and Motor Vehicles,t5_3tnyll,1730747710.1429179
56,r/Barackobamasankles,7999,Celebrity,t5_2k5n30,1730747710.16369
57,r/Crazymiddles,7999,Podcasts and Streamers,t5_30kgif,1730747710.1845949
58,r/appraisal,7998,"Business, Economics, and Finance",t5_2s1oo,1730747710.205996
59,r/LetsPlayVideos,7996,Gaming,t5_2yvbo,1730747710.2263172
60,r/facebookmessenger,7995,Technology,t5_3j7m5,1730747710.2465222
61,r/Reformationclothing,7995,Fashion,t5_2po6vy,1730747710.265964
62,r/NoLayingUp,7994,Podcasts and Streamers,t5_3oluq,1730747710.285221
63,r/thatsinterestingbro,7994,Internet Culture and Memes,t5_c6j4xm,1730747710.30434
64,r/zerotier,7994,Technology,t5_3cbfw,1730747710.323305
65,r/DestinyCreations,7993,Gaming,t5_12585c,1730747710.342287
66,r/Pekingese,7993,Animals and Pets,t5_2szho,1730747710.361443
67,r/SummerWalker,7993,Mature Themes and Adult Content,t5_wkumo,1730747710.382698
68,r/MereCarriker,7991,Mature Themes and Adult Content,t5_9wp4y,1730747710.4055219
69,r/UnexpectedDDLC,7991,Gaming,t5_9bktn,1730747710.4267662
70,r/Yellowknife,7989,Place,t5_2sb1t,1730747710.448847
71,r/stata,7987,Technology,t5_2stu0,1730747710.507562
72,r/TeslaCamping,7987,Cars and Motor Vehicles,t5_4iny0y,1730747710.526529
73,r/ToyID,7987,Hobbies,t5_a8hg2,1730747710.5444229
74,r/ShakespeareMemes,7985,"Reading, Writing, and Literature",t5_3lg3u,1730747710.5621278
75,r/entirebodyexercises,7984,Fitness and Nutrition,t5_2h2baj,1730747710.5796711
76,r/SEUT,7984,"Do you find pictures of squirrels eating peanuts or acorns passé? Good, you've come to the right place! Here your taste for photos of squirrels feasting on the bizarre will be satisfied. What will the next link bring? A squirrel eating a pumpkin? A bowling ball? A severed human head? Maybe it's just a carrot. Like it thinks it's a rabbit or something? That'd be funny in kind of an understated way. Hey man, your dry, New Yorker-cartoon-loving 'wit' is welcome here. We don't judge.",t5_2vkzx,1730747710.597541
77,r/BuffaloWildWings,7983,Mature Themes and Adult Content,t5_2subs,1730747710.6153998
78,r/gamebooks,7983,"Reading, Writing, and Literature",t5_2tmb3,1730747710.633138
79,r/pqueen,7983,Podcasts and Streamers,t5_2jkfda,1730747710.6507971
80,r/CankerSores,7982,Medical and Mental Health,t5_3cwoe,1730747710.66859
81,r/OrlandoFun,7982,Place,t5_13ycyf,1730747710.68634
82,r/Utica,7982,Place,t5_2sjdr,1730747710.704111
83,r/cigar,7981,Mature Themes and Adult Content,t5_2qnyh,1730747710.722047
84,r/criticalthinking,7980,Ethics and Philosophy,t5_2qxjq,1730747710.740295
85,r/InboxDollars,7980,Technology,t5_38ewh,1730747710.759312
86,r/secretofmana,7980,Gaming,t5_2uhb9,1730747710.777154
87,r/JettaGLI,7979,Cars and Motor Vehicles,t5_2x0cy,1730747710.795511
88,r/NAU,7979,Learning and Education,t5_2r5l4,1730747710.81383
89,r/notebooklm,7979,Technology,t5_8ttjd0,1730747710.834479
90,r/iosmusicproduction,7978,Music,t5_2vqje,1730747710.8526
91,r/WalmartSparkDrivers,7978,Careers,t5_292lso,1730747710.871575
92,r/IWCschaffhausen,7977,Fashion,t5_5puwco,1730747710.89203
93,r/iPhone11Pro,7976,Technology,t5_22w4ea,1730747710.912558
94,r/circasurvive,7975,Music,t5_2ro5t,1730747710.932207
95,r/Exonumia,7975,Hobbies,t5_2xf3b,1730747710.953585
96,r/JojoAllStarBattleR,7975,Gaming,t5_667vfu,1730747710.972963
97,r/learnreactjs,7975,Programming,t5_lvbcl,1730747710.991914
98,r/LibraryScience,7975,Learning and Education,t5_2rp7n,1730747711.010685
99,r/TomSegura,7974,Podcasts and Streamers,t5_35wvu,1730747711.029373
100,r/AquaGoatFinance,7973,Crypto,t5_486sfa,1730747711.048276
101,r/PhoebeTonkin,7973,Celebrity,t5_2u7qs,1730747711.06598
102,r/uvtrade,7973,Marketplace and Deals,t5_2yd3s,1730747711.08357
103,r/braceletcraft,7972,Crafts and DIY,t5_2v3nc,1730747711.101828
104,r/klakinn,7972,Place,t5_34isb,1730747711.119489
105,r/americaneskimo,7971,Animals and Pets,t5_2tv86,1730747711.1382809
106,r/polizei,7971,Law,t5_39e3v,1730747711.157156
107,r/CataloniaMemes,7970,Internet Culture and Memes,t5_3ou08,1730747711.177829
108,r/HandSew,7970,Crafts and DIY,t5_3bzlz,1730747711.196179
109,r/KathAndKim,7970,Television,t5_314ss,1730747711.214425
110,r/Psychedaliens,7970,Mature Themes and Adult Content,t5_6pmsyp,1730747711.23214
111,r/WatchMeiDie,7970,Gaming,t5_3ga7q,1730747711.249886
112,r/hoobuypost,7969,Marketplace and Deals,t5_b9nbi8,1730747711.2677372
113,r/DarkAcademiaLibrary,7967,"Reading, Writing, and Literature",t5_2ss169,1730747711.285624
114,r/indiefilm,7965,Movies,t5_2s83h,1730747711.305006
115,r/tadawul,7965,"Business, Economics, and Finance",t5_2mi5bs,1730747711.323151
116,r/AnotherCrabsTreasure,7963,Gaming,t5_6d6jzi,1730747711.3408089
117,r/atmosphericblackmetal,7963,Music,t5_2y9yw,1730747711.3607
118,r/Pantyhose_Public,7963,"Hi! this sub is for lovers of pantyhose spotted/taken outdoors or in public. Can be of yourself, someone else, or web finds. All genders and identities welcome. If NSFW, then mark accordingly. Please post only good quality and no leg/foot hair. Posts not in pantyhose or outdoors or in public will be removed. Multiple offenses=ban. Rude, hateful or insulting comments=ban! Enjoy and have fun! 😊",t5_7onna6,1730747711.381654
119,r/ScarlettLeithold,7963,Fashion,t5_3cq74,1730747711.419622
120,r/telecom,7963,Technology,t5_2qhm8,1730747711.438865
121,r/UUreddit,7963,Religion and Spirituality,t5_2qpwr,1730747711.456817
122,r/GarageRock,7962,Music,t5_2sfm1,1730747711.474559
123,r/EthereumMax,7960,Crypto,t5_4e51m3,1730747711.493291
124,r/RateMyAFB,7960,Military,t5_3ndzr,1730747711.511504
125,r/RosamundPike,7960,Celebrity,t5_2vyi6,1730747711.529374
126,r/dndleaks,7959,Tabletop Games,t5_2bpihe,1730747711.546994
127,r/Inq28,7959,Tabletop Games,t5_3a0z1,1730747711.564567
128,r/subsithoughtwerefake,7959,"Subs You Thought Were Fake, but Aren't.",t5_lcrf1,1730747711.582508
129,r/TIFF,7959,Movies,t5_2sisa,1730747711.6019998
130,r/ridgewood,7958,Place,t5_2unsu,1730747711.619915
131,r/Asterix,7957,"Reading, Writing, and Literature",t5_2sbu0,1730747711.63762
132,r/budgetrepsneakers,7956,Fashion,t5_4yuz6m,1730747711.65502
133,r/arkmobile,7955,Gaming,t5_h0pj9,1730747711.6725929
134,r/ChloeXsachi,7955,Anime,t5_11z5et,1730747711.690012
135,r/jesssfam_snark,7955,Celebrity,t5_6fybxn,1730747711.707724
136,r/Makerscentralofficial,7952,A place for Makers,t5_vqqgc,1730747711.725313
137,r/thescienceofdeduction,7952,Internet Culture and Memes,t5_30err,1730747711.743073
138,r/RetroAchievements,7951,Gaming,t5_2y9f3,1730747711.760865
139,r/JustAddWater,7950,Television,t5_2wtpa,1730747711.779847
140,r/NobaraProject,7950,Technology,t5_6c3dpn,1730747711.798086
141,r/sanantoniospurs,7950,Sports,t5_2s4mx,1730747711.816821
142,r/AppleWallet,7949,Technology,t5_52jysg,1730747711.836962
143,r/SubsIWishWereReal,7949,Meta/Reddit,t5_iadct,1730747711.8563578
144,r/TheTRYChannel,7949,Podcasts and Streamers,t5_12n6pn,1730747711.874358
145,r/prowlarr,7947,Technology,t5_3gjggq,1730747711.892473
146,r/StarfieldMemes,7947,Gaming,t5_qtmvt,1730747711.914859
147,r/Autographs,7944,Celebrity,t5_2qjxo,1730747711.935662
148,r/National_Pet_Adoption,7944,Animals and Pets,t5_7urxl2,1730747711.955263
149,r/Book_Buddies,7943,"Reading, Writing, and Literature",t5_2pn9p9,1730747711.9752672
150,r/DahmerNetflix,7943,Television,t5_72sj4d,1730747711.994146
151,r/DTI,7943,Gaming,t5_avxt94,1730747712.013022
152,r/electronmicroscope,7943,Science,t5_rfrfr,1730747712.032414
153,r/YouTubeViewsSubs,7942,Internet Culture and Memes,t5_hb86v,1730747712.051432
154,r/ethnomusicology,7941,Music,t5_2u91h,1730747712.071261
155,r/PokemonRevolution,7940,Gaming,t5_39ibq,1730747712.089945
156,r/BehavioralMedicine,7939,"Research, resources, and information for those interested in behavioral medicine.",t5_38dm5,1730747712.108756
157,r/Russianhistory,7938,History,t5_2u1lz,1730747712.127647
158,r/Telepathy,7938,Science,t5_2sks9,1730747712.146393
159,r/PixelStarships,7937,Gaming,t5_39kdq,1730747712.165159
160,r/venus,7937,Science,t5_2qyii,1730747712.184101
161,r/Chained_Echoes,7936,Gaming,t5_72lkxz,1730747712.203171
162,r/cursedomori,7935,Gaming,t5_4vg36i,1730747712.2232692
163,r/OffGridProjects,7935,Home and Garden,t5_2q8nmd,1730747712.243262
164,r/rDarkHumor,7935,Internet Culture and Memes,t5_5u0gd8,1730747712.2636511
165,r/dukenukem,7933,Gaming,t5_2qzlf,1730747712.283655
166,r/indianStarFeet,7933,Mature Themes and Adult Content,t5_6phz6b,1730747712.3035579
167,r/liftedtrucks,7933,Cars and Motor Vehicles,t5_2w519,1730747712.325218
168,r/Polybar,7933,Technology,t5_3hmm4,1730747712.3445451
169,r/Apples,7932,Food and Drink,t5_2qqsg,1730747712.362614
170,r/remoteworks,7932,Careers,t5_765iq3,1730747712.381611
171,r/cybermonday,7931,Marketplace and Deals,t5_2rdjy,1730747712.4014661
172,r/dank_gifs,7931,Moving Memes,t5_3jhwj,1730747712.420081
173,r/NepaliMeme,7931,Internet Culture and Memes,t5_fscvt,1730747712.437935
174,r/sheetmetal,7930,Crafts and DIY,t5_2sydx,1730747712.456073
175,r/Writer,7930,"Reading, Writing, and Literature",t5_2rv94,1730747712.47633
176,r/betterment,7929,"Business, Economics, and Finance",t5_2v322,1730747712.4952729
177,r/EveryDayIsCigarDay,7929,Mature Themes and Adult Content,t5_5u7jvs,1730747712.5129158
178,r/HTC_Vive,7929,Technology,t5_39zaz,1730747712.530401
179,r/pussinboots,7929,Movies,t5_2w8if,1730747712.5483708
180,r/AnimalsAreStupid,7928,Animals and Pets,t5_kxn3r,1730747712.565857
181,r/sysadminresumes,7928,Careers,t5_2u6u4,1730747712.58361
182,r/CombiSteamOvenCooking,7927,Food and Drink,t5_2ccvef,1730747712.601223
183,r/Medieval2TotalWar,7926,Gaming,t5_2b734a,1730747712.618955
184,r/ILNP,7925,Beauty and Makeup,t5_376tzm,1730747712.636915
185,r/ToME4,7925,Gaming,t5_3201p,1730747712.6747541
186,r/BaPCSalesEurope,7923,Marketplace and Deals,t5_395eo,1730747712.692341
187,r/centralcoastnsw,7923,Place,t5_2s9kx,1730747712.7101288
188,r/Ark_PS4_Community,7921,Gaming,t5_3ibqu,1730747712.7284632
189,r/avali,7921,Hobbies,t5_3159m,1730747712.746237
190,r/expectationsvsreality,7921,Funny/Humor,t5_33vm3,1730747712.765159
191,r/marburg,7920,Place,t5_2td0f,1730747712.783293
192,r/BloodlineGame,7917,Gaming,t5_67v7eg,1730747712.803923
193,r/SchoolBusGraveyard,7915,"Reading, Writing, and Literature",t5_4sbh1m,1730747712.821675
194,r/motorsport_de,7914,Sports,t5_4bkv83,1730747712.839422
195,r/ReferalLinks,7914,Marketplace and Deals,t5_30ug4,1730747712.857367
196,r/antivirus_software,7911,Technology,t5_c9kbd2,1730747712.877443
197,r/happytreefriends,7910,Television,t5_2ugnl,1730747712.899692
198,r/defisignals,7907,"Business, Economics, and Finance",t5_31chqy,1730747712.921141
199,r/MTU,7907,Learning and Education,t5_2rq0x,1730747712.940903
200,r/SyracuseU,7906,Learning and Education,t5_2sp9q,1730747712.95938
201,r/businessnews,7905,World News,t5_2qlml,1730747712.977925
202,r/DayRSurvival,7904,Gaming,t5_3eimy,1730747712.997508
203,r/foals,7904,Music,t5_2wua8,1730747713.017575
204,r/NoMoreBamboozles,7904,"After so many painful bamboozles, the time has finally arrived to do something about it. Join us in the fight for accountability on reddit. No bamboozle.",t5_3ii95,1730747713.037197
205,r/SoulstoneSurvivors,7904,Gaming,t5_6tagu4,1730747713.055321
206,r/ThorpePark,7904,Travel,t5_2z6jd,1730747713.07341
207,r/shills,7901,Activism,t5_2qzxw,1730747713.091564
208,r/gymfitnessbabes,7900,Celebrity,t5_amr5ov,1730747713.109544
209,r/HvaldimirTheBeluga,7900,Animals and Pets,t5_27zvqq,1730747713.127456
210,r/TheRedDotComic,7900,"Reading, Writing, and Literature",t5_54q35h,1730747713.1455429
211,r/uwe,7900,Learning and Education,t5_2s4c9,1730747713.1637828
212,r/msdumplingg,7899,Celebrity,t5_76lp20,1730747713.1832168
213,r/Baseball9,7897,Gaming,t5_10elfz,1730747713.202583
214,r/TwilightFanfic,7897,"Reading, Writing, and Literature",t5_2o0kxn,1730747713.224749
215,r/Bibleconspiracy,7896,Religion and Spirituality,t5_3fe6xx,1730747713.245839
216,r/EQ2,7895,Gaming,t5_2r4sq,1730747713.264997
217,r/rachelleruth,7894,Celebrity,t5_4z11bm,1730747713.285534
218,r/toastoflondon,7894,Television,t5_354nt,1730747713.3058538
219,r/UWMCShareholders,7894,"Business, Economics, and Finance",t5_3xs5ws,1730747713.324571
220,r/CallistoCrypto,7893,Crypto,t5_g8qng,1730747713.342846
221,r/DemonSlayerManga,7893,Anime,t5_2b8w18,1730747713.360895
222,r/Faerini,7893,Mature Themes and Adult Content,t5_4apo4f,1730747713.379045
223,r/cushvlog,7892,Podcasts and Streamers,t5_3jna3q,1730747713.399331
224,r/Keeshond,7891,Animals and Pets,t5_2sjjn,1730747713.417994
225,r/s4lem,7891,Music,t5_4d2i2,1730747713.436338
226,r/StellarCannaCoin,7891,Crypto,t5_5lk6o7,1730747713.4545379
227,r/suddenlywholesome,7891,Internet Culture and Memes,t5_jize8,1730747713.4725828
228,r/Tomozaki_kun,7891,Anime,t5_sw9hy,1730747713.4931421
229,r/TrollXFitness,7891,Fitness and Nutrition,t5_35vg1,1730747713.512898
230,r/danilanio_,7890,Celebrity,t5_36cv0d,1730747713.5306618
231,r/PhDStress,7890,Learning and Education,t5_3ee05,1730747713.5482712
232,r/AmandaDiaz,7889,Mature Themes and Adult Content,t5_24op6r,1730747713.565954
233,r/artshub,7889,Art,t5_2tbrw,1730747713.583804
234,r/HowlsMovingCastle,7889,Anime,t5_2ymp6,1730747713.601452
235,r/SOLES_IN_PANTYHOSE,7889,"Let's see those smooth, beautiful, kissable soles in nylons/tights/pantyhose! Please post hair-free and high quality. Please designate ""NSFW"" when it applies, and have fun! 😊",t5_5ypjue,1730747713.6198149
236,r/SageMains,7887,Gaming,t5_2gcjdy,1730747713.637414
237,r/Sayori,7887,Gaming,t5_2tra8,1730747713.654976
238,r/Etobicoke,7886,Place,t5_2tbhq,1730747713.6725838
239,r/palmy,7886,Place,t5_2s8mv,1730747713.689945
240,r/CustomKnifeMakers,7885,Hobbies,t5_2vbx0,1730747713.707652
241,r/bet365,7884,Mature Themes and Adult Content,t5_2thre,1730747713.725206
242,r/biathlon,7884,Sports,t5_2s85y,1730747713.762061
243,r/HudlessDestiny,7884,Gaming,t5_fht57,1730747713.82591
244,r/Abode,7883,Technology,t5_2rt2g,1730747713.8758469
245,r/mtgbrawl,7883,Tabletop Games,t5_h4bme,1730747713.9121878
246,r/stockings_on,7883,Here is a videos of how to put on stockings,t5_7j8rdh,1730747713.9357219
247,r/Wistoria,7883,Anime,t5_39e4pr,1730747713.957793
248,r/DiecastCustoms,7882,Hobbies,t5_3mnue,1730747713.9788811
249,r/holdmyteeth,7882,/r/holdmybeer for the elderly.,t5_3hgeo,1730747713.9993489
