,subreddit,subscribers,topic,subreddit_id,scraped_utc
0,r/PoGoDFW,7194,Gaming,t5_3fcbe,1730747831.184989
1,r/FamilyKarma,7193,Television,t5_2gaub2,1730747831.2084339
2,r/GoogleTV,7193,Technology,t5_2rrxf,1730747831.2273622
3,r/pez,7193,Hobbies,t5_2tbqq,1730747831.246537
4,r/googleglass,7192,Technology,t5_2tumi,1730747831.266361
5,r/LakeCityQuietPills,7192,Internet Culture and Memes,t5_31rkb,1730747831.2965062
6,r/Wazuh,7192,Technology,t5_10cq29,1730747831.318184
7,r/CoDCompPlays,7191,Gaming,t5_33lcl,1730747831.347292
8,r/documentaryfilmmaking,7191,Movies,t5_10i9b2,1730747831.3750389
9,r/TheRightCantMemeV2,7190,Politics,t5_47c704,1730747831.4035242
10,r/AktanFell,7189,Podcasts and Streamers,t5_3isymg,1730747831.5020149
11,r/cartesi,7189,Crypto,t5_kr9xh,1730747831.523707
12,r/Loudermilk,7189,Television,t5_3pbqb,1730747831.55965
13,r/Vystopia,7189,Trauma Support,t5_42qjt9,1730747831.581763
14,r/AlexaDemieFans,7187,Celebrity,t5_60c0d4,1730747831.6035771
15,r/galaxynote4,7187,Technology,t5_2wxgg,1730747831.625406
16,r/CanonCamera,7186,Art,t5_35why,1730747831.647042
17,r/Collie,7186,Animals and Pets,t5_2wwoz,1730747831.668627
18,r/flashfiction,7186,"Reading, Writing, and Literature",t5_2s2v4,1730747831.689955
19,r/ForbiddenLands,7186,Gaming,t5_3oksa,1730747831.711137
20,r/BeautyGuruDiscussion,7185,Beauty and Makeup,t5_3jiyf,1730747831.7327302
21,r/postcrossing,7185,Hobbies,t5_2t1s0,1730747831.7544188
22,r/EB2_NIW,7183,Law,t5_4angl6,1730747831.77597
23,r/seasonofdiscovery,7183,Gaming,t5_9uerph,1730747831.797842
24,r/TheNorthFace,7183,Fashion,t5_32m8o,1730747831.821293
25,r/emailprivacy,7182,Technology,t5_39h9z,1730747831.8437152
26,r/filmscoring,7182,Movies,t5_2vyfj,1730747831.866385
27,r/AdventureTheory,7181,Television,t5_2vdi7,1730747831.8949811
28,r/EmeliaHartford,7181,Celebrity,t5_3nkos,1730747831.921134
29,r/yeezy,7181,Fashion,t5_2vsr6,1730747831.942741
30,r/Anarchopunks,7180,Ethics and Philosophy,t5_312l0,1730747831.965347
31,r/Younger,7180,Television,t5_37n1p,1730747831.988456
32,r/Californiahunting,7179,Hobbies,t5_3elk6,1730747832.010124
33,r/CoinMasterGame,7179,Gaming,t5_4j09l,1730747832.031741
34,r/motleyfoolpremium,7179,"Business, Economics, and Finance",t5_3uj8hv,1730747832.051946
35,r/nashik,7179,Place,t5_2t8n4,1730747832.072164
36,r/jensenackles,7178,Celebrity,t5_2tpfb,1730747832.092948
37,r/LiDAR,7178,Technology,t5_2vwjx,1730747832.114086
38,r/LoveOffTheGrid,7177,Television,t5_5rqbq7,1730747832.135202
39,r/niagarafallsontario,7177,Place,t5_3h8v6,1730747832.156092
40,r/orlybooks,7177,Internet Culture and Memes,t5_3e7o8,1730747832.177356
41,r/transfurs,7175,Gender,t5_3e2eq,1730747832.198248
42,r/cardfightvanguardzero,7174,Gaming,t5_gu5dc,1730747832.220181
43,r/magyar,7174,Place,t5_2qviz,1730747832.242774
44,r/raypeat,7174,Fitness and Nutrition,t5_2v29h,1730747832.263913
45,r/Romance_for_men,7174,"Reading, Writing, and Literature",t5_7gtg4i,1730747832.284582
46,r/DiceyDungeons,7173,Gaming,t5_jnq4s,1730747832.3053272
47,r/game_gear,7173,Gaming,t5_30li0,1730747832.326062
48,r/Mandala,7173,Art,t5_2vvbk,1730747832.3467798
49,r/KuboSanWontLeaveMeBe,7172,Anime,t5_2dhabk,1730747832.3673
50,r/JaimieAlexander,7171,Celebrity,t5_2v9vg,1730747832.387593
51,r/AOWPlanetFall,7169,Gaming,t5_jd41i,1730747832.408053
52,r/EquinoxGyms,7169,Fitness and Nutrition,t5_4804jw,1730747832.4286132
53,r/Energy_manipulation,7168,Science,t5_31325,1730747832.449146
54,r/WaterGuy12,7168,August 14th; judgement day.,t5_3n9rj,1730747832.4695659
55,r/Inglip,7167,Funny/Humor,t5_2s9kj,1730747832.4899368
56,r/moongooning,7167,Internet Culture and Memes,t5_9ymjds,1730747832.510166
57,r/Abandoned_World,7165,Art,t5_7o9crb,1730747832.5306659
58,r/bordeldoreddit,7165,Mature Themes and Adult Content,t5_3r1z2z,1730747832.552276
59,r/POETRYPrompts,7165,"Reading, Writing, and Literature",t5_31s7g,1730747832.5732212
60,r/Hannah_stocking,7164,Mature Themes and Adult Content,t5_6cgbgg,1730747832.5934021
61,r/progressivemetal,7164,Music,t5_2sh4t,1730747832.61315
62,r/scriptwriting,7163,"Reading, Writing, and Literature",t5_2twle,1730747832.633537
63,r/Threedaysgrace,7163,Music,t5_2umdp,1730747832.654173
64,r/CLNE,7161,"Business, Economics, and Finance",t5_4a3s4u,1730747832.696702
65,r/MagicalGirlsCommunity,7160,Anime,t5_3rm5w8,1730747832.7175748
66,r/oboe,7160,Music,t5_2sfr6,1730747832.7389
67,r/sugarprogram,7160,Addiction Support,t5_3df3v,1730747832.7625432
68,r/SUMC,7160,Movies,t5_n29qj,1730747832.790664
69,r/LoveIslandGames,7157,Television,t5_96yj8s,1730747832.8160331
70,r/peenixsc,7157,Podcasts and Streamers,t5_8vojna,1730747832.84031
71,r/WorldofOutlaws,7157,Sports,t5_31vz8,1730747832.862238
72,r/GPDPocket,7156,Technology,t5_3iera,1730747832.883174
73,r/LGG3,7156,Technology,t5_2ypp1,1730747832.905979
74,r/TheGoldenAgeOfPirates,7156,History,t5_2tuxpg,1730747832.926891
75,r/etherscan,7155,Crypto,t5_39ixo,1730747832.948261
76,r/firsttimemom,7155,Family and Relationships,t5_4rr7mj,1730747832.9697611
77,r/HarvestRight,7155,Food and Drink,t5_vaiab,1730747832.990939
78,r/LolCowLive,7155,Podcasts and Streamers,t5_9y8nnn,1730747833.011252
79,r/pillarchase2,7155,Gaming,t5_bkgt37,1730747833.0313668
80,r/SayAnything,7155,Music,t5_2rzvl,1730747833.050681
81,r/MollyRutterSnark,7154,Celebrity,t5_c1k89k,1730747833.070661
82,r/pocketGM,7154,Sports,t5_28vybx,1730747833.0908108
83,r/CelebSportswear,7153,Celebrity,t5_3ehrfe,1730747833.112024
84,r/MiniZ,7153,Hobbies,t5_38uo2,1730747833.135704
85,r/YesJulzSub,7152,Mature Themes and Adult Content,t5_ag32m3,1730747833.1588311
86,r/chili,7151,Food and Drink,t5_2qscw,1730747833.181401
87,r/JiraiKei,7151,Fashion,t5_76t8pu,1730747833.203495
88,r/indianamericanthots,7150,A place to share and appreciate our fav brown girls,t5_bpuqtm,1730747833.2263958
89,r/DissectPod,7148,Podcasts and Streamers,t5_n2nhf,1730747833.248804
90,r/LazyMoneyUK,7148,"Business, Economics, and Finance",t5_31p1t8,1730747833.270305
91,r/eames,7147,Home and Garden,t5_2yt9q,1730747833.292393
92,r/AjinManga,7145,Anime,t5_35vug,1730747833.314359
93,r/Asexualinvadethedanes,7145,Sexual Orientation,t5_4oryem,1730747833.337595
94,r/GuP_yuri,7145,Anime,t5_2r7rjh,1730747833.3589299
95,r/KubzScouts,7145,Podcasts and Streamers,t5_3cm85,1730747833.380851
96,r/Favorite_Centerfolds,7144,Mature Themes and Adult Content,t5_5w1olt,1730747833.402644
97,r/myterribleneighbors,7144,Family and Relationships,t5_2wx1n,1730747833.4268029
98,r/slaveleiaandjabba,7144,Mature Themes and Adult Content,t5_5z8g5q,1730747833.452339
99,r/zxspectrum,7144,Technology,t5_2ttxf,1730747833.4759538
100,r/CPBL,7143,Sports,t5_382j8,1730747833.500169
101,r/KamisamaKiss,7143,Anime,t5_k7mc0,1730747833.523703
102,r/RCClassifieds,7143,Hobbies,t5_2wuvi,1730747833.5474691
103,r/B99Gifs,7142,Gifs from Brooklyn Nine-Nine,t5_3hcfh,1730747833.572027
104,r/NBDB,7142,"Business, Economics, and Finance",t5_4y1ha6,1730747833.598439
105,r/FiveFingerDeathPunch,7141,Music,t5_2utlp,1730747833.626867
106,r/BassVI,7140,Music,t5_2vold,1730747833.6574872
107,r/DownhillMTB,7140,Hobbies,t5_2skqa,1730747833.690698
108,r/Egyptiandoctors,7139,Careers,t5_axldfs,1730747833.723653
109,r/gutsandblackpowders,7139,Gaming,t5_acabrv,1730747833.7582011
110,r/videoproduction,7139,Art,t5_2s4fa,1730747833.7903209
111,r/gwen,7138,Gaming,t5_32j8a,1730747833.821074
112,r/basingstoke,7137,Place,t5_2ursn,1730747833.8516538
113,r/BitcoinQR,7137,Crypto,t5_79yev1,1730747833.8781528
114,r/ChatGptDAN,7137,Technology,t5_7vvx0s,1730747833.9050791
115,r/Confinement,7137,Podcasts and Streamers,t5_i67ml,1730747833.929903
116,r/nintendoswitchlite,7137,Gaming,t5_3h4cq,1730747833.955673
117,r/Welocalize,7137,Careers,t5_4uauxw,1730747833.982528
118,r/HandSpank,7136,"[Please read the rules before posting or you will be removed.] The exclusive subreddit for hands spanking asses. Whether you’re spanking yourself or someone else is, this is the place to post. This is not a sub to promote your onlyfans or any similar sites.",t5_438ov8,1730747834.013482
119,r/Novation,7136,Music,t5_2wa7h,1730747834.0397089
120,r/ludumdare,7135,Gaming,t5_2s7gq,1730747834.065164
121,r/maitreyiramakrishnan,7135,Mature Themes and Adult Content,t5_37tqea,1730747834.091064
122,r/shelties,7135,Animals and Pets,t5_2sdg3,1730747834.1164958
123,r/MRU,7134,Learning and Education,t5_2stif,1730747834.139453
124,r/shoujokakumeiutena,7134,Anime,t5_2zhff,1730747834.161224
125,r/Airfix,7133,Hobbies,t5_1ix615,1730747834.184855
126,r/dakboard,7133,Technology,t5_3g71k,1730747834.2076569
127,r/flags_irl,7133,Hobbies,t5_3b6yn,1730747834.230056
128,r/eSIMs,7132,Technology,t5_2e8765,1730747834.2533708
129,r/RomanHistory,7132,History,t5_2vh04,1730747834.276132
130,r/PraiseTheDronePilot,7131,Internet Culture and Memes,t5_22l8re,1730747834.301109
131,r/SpiffingBrit,7131,Podcasts and Streamers,t5_uma79,1730747834.325414
132,r/LilyConstantine_OF,7130,FOTITOS HOT DE LILY RABBIT 🍑🍒🤤😍🥵 UNIRSE AL GRUPO DE TELEGRAM PARA MÁS INFORMACIÓN Y CONTENIDO. https://t.me/LilyConstantineOFCooperacion,t5_5su5ak,1730747834.3506298
133,r/ReferralCodesCrypto,7129,Internet Culture and Memes,t5_3zz57a,1730747834.376389
134,r/TheHappyHourChat,7129,Podcasts and Streamers,t5_798apu,1730747834.6924531
135,r/REU,7128,Learning and Education,t5_2xtec,1730747834.716382
136,r/AnimalSnoots,7126,Animals and Pets,t5_10f9w5,1730747834.738143
137,r/magicleap,7126,Technology,t5_32wxt,1730747834.75997
138,r/ProGuides,7126,Gaming,t5_24wnth,1730747834.781894
139,r/SacramentoFoodies,7126,Food and Drink,t5_6sinwh,1730747834.804065
140,r/FaceJamPod,7125,Podcasts and Streamers,t5_2cirwp,1730747834.8262131
141,r/puredata,7125,Music,t5_2rpyj,1730747834.848045
142,r/continentaltheory,7124,Ethics and Philosophy,t5_2t8ka,1730747834.86989
143,r/DuroGang,7124,Hobbies,t5_45hyrr,1730747834.890128
144,r/TomHardy,7124,Celebrity,t5_2twhh,1730747834.9117599
145,r/GameBuilderGarage,7123,Gaming,t5_4d3pf8,1730747834.9372852
146,r/SupportiveWaifus,7123,Anime,t5_scfxl,1730747834.962053
147,r/Amazon_Influencer,7122,Careers,t5_4v337f,1730747834.9863648
148,r/ModelsID,7122,Mature Themes and Adult Content,t5_3av1po,1730747835.008647
149,r/zedrun,7122,Crypto,t5_12pqew,1730747835.030943
150,r/ClarenceCartoon,7121,Television,t5_2y5ur,1730747835.054264
151,r/KreigPosting,7121,Internet Culture and Memes,t5_913t4l,1730747835.076425
152,r/NMS_Zoology,7121,Gaming,t5_3fxnb,1730747835.099545
153,r/StarInSkyClub,7121,Podcasts and Streamers,t5_4v3p5d,1730747835.122069
154,r/Aventon,7120,Sports,t5_17bqvp,1730747835.1441631
155,r/feetpicsbuyer,7120,Mature Themes and Adult Content,t5_6wwn6y,1730747835.167107
156,r/mildlyconfusing,7119,Funny/Humor,t5_2vp8x,1730747835.19193
157,r/OpenToonz,7118,Technology,t5_3dbv4,1730747835.2183108
158,r/StainlessSteelCooking,7118,Food and Drink,t5_7mynvc,1730747835.2425752
159,r/FurryMultiverse,7117,Hobbies,t5_77glfh,1730747835.2703722
160,r/VanderpumpVillaTVShow,7117,Television,t5_av2a92,1730747835.295233
161,r/asiantransgender,7116,Gender,t5_38o8j,1730747835.321669
162,r/Rikka,7116,Anime,t5_2vr84,1730747835.3474188
163,r/weibo_read,7116,"Reading, Writing, and Literature",t5_632jre,1730747835.376443
164,r/chesapeakebay,7115,The Chesapeake Bay is the largest estuary in North America and has 17 million people living in it's 64 thousand square mile watershed. This page is for anything related to the Bay and its streams and rivers.,t5_2v6i1,1730747835.410227
165,r/ClaraProtectionClub,7114,Gaming,t5_8c2yk8,1730747835.451725
166,r/GPGpractice,7114,Programming,t5_2vlls,1730747835.551602
167,r/httyd_memes,7113,Internet Culture and Memes,t5_whskc,1730747835.603206
168,r/RickRiordan,7113,"Reading, Writing, and Literature",t5_32ue1,1730747835.653167
169,r/YABooks,7113,"Reading, Writing, and Literature",t5_2xyf7,1730747835.694576
170,r/CustomShoes,7112,Fashion,t5_37od7,1730747835.740677
171,r/LukeMianiYouTube,7112,Podcasts and Streamers,t5_h6b69,1730747835.784019
172,r/plasticmodelling,7112,Hobbies,t5_31o59,1730747835.8171751
173,r/DiceCameraAction,7111,Podcasts and Streamers,t5_3g04q,1730747835.845508
174,r/MagicItems,7110,Tabletop Games,t5_37aw2,1730747835.874472
175,r/MicrosoftFabric,7110,Technology,t5_872il0,1730747835.902978
176,r/GamersNexus,7109,Technology,t5_3jmga,1730747835.928714
177,r/azumanga,7107,Anime,t5_3ezcl,1730747835.956129
178,r/Canadianstockpicks,7105,"Business, Economics, and Finance",t5_3zvzj3,1730747835.9824011
179,r/ImaginaryArtists,7105,Art,t5_3f9zo,1730747836.008536
180,r/ios13beta,7105,Technology,t5_3m00x,1730747836.034732
181,r/partskits,7105,Mature Themes and Adult Content,t5_34ch2,1730747836.0614212
182,r/Dzogchen,7104,Religion and Spirituality,t5_2tbgb,1730747836.087883
183,r/GrandPowerStribog,7104,Mature Themes and Adult Content,t5_28dghj,1730747836.113347
184,r/JoanaCeddia,7104,Podcasts and Streamers,t5_qtrmi,1730747836.1430552
185,r/TurkishBeauty,7104,Celebrity,t5_ycsy2,1730747836.1694238
186,r/CAA,7103,Careers,t5_2s39v,1730747836.196991
187,r/Hannahsimone,7101,Mature Themes and Adult Content,t5_2vsuf,1730747836.226979
188,r/WebApps,7101,Technology,t5_2qk4z,1730747836.255148
189,r/severence,7100,Television,t5_5vmzku,1730747836.2809339
190,r/MTBDeals,7099,Sports,t5_3gmwp,1730747836.307625
191,r/PaintedWolves,7099,Activism,t5_o6d3k,1730747836.334749
192,r/STpuzzleTales,7099,Gaming,t5_4fl4bw,1730747836.360827
193,r/Niallhoran,7098,Music,t5_32fx4,1730747836.387697
194,r/tipoftheday,7098,"A place to share interesting tips, whether daily or not!",t5_2r9zy,1730747836.4139469
195,r/Preston,7097,Place,t5_2sc1k,1730747836.4408162
196,r/PS5HelpSupport,7097,Gaming,t5_3f3oph,1730747836.489613
197,r/MasterClass,7096,Learning and Education,t5_3hmu5,1730747836.518414
198,r/radardetectors,7096,Technology,t5_2vkdf,1730747836.544894
199,r/DoomersMusic,7095,Music,t5_12g686,1730747836.5766761
200,r/ImaginaryMerchants,7095,Art,t5_3kxm6,1730747836.609928
201,r/MergeMagic,7094,Gaming,t5_21yk3p,1730747836.651231
202,r/Bikebuilding,7092,Crafts and DIY,t5_290uss,1730747836.686074
203,r/Tokidoki,7092,Hobbies,t5_2s9pk,1730747836.722604
204,r/Elantra,7091,Cars and Motor Vehicles,t5_2y0xl,1730747836.883619
205,r/ETHLend,7091,ETHLend is the first decentralized application on Ethereum blockchain allowing peer to peer lending agreements using Smart Contracts. It enables cash poor/crypto rich individuals to unlock liquidity from their holdings.,t5_3m8bp,1730747836.946626
206,r/cestvrai_,7090,Mature Themes and Adult Content,t5_3prv4,1730747836.989017
207,r/dhl,7090,"Business, Economics, and Finance",t5_2t5ni,1730747837.03298
208,r/DontLiveJustFilm,7090,Internet Culture and Memes,t5_6vw7zk,1730747837.076473
209,r/WoWComics,7090,Gaming,t5_2tod9,1730747837.115461
210,r/BacklinkSEO,7087,Want to add some backlinks to your website to improve your SEO? Do it here,t5_3irpk,1730747837.1529589
211,r/basketballcoach,7087,Sports,t5_2zpi3,1730747837.191061
212,r/BritPop,7087,Music,t5_2tndw,1730747837.224597
213,r/knittingadvice,7087,Hobbies,t5_9iyzkj,1730747837.260792
214,r/Parosmia,7086,Medical and Mental Health,t5_129eh5,1730747837.3008351
215,r/PumpkinStencils,7086,Crafts and DIY,t5_paqew,1730747837.335157
216,r/jeuretro,7085,Gaming,t5_6x5nlv,1730747837.3646238
217,r/ChessBooks,7083,Tabletop Games,t5_3m6t9,1730747837.392694
218,r/pixel7series,7083,Technology,t5_6xryvr,1730747837.420628
219,r/weddingyuri,7083,Art,t5_124slp,1730747837.456834
220,r/impressionsgames,7082,Gaming,t5_2w5k6,1730747837.5062132
221,r/ThatsAlotta,7080,"Whenever there is a lot of something, this is the sub for it.",t5_24n13y,1730747837.531158
222,r/WinMyArgument,7080,Internet Culture and Memes,t5_2zriy,1730747837.555331
223,r/yesband,7080,Music,t5_2u6qk,1730747837.582301
224,r/systems,7078,Programming,t5_2rcvw,1730747837.6106071
225,r/FanduelBettingLocks,7077,Mature Themes and Adult Content,t5_7rpdsk,1730747837.6351051
226,r/GossipUnfiltered,7077,Celebrity,t5_az2j2a,1730747837.6641731
227,r/TankiesAndTankinis,7077,Politics,t5_61d4yt,1730747837.6878238
228,r/TronMTG,7077,Tabletop Games,t5_38tde,1730747837.709745
229,r/HamFest,7075,Marketplace and Deals,t5_2trl5,1730747837.732852
230,r/regulatoryaffairs,7074,Careers,t5_316ns,1730747837.7546098
231,r/21stCenturyQuotes,7073,"Reading, Writing, and Literature",t5_25c2nk,1730747837.7752
232,r/DigimonLinkz,7073,Gaming,t5_3d3nr,1730747837.79581
233,r/FoodCrimes,7073,Food and Drink,t5_fwzoe,1730747837.816499
234,r/Im16AndThisIsNeat,7073,Internet Culture and Memes,t5_vo3hq,1730747837.837594
235,r/MaokaiMains,7073,Gaming,t5_3789b,1730747837.858073
236,r/SchecterGuitars,7073,Music,t5_2tu89,1730747837.878272
237,r/dogehype,7072,"Boost your streaming success today with DOGEHYPE! With our service, you can buy Twitch Kick Chzzk.Naver Rumble BigoTV viewers and followers to instantly elevate your live stream's visibility and engagement. Our automated platform strategically showcases your content on various external sites, including movie and series portals, ensuring your streams are featured in a non-skippable format at the start of each film. This method not only brings real, engaged viewers directly to your stream but also",t5_6rvmiu,1730747837.8989928
238,r/Michelle_T,7072,Mature Themes and Adult Content,t5_2dn4g2,1730747837.920602
239,r/Copper,7071,Hobbies,t5_2txgr,1730747837.9409862
240,r/CyberARk,7071,Technology,t5_39j5e,1730747837.9612532
241,r/MarniexGloria,7071,Gaming,t5_293rtq,1730747837.981791
242,r/RockinTheClassics,7071,Gaming,t5_2eo8xb,1730747838.0018802
243,r/JeepGrandCherokee,7070,Cars and Motor Vehicles,t5_3jf8u,1730747838.022249
244,r/RowingMemes,7069,Internet Culture and Memes,t5_3jnpo,1730747838.0432599
245,r/CoxCommunications,7068,Technology,t5_2zgrs,1730747838.065425
246,r/ViralHit,7068,Anime,t5_39racs,1730747838.08567
247,r/Marvel_Daredevil,7067,Art,t5_2u4xn,1730747838.105272
248,r/Scrypted,7067,Technology,t5_5elq1l,1730747838.125591
249,r/SimSettlements,7067,Gaming,t5_3jzzt,1730747838.1464782
