,subreddit,subscribers,topic,subreddit_id,scraped_utc
0,r/warcraftdadjokes,7067,Gaming,t5_36ci6,1730747855.151171
1,r/bys,7066,Food and Drink,t5_2yyv4,1730747855.178684
2,r/myweatherstation,7066,Technology,t5_2xk03,1730747855.202081
3,r/regex,7066,Programming,t5_2qr8f,1730747855.224708
4,r/criterionconversation,7064,Movies,t5_4906f0,1730747855.246878
5,r/PostCardExchange,7064,Hobbies,t5_2rrl3,1730747855.279736
6,r/suddenlystraight,7064,Funny/Humor,t5_g40tx,1730747855.3010402
7,r/5eCompanion,7062,Tabletop Games,t5_rxxka,1730747855.322241
8,r/Lamotrigine,7062,Medical and Mental Health,t5_2b37pf,1730747855.343864
9,r/QuintaSerie,7062,Internet Culture and Memes,t5_anrtr7,1730747855.366963
10,r/SubForSub,7062,Internet Culture and Memes,t5_339rl,1730747855.478772
11,r/AverageJoeAudiophile,7060,Technology,t5_35kfx,1730747855.500565
12,r/Cheerleading,7060,Sports,t5_2r5ii,1730747855.553762
13,r/Josiehamming,7059,Celebrity,t5_4hu94z,1730747855.5749152
14,r/Popefacts,7058,Religion and Spirituality,t5_11tqgh,1730747855.5963252
15,r/BrainLeak,7057,Podcasts and Streamers,t5_5rqghs,1730747855.617919
16,r/everskiestrashhh,7057,Gaming,t5_8lia6y,1730747855.6390378
17,r/trustedhousesitters,7056,"Business, Economics, and Finance",t5_6erhuw,1730747855.660373
18,r/behavioraldesign,7055,Science,t5_2vksh,1730747855.681399
19,r/HiAnimeZone,7055,Anime,t5_awrj2y,1730747855.7018461
20,r/memesbreakcore,7055,Internet Culture and Memes,t5_7rtxi2,1730747855.722795
21,r/NFLBETS,7055,Sports,t5_32zli,1730747855.7443242
22,r/AnyDesk,7054,Technology,t5_3f12h,1730747855.765454
23,r/AudioPlugins,7054,Music,t5_4byvl,1730747855.786177
24,r/FerretsGoneWild,7054,Animals and Pets,t5_wvc4w,1730747855.8071492
25,r/monitordeals,7054,Marketplace and Deals,t5_3a0el,1730747855.827932
26,r/TutorsHelpingTutors,7054,Learning and Education,t5_4zjydn,1730747855.850668
27,r/dmsguild,7053,Tabletop Games,t5_3busp,1730747855.871697
28,r/MurdaughUncensored,7053,Law,t5_54we3x,1730747855.8916569
29,r/Witch_Crafts,7052,Crafts and DIY,t5_2nlcez,1730747855.911432
30,r/merchantmarine,7051,Careers,t5_2thwj,1730747855.9312909
31,r/13sentinels,7049,Gaming,t5_3ai3y,1730747855.951566
32,r/memorization,7049,Learning and Education,t5_2r8xx,1730747855.972123
33,r/TheTempleOfEs,7049,Gaming,t5_2c0woy,1730747855.9939961
34,r/aflfantasy,7048,Sports,t5_2xesj,1730747856.3207161
35,r/canadamusic,7048,Music,t5_kmiqc,1730747856.3491871
36,r/dota2pubs,7048,Gaming,t5_2vywk,1730747856.414569
37,r/FireflyLane,7048,Television,t5_x5h0h,1730747856.507591
38,r/sapphicbooks,7048,"Reading, Writing, and Literature",t5_4cgp3k,1730747856.5449028
39,r/WondersOfChina,7048,Marketplace and Deals,t5_3mov3,1730747856.583105
40,r/ArtistHate,7047,Activism,t5_7n20jw,1730747856.635495
41,r/OPMFolk,7047,Anime,t5_67d35g,1730747856.6715891
42,r/DutchEmpire,7046,History,t5_4phg3n,1730747856.707992
43,r/LastStandMedia,7046,Podcasts and Streamers,t5_3ixps3,1730747856.741409
44,r/Neurodivergent,7046,Medical and Mental Health,t5_4rmbda,1730747856.7701068
45,r/ameliadimoldenberg,7044,Mature Themes and Adult Content,t5_3bi03v,1730747856.9125109
46,r/Dekameron2020,7044,Art,t5_2ht1pp,1730747856.93407
47,r/Vlaanderen,7044,Place,t5_2r1r3,1730747856.964132
48,r/lawschooladmissionsca,7043,Learning and Education,t5_23u7km,1730747856.984959
49,r/RobloxAvatarReview,7043,Gaming,t5_2hna9j,1730747857.005226
50,r/HPVictus,7042,Technology,t5_4gr4gi,1730747857.025153
51,r/SSAwakening,7042,Gaming,t5_11f27v,1730747857.045735
52,r/vex,7042,Technology,t5_2to40,1730747857.066541
53,r/ExplainLikeTheGang,7041,Television,t5_38qcs,1730747857.087094
54,r/Fotografi,7041,Hobbies,t5_2vhij,1730747857.1077042
55,r/nginxproxymanager,7040,Programming,t5_2n96yg,1730747857.1300821
56,r/FlorencePughSexy,7039,Mature Themes and Adult Content,t5_5xp842,1730747857.150264
57,r/Sivir,7038,Gaming,t5_30og8,1730747857.171288
58,r/maplesyrup,7037,Food and Drink,t5_2tv11,1730747857.19183
59,r/ABizarreDay,7036,Gaming,t5_1yl0i0,1730747857.2121458
60,r/macedonia,7036,Place,t5_2r6hq,1730747857.236223
61,r/neopronouns,7036,Gender,t5_2z3pw8,1730747857.257608
62,r/siliconslopes,7036,Technology,t5_3cucc,1730747857.277787
63,r/YouTubeCreators,7035,Podcasts and Streamers,t5_2vpwi,1730747857.300056
64,r/KimiRaikkonen,7033,Celebrity,t5_37sg8,1730747857.322803
65,r/sejuanimains,7033,Gaming,t5_37bp3,1730747857.342947
66,r/TheStorySoFar,7033,Music,t5_2y0uy,1730747857.36288
67,r/AdministrativeResults,7031,Podcasts and Streamers,t5_5l0rln,1730747857.382633
68,r/CraftDocs,7031,Technology,t5_3g3dcy,1730747857.4030578
69,r/dawless,7031,Music,t5_3f24j,1730747857.421891
70,r/fembojs,7031,Gender,t5_5tl9z7,1730747857.4411101
71,r/Giant_Juggs_,7031,Welcome to Giant_Juggs_,t5_abqepl,1730747857.461461
72,r/HorusHeresyLegions,7031,Gaming,t5_hxihl,1730747857.482429
73,r/njhiking,7031,Outdoors and Nature,t5_2shj3,1730747857.5039659
74,r/ResumeCoverLetterTips,7031,Careers,t5_3fwqp,1730747857.525014
75,r/IntroToFilmmaking,7030,Art,t5_2umok,1730747857.625514
76,r/MetaverseInvesting,7030,Crypto,t5_59ewxa,1730747857.6640892
77,r/suchislifeinmoscow,7030,Humorous short stories inspired by Soviet creepypasta.,t5_2y0om,1730747857.688448
78,r/upsstore,7030,Careers,t5_2y1my,1730747857.712949
79,r/AllBetsAreOff,7029,"Welcome to ""All Bets Are Off"", the subreddit where sports bettors come to laugh, cry, and wonder why they didn't just stick to fantasy football. Here, we celebrate the highs, lows, and ""What were they thinking?!"" moments of the betting world. If you’re a newbie who just bet their coffee money on a snail race, this is your support group.",t5_by20kf,1730747857.7395468
80,r/Catra,7029,Television,t5_rn2yx,1730747857.767752
81,r/loveislandhotties,7029,Mature Themes and Adult Content,t5_7u5ky9,1730747857.791479
82,r/animetrapsarentgay,7028,Anime,t5_3pythg,1730747857.81642
83,r/GoatBarPrep,7028,Learning and Education,t5_82bnr6,1730747857.836986
84,r/HaleyKing,7028,Mature Themes and Adult Content,t5_2v2pl,1730747857.85731
85,r/HawkinsAVclub,7028,Television,t5_plzoj,1730747857.8784242
86,r/Bicol,7025,Place,t5_32elg,1730747857.900021
87,r/EbonySelfies,7025,Welcome to EbonySelfies,t5_8faz3c,1730747857.922091
88,r/f150ecoboost,7025,Cars and Motor Vehicles,t5_2xk5d,1730747857.94468
89,r/Gaza,7025,Place,t5_2qr46,1730747857.9661062
90,r/harrogate,7025,Place,t5_2rpfi,1730747857.986836
91,r/analog_bw,7024,Art,t5_m32gm,1730747858.008394
92,r/Bisforbuild,7024,Cars and Motor Vehicles,t5_3axuc,1730747858.029711
93,r/cism,7024,Careers,t5_2y4fu,1730747858.051004
94,r/schenectady,7024,Place,t5_2te0e,1730747858.071187
95,r/AlinaMasquerade,7022,Celebrity,t5_x03pk,1730747858.091403
96,r/PHGov,7022,Law,t5_3f6gug,1730747858.112885
97,r/CloudRetainerMains,7019,Gaming,t5_7p3o2g,1730747858.1325371
98,r/compsec,7019,News and links concerning computer security.,t5_2rsaz,1730747858.151814
99,r/fortniteSSD,7019,Gaming,t5_gihjt,1730747858.171533
100,r/synth,7019,Music,t5_2qsda,1730747858.190954
101,r/VictoriaJusticeFeet,7019,Mature Themes and Adult Content,t5_k10fc,1730747858.21057
102,r/demigirl_irl,7018,Gender,t5_2705kc,1730747858.230179
103,r/NaturalConversations,7018,A place for totally natural conversations,t5_3pl6v,1730747858.249496
104,r/sirenhead,7018,Internet Culture and Memes,t5_2a0ayr,1730747858.347774
105,r/Sparkladies,7018,Mature Themes and Adult Content,t5_6uvflg,1730747858.375211
106,r/SupernaturalEncouners,7018,Internet Culture and Memes,t5_49bi31,1730747858.395679
107,r/databricks,7017,Technology,t5_5byulk,1730747858.415958
108,r/LibreWolf,7017,Technology,t5_3qrw5l,1730747858.436415
109,r/NissanTitan,7017,Cars and Motor Vehicles,t5_37e5u,1730747858.45705
110,r/SerenaWilliams,7017,Celebrity,t5_318aw,1730747858.477783
111,r/Vendorsofkratom2,7017,Mature Themes and Adult Content,t5_6nxugc,1730747858.4990778
112,r/ConcertBand,7016,Music,t5_2spk0,1730747858.520378
113,r/BmxStreets,7015,Gaming,t5_9o4bn,1730747858.542359
114,r/CastleRock,7015,Place,t5_2vvhm,1730747858.563037
115,r/StraightTalk,7014,Technology,t5_2y5ia,1730747858.584239
116,r/TeenFemboysUK,7013,Sexual Orientation,t5_6id5eo,1730747858.605272
117,r/GoldenGirlsInsults,7012,Television,t5_1rww7l,1730747858.62598
118,r/lunch,7012,Food and Drink,t5_2rmm7,1730747858.646615
119,r/KingGizzardATLW,7011,Music,t5_6ek22m,1730747858.667553
120,r/QVC,7011,Marketplace and Deals,t5_2u7vz,1730747858.688521
121,r/WarOnDrugsBand,7010,Music,t5_3lrzy,1730747858.708852
122,r/BicycleEngineering,7008,Sports,t5_2yb77,1730747858.730379
123,r/Fiddle,7008,Music,t5_2qu5r,1730747858.7508311
124,r/Shinedown,7007,Music,t5_2tpt6,1730747858.7715409
125,r/TzuyuChou,7007,Celebrity,t5_48bjsa,1730747858.79233
126,r/jediknight,7006,Gaming,t5_2snhf,1730747858.813886
127,r/OrangeCountyGangs,7006,Law,t5_52yxib,1730747858.834681
128,r/TheBasementYard,7006,Podcasts and Streamers,t5_ux28z,1730747858.855847
129,r/Erma,7005,Art,t5_hr5ff,1730747858.8764238
130,r/Televisions,7005,Technology,t5_2r3a3,1730747858.89737
131,r/PlotTwist,7003,Internet Culture and Memes,t5_2v69d,1730747858.917829
132,r/YAPms,7003,Politics,t5_21oyw3,1730747858.938433
133,r/cactusplantfleamarket,7002,Fashion,t5_10q5fi,1730747858.959142
134,r/EbayWTF,7002,Internet Culture and Memes,t5_3e6a2,1730747858.980055
135,r/Ether,7002,Crypto,t5_2wp7v,1730747859.0006669
136,r/homebuildingcanada,7002,Home and Garden,t5_2xholn,1730747859.021076
137,r/NLvsFI,7002,Science,t5_4cm7b,1730747859.04212
138,r/StrikePack,7002,Gaming,t5_31af8n,1730747859.064499
139,r/DeeBlock,7001,Podcasts and Streamers,t5_7f36mo,1730747859.085175
140,r/RobloxDevelopers,7001,Gaming,t5_3cy28,1730747859.10578
141,r/blueapron,7000,Food and Drink,t5_2yo21,1730747859.126186
142,r/RidersgossipDK,7000,Sports,t5_6ocwwb,1730747859.147085
143,r/SyncforLemmy,7000,Technology,t5_8nd5gj,1730747859.168417
144,r/CloudResearchConnect,6999,Technology,t5_52uu1r,1730747859.189216
145,r/okstorytime,6999,Podcasts and Streamers,t5_bnwrvv,1730747859.2097259
146,r/appdev,6998,Programming,t5_2sk0r,1730747859.231135
147,r/map,6998,Hobbies,t5_2qkol,1730747859.251998
148,r/stockport,6998,Place,t5_309r1,1730747859.272799
149,r/TrueBeautyWebtoon,6998,"Reading, Writing, and Literature",t5_1cr286,1730747859.294004
150,r/AdventuresWithPurpose,6997,Podcasts and Streamers,t5_3atmmk,1730747859.3138402
151,r/bestoftribunal,6997,Gaming,t5_2si14,1730747859.333389
152,r/glock43,6997,Mature Themes and Adult Content,t5_37h7f,1730747859.3529658
153,r/RealGinaGerson,6997,Mature Themes and Adult Content,t5_7rr391,1730747859.371785
154,r/windowsmemes,6997,Internet Culture and Memes,t5_3387v,1730747859.3915892
155,r/ChurchOfDorothea,6996,Anime,t5_wtdk9,1730747859.410363
156,r/oots,6996,Tabletop Games,t5_2tb63,1730747859.430086
157,r/romaniacrazy,6996,Funny/Humor,t5_ciu1s4,1730747859.4496572
158,r/SSSClassSuicideHunter,6995,Anime,t5_3lp7j5,1730747859.4688299
159,r/NonverbalComm,6994,Learning and Education,t5_2vx19,1730747859.486897
160,r/SwordAndShield,6994,Gaming,t5_3p618,1730747859.505048
161,r/nim,6993,Programming,t5_333n4,1730747859.524394
162,r/AuliiCravalho,6992,Celebrity,t5_3aa4l,1730747859.542443
163,r/tekkit,6992,Gaming,t5_2tokf,1730747859.56283
164,r/DragKings,6990,Hobbies,t5_37u9r,1730747859.580857
165,r/foxmustang,6990,Cars and Motor Vehicles,t5_2un2e,1730747859.5998452
166,r/eliteoutfitters,6989,Gaming,t5_37am0,1730747859.617891
167,r/GMEOrphans,6989,"Business, Economics, and Finance",t5_57nvrs,1730747859.637612
168,r/ADHDhealthyfood,6988,Food and Drink,t5_62vube,1730747859.656066
169,r/michellebellexosnark,6988,Podcasts and Streamers,t5_6q4w0y,1730747859.67523
170,r/PHXMeetup,6988,Place,t5_2s7o0,1730747859.6949718
171,r/VimmsLair,6988,Technology,t5_4vicge,1730747859.714174
172,r/Epic40k,6987,Tabletop Games,t5_2tq8b,1730747859.733363
173,r/Finches,6987,Animals and Pets,t5_2u1p9,1730747859.752343
174,r/massspectrometry,6987,Science,t5_33xbg,1730747859.7706308
175,r/Jurassicworldevol2,6986,Gaming,t5_4kx0lt,1730747859.790116
176,r/SIT_Singapore,6986,Learning and Education,t5_4ed93v,1730747859.808535
177,r/stickerstore,6986,"Business, Economics, and Finance",t5_wag5l,1730747859.828156
178,r/thefinalclean,6986,Meta/Reddit,t5_3juoq,1730747859.849403
179,r/Tilburg,6986,Place,t5_2s4w2,1730747859.879721
180,r/AmazonWFShoppers,6985,Careers,t5_xe4h1,1730747859.904564
181,r/IndieComicBooks,6985,"Reading, Writing, and Literature",t5_z65gi,1730747859.950712
182,r/Injustice2,6985,Gaming,t5_3eykp,1730747859.986985
183,r/carletonplace,6984,Place,t5_2wt1k,1730747860.008865
184,r/BatmanCapedCrusader,6983,Television,t5_4g39v7,1730747860.030932
185,r/Quest_Supremacy,6983,Anime,t5_61lxuo,1730747860.051848
186,r/reviewnganhluat,6983,Careers,t5_avokar,1730747860.074053
187,r/bimbolobotomyclinic,6982,Internet Culture and Memes,t5_9hq99k,1730747860.097023
188,r/Cafe_Infinito,6982,Podcasts and Streamers,t5_36llrb,1730747860.118565
189,r/Thetimtracker,6982,Podcasts and Streamers,t5_3e6uj,1730747860.139551
190,r/websecurity,6982,Technology,t5_2qvfc,1730747860.160587
191,r/cubscouts,6981,Hobbies,t5_2strn,1730747860.1817222
192,r/melodic_tech_house,6981,Music,t5_3ho4x,1730747860.204454
193,r/Anushkasenlust,6980,Mature Themes and Adult Content,t5_90zc4p,1730747860.2271519
194,r/findomtalk,6980,"Welcome to r/findomtalk! This is a community meant to promote healthy, ethical findom dynamics, share tips and tricks, build connections with other subs and Dommes, and generally be a fun place to hang out with like-minded individuals. Please note: We don't offer verification of any type.",t5_6sqtoy,1730747860.249699
195,r/wallstreetbetsHUZZAH,6980,Internet Culture and Memes,t5_4htjqx,1730747860.271397
196,r/XFLFootball,6980,Sports,t5_9t73f,1730747860.293785
197,r/AnabolicEating,6979,Fitness and Nutrition,t5_2w68qp,1730747860.31466
198,r/C418,6979,Music,t5_2t1t7,1730747860.335312
199,r/cassette,6979,Music,t5_2upkj,1730747860.358997
200,r/flextweak,6979,Technology,t5_2w93m,1730747860.3823822
201,r/NewWorldCompanies,6978,Gaming,t5_2sa4su,1730747860.404949
202,r/Alibaba,6976,Marketplace and Deals,t5_2uzyx,1730747860.4256861
203,r/Assyriology,6976,History,t5_2vzwn,1730747860.446563
204,r/cleanteeth,6976,For the love of all things related to clean teeth.,t5_3esr4,1730747860.467743
205,r/RWBYOC,6976,Anime,t5_2yu61,1730747860.488867
206,r/yugijerk,6976,Internet Culture and Memes,t5_2vqnt,1730747860.509792
207,r/BotsScrewingUp,6975,Meta/Reddit,t5_2zdu2,1730747860.530282
208,r/JustBaillyThings,6975,Celebrity,t5_shlgu,1730747860.550303
209,r/TakeTheJab,6975,Politics,t5_4epylu,1730747860.5704708
210,r/coronavirusVA,6974,Place,t5_2gr9gb,1730747860.5925372
211,r/DigitalNotebooks,6974,Technology,t5_3p55x,1730747860.615947
212,r/norwegian,6974,Learning and Education,t5_2shu7,1730747860.637504
213,r/Plato,6974,Ethics and Philosophy,t5_2rwy7,1730747860.659583
214,r/Aquarismo,6973,Hobbies,t5_4g76ls,1730747860.680875
215,r/automower,6973,Home and Garden,t5_3llvd,1730747860.70285
216,r/CelebsWearingGlasses,6973,Celebrity,t5_xo5or,1730747860.7228968
217,r/hum,6973,Music,t5_2xfkx,1730747860.743097
218,r/kaguya_memes,6973,Internet Culture and Memes,t5_viuhl,1730747860.763382
219,r/itskirtichow,6972,Podcasts and Streamers,t5_33w5nz,1730747860.7834182
220,r/1500isplentyVegan,6971,Food and Drink,t5_sbspw,1730747860.803547
221,r/BattleForTheGrid,6971,Gaming,t5_uwea8,1730747860.823173
222,r/CelebrityBoots,6971,Celebrity,t5_25lup0,1730747860.843153
223,r/DivineGamingPhotos,6971,Gaming,t5_21y8yv,1730747860.863424
224,r/raylib,6971,Programming,t5_35v6v,1730747860.8837109
225,r/CollegeTransfer,6970,Learning and Education,t5_2ytt5,1730747860.904064
226,r/MiniDayZ,6970,Gaming,t5_31lru,1730747860.923808
227,r/JessaBrooke,6969,Celebrity,t5_47g7ds,1730747860.94266
228,r/TazerCraftOficial,6969,Podcasts and Streamers,t5_91vl9w,1730747860.961586
229,r/wisp,6969,Technology,t5_2se6g,1730747860.9807858
230,r/brocabulary,6968,Internet Culture and Memes,t5_2vpll,1730747861.0002701
231,r/RayDonovan,6967,Television,t5_2t5rq,1730747861.019218
232,r/SurveyCircle,6965,Learning and Education,t5_23gyws,1730747861.038134
233,r/WarofTheWorlds,6965,"Reading, Writing, and Literature",t5_2vm25,1730747861.057107
234,r/espguitars,6964,Music,t5_2v3nw,1730747861.076444
235,r/itshannahmsdsnarkfest,6964,Celebrity,t5_7uclch,1730747861.095392
236,r/Knightsanddragons,6964,Gaming,t5_2xuyy,1730747861.114609
237,r/bbaasho,6963,Podcasts and Streamers,t5_6aaf8e,1730747861.133396
238,r/GrotesquerieFX,6963,Television,t5_cap891,1730747861.153322
239,r/KnitRequest,6963,Crafts and DIY,t5_2s4n8,1730747861.1725252
240,r/Earrings,6962,Fashion,t5_2tby6,1730747861.191354
241,r/graphicdesigntools,6962,Art,t5_3jt0w,1730747861.2104409
242,r/OPZuser,6962,Technology,t5_hwh2f,1730747861.2293499
243,r/cyclothymia,6961,Medical and Mental Health,t5_2yibm,1730747861.249474
244,r/GMCcanyon,6961,Cars and Motor Vehicles,t5_2fdih9,1730747861.2697952
245,r/AnneMarieMorin_,6960,New sub for Anne Marie Morin aka cloudynoir,t5_5aohpv,1730747861.289697
246,r/ComputerChess,6960,Technology,t5_2xk7z,1730747861.309848
247,r/NailFungus,6960,Medical and Mental Health,t5_sp8ku,1730747861.3286731
248,r/CatTV,6959,Animals and Pets,t5_2gjqq5,1730747861.3481238
249,r/petslover1,6959,Animals and Pets,t5_4vkma8,1730747861.366921
