,subreddit,subscribers,topic,subreddit_id,scraped_utc
0,r/revancedapp,221571,Programming,t5_61bp4y,1730745914.894481
1,r/ETFs,221529,"Business, Economics, and Finance",t5_33gdq,1730745914.9167528
2,r/Starlink,221337,Technology,t5_2qpxi,1730745914.93663
3,r/criterion,221153,Movies,t5_2sa39,1730745914.956845
4,r/goodyearwelt,220902,Hobbies,t5_2w64o,1730745914.9782789
5,r/Gameboy,220673,Gaming,t5_2s0qt,1730745915.004509
6,r/lawschooladmissions,220543,Law,t5_2y2gn,1730745915.0218492
7,r/granturismo,220537,Gaming,t5_2s4f7,1730745915.039458
8,r/AujourdhuiJaiAppris,220446,Learning and Education,t5_6a8o0p,1730745915.0569139
9,r/wholesomejojo,220439,Anime,t5_nn1fx,1730745915.0747678
10,r/ravens,220191,Sports,t5_2s1w8,1730745915.1461701
11,r/godot,220121,Programming,t5_2znmk,1730745915.1637208
12,r/climate,220003,World News,t5_2qhx3,1730745915.193378
13,r/magnetfishing,219496,Hobbies,t5_2yosz,1730745915.210958
14,r/geology,219493,Science,t5_2qshr,1730745915.228229
15,r/PUBGMobile,219358,Gaming,t5_4bp1y,1730745915.24561
16,r/Korean,219125,Learning and Education,t5_2rd8q,1730745915.263131
17,r/SkyrimMemes,219075,Gaming,t5_2t41z,1730745915.2804239
18,r/SideProject,219042,Programming,t5_2w2vn,1730745915.297993
19,r/opendirectories,219024,Technology,t5_2r1e4,1730745915.315419
20,r/iosgaming,218805,Gaming,t5_2sc2s,1730745915.332809
21,r/bigfoot,218751,Internet Culture and Memes,t5_2re9c,1730745915.3501508
22,r/TheCatTrapIsWorking,218715,Animals and Pets,t5_390c9,1730745915.367745
23,r/crochetpatterns,218517,Crafts and DIY,t5_382i1,1730745915.384972
24,r/digital_marketing,218376,Learning and Education,t5_2v6yq,1730745915.402359
25,r/asia,218236,World News,t5_2qh8p,1730745915.439293
26,r/amphibia,218130,Television,t5_g53ao,1730745915.4596322
27,r/oregon,217929,Place,t5_2qhjg,1730745915.477204
28,r/kingdomcome,217659,Gaming,t5_2zi6m,1730745915.4944088
29,r/PhonesAreBad,217518,Internet Culture and Memes,t5_3ecey,1730745915.512845
30,r/Ubiquiti,217500,Technology,t5_2ub3z,1730745915.530689
31,r/stunfisk,217491,Gaming,t5_2sn6d,1730745915.5481868
32,r/thomastheplankengine,216945,Internet Culture and Memes,t5_qgmfr,1730745915.565942
33,r/sharks,216877,Animals and Pets,t5_2rg5r,1730745915.583551
34,r/ElonJetTracker,216863,Celebrity,t5_7kzh7q,1730745915.6020591
35,r/screenshots,216604,Internet Culture and Memes,t5_2qhqa,1730745915.619348
36,r/speedrun,216568,Gaming,t5_2sf9e,1730745915.637023
37,r/Mirrorsforsale,216555,Funny/Humor,t5_h667d,1730745915.65448
38,r/MCPE,216308,Gaming,t5_2tu23,1730745915.671921
39,r/cursed_videomemes,216233,Internet Culture and Memes,t5_2ghvvm,1730745915.689194
40,r/selfreliance,216232,Learning and Education,t5_35a9j,1730745915.7067142
41,r/Chefit,216101,Food and Drink,t5_2s1da,1730745915.7240121
42,r/vintageads,216036,Art,t5_2tfj2,1730745915.742014
43,r/DHgate,215970,Fashion,t5_2qpa7,1730745915.759531
44,r/NameThatSong,215659,Music,t5_2svj1,1730745915.778431
45,r/TOTK,215636,Gaming,t5_33t5h,1730745915.7962291
46,r/RussiaUkraineWar2022,215550,World News,t5_5wptpp,1730745915.813879
47,r/internetparents,215528,Medical and Mental Health,t5_31jj6,1730745915.8317912
48,r/physicsgifs,215515,Science,t5_2vkmo,1730745915.8502169
49,r/PeakyBlinders,215371,Television,t5_2y8zl,1730745915.868194
50,r/secretsanta,215338,Meta/Reddit,t5_2rc6h,1730745915.886094
51,r/superlig,215222,Sports,t5_2w9yp,1730745915.905813
52,r/ussoccer,215207,Sports,t5_2sk2p,1730745915.923414
53,r/DragonsDogma,215167,Gaming,t5_2smmb,1730745915.940841
54,r/ultrawidemasterrace,215108,Technology,t5_38v30,1730745915.958262
55,r/repbudgetsneakers,215059,Fashion,t5_46735x,1730745915.975714
56,r/ImmigrationCanada,215032,Law,t5_2w94s,1730745915.993443
57,r/askpsychology,214913,Science,t5_2t0gc,1730745916.010912
58,r/razer,214895,Technology,t5_2ssha,1730745916.028378
59,r/brussels,214890,Place,t5_2s5xy,1730745916.046381
60,r/guineapigs,214821,Animals and Pets,t5_2rqn4,1730745916.063931
61,r/Brochet,214786,Crafts and DIY,t5_2wlr9,1730745916.082378
62,r/linuxadmin,214740,Programming,t5_2r9lc,1730745916.100123
63,r/catbellies,214688,Animals and Pets,t5_32a2h,1730745916.117764
64,r/sneakermarket,214622,Fashion,t5_2ssg4,1730745916.1355698
65,r/FloridaCoronavirus,214539,Medical and Mental Health,t5_2h4y3v,1730745916.15275
66,r/Frisson,214515,Music,t5_2smzw,1730745916.170207
67,r/FierceFlow,214375,Beauty and Makeup,t5_30hqx,1730745916.187501
68,r/ScienceNcoolThings,214350,Science,t5_51kvw0,1730745916.205599
69,r/ancientrome,214286,History,t5_2s8l1,1730745916.2241228
70,r/docker,214286,Programming,t5_2y00f,1730745916.241735
71,r/Mexicowave,214270,Art,t5_28x930,1730745916.259115
72,r/orlando,214094,Place,t5_2qh7s,1730745916.2772338
73,r/ToolBand,213888,Music,t5_2rfjf,1730745916.2951941
74,r/MalayalamMovies,213712,Movies,t5_3j2is,1730745916.312778
75,r/ImaginaryCityscapes,213537,Art,t5_2xzjy,1730745916.330752
76,r/GuysBeingDudes,213398,Funny/Humor,t5_3orfl,1730745916.349816
77,r/urbanplanning,213396,Careers,t5_2qhp7,1730745916.368447
78,r/GothStyle,213375,Fashion,t5_2z786,1730745916.3860202
79,r/Crypto_com,213125,Crypto,t5_ldcor,1730745916.403467
80,r/ripcity,212792,Sports,t5_2rt2i,1730745916.4405088
81,r/terrariums,212789,Home and Garden,t5_2s0sb,1730745916.458997
82,r/ImaginaryMindscapes,212599,Art,t5_36dgd,1730745916.4765708
83,r/GirlsMirin,212590,Internet Culture and Memes,t5_325pe,1730745916.4938822
84,r/ImaginaryBehemoths,212555,Art,t5_2y6nh,1730745916.511245
85,r/riddles,212554,Internet Culture and Memes,t5_2qiux,1730745916.528678
86,r/transformers,212547,Hobbies,t5_2qh5t,1730745916.5464818
87,r/sportsarefun,212490,Sports,t5_2ynme,1730745916.5640278
88,r/Charlotte,212393,Place,t5_2qo2j,1730745916.581526
89,r/AnalogCommunity,212322,Art,t5_3k1ng,1730745916.598878
90,r/indiegames,212293,Gaming,t5_2qrf3,1730745916.6163998
91,r/PuertoRico,212210,Place,t5_2qjyb,1730745916.633815
92,r/Stellar,212144,Technology,t5_2t9ha,1730745916.651306
93,r/DiWHYNOT,212096,Crafts and DIY,t5_38ibh,1730745916.668709
94,r/upcycling,211786,Crafts and DIY,t5_2t7k9,1730745916.686115
95,r/IndianArtAI,211681,Art,t5_8qevuo,1730745916.703882
96,r/kurzgesagt,211467,Movies,t5_339ie,1730745916.721279
97,r/copywriting,211390,Learning and Education,t5_2qq49,1730745916.738485
98,r/reverseanimalrescue,211197,Internet Culture and Memes,t5_3aj16,1730745916.755682
99,r/kpopthoughts,211096,Music,t5_2730wn,1730745916.773073
100,r/flightsim,211083,Gaming,t5_2qspy,1730745916.790414
101,r/reallygorgeous,211035,Mature Themes and Adult Content,t5_7n65q0,1730745916.809228
102,r/hmmmgifs,210992,Internet Culture and Memes,t5_3erhn,1730745916.826828
103,r/Adelaide,210960,Place,t5_2r1ca,1730745916.8440351
104,r/UniUK,210960,Learning and Education,t5_3cw2d,1730745916.8612962
105,r/barstoolsports,210690,Podcasts and Streamers,t5_2tgz6,1730745916.879332
106,r/CRedit,210683,"Business, Economics, and Finance",t5_2qph1,1730745916.8982568
107,r/Honda,210564,Cars and Motor Vehicles,t5_2qwwd,1730745916.916587
108,r/AskNetsec,210513,Technology,t5_2t3w8,1730745916.933964
109,r/DenverBroncos,210501,Sports,t5_2s51j,1730745916.951491
110,r/rawdenim,210329,Fashion,t5_2scl9,1730745916.968729
111,r/197,210303,Internet Culture and Memes,t5_3enhu,1730745916.9860759
112,r/babybigcatgifs,210274,Animals and Pets,t5_32n9f,1730745917.003264
113,r/FundieSnarkUncensored,210219,Religion and Spirituality,t5_2z8fuj,1730745917.020776
114,r/IndianFootball,210086,Sports,t5_2tlpk,1730745917.0380979
115,r/glasgow,210021,Place,t5_2rgo2,1730745917.0554821
116,r/Existentialism,209951,Ethics and Philosophy,t5_2ql4m,1730745917.0726578
117,r/LondonSocialClub,209938,Food and Drink,t5_2s87x,1730745917.089983
118,r/ACT,209928,Learning and Education,t5_2rm17,1730745917.10724
119,r/bluey,209679,Television,t5_2qioa,1730745917.124651
120,r/DylanteroYT,209363,Podcasts and Streamers,t5_2q2ypv,1730745917.142771
121,r/RedditMasterClasses,209357,Learning and Education,t5_2fqotw,1730745917.161342
122,r/DetailCraft,209276,Gaming,t5_2xj87,1730745917.179878
123,r/dwarffortress,209236,Gaming,t5_2qyn1,1730745917.198438
124,r/arcane,209203,Television,t5_2re2c,1730745917.21712
125,r/Workbenches,209094,Home and Garden,t5_2xo2s,1730745917.235747
126,r/kings,208926,Sports,t5_2rqrs,1730745917.2558331
127,r/falcons,208794,Sports,t5_2ql17,1730745917.2743812
128,r/Modern_Family,208204,Television,t5_2ta16,1730745917.29307
129,r/Telegram,208057,Technology,t5_2zmr2,1730745917.311708
130,r/bearsdoinghumanthings,208028,Animals and Pets,t5_2v4o7,1730745917.330431
131,r/Metallica,207989,Music,t5_2qwwr,1730745917.349216
132,r/HappyWoofGifs,207704,Animals and Pets,t5_y8goz,1730745917.367892
133,r/wildrift,207699,Gaming,t5_24knsa,1730745917.386286
134,r/UKJobs,207619,Careers,t5_2seb3,1730745917.404979
135,r/SQL,207473,Programming,t5_2qp8q,1730745917.445287
136,r/Columbus,207463,Place,t5_2r373,1730745917.463252
137,r/Kikpals,207444,Family and Relationships,t5_2vnle,1730745917.480843
138,r/FIREIndia,207380,"Business, Economics, and Finance",t5_3ji03,1730745917.498262
139,r/estoration,207291,Art,t5_2ww45,1730745917.515661
140,r/Detroit,207246,Place,t5_2qkko,1730745917.533186
141,r/indianews,207241,Politics,t5_2qi1m,1730745917.5507991
142,r/infj,207222,Ethics and Philosophy,t5_2r39a,1730745917.568307
143,r/CarsAustralia,207205,Cars and Motor Vehicles,t5_2zbyb,1730745917.5858061
144,r/NOLAPelicans,207174,Sports,t5_2vppf,1730745917.604388
145,r/musicsuggestions,207008,Music,t5_2tb5e,1730745917.624114
146,r/goth,206941,Music,t5_2r505,1730745917.6433542
147,r/mountainbiking,206938,Sports,t5_2qjoe,1730745917.66308
148,r/Garmin,206670,Fitness and Nutrition,t5_2t5id,1730745917.681705
149,r/indiafood,206616,Food and Drink,t5_2jdthy,1730745917.700245
150,r/castles,206546,History,t5_2qrft,1730745917.718805
151,r/WTFgaragesale,206459,Internet Culture and Memes,t5_31n0m,1730745917.739029
152,r/Stepdadreflexes,205987,Funny/Humor,t5_3etws,1730745917.757642
153,r/tampa,205920,Place,t5_2r7ih,1730745917.776219
154,r/cottagecore,205850,Home and Garden,t5_nec0v,1730745917.795018
155,r/AskAnthropology,205813,Science,t5_2wl4u,1730745917.814036
156,r/indianmedschool,205808,Careers,t5_2sgu47,1730745917.833888
157,r/rpg_gamers,205512,Gaming,t5_2su0w,1730745917.852561
158,r/C25K,205218,Fitness and Nutrition,t5_2rgoq,1730745917.8713338
159,r/toolgifs,205124,Internet Culture and Memes,t5_5u9lbk,1730745917.889985
160,r/PerfectlyCutBooms,205088,Funny/Humor,t5_1lxu4k,1730745917.908445
161,r/MxRMods,204967,Internet Culture and Memes,t5_3eeyc,1730745917.9271119
162,r/mmamemes,204878,Sports,t5_2uh5t,1730745917.946184
163,r/Dogberg,204866,Animals and Pets,t5_3epkn,1730745917.964749
164,r/LilGrabbies,204792,Animals and Pets,t5_3jxlh,1730745917.983712
165,r/Torontobluejays,204759,Sports,t5_2sb61,1730745918.002233
166,r/Giraffesdontexist,204719,Internet Culture and Memes,t5_3eys3,1730745918.0206652
167,r/Unexplained,204534,Podcasts and Streamers,t5_2s0ki,1730745918.039537
168,r/redditonwiki,204503,Podcasts and Streamers,t5_6uf899,1730745918.058832
169,r/donaldglover,204279,Celebrity,t5_2scgk,1730745918.078325
170,r/thinkpad,204115,Technology,t5_2qvhj,1730745918.098164
171,r/falloutlore,203924,Gaming,t5_2udux,1730745918.1172721
172,r/LSAT,203848,Learning and Education,t5_2qsf8,1730745918.136021
173,r/surfing,203782,Sports,t5_2qmde,1730745918.1550121
174,r/ShahRukhKhan,203750,Celebrity,t5_2v3t9,1730745918.17413
175,r/UsernameChecksOut,203718,Meta/Reddit,t5_3827t,1730745918.1938071
176,r/Sacramento,203689,Place,t5_2qi09,1730745918.214967
177,r/PrimitiveTechnology,203438,Podcasts and Streamers,t5_38sn2,1730745918.234668
178,r/A24,203059,Movies,t5_3hnc6,1730745918.253192
179,r/superman,202969,"Reading, Writing, and Literature",t5_2qrwe,1730745918.27232
180,r/kpophelp,202957,Music,t5_2vyk1,1730745918.2909062
181,r/oblivion,202763,Gaming,t5_2qs10,1730745918.310194
182,r/NFCEastMemeWar,202722,Sports,t5_26lph2,1730745918.329325
183,r/Random_Acts_Of_Amazon,202657,Internet Culture and Memes,t5_2tx47,1730745918.348353
184,r/Windows11,202532,Technology,t5_2veqb,1730745918.367462
185,r/Paleontology,202494,Science,t5_2qvjo,1730745918.386688
186,r/AskParents,202432,Family and Relationships,t5_2s5wp,1730745918.406483
187,r/CozyGamers,202371,Gaming,t5_487hv0,1730745918.425018
188,r/DragonsDogma2,202269,Gaming,t5_4tubnp,1730745918.443629
189,r/ICanDrawThat,202166,Art,t5_2sqsz,1730745918.4613109
190,r/Standup,202049,Funny/Humor,t5_2r18f,1730745918.478785
191,r/Target,202038,Careers,t5_2s7xv,1730745918.4971368
192,r/TeslaModel3,202014,Cars and Motor Vehicles,t5_362yc,1730745918.515535
193,r/SanJose,201966,Place,t5_2rbod,1730745918.534233
194,r/cactus,201902,Home and Garden,t5_2qpr6,1730745918.552716
195,r/penpals,201794,Family and Relationships,t5_2r076,1730745918.571254
196,r/SaltLakeCity,201707,Place,t5_2r7ac,1730745918.589686
197,r/pinkfloyd,201621,Music,t5_2qhwe,1730745918.608901
198,r/RunningShoeGeeks,201587,Fitness and Nutrition,t5_12l62v,1730745918.627444
199,r/MarvelSnap,201458,Gaming,t5_6a6mlb,1730745918.6461709
200,r/ECE,201329,Careers,t5_2r2sg,1730745918.664871
201,r/3d6,201039,Tabletop Games,t5_2wkux,1730745918.685052
202,r/PlantIdentification,201020,Home and Garden,t5_2upte,1730745918.705181
203,r/LegendsOfRuneterra,200950,Gaming,t5_3a3ge,1730745918.7245739
204,r/jewelry,200871,Fashion,t5_2qkpi,1730745918.7442281
205,r/ALLTHEANIMALS,200804,Animals and Pets,t5_251zqx,1730745918.7635598
206,r/illinois,200781,Place,t5_2qhco,1730745918.7828832
207,r/deadmalls,200605,Internet Culture and Memes,t5_2yl27,1730745918.802649
208,r/hotsauce,200486,Food and Drink,t5_2qmg9,1730745918.822198
209,r/Oxygennotincluded,200417,Gaming,t5_3f1fv,1730745918.840704
210,r/fantasyhockey,200381,Sports,t5_2s0tu,1730745918.859974
211,r/FalloutMods,200275,Gaming,t5_2s6oc,1730745918.8789
212,r/energy_work,200245,Religion and Spirituality,t5_2t3ww,1730745918.89836
213,r/PokemonUnite,200173,Gaming,t5_2sks3d,1730745918.9168189
214,r/singaporefi,200120,"Business, Economics, and Finance",t5_36z35,1730745918.9358761
215,r/MovieMistakes,200098,Movies,t5_2ui50,1730745918.954728
216,r/foxes,199926,Animals and Pets,t5_2qont,1730745918.974135
217,r/germanshepherds,199650,Animals and Pets,t5_2s83q,1730745918.993526
218,r/CoronavirusDownunder,199622,Medical and Mental Health,t5_2g3blu,1730745919.0124228
219,r/glutenfree,199487,Food and Drink,t5_2qx1l,1730745919.031363
220,r/HomeKit,199453,Technology,t5_3218m,1730745919.050406
221,r/wimmelbilder,199378,Art,t5_3hrhs,1730745919.069175
222,r/Birbs,199308,Animals and Pets,t5_35lbj,1730745919.088026
223,r/MiddleClassFinance,199306,"Business, Economics, and Finance",t5_26nzo2,1730745919.1065972
224,r/ProgrammerDadJokes,199210,Programming,t5_2zns9,1730745919.125111
225,r/thewitcher3,198987,Gaming,t5_2w93y,1730745919.143753
226,r/Archaeology,198923,Science,t5_2qmyp,1730745919.163288
227,r/phtravel,198903,Travel,t5_3hfom,1730745919.1821811
228,r/DreamlightValley,198840,Gaming,t5_5xpg1t,1730745919.201003
229,r/trailers,198712,Movies,t5_2qog5,1730745919.218737
230,r/delhiuniversity,198684,Learning and Education,t5_3ftqw,1730745919.2362409
231,r/asianpeoplegifs,198610,Internet Culture and Memes,t5_2vzhh,1730745919.2542331
232,r/n64,198586,Gaming,t5_2s34r,1730745919.2717628
233,r/LV426,198566,Movies,t5_2s5sk,1730745919.289381
234,r/SavageGarden,198551,Home and Garden,t5_2qwxx,1730745919.308019
235,r/MawInstallation,198273,Movies,t5_32f60,1730745919.326837
236,r/AkoBaYungGago,198207,Family and Relationships,t5_4531kh,1730745919.346364
237,r/reptiles,198153,Animals and Pets,t5_2qy22,1730745919.365749
238,r/blackops6,198152,Gaming,t5_2wa1t,1730745919.38532
239,r/CasualRO,198029,Place,t5_50b8uc,1730745919.404495
240,r/ListOfSubreddits,198018,Meta/Reddit,t5_32sxp,1730745919.423948
241,r/AccidentalSlapStick,197974,Funny/Humor,t5_3obpg,1730745919.44383
242,r/Eredivisie,197886,Sports,t5_2s6w7,1730745919.462516
243,r/Radiology,197806,Careers,t5_2qpaw,1730745919.481837
244,r/hackintosh,197623,Technology,t5_2quen,1730745919.501527
245,r/LoveIslandUSA,197586,Television,t5_11v5r4,1730745919.5206451
246,r/datasets,197515,Science,t5_2r97t,1730745919.53967
247,r/acotar,197410,"Reading, Writing, and Literature",t5_3flb9,1730745919.559534
248,r/PhasmophobiaGame,197326,Gaming,t5_35rwtp,1730745919.579657
249,r/jschlatt,197295,Podcasts and Streamers,t5_3dbp1,1730745919.599345
