,subreddit,subscribers,topic,subreddit_id,scraped_utc
0,r/Tinnedfish,5809,Food and Drink,t5_32nww4,1730748121.886427
1,r/ChardeeMacDennis,5808,Welcome to ChardeeMacDennis,t5_2t48k,1730748121.908745
2,r/GalaxyS20,5808,Technology,t5_37932,1730748121.92782
3,r/hoegress,5808,Fitness and Nutrition,t5_4fjgt5,1730748121.946453
4,r/LetsMakeaPlaylist,5808,Music,t5_109byr,1730748121.9655821
5,r/MLjobs,5808,Careers,t5_3eq49,1730748121.996642
6,r/pond,5808,Music,t5_2t8rd,1730748122.016542
7,r/ea2kcbb,5807,Gaming,t5_36w37,1730748122.036103
8,r/AmberMidthunder,5806,Celebrity,t5_k6yix,1730748122.056108
9,r/apple2,5806,Technology,t5_2rftp,1730748122.0757189
10,r/DisneyEpicMickey,5806,Gaming,t5_oc5ix,1730748122.152637
11,r/FurRunner,5806,Animals and Pets,t5_23s9qu,1730748122.1729732
12,r/GoddessesofBlack,5806,Art,t5_4ohao2,1730748122.20175
13,r/CamillaLuddington,5805,Mature Themes and Adult Content,t5_2vrfk,1730748122.222741
14,r/DaveFX,5805,Television,t5_2azyx0,1730748122.244243
15,r/ImaginaryFlora,5805,Art,t5_384xr,1730748122.265388
16,r/Sidehugs,5805,Religion and Spirituality,t5_2tjsn,1730748122.28606
17,r/AventurineMains,5804,Gaming,t5_89qjn3,1730748122.3065631
18,r/bryanaholly,5804,Mature Themes and Adult Content,t5_2zsvr,1730748122.327584
19,r/hentaichannel,5804,Backup channel of r/hentainmanga,t5_bj855z,1730748122.347865
20,r/orangered,5804,The greatest nation in Chroma or Kingston!,t5_2qltw,1730748122.368447
21,r/DeathValleyNP,5803,Outdoors and Nature,t5_2z2rv,1730748122.388552
22,r/ExoticShorthair,5802,Animals and Pets,t5_2t3u6,1730748122.409487
23,r/metalslug,5802,Gaming,t5_2s1o6,1730748122.4297652
24,r/imaginationrealized,5801,Art,t5_s6ywc,1730748122.449777
25,r/PoetryWritingClub,5801,"Reading, Writing, and Literature",t5_768bo3,1730748122.469635
26,r/SpellToken,5801,Crypto,t5_4f0o46,1730748122.491405
27,r/virginients,5801,Hobbies,t5_2tjag,1730748122.514911
28,r/concernedanimals,5799,Animals and Pets,t5_modzh,1730748122.536644
29,r/AsianFilms,5798,Movies,t5_2snba,1730748122.557773
30,r/d3js,5798,Programming,t5_2tags,1730748122.577963
31,r/FranciaRaisa,5798,Celebrity,t5_2u8t2,1730748122.597785
32,r/GiantAnimeGirls,5798,Mature Themes and Adult Content,t5_7imrc6,1730748122.6182258
33,r/bizzariums,5797,Animals and Pets,t5_7vxidn,1730748122.638568
34,r/JokesOnWokes,5797,Internet Culture and Memes,t5_9lgl85,1730748122.659263
35,r/ramones,5797,Music,t5_2qjph,1730748122.679272
36,r/AlexaBlissHumiliation,5796,Mature Themes and Adult Content,t5_45qagk,1730748122.699611
37,r/delilertimarhanesi,5796,Internet Culture and Memes,t5_5ksokq,1730748122.7200158
38,r/ElectricianU,5796,Podcasts and Streamers,t5_3c4a1w,1730748122.739284
39,r/Goosiest,5796,Podcasts and Streamers,t5_2k45bp,1730748122.7586
40,r/winlator,5796,Technology,t5_90il8k,1730748122.77892
41,r/2003CloneWarsMemes,5795,Internet Culture and Memes,t5_3jjiu,1730748122.799169
42,r/taos,5795,Place,t5_2tl5p,1730748122.818222
43,r/planescape,5794,Gaming,t5_2tjve,1730748122.836951
44,r/RealWorldPolice,5793,World News,t5_pthhp,1730748122.855873
45,r/NudistMemes,5792,Mature Themes and Adult Content,t5_3ya940,1730748122.8744588
46,r/saniyeler,5792,saniye,t5_227nsl,1730748122.978034
47,r/askasia,5791,"Culture, Race, and Ethnicity",t5_3n7f3,1730748123.0080068
48,r/SegheSuVIP_ITA,5791,Mature Themes and Adult Content,t5_9mazqg,1730748123.032338
49,r/Cruises,5790,Travel,t5_2qii9,1730748123.056915
50,r/International,5790,World News,t5_2qnpf,1730748123.080967
51,r/KritiSanonn,5790,Celebrity,t5_aqq6pu,1730748123.104608
52,r/steinbach,5790,Place,t5_2shwi,1730748123.131242
53,r/ChurchOfSae,5789,Mature Themes and Adult Content,t5_3kgey,1730748123.1549911
54,r/hattrick,5789,Gaming,t5_2sizd,1730748123.178421
55,r/Dollywood,5788,Travel,t5_30hr5,1730748123.201198
56,r/Bearswaving,5787,Animals and Pets,t5_2vl6w,1730748123.222822
57,r/LGBTQMentalHealth,5787,Sexual Orientation,t5_23wpn9,1730748123.244097
58,r/squid,5787,Outdoors and Nature,t5_2te4i,1730748123.2652218
59,r/wingfoil,5787,Sports,t5_2avel3,1730748123.286926
60,r/AdvancedIdeas,5785,Technology,t5_2js9bp,1730748123.30722
61,r/delorean,5785,Cars and Motor Vehicles,t5_2s597,1730748123.327889
62,r/Rottweilers,5784,Animals and Pets,t5_2qrmg,1730748123.3484108
63,r/KittyKicks,5783,Animals and Pets,t5_u7mel,1730748123.368563
64,r/Bremerton,5782,Place,t5_2udo9,1730748123.38883
65,r/jordanpagesnark,5782,Celebrity,t5_3a2svf,1730748123.4091241
66,r/BeauOfTheFifthColumn,5781,Podcasts and Streamers,t5_ypmhd,1730748123.429135
67,r/BidenWatch,5781,Politics,t5_34zcex,1730748123.44867
68,r/robertdowneyjr,5781,Celebrity,t5_2u3mt,1730748123.467881
69,r/RomHacks,5781,Gaming,t5_2u2td,1730748123.48702
70,r/Springtail,5781,Animals and Pets,t5_462hlb,1730748123.506877
71,r/CoronavirusSouth,5780,Place,t5_2gtk5m,1730748123.526756
72,r/PKGOAtlanta,5780,Gaming,t5_3fc4o,1730748123.5478778
73,r/pompaprogram,5780,"A community for prospective, current, and past clients of the Pompa Program, as well as current or previous employees to share their unfiltered experiences. This page is not owned or managed by anyone employed by or affiliated with Dr. Pompa.",t5_c7hmlq,1730748123.567796
74,r/ImpliedOffscreen,5779,Mature Themes and Adult Content,t5_836cpk,1730748123.5886421
75,r/JeffRosenstock,5779,Music,t5_2wm3x,1730748123.6094239
76,r/Hypoglycemia,5778,Medical and Mental Health,t5_2t9ki,1730748123.629765
77,r/microsoft_365_copilot,5778,Technology,t5_82n1dz,1730748123.651538
78,r/Refold,5778,Learning and Education,t5_3azein,1730748123.6717749
79,r/SFWSwimsuits,5778,Fashion,t5_93mivk,1730748123.691405
80,r/Symbaroum,5778,Tabletop Games,t5_3arwr,1730748123.7107258
81,r/amazonfbahelp,5777,"Business, Economics, and Finance",t5_v45gd,1730748123.730923
82,r/europeanuclub,5777,Politics,t5_7090f0,1730748123.750178
83,r/properanatomy,5777,where we describe the biological world in the meme-ist way possible,t5_39cc2,1730748123.769377
84,r/tinkercad,5777,Technology,t5_31uqu,1730748123.7878149
85,r/UndertheOakTree,5776,Anime,t5_3kjnsw,1730748123.806268
86,r/BoneAppleTypo,5775,Funny/Humor,t5_2iu1w8,1730748123.8308759
87,r/NFLRoundTable,5775,Sports,t5_30tva,1730748123.854452
88,r/Terpenes,5775,Mature Themes and Adult Content,t5_3i9wf,1730748123.874462
89,r/kakyoin,5774,Anime,t5_31118,1730748123.894366
90,r/stampcollecting,5774,Hobbies,t5_2syc2,1730748123.914428
91,r/alisonhuber,5773,Mature Themes and Adult Content,t5_lkjvf,1730748123.936907
92,r/Echocalypse,5773,Gaming,t5_66v6ay,1730748123.955966
93,r/GithubCopilot,5773,Programming,t5_4ppi6b,1730748123.9745831
94,r/Lubuntu,5773,Technology,t5_2uc56,1730748123.992909
95,r/AquariumHelp,5772,Animals and Pets,t5_12ad24,1730748124.010771
96,r/DukeBluePlanet,5772,Sports,t5_3ftv0,1730748124.030196
97,r/geothermal,5771,Technology,t5_2vjo3,1730748124.053319
98,r/LoveIslandITV,5771,Television,t5_6okfsw,1730748124.073864
99,r/ScotlandRugby,5771,Sports,t5_3fdau,1730748124.093966
100,r/Timeless,5771,Television,t5_2rgzz,1730748124.113287
101,r/coinspot,5770,Crypto,t5_3mhg3,1730748124.13297
102,r/FentanylRecovery,5770,Addiction Support,t5_5dctuj,1730748124.151839
103,r/miz,5770,Sports,t5_27z4a1,1730748124.172626
104,r/NHLbetting,5769,Mature Themes and Adult Content,t5_3jggs,1730748124.190572
105,r/AskHealth,5768,Medical and Mental Health,t5_2s7sj,1730748124.2089002
106,r/baemon5thgenleaders,5768,"BABYMONSTER (베이비몬스터), is a South Korean girl group under YG Entertainment. The group consists of Ruka, Pharita, Asa, Ahyeon, Rami, Rora and Chiquita. They released their pre-debut single ‘DREAM‘ on May 14, 2023. They made their long-awaited debut on November 27, 2023 as a 6-member group, excluding member Ahyeon, who is temporarily on hiatus due to health reasons",t5_adtxos,1730748124.2276669
107,r/dailydoseofinternet,5768,Podcasts and Streamers,t5_fuz3v,1730748124.2461162
108,r/mikumikudance,5768,Technology,t5_2sqqx,1730748124.265609
109,r/century,5767,Gaming,t5_2rjk2,1730748124.286191
110,r/NadineVelazquez,5767,Nadine Velazquez,t5_2up2e,1730748124.306814
111,r/Sasquatch,5767,Music,t5_2saia,1730748124.3255548
112,r/GeneticGenealogyNews,5766,Law,t5_2amtn2,1730748124.3447418
113,r/Anoles,5765,Animals and Pets,t5_33rxq,1730748124.363575
114,r/maconha_legal,5765,Mature Themes and Adult Content,t5_7t8so8,1730748124.3826072
115,r/miraclemusical,5765,Music,t5_246mp7,1730748124.401613
116,r/AI_Music,5764,Music,t5_uaagl,1730748124.433671
117,r/centralcoast,5764,Place,t5_2sbgz,1730748124.527744
118,r/WackyWest,5764,Politics,t5_4xvlkj,1730748124.568529
119,r/Ariasaki,5763,Podcasts and Streamers,t5_2d9u3j,1730748124.590484
120,r/GemmaChan,5762,Celebrity,t5_38u5y,1730748124.609171
121,r/BigTimeRush,5761,Music,t5_2tsew,1730748124.626966
122,r/MaxtonHall,5761,Television,t5_bdna7f,1730748124.644785
123,r/alanna_masterson,5760,Celebrity,t5_3pez4,1730748124.662739
124,r/nettspend,5760,Music,t5_8tmdf2,1730748124.680854
125,r/SendMeCompliments,5760,Mature Themes and Adult Content,t5_6qyot8,1730748124.699208
126,r/tvOSBeta,5760,Technology,t5_3bv6p,1730748124.717439
127,r/FurnaceParty,5759,Internet Culture and Memes,t5_wppah,1730748124.7370508
128,r/hospitalsocialwork,5759,Careers,t5_3g3q1o,1730748124.755685
129,r/DreamCrossing,5758,Gaming,t5_2xu58,1730748124.775176
130,r/weaponsystems,5758,Military,t5_2vbam,1730748124.7932348
131,r/AmIHot_NoOF,5757,Beauty and Makeup,t5_49h227,1730748124.8120651
132,r/freedom24,5757,"Business, Economics, and Finance",t5_5bbobs,1730748124.829941
133,r/HannahStockingOF_,5757,Sub dedicated to Hannah Stocking --- Join now!,t5_bgm2b8,1730748124.84774
134,r/LearnEngineering,5757,Learning and Education,t5_oqmsp,1730748124.866011
135,r/lidl,5757,Marketplace and Deals,t5_2sfus,1730748124.88534
136,r/SmallYoutubersBoost,5757,"Gain knowledge, get feedback, and connect with other YouTubers!",t5_ftlmo,1730748124.90447
137,r/SporeTradesAustralia,5757,Mature Themes and Adult Content,t5_3gqrsf,1730748124.923548
138,r/clickbait,5756,Internet Culture and Memes,t5_3000y,1730748124.94639
139,r/freightforwarding,5755,"Business, Economics, and Finance",t5_2tx5j,1730748124.9680908
140,r/GNURadio,5755,Programming,t5_2s6qt,1730748124.988853
141,r/googletranslate,5755,Internet Culture and Memes,t5_2wgth,1730748125.0092192
142,r/OnlyCompsXXX,5755,Welcome to OnlyCompsXXX,t5_8u9cg9,1730748125.0295
143,r/PrejudiceChallenge,5755,Activism,t5_2pb5fe,1730748125.048908
144,r/TheAngelsNP,5755,Podcasts and Streamers,t5_2vjzai,1730748125.068882
145,r/yorkie,5755,Animals and Pets,t5_2urrh,1730748125.08879
146,r/aliexpresscouponcodes,5754,Marketplace and Deals,t5_38oigm,1730748125.108735
147,r/DCEU,5754,Movies,t5_38yqn,1730748125.12864
148,r/jazzdrums,5754,Music,t5_2zdze,1730748125.1478028
149,r/kraut,5754,Politics,t5_2rk6n,1730748125.1669629
150,r/StuffMadeHere,5754,Podcasts and Streamers,t5_37n97k,1730748125.1860921
151,r/crazypeople,5753,Internet Culture and Memes,t5_2td4e,1730748125.205387
152,r/newnan,5753,Place,t5_2sw8a,1730748125.2262201
153,r/Otamatone,5753,Music,t5_2yd6f,1730748125.488482
154,r/TheStand,5753,"Reading, Writing, and Literature",t5_2xp6z,1730748125.511174
155,r/ESOFashion,5752,Gaming,t5_fqouk,1730748125.531412
156,r/NashvilleJobs,5752,Careers,t5_2urbl,1730748125.551522
157,r/OpenRGB,5752,Technology,t5_2khr5m,1730748125.57147
158,r/OzMedia,5752,Podcasts and Streamers,t5_xtynd,1730748125.6008372
159,r/ANMAPodcast,5751,Podcasts and Streamers,t5_6dqxo6,1730748125.6209338
160,r/chefknifememes,5751,Internet Culture and Memes,t5_22g9n9,1730748125.64031
161,r/JusticeForClayton,5751,Law,t5_ac4b08,1730748125.659769
162,r/MartinShkreli,5751,Celebrity,t5_3a1d4,1730748125.679229
163,r/Metalmusic,5751,Music,t5_2t2kd,1730748125.768003
164,r/ToyotaGrandHighlander,5750,Cars and Motor Vehicles,t5_7qyshm,1730748125.787255
165,r/SummerTimeRendering,5749,Anime,t5_vi975,1730748125.8160331
166,r/T0pBaddies,5749,Mature Themes and Adult Content,t5_c12of6,1730748125.8350878
167,r/PEACHPIT,5748,Music,t5_3k2qk,1730748125.855165
168,r/PleaseTakaminesan,5747,Anime,t5_2fu279,1730748125.874372
169,r/ranciliosilvia,5747,Food and Drink,t5_2t1v1i,1730748125.8940969
170,r/RiverdaleGirls,5747,Celebrity,t5_246u7z,1730748125.912971
171,r/WallexTrust,5747,"Welcome to the Wallex Trust subreddit. Here you will find news and information regarding Wallex, the team and the community that supports Wallex Trust.",t5_2mkas5,1730748125.9318788
172,r/CowboyAction,5746,Mature Themes and Adult Content,t5_2w4v0,1730748125.950953
173,r/Enhypenthoughts,5746,Music,t5_390z3y,1730748125.970059
174,r/exatheist,5746,Religion and Spirituality,t5_2rull,1730748125.9890308
175,r/GrayStillPlays_fans,5746,Podcasts and Streamers,t5_10cxrw,1730748126.008085
176,r/OrrukWarclans,5745,Tabletop Games,t5_2ic97l,1730748126.027182
177,r/PoisonIvy,5744,"Reading, Writing, and Literature",t5_2ul6q,1730748126.047168
178,r/Sharpe,5744,Television,t5_2u89a,1730748126.067371
179,r/TeslaModel3Delivery,5744,Cars and Motor Vehicles,t5_4i15ku,1730748126.087172
180,r/eddit,5743,Meta/Reddit,t5_2qies,1730748126.106672
181,r/SeductionFR,5743,Family and Relationships,t5_34q7cc,1730748126.126712
182,r/Boilermakers,5742,Sports,t5_2r6zs,1730748126.1468182
183,r/SuddenlyHitler,5742,Internet Culture and Memes,t5_39ici,1730748126.168563
184,r/rvs,5741,Cars and Motor Vehicles,t5_2s5pr,1730748126.186986
185,r/cardetailingtips,5740,Cars and Motor Vehicles,t5_2mkmap,1730748126.205039
186,r/kingmakerbuilds,5740,Gaming,t5_q5308,1730748126.223871
187,r/frcmemes,5739,Technology,t5_3id91,1730748126.242058
188,r/Mouthwashing,5739,Gaming,t5_cjku51,1730748126.260422
189,r/ToastCats,5739,Animals and Pets,t5_7wnxk9,1730748126.278412
190,r/VtubersReal,5739,Podcasts and Streamers,t5_36ysxr,1730748126.2972429
191,r/WalmartSellers,5739,"Business, Economics, and Finance",t5_3gt6w,1730748126.315669
192,r/996,5737,Cars and Motor Vehicles,t5_38vnq,1730748126.3335402
193,r/coinop,5737,Technology,t5_2rug4,1730748126.351053
194,r/mphadmissions,5737,Careers,t5_3q7ff2,1730748126.368897
195,r/AudiTT_Mk1_Mk2_Mk3,5736,Cars and Motor Vehicles,t5_24bzt9,1730748126.38671
196,r/istebrak,5736,Art,t5_3e0g1,1730748126.404611
197,r/joinsquad44,5736,Gaming,t5_acd6mo,1730748126.4223669
198,r/lakokozosseg,5736,Home and Garden,t5_5ruplo,1730748126.4402921
199,r/NightRunnersGame,5736,Gaming,t5_xo162,1730748126.458417
200,r/TaiEmery,5736,Mature Themes and Adult Content,t5_3m0i7i,1730748126.476197
201,r/90210,5735,Television,t5_2use5,1730748126.4938529
202,r/ShiningForce,5735,Gaming,t5_2r360,1730748126.51164
203,r/CFBrevamped,5734,Gaming,t5_3rn5zf,1730748126.52956
204,r/CozyMystery,5734,"Reading, Writing, and Literature",t5_3947n,1730748126.548479
205,r/mansformation,5734,Family and Relationships,t5_2s8jw,1730748126.5674188
206,r/Cipher,5733,Hobbies,t5_2tpq3,1730748126.5860019
207,r/depressivejojo,5733,Art,t5_2a2vv4,1730748126.606713
208,r/Rich_hens,5732,Crypto,t5_7cevq0,1730748126.6258078
209,r/PalmRoyale,5731,Television,t5_afspcq,1730748126.644545
210,r/scythebookfans,5731,"Reading, Writing, and Literature",t5_f21o5,1730748126.6640399
211,r/GSAT,5730,"Business, Economics, and Finance",t5_3ssz66,1730748126.682195
212,r/Nepenthes,5730,Home and Garden,t5_2sfo5,1730748126.70112
213,r/DetectiveAlreadyDead,5729,Anime,t5_3cpfq5,1730748126.719457
214,r/joceyjanessa,5729,Mature Themes and Adult Content,t5_7cee2h,1730748126.737965
215,r/tango,5729,Hobbies,t5_2qjmq,1730748126.7571461
216,r/taxhelp,5729,"Business, Economics, and Finance",t5_2rnv4,1730748126.776335
217,r/VicePrincipals,5729,Television,t5_31yoe,1730748126.7960691
218,r/AspieGirls,5728,Medical and Mental Health,t5_2rvg9x,1730748126.815925
219,r/lorraine__SD,5728,Trying 2 bring it back💪🏽 Subreddit for the Beautiful IG: @Lorraine_SD only post stuff of Lorraine please 💯,t5_85sxpn,1730748126.83644
220,r/TheDevilsPlan,5728,Television,t5_989il4,1730748126.85662
221,r/Transcription,5728,"Reading, Writing, and Literature",t5_2qy5i,1730748126.875794
222,r/Boraras,5727,Animals and Pets,t5_4wfpse,1730748126.8956742
223,r/AIP_Recipes,5726,Food and Drink,t5_21q2kw,1730748126.915828
224,r/mckenziebrooke,5726,Mature Themes and Adult Content,t5_6td0wl,1730748126.93528
225,r/WaterSkiing,5726,Sports,t5_2thcx,1730748126.954587
226,r/Bungie,5725,Gaming,t5_2rt2w,1730748126.973773
227,r/Dynodiscord,5725,Technology,t5_3ijb0,1730748126.991909
228,r/MazdaCX90,5725,Cars and Motor Vehicles,t5_5yv4u1,1730748127.010855
229,r/NiftyGateway,5725,Art,t5_3ka55f,1730748127.029975
230,r/projectozone3,5725,Gaming,t5_gokcr,1730748127.048882
231,r/ravenswatch,5725,Gaming,t5_6np85k,1730748127.068726
232,r/JetsonNano,5724,Technology,t5_yepe2,1730748127.089494
233,r/SchwinnIC4_BowflexC6,5724,Fitness and Nutrition,t5_2uad6k,1730748127.109319
234,r/MedicinalMycology,5723,Medical and Mental Health,t5_344fp,1730748127.1282308
235,r/wgueducation,5723,Learning and Education,t5_34dmb,1730748127.147072
236,r/BlanketGuy,5722,Meta/Reddit,t5_3h9ntr,1730748127.1664839
237,r/eremika,5722,Anime,t5_32lik,1730748127.186271
238,r/genshinmemes,5722,Funny/Humor,t5_37uz6c,1730748127.2059689
239,r/INBDE,5722,Learning and Education,t5_29lw3v,1730748127.226078
240,r/KhloeKardashianHot,5722,Mature Themes and Adult Content,t5_3hjon,1730748127.246113
241,r/pudu,5722,Animals and Pets,t5_2tf4l,1730748127.361244
242,r/TheOnesWhoLiveonAMC,5722,Television,t5_anxsdo,1730748127.379317
243,r/vivobarefoot,5722,Fashion,t5_9ccui,1730748127.397446
244,r/carproblems,5721,Cars and Motor Vehicles,t5_2uc15,1730748127.415871
245,r/reduxjs,5721,Programming,t5_39l3a,1730748127.4349089
246,r/stm32,5721,Technology,t5_3h9gt,1730748127.4532008
247,r/motherbussnark,5720,Podcasts and Streamers,t5_c4n4pu,1730748127.471618
248,r/JeepJK,5719,Cars and Motor Vehicles,t5_2vcwz,1730748127.490363
249,r/MinecraftUnlimited,5719,Gaming,t5_71dvzd,1730748127.529087
