,subreddit,subscribers,topic,subreddit_id,scraped_utc
0,r/nook,5306,Technology,t5_2re94,1730748243.40526
1,r/Pelosi_Trades,5306,"Business, Economics, and Finance",t5_536gmu,1730748243.428297
2,r/skiesofarcadia,5306,Gaming,t5_2t5y1,1730748243.4484081
3,r/AdvancedTaxStrategies,5305,"Business, Economics, and Finance",t5_4pfmh7,1730748243.4689012
4,r/askrupaulsdragrace,5305,Television,t5_47dih2,1730748243.489107
5,r/ihardlyknowher,5305,Any clean words or phrases that end in -er are valid! Please don't post anything offensive in this sub.,t5_37ud7,1730748243.5171971
6,r/pennyboard,5305,Sports,t5_30gin,1730748243.536177
7,r/Blackstonefortress,5304,Tabletop Games,t5_rtpon,1730748243.555498
8,r/ssc,5304,Learning and Education,t5_2rgaf,1730748243.578492
9,r/5eNavalCampaigns,5303,Tabletop Games,t5_xv2tv,1730748243.597842
10,r/foraeldreDK,5302,Family and Relationships,t5_5h30gz,1730748243.6712499
11,r/galaxys5,5302,Technology,t5_2v73m,1730748243.690294
12,r/mensfashiontrend,5302,male fashion trend menswear fashion for men mens fashion trends mens fashion,t5_2ygjd,1730748243.717243
13,r/pistollake,5302,Fashion,t5_2yk23,1730748243.737424
14,r/ShopliftersGoneWild,5302,Internet Culture and Memes,t5_3am3t,1730748243.757133
15,r/transgender_support,5302,Gender,t5_3cutt,1730748243.7772338
16,r/Discordjs,5301,Programming,t5_3eu72,1730748243.796221
17,r/Bone,5300,"Reading, Writing, and Literature",t5_2vvt3,1730748243.815786
18,r/PsychedelicMedicine,5300,Medical and Mental Health,t5_31e5f,1730748243.836239
19,r/handmaids_irl,5299,Television,t5_11h7n1,1730748243.856547
20,r/RitaFourEssenceSystem,5299,Fashion,t5_6h4tq2,1730748243.875781
21,r/BlondesBrunettesReds,5298,Celebrity,t5_7xnmiz,1730748243.8949602
22,r/bus,5298,Cars and Motor Vehicles,t5_2slz0,1730748243.914161
23,r/tedkaczysnki,5298,Activism,t5_2j17z2,1730748243.933136
24,r/afterjeeneet,5297,Learning and Education,t5_6lr65a,1730748243.953017
25,r/DOSNetwork,5297,"The fastest, zero gas fee and user-friendly blockchain network for entertainment and gaming. https://doschain.com",t5_o6slk,1730748243.971825
26,r/informationsystems,5297,Technology,t5_2t7ou,1730748243.990719
27,r/SAVA_stock,5297,"Business, Economics, and Finance",t5_40mvzd,1730748244.0084858
28,r/snapmaker,5297,Technology,t5_3lvly,1730748244.027027
29,r/Starchi,5297,Crypto,t5_4zms0j,1730748244.046342
30,r/aabbstock,5296,"Business, Economics, and Finance",t5_3z07h2,1730748244.066637
31,r/FOXMarvelGirls,5296,Mature Themes and Adult Content,t5_3p737,1730748244.085763
32,r/oneplus7t,5295,Technology,t5_4czq0,1730748244.1045492
33,r/sv650,5295,Cars and Motor Vehicles,t5_38uc4,1730748244.123394
34,r/BastionMains,5294,Gaming,t5_3ei1h,1730748244.1421351
35,r/gunship,5294,Music,t5_38uwa,1730748244.1611898
36,r/feedvortex,5293,Podcasts and Streamers,t5_9hytpn,1730748244.1799018
37,r/Saturn,5293,Science,t5_2t8ap,1730748244.199643
38,r/SolsRNG,5293,Gaming,t5_alcbq0,1730748244.218836
39,r/Cinemark,5292,Movies,t5_hk4xp,1730748244.238894
40,r/ColinsLastStand,5292,Podcasts and Streamers,t5_3jlua,1730748244.257974
41,r/Xenosaga,5292,Gaming,t5_2v6kn,1730748244.2773
42,r/alttpr,5291,Gaming,t5_3jxly,1730748244.297308
43,r/FellasIsItGay,5291,Funny/Humor,t5_3o2tm,1730748244.3169138
44,r/HousingIreland,5291,"Business, Economics, and Finance",t5_4clrkz,1730748244.336946
45,r/indianpeoplelinkedin,5291,Internet Culture and Memes,t5_3ftle,1730748244.357227
46,r/MaximumFootball,5291,Gaming,t5_mh5af,1730748244.377397
47,r/SlimeBall69,5291,Welcome to SlimeBall69,t5_ab4vbm,1730748244.3963761
48,r/PokemonQRCodes,5290,Gaming,t5_37237,1730748244.415781
49,r/kratomreview100,5289,Mature Themes and Adult Content,t5_7i95pe,1730748244.4348722
50,r/Dndhomebrewmonsters,5288,Tabletop Games,t5_4jxpgm,1730748244.4536908
51,r/minecraftmaps,5288,Gaming,t5_2s402,1730748244.472515
52,r/RabbitReddit,5288,Technology,t5_38cni,1730748244.4923189
53,r/CBTSmod,5287,Gaming,t5_9dru7,1730748244.5115242
54,r/DragRaceHolland,5287,Television,t5_2wshrw,1730748244.530251
55,r/IKEA_Hacks,5287,Crafts and DIY,t5_3gesr,1730748244.549035
56,r/NeatNotes,5286,"Wonderfully organized notes? Amazingly perfect math homework? Maybe you just think your notes are share worthy, Neat Notes is the sub designed for beautifully taken notes.",t5_2yr37,1730748244.567892
57,r/cropasta,5285,Internet Culture and Memes,t5_3g0ui,1730748244.5865479
58,r/MnetQueendom,5285,Television,t5_5swpx0,1730748244.604836
59,r/RobinhoodYachtClub,5285,"Business, Economics, and Finance",t5_2jr05y,1730748244.623776
60,r/thetick,5285,Television,t5_2u6zo,1730748244.642366
61,r/watchos,5285,Technology,t5_33vt8,1730748244.6611142
62,r/HardwareSwapEU,5284,Marketplace and Deals,t5_37edm,1730748244.67967
63,r/musicbee,5284,Music,t5_2sz5m,1730748244.698219
64,r/RadiationTherapy,5284,Medical and Mental Health,t5_368qh,1730748244.718325
65,r/DamnReincarnation,5283,Anime,t5_58adh0,1730748244.73743
66,r/developersPak,5283,Technology,t5_bzxyvx,1730748244.756426
67,r/donorconceived,5283,Family and Relationships,t5_332yf,1730748244.7763112
68,r/RAWLUV,5283,Mature Themes and Adult Content,t5_704qg9,1730748244.7956831
69,r/formula1TR,5282,Sports,t5_2bubd6,1730748244.8167381
70,r/ManifestingMemes,5282,Religion and Spirituality,t5_23lka2,1730748244.837
71,r/netapp,5282,Technology,t5_2r5pd,1730748244.857289
72,r/smashup,5282,Tabletop Games,t5_2xt6g,1730748244.877743
73,r/TidalPlaylists,5282,Music,t5_3e44a,1730748244.89727
74,r/AnimalbeingEngineers,5281,"Animals can create and organize their environment better than humans, and animals taught humans through the duration of life-time",t5_x2tvt,1730748244.9160378
75,r/Thundercats,5281,Television,t5_2rhna,1730748244.9355898
76,r/STNewHorizons,5280,Gaming,t5_3fle1,1730748244.954606
77,r/DogBreeding,5279,Animals and Pets,t5_3988r,1730748244.974765
78,r/NYTO,5278,Internet Culture and Memes,t5_2r75v,1730748244.995797
79,r/Deeva,5277,"Welcome to the Deeva subreddit! 🌟 Dive into the world of Deeva.ai and its captivating AI companions, Maya, Layla, and Vixen. 💬 Discuss features, share experiences, and connect with fellow enthusiasts. 💡 Discover the future of AI companionship here! 💖",t5_8me4r4,1730748245.0175529
80,r/GoddessCafeTerrace,5277,Anime,t5_3xjj94,1730748245.0446022
81,r/JasmineBlack,5277,Mature Themes and Adult Content,t5_385ve,1730748245.064619
82,r/npm,5277,Programming,t5_35v9f,1730748245.084661
83,r/orchid,5277,Crypto,t5_2r5hx,1730748245.105954
84,r/Roballs,5277,Funny/Humor,t5_5elhkv,1730748245.129034
85,r/Stickfight,5277,Gaming,t5_3no7w,1730748245.1515589
86,r/everythingeverything,5276,Music,t5_2xusk,1730748245.17422
87,r/Arthurian,5275,"Reading, Writing, and Literature",t5_2zcl5,1730748245.196756
88,r/Suspects,5275,Gaming,t5_38ikh,1730748245.219167
89,r/Alexiaputellashot,5274,Mature Themes and Adult Content,t5_634rs1,1730748245.2412958
90,r/BellaBellaBella,5274,Mature Themes and Adult Content,t5_59mmo2,1730748245.264113
91,r/DanielleRobertson,5273,Welcome to the community dedicated to all things Danielle Robertson.,t5_35mzg,1730748245.2857652
92,r/KobaltTools,5273,Crafts and DIY,t5_mx4ln,1730748245.308008
93,r/wholesometrashy,5273,Welcome to wholesometrashy,t5_3kfdj,1730748245.329689
94,r/Americantrucksim,5272,Gaming,t5_4w3nfl,1730748245.3522902
95,r/novelsfree,5272,"Reading, Writing, and Literature",t5_8e9z5v,1730748245.376987
96,r/powerslap,5272,Sports,t5_7d4x9d,1730748245.4021919
97,r/distributism,5271,Politics,t5_2u8gs,1730748245.424533
98,r/imdb,5271,Movies,t5_2sfjj,1730748245.44625
99,r/melbourneriders,5271,Cars and Motor Vehicles,t5_3332h,1730748245.4686909
100,r/newgrowers,5271,Mature Themes and Adult Content,t5_38vmhn,1730748245.491256
101,r/OCPoetryFree,5271,"Reading, Writing, and Literature",t5_2tt6u7,1730748245.513099
102,r/S01E01,5271,Television,t5_3j7ml,1730748245.535855
103,r/BritBox,5270,Television,t5_3im5w,1730748245.560765
104,r/Klonoa,5270,Gaming,t5_2s5g0,1730748245.5845098
105,r/lowsodiumhamradio,5270,Technology,t5_5tyikc,1730748245.6068192
106,r/USDegrees,5270,"USDegrees.com curates the list of affordable online U.S. College degrees with their tuition, accreditation and salary data.",t5_7awqat,1730748245.628777
107,r/VelocityFrequentFlyer,5270,Travel,t5_7borgz,1730748245.6520698
108,r/BoosteroidCommunity,5269,Gaming,t5_35sfm6,1730748245.674877
109,r/Pawpaws,5268,Home and Garden,t5_2uflm,1730748245.696337
110,r/WorstPremadeEver,5268,Podcasts and Streamers,t5_3oehe,1730748245.7183099
111,r/10cloverfieldlane,5267,Movies,t5_3bw30,1730748245.740084
112,r/AskingAlexandria,5267,Music,t5_2uj1d,1730748245.7619479
113,r/Drag_Race_Germany,5267,Television,t5_91cjxv,1730748245.785323
114,r/Kanthony,5267,Television,t5_66bawv,1730748245.808077
115,r/qtcinderellafans,5267,Mature Themes and Adult Content,t5_7wnejk,1730748245.831562
116,r/Sardinia,5267,Place,t5_2xndo,1730748245.8535411
117,r/WattsCaseEvidence,5267,Law,t5_2b7enj,1730748245.876538
118,r/IGPods,5265,Internet Culture and Memes,t5_3k4a3,1730748245.900836
119,r/Mudalads,5265,Anime,t5_12e0sf,1730748245.924337
120,r/KylieGemmell,5264,A fan subreddit dedicated to Kylie Gemmell,t5_ncxhv,1730748245.946763
121,r/nissansentra,5264,Cars and Motor Vehicles,t5_2ur8l,1730748245.969989
122,r/FetishFinances,5263,Mature Themes and Adult Content,t5_ayoywi,1730748245.992064
123,r/indianafever,5263,Sports,t5_3ab13,1730748246.0142279
124,r/ipswich,5263,Place,t5_2s7ae,1730748246.0369961
125,r/SuperMechaFrieza,5263,Podcasts and Streamers,t5_27zkcc,1730748246.0580459
126,r/AccidentalTerrariums,5262,When nature makes its own terrarium.,t5_3lyhb,1730748246.079118
127,r/PrequelSeparatist,5262,Movies,t5_4lz4t6,1730748246.099366
128,r/ZaryaMains,5261,Gaming,t5_3ejvm,1730748246.118659
129,r/20MinutesTillDawn,5260,Gaming,t5_6eeik0,1730748246.139877
130,r/A7siii,5260,Technology,t5_2wnkfm,1730748246.158836
131,r/Defiance,5260,Gaming,t5_2siko,1730748246.178336
132,r/SeaList,5260,Marketplace and Deals,t5_2sall,1730748246.197344
133,r/web,5260,Technology,t5_2qofi,1730748246.21735
134,r/Pandemic,5259,Medical and Mental Health,t5_2qxaf,1730748246.236563
135,r/Brightline,5258,Travel,t5_hajam,1730748246.255643
136,r/FragrantHarbour,5258,Activism,t5_2p8mxq,1730748246.274413
137,r/promptcraft,5258,Art,t5_6x1mkf,1730748246.2931368
138,r/RandomActsOfVinyl,5258,"Inspired by other ""Random Acts Of ..."" subreddits, **this is the place where vinyl records find new homes**! Offer, trade and request.",t5_2t88y,1730748246.311944
139,r/APbio,5257,Learning and Education,t5_2sav0,1730748246.3318558
140,r/catstandingup,5257,"Welcome to r/catstandingup, The subreddit for anything cats Videos, pictures, questions, and articles related cats.",t5_3ggyh,1730748246.35231
141,r/DePi,5257,Politics,t5_b6funh,1730748246.372525
142,r/girlkisser,5257,Internet Culture and Memes,t5_9a8uv4,1730748246.392894
143,r/oldyoutubelayout,5257,Technology,t5_2w8xe6,1730748246.4118872
144,r/ApplePhotos,5256,Technology,t5_3aorr,1730748246.4302661
145,r/Racheldelgado2,5256,Mature Themes and Adult Content,t5_7spgo6,1730748246.449067
146,r/Anthropic,5255,Technology,t5_7v9ahi,1730748246.4677582
147,r/NinjalaTheGame,5255,Gaming,t5_292nk6,1730748246.486631
148,r/BAME_UK,5254,"Culture, Race, and Ethnicity",t5_35i3is,1730748246.5055401
149,r/psychopathology,5254,Science,t5_2sa3l,1730748246.524253
150,r/UKBirds,5254,Outdoors and Nature,t5_231sm2,1730748246.542807
151,r/dawngate,5253,Gaming,t5_2x9kd,1730748246.5617101
152,r/ExplorerGuitars,5253,Music,t5_2i3fwu,1730748246.580533
153,r/LotsOfBunniesSexy,5253,Mature Themes and Adult Content,t5_29zhml,1730748246.599083
154,r/mili,5253,Music,t5_375it,1730748246.8610702
155,r/PESU,5253,Learning and Education,t5_mvxta,1730748246.8862998
156,r/PowerAutomate,5253,Technology,t5_27su5f,1730748246.9085839
157,r/EL_Radical,5252,Politics,t5_67pwu4,1730748246.9297888
158,r/Hotwheelsindia,5252,Hobbies,t5_45y1ue,1730748246.9507709
159,r/WomenShredders,5252,Sports,t5_31pn1,1730748246.981803
160,r/xmonad,5252,Programming,t5_2r4w8,1730748247.001268
161,r/AudioStuff,5251,Music,t5_ci1ae,1730748247.020311
162,r/lokean,5251,Religion and Spirituality,t5_2yajc,1730748247.039253
163,r/PorscheCayenne,5251,Cars and Motor Vehicles,t5_16ma5p,1730748247.0580401
164,r/SlayerLegend,5251,Gaming,t5_7elqsb,1730748247.1519911
165,r/BadCycling,5250,Activism,t5_3afez,1730748247.170912
166,r/CIMA,5250,Learning and Education,t5_32sfp,1730748247.1973262
167,r/KasaneTeto,5250,Anime,t5_2hyqpk,1730748247.216778
168,r/kulineria,5250,Food and Drink,t5_2rbivh,1730748247.338778
169,r/Xenomorphs,5250,Movies,t5_2utqh,1730748247.357146
170,r/ZedsDeadFam,5250,Music,t5_39mac,1730748247.3765361
171,r/DeadBedroomsMD,5249,Medical and Mental Health,t5_11241l,1730748247.3982239
172,r/EcommerceWebsite,5249,"This is the go-to community for all things related to e-commerce websites. Whether you're a seasoned entrepreneur, a budding online store owner, a web developer, or simply interested in the world of e-commerce, this subreddit is for you.",t5_3d90m,1730748247.420494
173,r/hqcelebfeet,5249,Celebrity,t5_9si65y,1730748247.439424
174,r/ilovemypolishheritage,5249,"Culture, Race, and Ethnicity",t5_8t7bl9,1730748247.457061
175,r/MinecraftBuild,5248,Gaming,t5_2t0iq,1730748247.475036
176,r/AlzheimersGroupBackup,5247,Internet Culture and Memes,t5_6y0h0s,1730748247.5137
177,r/CT200h,5247,Cars and Motor Vehicles,t5_35tvq,1730748247.5315142
178,r/DreamWorksTrolls,5247,Movies,t5_2mftku,1730748247.550485
179,r/OldManDad,5247,Family and Relationships,t5_4gjsrt,1730748247.569002
180,r/AdvancedPosture,5246,Medical and Mental Health,t5_2n9yfi,1730748247.586678
181,r/nsx,5246,Cars and Motor Vehicles,t5_2suvo,1730748247.604098
182,r/SydneyGayBros,5246,Mature Themes and Adult Content,t5_32ipe,1730748247.621681
183,r/Occipitalneuralgia,5245,Medical and Mental Health,t5_2fllmj,1730748247.640063
184,r/kimtaeyeon,5244,Music,t5_2ti0l,1730748247.6605492
185,r/WhatsMyIdeology,5243,Politics,t5_3eiil,1730748247.6786518
186,r/HaileeSteinfeldsLegs,5242,A subreddit for Hailee Steinfeld's glorious legs!,t5_462gjp,1730748247.697113
187,r/kalogerasisters,5242,Subreddit STRICTLY for fans of the Kalogeras Sisters!,t5_bde0o4,1730748247.715272
188,r/Cartomancy,5241,Religion and Spirituality,t5_34mv4,1730748247.7340958
189,r/ClimateNews,5241,World News,t5_3ayvl,1730748247.751955
190,r/cornishrex,5241,Animals and Pets,t5_2x741,1730748247.76956
191,r/Goon,5240,Food and Drink,t5_2sqxw,1730748247.787035
192,r/quantitysurveying,5240,Careers,t5_3gg5n,1730748247.804738
193,r/violin,5240,Music,t5_533020,1730748247.822297
194,r/westofloathing,5239,Gaming,t5_37j70,1730748247.8402429
195,r/orbusvr,5238,Gaming,t5_3f4fp,1730748247.858176
196,r/renoise,5238,Music,t5_2s7qc,1730748247.87726
197,r/deletedmemes,5237,Meta/Reddit,t5_3maj6,1730748247.8969831
198,r/minecraftbedrock,5237,Gaming,t5_4rdv0z,1730748247.916075
199,r/NCAA,5237,Sports,t5_2sesj,1730748247.934877
200,r/UCFKnights,5237,Sports,t5_2syyt,1730748247.9537852
201,r/MsNiceNextDoorx,5236,Mature Themes and Adult Content,t5_7szj9y,1730748247.971602
202,r/Translink,5236,Cars and Motor Vehicles,t5_2vsqd,1730748247.9894521
203,r/Turkmenistan,5236,Place,t5_2sayv,1730748248.008332
204,r/FFXIVxDnD,5235,Tabletop Games,t5_rjbmv,1730748248.026002
205,r/Hiddenpcbeggs,5235,Technology,t5_xj5oa,1730748248.043722
206,r/Rapids,5235,Sports,t5_2suti,1730748248.0611682
207,r/survivetheculling,5235,Gaming,t5_3cavp,1730748248.0786712
208,r/AcuraTSX,5234,Cars and Motor Vehicles,t5_rogi9,1730748248.0982
209,r/customcontrollers,5233,Gaming,t5_2xr5v,1730748248.115985
210,r/decimated_game,5233,"The subreddit for Decimated, the post-apocalyptic survival RPG in development using Unreal Engine 5.",t5_ocpms,1730748248.133558
211,r/fixedgear,5233,Hobbies,t5_2qln0,1730748248.151188
212,r/InternetShakespeares,5233,Internet Culture and Memes,t5_o9unr,1730748248.168564
213,r/JammedImages,5233,For all your cursed Gungeon images,t5_mrbc8,1730748248.186095
214,r/ForensicPsychology,5232,Careers,t5_y5nab,1730748248.203707
215,r/musictheorymemes,5232,Learning and Education,t5_3jthn,1730748248.2211351
216,r/ADHD_Over30,5231,Medical and Mental Health,t5_pmeg8,1730748248.238739
217,r/HyphonixYT,5231,Podcasts and Streamers,t5_6hxd4n,1730748248.256395
218,r/valerialcalaa_,5231,Celebrity,t5_6dr941,1730748248.273778
219,r/WaypointVICE,5231,Podcasts and Streamers,t5_3gqlu,1730748248.291255
220,r/PhonkDrumKits,5230,Music,t5_3dqp2z,1730748248.308537
221,r/PlotX,5230,Crypto,t5_36pmaj,1730748248.326047
222,r/postcolonialism,5230,"Postcolonialism is an academic discipline that comprises methods of intellectual discourse that present analyses of, and responses to, the cultural legacies of colonialism and of imperialism.",t5_2qywi,1730748248.344009
223,r/SWTORGuilds,5230,Gaming,t5_2sdgm,1730748248.362124
224,r/MallikaSinghHot,5229,Celebrity,t5_5qynzy,1730748248.379796
225,r/MauriceMandy,5229,Television,t5_53q0ug,1730748248.397666
226,r/arizonatrail,5228,Travel,t5_30zb5,1730748248.416853
227,r/artistspeakeasy,5228,Art,t5_389vu,1730748248.434502
228,r/buildering,5228,Welcome to buildering,t5_2t1zu,1730748248.451896
229,r/onehouronelife,5227,Gaming,t5_3ndtj,1730748248.469515
230,r/yvestumor,5227,Music,t5_2am3co,1730748248.4870842
231,r/arttools,5226,Art,t5_2zslw,1730748248.5047061
232,r/babywitchhelp,5225,Religion and Spirituality,t5_2m07lq,1730748248.52213
233,r/CreamHeroes,5225,Podcasts and Streamers,t5_u6nwv,1730748248.540716
234,r/learntoadult,5225,This is a page for people who would rather not grow up learning things from the school of hard knocks. Learn about how to handle a bank account and basic finance. What continuing education is. Whether or not you should buy life insurance. This is how to be an adult.,t5_3d6rn,1730748248.5587351
235,r/shell,5225,Programming,t5_2qh9e,1730748248.576289
236,r/UnemploymentCA,5225,Careers,t5_2okzct,1730748248.593685
237,r/fortniteSolesandfeet,5224,Mature Themes and Adult Content,t5_8eyega,1730748248.611094
238,r/kpopslumberparty,5224,Music,t5_2z041,1730748248.628573
239,r/KultCult,5224,Beauty and Makeup,t5_b9kmkr,1730748248.646016
240,r/linuxsucks,5224,Technology,t5_2rgfp,1730748248.6633742
241,r/OnePlus8T,5223,Technology,t5_p4xh8,1730748248.680974
242,r/Overseerr,5223,Technology,t5_3k22vw,1730748248.699032
243,r/CatsWithManes,5222,Animals and Pets,t5_3myzj,1730748248.716587
244,r/Lopunny,5222,Gaming,t5_344ja,1730748248.734041
245,r/SecondhandModParts,5222,Fashion,t5_2keo98,1730748248.751456
246,r/VietTalk,5222,Place,t5_c6j6o2,1730748248.768971
247,r/WW2GermanMilitaryTech,5222,Military,t5_5fdvb6,1730748248.786371
248,r/3D_Printing,5221,Technology,t5_1y6opd,1730748248.803798
249,r/IndigoPark,5221,Gaming,t5_8vxqk7,1730748248.821451
