,subreddit,subscribers,topic,subreddit_id,scraped_utc
0,r/KatyaZamolodchikova,3817,Celebrity,t5_3h0am,1730748695.3000908
1,r/ScienceFantasyAwesome,3817,Hobbies,t5_3sra92,1730748695.465791
2,r/fleinsopp,3816,Mature Themes and Adult Content,t5_34d5a0,1730748695.525507
3,r/Gremlins,3816,Movies,t5_2vwlm,1730748695.5751739
4,r/HerthaBSC,3816,Sports,t5_2t5jh,1730748695.615792
5,r/anonymousgoals,3815,Anonymous Goals: Where all goals are created equal,t5_3lz7p,1730748695.667017
6,r/MinecraftSwitch,3815,Gaming,t5_3ii65,1730748695.6998248
7,r/OnePercentLifeProTips,3815,Life Pro Tips for the richest 1%.,t5_36ka8,1730748695.7323499
8,r/spaceforce_,3815,Television,t5_utxag,1730748695.771712
9,r/camrydents,3814,Cars and Motor Vehicles,t5_3g2py,1730748695.805407
10,r/Hellfest,3814,Music,t5_34j7v,1730748695.95733
11,r/homeandaway,3814,Television,t5_2ua6e,1730748695.997317
12,r/BitcoinNO,3813,Alt om Bitcoin på norsk eller i Norge.,t5_2wt6r,1730748696.0590458
13,r/CallOfDutyMemes,3813,Internet Culture and Memes,t5_2xkcf,1730748696.099655
14,r/Happycryingeveryone,3813,Funny/Humor,t5_10s1m0,1730748696.137821
15,r/packinglists,3813,"Who doesn't love geeking out over packing lists? The packing lists here are mostly travel-oriented. Do you have a list, or have you run across one? Awesome! Submit it here! Self posts, links to websites or blogs, video packing lists, and images of the gear you or others have packed are all welcome.",t5_313q6,1730748696.1820722
16,r/simplychristina87,3813,Celebrity,t5_4snhgc,1730748696.237206
17,r/TiltOfGuilt,3813,Home and Garden,t5_92od21,1730748696.2817721
18,r/CivIV,3812,Gaming,t5_2w7xx,1730748696.321131
19,r/DeLand,3812,Place,t5_2sikj,1730748696.363047
20,r/plantER,3812,Home and Garden,t5_uqzcm,1730748696.4075809
21,r/ArmoredCoreEmblems,3811,Gaming,t5_96b6pg,1730748696.449585
22,r/thennnow,3811,Welcome to thennnow,t5_2t7fl,1730748696.492482
23,r/TrackerTV,3811,Television,t5_919vvy,1730748696.541099
24,r/anvilempires,3810,Gaming,t5_5dru7d,1730748696.5894558
25,r/CupraFormentor,3810,Cars and Motor Vehicles,t5_4gbscy,1730748696.6356218
26,r/ElsbethTVSeries,3810,Television,t5_agnzjb,1730748696.6870341
27,r/HardFlaccidSyndrome,3810,"[Official source of Hard Flaccid Syndrome.] Dedicated to trustworthy insights, outlooks, and information.",t5_6ipolc,1730748696.731414
28,r/kaceytron,3810,Podcasts and Streamers,t5_2z23r,1730748696.7763011
29,r/foliage,3809,"Foliage, because /r/trees isn't about trees.",t5_2un9e,1730748696.822426
30,r/grippingcatswithforce,3809,Animals and Pets,t5_38b064,1730748696.865729
31,r/Jevil,3809,I CAN DO ANYTHING!,t5_qxcyz,1730748696.906545
32,r/JourneysInMiddleEarth,3809,Tabletop Games,t5_uhvo3,1730748696.946785
33,r/murdle,3809,"Reading, Writing, and Literature",t5_6sl2x7,1730748696.985483
34,r/RealHousewivesofATL,3809,Television,t5_2lkt4f,1730748697.018683
35,r/Shincheonji,3809,Religion and Spirituality,t5_21uxsq,1730748697.04701
36,r/Villaging,3809,Hobbies,t5_4e964m,1730748697.075408
37,r/amitheonlyone,3808,Meta/Reddit,t5_2qt50,1730748697.100587
38,r/hwforcashp,3808,"r/hwforcashp is an subreddit that welcomes students of all levels to deepen their learning experience. We believe all students should have access to high quality tutors, regardless of their time, location, or budget constraints. join discord Server https://discord.com/invite/eMf46vF7pW",t5_9y9o4s,1730748697.123413
39,r/melatonin,3808,Medical and Mental Health,t5_2vny2,1730748697.1452491
40,r/bestofmumsnet,3807,Family and Relationships,t5_3e8jz,1730748697.167274
41,r/Coinquilini_di_merda,3807,Ethics and Philosophy,t5_c1roh3,1730748697.189327
42,r/DragonBallHeroes,3807,Tabletop Games,t5_35wtu,1730748697.211006
43,r/sumikkogurashi,3806,Hobbies,t5_3am1c,1730748697.233998
44,r/IonQ,3805,Technology,t5_gzh77,1730748697.256654
45,r/pinkpilatesprincess,3805,Fashion,t5_7xdm10,1730748697.27728
46,r/Plugplay,3805,Mature Themes and Adult Content,t5_2jwkgp,1730748697.297125
47,r/VirtualBoy,3805,Gaming,t5_2suzk,1730748697.3177118
48,r/WettDiamond_Camsoda,3805,A place for fans of WettDiamond @famouscreamy at OnlyFans Wettdiamond at Camsoda Creamydiamond at Stripchat @Messydiamond25 at Twitter @wettdiamond25 at Instagram,t5_87zk23,1730748697.337714
49,r/McCreeMains,3804,Gaming,t5_3dyrk,1730748697.357717
50,r/pcpartpickerbuilds,3804,Technology,t5_35jeb,1730748697.377536
51,r/prequellememes,3804,Internet Culture and Memes,t5_iptuf,1730748697.3974478
52,r/TheExpanseBooks,3804,"Reading, Writing, and Literature",t5_39fos,1730748697.417036
53,r/WriteStreakJP,3804,Learning and Education,t5_3g82qp,1730748697.4372091
54,r/allinpodofficial,3803,Podcasts and Streamers,t5_74h0z1,1730748697.456817
55,r/BFDImemes,3803,Podcasts and Streamers,t5_zoori,1730748697.476459
56,r/MGTOWBan,3803,Activism,t5_44itb9,1730748697.49682
57,r/correlationcausation,3802,Science,t5_3c75m,1730748697.516313
58,r/Jasmine_Tookes,3802,Welcome to the community dedicated to all things for VS Angel Jasmine Tookes.,t5_3e8k4,1730748697.5357912
59,r/motheroflearning,3802,"Reading, Writing, and Literature",t5_3gvwp,1730748697.5553799
60,r/TPLinkOmada,3802,Technology,t5_3lhp4n,1730748697.574731
61,r/BrittBakerDMD,3801,Celebrity,t5_3aihmr,1730748697.59553
62,r/DCdump,3801,"Have something you want to sell or get rid of? DUMP IT! Put your item on DCdump and you may just find someone willing to take it off of your hands. It never hurts to have more than one avenue to sell something, so we hope this helps!",t5_2u5hj,1730748697.615298
63,r/birdmemes,3800,Internet Culture and Memes,t5_2tmkl,1730748697.635545
64,r/franzferdinand,3800,Music,t5_2r0fe,1730748697.6551738
65,r/gamingchairs,3800,Gaming,t5_2w2y6,1730748697.675037
66,r/instainfluencers,3800,Discover all indian instagram models/influencers at one place💋,t5_bex2c9,1730748697.695646
67,r/MilleniumMachines,3800,Hobbies,t5_314ybi,1730748697.715467
68,r/theBoyfriendNetflix,3800,Television,t5_bxc4uz,1730748697.736176
69,r/AnnamarieTendler,3799,Celebrity,t5_4h2rx2,1730748697.7557938
70,r/GiveMe40Days,3799,Welcome to GiveMe40Days,t5_2skxv,1730748697.776747
71,r/GoBearcats,3799,Sports,t5_3hpxj,1730748697.798395
72,r/JimmyCarterForScale,3799,History,t5_biv4r6,1730748697.8201149
73,r/truths,3799,Internet Culture and Memes,t5_50x5c0,1730748697.841883
74,r/BuschGardensTampa,3798,Travel,t5_317lh,1730748697.863856
75,r/mazdaCX50,3798,Cars and Motor Vehicles,t5_5egs8m,1730748697.88609
76,r/electronicdancemusic,3797,Music that makes you want to dance that happens to be electronic,t5_2shv5,1730748697.908302
77,r/thewritespace,3797,"Reading, Writing, and Literature",t5_2tsv1s,1730748697.9318788
78,r/Vesteria,3797,Gaming,t5_p7omr,1730748697.957264
79,r/CryptoInvesting,3796,Crypto,t5_31wxx,1730748697.9815161
80,r/figures,3796,Hobbies,t5_2s8ab,1730748698.006815
81,r/PoGoSpooferOpenCorner,3796,Gaming,t5_30dij1,1730748698.030305
82,r/PokemonCardDeals,3796,Hobbies,t5_3n2kqd,1730748698.0550752
83,r/VAGardening,3796,Home and Garden,t5_3nsxy3,1730748698.079629
84,r/bounceonbounce,3795,Mature Themes and Adult Content,t5_8z0bkr,1730748698.108472
85,r/MoroccoMemes,3795,Place,t5_pgwof,1730748698.13938
86,r/NormalDayInSweden,3795,Just what you'd expect on a normal day in Sweden.,t5_3dexf,1730748698.172821
87,r/OfficePolitics,3795,Careers,t5_2swj4,1730748698.2115278
88,r/plotagraph,3795,Art,t5_3m7pv,1730748698.248851
89,r/Audhdmemes,3794,"Memes, infographics, and occasional info dumps",t5_7u7ds1,1730748698.286753
90,r/gooby,3794,All things Gooby,t5_2tq2b,1730748698.3235772
91,r/internationalshopper,3794,Marketplace and Deals,t5_a98sc,1730748698.358631
92,r/pinknosedcats,3794,Animals and Pets,t5_md70y,1730748698.389337
93,r/RodeoStampede,3794,Gaming,t5_3f7wl,1730748698.420882
94,r/SenpaiGaUrusai,3794,Anime,t5_ksqah,1730748698.451342
95,r/wakingUp,3794,Religion and Spirituality,t5_30p6k,1730748698.478495
96,r/Goodlookin,3793,Nothing but good looking girls,t5_3bwf4o,1730748698.505265
97,r/graphics,3793,Art,t5_2qhcj,1730748698.5303428
98,r/LinuxOnThinkpads,3793,Technology,t5_3jsrw,1730748698.555648
99,r/pokemoncardselling,3793,Hobbies,t5_3flp0,1730748698.5785642
100,r/Draya_Michele,3792,Mature Themes and Adult Content,t5_4ffr0h,1730748698.5996559
101,r/GreenLanternCorps,3792,Television,t5_2sb2j,1730748698.620615
102,r/iomtt,3792,Sports,t5_2x4kw,1730748698.641514
103,r/MinecraftExploits,3792,Gaming,t5_338pn,1730748698.662166
104,r/MomazosBeelce1,3792,Podcasts and Streamers,t5_95fbhr,1730748698.6841679
105,r/mspaintflags,3792,Funny/Humor,t5_km2hu,1730748698.705802
106,r/PoorAzula,3792,Television,t5_4knduh,1730748698.727915
107,r/unm,3792,Learning and Education,t5_2rj5g,1730748698.749633
108,r/Lemmy,3791,Technology,t5_53b7ah,1730748698.771478
109,r/TankieJerk2,3791,Politics,t5_4khtar,1730748698.793652
110,r/AeronauticaImperialis,3790,Tabletop Games,t5_34f98,1730748698.816406
111,r/Fyreslayers,3790,Tabletop Games,t5_2f9tso,1730748698.84062
112,r/GreenTileLeaks,3790,Music,t5_4jmrc5,1730748698.8649678
113,r/NBAanalytics,3790,Sports,t5_2vrl5,1730748698.889174
114,r/filtersweep,3789,Music,t5_25wnxg,1730748698.911496
115,r/hendersonville,3789,Place,t5_30dy2,1730748698.936321
116,r/KozyrevMirrors,3789,Hobbies,t5_8k3tj7,1730748698.959925
117,r/MattShea,3789,A place for MattShea related things.,t5_2zcwa,1730748698.984769
118,r/NakedPastor,3789,Religion and Spirituality,t5_3fwg0x,1730748699.009747
119,r/BadTranslations,3788,Funny/Humor,t5_2y61u,1730748699.035228
120,r/EOSDev,3788,Programming,t5_3lnof,1730748699.0595489
121,r/DinoToys,3787,Hobbies,t5_378lv,1730748699.0842938
122,r/dysgraphia,3787,Medical and Mental Health,t5_2wfgd,1730748699.108382
123,r/MoissaniteCreations,3787,Fashion,t5_9wyw39,1730748699.1333818
124,r/ProEra,3787,Music,t5_2vvbp,1730748699.157724
125,r/rocketleaguetrades,3787,Your single destination for Rocket League Content Trading!,t5_3exxy,1730748699.183257
126,r/Tehachapi,3787,"A place to discuss everything about Tehachapi, CA.",t5_2wprw,1730748699.208155
127,r/azunyan,3786,Anime,t5_2t9ae,1730748699.2324018
128,r/GracePark,3786,Celebrity,t5_2v5ha,1730748699.255865
129,r/uncommonwords,3786,This sub is for any words that are uncommon. Ideally they should be funny/interesting.,t5_3azebj,1730748699.279922
130,r/bsv,3785,Crypto,t5_nj6ae,1730748699.3045518
131,r/DirtyHeads,3785,Music,t5_2twyn,1730748699.33668
132,r/Lodge49,3785,Religion and Spirituality,t5_39r21,1730748699.370095
133,r/MBAIndia,3785,Learning and Education,t5_3eoh9,1730748699.403698
134,r/PhoenixTheBand,3785,Music,t5_35w32,1730748699.4428108
135,r/ThailandPics,3785,A subreddit dedicated to photographs of The Kingdom of Thailand! Member of the /r/NationalPhotoSubs network.,t5_34i7n,1730748699.4816651
136,r/Amateurartists,3784,Art,t5_3042y,1730748699.520611
137,r/Chanelwestcoastpics,3784,A fan page dedicated to the beautiful Chanel West Coast.,t5_89mtc5,1730748699.554774
138,r/Forsvaret,3784,Military,t5_2upq0,1730748699.585525
139,r/MAGAnonsense,3784,Politics,t5_b7mxw4,1730748699.616116
140,r/Particl,3784,Crypto,t5_3ilzr,1730748699.6458292
141,r/unrealshaders,3784,A community based on sharing unreal engine shaders in a practical and concise way.,t5_p6ylk,1730748699.67376
142,r/ChroniclesOfElyria,3783,Gaming,t5_35ag3,1730748699.700692
143,r/sampling,3783,Music,t5_2skwo,1730748699.7280838
144,r/shandaVanderArk,3783,Law,t5_akc0ee,1730748699.7555861
145,r/whips,3783,Hobbies,t5_2sftx,1730748699.784601
146,r/AmericanDadApocalypse,3782,Gaming,t5_250msu,1730748699.811466
147,r/HomeImprovement2LTime,3782,Television,t5_6sh5lt,1730748699.838422
148,r/therapydogs,3782,Animals and Pets,t5_3a4tt,1730748699.863151
149,r/Durhamu,3781,Learning and Education,t5_2si68,1730748699.888602
150,r/realhorrorstories,3781,"Paranormal/Occult news, occurrences, sightings, and other phenomena. r/realhorrorstories provides a platform to discuss and share true personal paranormal experiences, evidence, thoughts, and theories. The r/realhorrorstories community is a place for believers and skeptics alike.",t5_337kl,1730748699.911135
151,r/Snark4sunnyChristina,3781,"Welcome to The Original Miami circus’ snark Page! They can mute & block us on TikTok but they can’t filter us here 😈 🔇 Feel free to Snark all you want 💋 No messiness towards other snarkers. State your opinions all you want but please be respectful of other members. I won’t tolerate the back & forth in the comments, keep it clean. Read The Rules when joining - Happy Snarking 🪳🤝🏼😘",t5_antutk,1730748699.93375
152,r/Yachtrock,3781,Music,t5_2ty15,1730748699.956474
153,r/EscapeFromArena,3780,Unofficial Subreddit for the video game Escape From Tarkov: Arena by Battlestate Games,t5_6h3q54,1730748699.978421
154,r/Hayward,3780,Place,t5_2slcq,1730748700.000913
155,r/ImaginaryCanyons,3780,ImaginaryCanyons [](/imtrackinglink),t5_2z8lc,1730748700.023118
156,r/BellsPalsy,3779,Medical and Mental Health,t5_30lfn,1730748700.047505
157,r/BenAndEmil,3779,Podcasts and Streamers,t5_8kak0c,1730748700.06962
158,r/hannahdubberly,3779,Celebrity,t5_79kqbg,1730748700.091599
159,r/IrishWomensHealth,3779,Women's Health,t5_7uzmm1,1730748700.115951
160,r/MinersHaven,3779,Gaming,t5_38ucc,1730748700.139055
161,r/OrchestraMemes,3779,For all your music meme needs and wants.,t5_vytij,1730748700.162714
162,r/p365xmacro,3779,Mature Themes and Adult Content,t5_71hivf,1730748700.184876
163,r/Session_Messenger,3779,Technology,t5_4fnbwt,1730748700.2073019
164,r/Breath_Play,3778,Mature Themes and Adult Content,t5_c00jlu,1730748700.229205
165,r/CaliforniaRail,3778,Travel,t5_2ko5ck,1730748700.250669
166,r/CannabisTissueCulture,3778,A subreddit dedicated to Cannabis Tissue Culture,t5_yf3tk,1730748700.273481
167,r/crossdressMe,3778,Fashion,t5_57czx1,1730748700.295435
168,r/fishforthought,3778,Animals and Pets,t5_2v24q2,1730748700.318109
169,r/ImaginaryVolcanoes,3778,ImaginaryVolcanoes [](/imtrackinglink),t5_2z8mk,1730748700.3389351
170,r/ItPlaysBadApple,3778,Technology,t5_3vw9id,1730748700.359081
171,r/note8,3778,Subreddit for the Samsung Galaxy Note8,t5_391dw,1730748700.378763
172,r/PassionsToProfits,3778,"Business, Economics, and Finance",t5_ayrkri,1730748700.399012
173,r/patinaproud,3778,Fashion,t5_zc1ys,1730748700.4189062
174,r/pitbullsatemyface,3778,Internet Culture and Memes,t5_5ndes2,1730748700.4394398
175,r/qutebrowser,3778,Technology,t5_3dy3w,1730748700.4591281
176,r/GameOfThronesConquest,3777,Gaming,t5_3nde1,1730748700.4784498
177,r/FindSongs,3776,Music,t5_28tash,1730748700.497867
178,r/Kemminick,3776,"Eat meat be happy, Swedish bikini chef post stuff about her",t5_4n5o38,1730748700.517571
179,r/SnappijuorutExposed,3776,Podcasts and Streamers,t5_aeanp9,1730748700.537434
180,r/solitude,3776,Ethics and Philosophy,t5_2six2,1730748700.557663
181,r/TheChangelingTVShow,3776,Television,t5_932ipq,1730748700.5778
182,r/Computer_Memories,3775,A subreddit about computers!,t5_6yigqx,1730748700.598262
183,r/idmproducers,3775,Music,t5_nup6p,1730748700.618384
184,r/LoveCymatics,3775,Music,t5_2lrort,1730748700.638788
185,r/nachos,3775,Food and Drink,t5_2qlmd,1730748700.659183
186,r/themayormccheese,3775,Politics,t5_5uuhuh,1730748700.680077
187,r/word,3775,Technology,t5_2qitx,1730748701.06499
188,r/40PlusSkinCare,3774,Beauty and Makeup,t5_7u8rpj,1730748701.093621
189,r/BastropTX,3774,Place,t5_2rnm6,1730748701.1200151
190,r/bellator,3774,Sports,t5_2wgm5,1730748701.144743
191,r/GlassNegativeEra,3774,History,t5_42ji2p,1730748701.169746
192,r/imagesofthe1980s,3774,Welcome to imagesofthe1980s,t5_3a776,1730748701.1946912
193,r/WGU_Military,3774,Learning and Education,t5_gnd9a,1730748701.216438
194,r/HurricaneHelene,3773,Science,t5_cj9hoq,1730748701.237997
195,r/kozhikode,3773,Place,t5_2rnp4,1730748701.260519
196,r/MXC,3773,Television,t5_2tcpz,1730748701.28432
197,r/PS4SupportPage,3773,Gaming,t5_3jd4w,1730748701.308918
198,r/FrenchLearning,3772,Learning and Education,t5_gma6r,1730748701.334261
199,r/GluteGirls,3772,Celebrity,t5_c41fdg,1730748701.3602712
200,r/id0lls,3772,-,t5_31eat8,1730748701.385773
201,r/RiseoftheTMNT,3772,Television,t5_28joab,1730748701.4106922
202,r/THICKTOKTHOTS,3772,Mature Themes and Adult Content,t5_6a8nnx,1730748701.434185
203,r/AmyLee,3771,Music,t5_2uyns,1730748701.4575732
204,r/onlyofvip,3771,Mature Themes and Adult Content,t5_8rm416,1730748701.4809759
205,r/OpaeUla,3771,Hobbies,t5_31zpi,1730748701.5041
206,r/PeaveyCvlt,3771,Music,t5_hcapw,1730748701.526842
207,r/thank_mr_skeltal,3771,thank mr skeltal,t5_32loo,1730748701.5496802
208,r/TimePrincess,3771,Gaming,t5_4k1396,1730748701.5721421
209,r/TTT,3771,Gaming,t5_2rmfu,1730748701.592839
210,r/wodoio,3771,Subreddit for Wodo.network platform,t5_5gtf67,1730748701.612277
211,r/death_metal,3770,Music,t5_2qkek,1730748701.632632
212,r/jablinski,3770,Podcasts and Streamers,t5_tcrff,1730748701.652135
213,r/Joe_Millionaire,3770,Television,t5_5dd5xl,1730748701.672638
214,r/NateBargatze,3770,Celebrity,t5_ndsa2,1730748701.693847
215,r/PCHardware,3770,Technology,t5_2yr8g,1730748701.714622
216,r/yeonwoo,3770,Celebrity,t5_fxzub,1730748701.73738
217,r/ERNTokenOfficial,3769,ern erntoken listern mindé miner ico presale music mining tokens blockchain ethereum rewards airdrop bounty,t5_l0z7p,1730748701.758566
218,r/girlgenius,3769,"Reading, Writing, and Literature",t5_2srcm,1730748701.780555
219,r/influencerss_stuff,3769,Welcome to influencerss_stuff,t5_bsanu7,1730748701.803445
220,r/sunkenland,3769,Gaming,t5_6pzjtf,1730748701.8249412
221,r/DermotKennedy,3768,Music,t5_g1sk8,1730748701.848851
222,r/HighEndAI,3768,Art,t5_7phj3t,1730748701.8723168
223,r/ImaginaryScars,3768,Art,t5_2ogifs,1730748701.893277
224,r/JerryOfTheDay,3768,Sports,t5_3is41,1730748701.912895
225,r/LasFerraro18,3768,Celebrity,t5_b4vsip,1730748701.933582
226,r/splatoonmemes,3768,Internet Culture and Memes,t5_3n33v,1730748701.962394
227,r/SuperCorp,3768,Television,t5_3jf0i,1730748701.985761
228,r/FigmaDesignSystems,3767,Technology,t5_hpnec,1730748702.0090392
229,r/indianawardtravel,3767,A place to discuss travel on award points especially for Indians,t5_aewjeb,1730748702.032311
230,r/WeOwnThisCity,3767,"Premieres April 25 on HBO. Based on the book by Baltimore Sun reporter Justin Fenton, We Own This City is a six-hour limited series chronicling the rise and fall of the Baltimore Police Department's Gun Trace Task Force — and the corruption and moral collapse that befell an American city in which the policies of drug prohibition and mass arrest were championed at the expense of actual police work",t5_51o3dm,1730748702.057054
231,r/whereindisneyland,3767,Place,t5_3kbbz,1730748702.080106
232,r/CSULA,3766,Learning and Education,t5_2s9rz,1730748702.102703
233,r/David,3766,Internet Culture and Memes,t5_2qigl,1730748702.1256142
234,r/hacksguider,3766,Technology,t5_7plj1c,1730748702.1470761
235,r/JeremyZucker,3766,Music,t5_3lltz,1730748702.168951
236,r/MtJoy,3766,Music,t5_flb25,1730748702.190751
237,r/NopeIReadThatRight,3766,"Had to double take on a statement and then realise, nope I read that right.",t5_28zsnx,1730748702.212331
238,r/ResidentAssistant,3766,Careers,t5_2t20y,1730748702.232255
239,r/find_a_date,3765,Family and Relationships,t5_6xqiy6,1730748702.251664
240,r/Sugartoon,3765,Gaming,t5_2myheh,1730748702.2724211
241,r/aragonproject,3764,Technology,t5_3kec4,1730748702.294539
242,r/barna,3764,Place,t5_4v3x8j,1730748702.31457
243,r/lupinNetflix,3764,Television,t5_3p7f1e,1730748702.335902
244,r/MLBtv,3764,Sports,t5_333gl,1730748702.356443
245,r/nodoubt,3764,Music,t5_2qort,1730748702.376949
246,r/Part4memes,3764,Internet Culture and Memes,t5_264kba,1730748702.398176
247,r/bgdealscanada,3763,Tabletop Games,t5_37aty,1730748702.4177752
248,r/JaggedAlliance3,3763,Gaming,t5_7wwlwd,1730748702.438567
249,r/medicalcannabis,3763,Medical and Mental Health,t5_2s810,1730748702.459268
