,subreddit,subscribers,topic,subreddit_id,scraped_utc
0,r/PromareStudioTrigger,3763,Anime,t5_ghu43,1730748718.444428
1,r/Tracksmith,3763,Fashion,t5_3nohz,1730748718.469016
2,r/AngelinaRomashka,3762,Celebrity,t5_5wtqmf,1730748718.487262
3,r/HomeChef,3762,Food and Drink,t5_33i1p,1730748718.507336
4,r/MoeHorned,3762,Anime,t5_2vg2us,1730748718.5275362
5,r/UnixWallpapers,3762,Art,t5_3gi03,1730748718.557757
6,r/WilburSootARG,3762,Podcasts and Streamers,t5_3ava30,1730748718.5758111
7,r/YahLahBut,3762,Podcasts and Streamers,t5_2h5ahi,1730748718.593663
8,r/NotAgainBrad,3761,Funny/Humor,t5_2m7k59,1730748718.612598
9,r/SuperMonkeyBall,3761,Gaming,t5_2tc1w,1730748718.630442
10,r/AngelDinaOF,3760,Welcome to AngelDinaOF,t5_81c16w,1730748718.718899
11,r/ColumbusBeer,3760,Food and Drink,t5_2wcxb,1730748718.738144
12,r/ImaginaryBikers,3760,Images of beings on bikes! Bikes do not have to be wheeled. No AI art!,t5_4qiczu,1730748718.770136
13,r/OldHandhelds,3760,Technology,t5_35v6r,1730748718.789014
14,r/plattsburgh,3760,Place,t5_2sx09,1730748718.809259
15,r/robloxcringe_,3760,Gaming,t5_3uwihh,1730748718.8324091
16,r/traxxasV2,3760,Hobbies,t5_5jjtw8,1730748718.8519208
17,r/yellow,3760,Art,t5_2rf7r,1730748718.871713
18,r/astonvilla,3759,Sports,t5_2s568,1730748718.890806
19,r/enter_realm,3759,Gaming,t5_52j9a2,1730748718.910801
20,r/LoserfruitOfficial,3759,Podcasts and Streamers,t5_12zxiu,1730748718.93055
21,r/riderschallenge,3759,Cars and Motor Vehicles,t5_335lh,1730748718.954314
22,r/STGFamily,3759,Podcasts and Streamers,t5_4shg0n,1730748718.9749959
23,r/ThethPunjabi,3759,Learning and Education,t5_2ha8ak,1730748718.994642
24,r/bitcoinmemes,3758,Internet Culture and Memes,t5_2vnk9,1730748719.013558
25,r/jualbeliindonesia,3758,Marketplace and Deals,t5_5e6k1y,1730748719.03246
26,r/JustWalkAway,3758,Mature Themes and Adult Content,t5_arktr4,1730748719.051568
27,r/M3GAN,3758,Movies,t5_779om6,1730748719.070275
28,r/EliRalloSnark,3757,Celebrity,t5_6epc3w,1730748719.0892081
29,r/FoundPrixilu,3757,Internet Culture and Memes,t5_acam1a,1730748719.108086
30,r/HomeAutomationDeals,3757,Post your links to the best deals in Home Automation. This is still a work in progress.,t5_37xyr,1730748719.126871
31,r/lunkus,3757,Animals and Pets,t5_amkjpi,1730748719.14576
32,r/ShrineOfJonesy,3757,ok,t5_m78bh,1730748719.164632
33,r/stratux,3757,Technology,t5_39j9c,1730748719.183466
34,r/theshordybacks,3757,Podcasts and Streamers,t5_4eiuga,1730748719.203409
35,r/URGI,3757,Mature Themes and Adult Content,t5_53vhw8,1730748719.224313
36,r/ENFPMusic,3756,Music,t5_33cbu,1730748719.243758
37,r/hrblock,3756,"Business, Economics, and Finance",t5_3crhl,1730748719.2628548
38,r/RottenMangoPodcast,3756,Podcasts and Streamers,t5_6796ij,1730748719.282249
39,r/superstaryg,3756,Gaming,t5_qo0oo,1730748719.301634
40,r/altevren,3755,Gaming,t5_b4fyfj,1730748719.320731
41,r/collegecompare,3755,Learning and Education,t5_3jpkt,1730748719.340054
42,r/GilbertSyndrome,3755,Medical and Mental Health,t5_3e41f,1730748719.3601222
43,r/ODU,3755,Learning and Education,t5_2s4hs,1730748719.379196
44,r/utorrent,3755,Technology,t5_2qlbx,1730748719.398807
45,r/Utah_Hockey,3754,Sports,t5_bc5uhd,1730748719.418174
46,r/worldsonline,3754,Gaming,t5_30oda,1730748719.437369
47,r/Fallout3Memes,3753,Gaming,t5_3mgld,1730748719.45763
48,r/JustOnePiece,3753,Anime,t5_akvdqh,1730748719.479105
49,r/Puppyblues,3753,Animals and Pets,t5_2av4zs,1730748719.501827
50,r/spanishinquisition,3753,"A home for things, like the Spanish Inquisition that are unexpected.",t5_2xgse,1730748719.524426
51,r/The_Hand,3753,Internet Culture and Memes,t5_3mx4b7,1730748719.5458229
52,r/BattlefrontII,3752,A subreddit all about EA Star Wars Battlefront II,t5_3j63v,1730748719.568002
53,r/chungha,3752,Celebrity,t5_3ft08,1730748719.589041
54,r/Hyperlinked,3752,Art,t5_2roxy2,1730748719.6095412
55,r/imadeameowstake,3752,Animals and Pets,t5_5f2p11,1730748719.630214
56,r/momoTWICE,3752,Music,t5_akirt9,1730748719.651319
57,r/andreadalmau,3751,Mature Themes and Adult Content,t5_4fnm9j,1730748719.6724532
58,r/Backup,3751,Technology,t5_2r9r4,1730748719.69473
59,r/fayewebster,3751,Music,t5_3m4qx,1730748719.71763
60,r/ItIsWednesday,3751,Internet Culture and Memes,t5_3jvyi,1730748719.737747
61,r/KibbeMoodBoards,3751,Fashion,t5_30zrkb,1730748719.758069
62,r/nonononoyesWTF,3751,"For things that make you say ""No, No, No, No, Yes, WTF?"".",t5_3gycv,1730748719.7785301
63,r/SabrinaCarpenterFans,3751,Music,t5_beb9xx,1730748719.7997818
64,r/StriderRights,3751,Gaming,t5_2iuw7c,1730748719.821204
65,r/LightLurking,3750,Art,t5_4bisz,1730748719.8418272
66,r/rainbowgathering,3750,"The Rainbow Family is the largest non-organization of non-members in the world. ☮️ We believe everyone is a part of the Family if they want to as long as they follow the Golden Rule of non-violence and peace. ☮️ We gather in regional, national, and global gatherings regularly, creating temporary intentional communities on public land. ☮️ We love you!",t5_2qtsh,1730748719.8634849
67,r/revengecommunity,3750,Fashion,t5_2evpk9,1730748719.8841321
68,r/BallState,3749,Learning and Education,t5_2sh8j,1730748719.904551
69,r/combin,3749,Technology,t5_n6x7w,1730748719.924451
70,r/guyfieri,3749,Celebrity,t5_2vdjd,1730748719.943538
71,r/manityrestored,3749,Funny/Humor,t5_2dzka4,1730748719.962466
72,r/SEARS,3749,Marketplace and Deals,t5_2r59x,1730748719.981384
73,r/shopgoodwill,3749,Marketplace and Deals,t5_yocg1,1730748720.000467
74,r/Freminetmains_,3748,Gaming,t5_8ee1zb,1730748720.020969
75,r/NayaRivera,3748,Celebrity,t5_2sdm5,1730748720.040736
76,r/TamagotchiAdvKingdom,3748,Gaming,t5_aca3ct,1730748720.0607538
77,r/cokebears,3747,Funny/Humor,t5_3hmp6,1730748720.080585
78,r/Itzrease,3747,Gaming,t5_3yvk9q,1730748720.100427
79,r/TheLastShip,3747,Television,t5_304la,1730748720.119335
80,r/chaseuk,3746,"Business, Economics, and Finance",t5_52ff0x,1730748720.138307
81,r/HeroesofMightandMagic,3746,Gaming,t5_374fb,1730748720.157652
82,r/Myhotpotstory,3746,Gaming,t5_76c0ac,1730748720.177872
83,r/tiktokjoireal,3746,Mature Themes and Adult Content,t5_819y68,1730748720.1990001
84,r/AlloraNetwork,3745,"Allora is a self-improving decentralized AI network that enables applications to leverage smarter, more secure AI through a network of ML models.",t5_b9lofe,1730748720.220942
85,r/Bilbao,3745,Place,t5_2u28t,1730748720.242702
86,r/ChurchofLazlo,3745,Podcasts and Streamers,t5_4hy1yq,1730748720.263659
87,r/cyberpunk2077mods,3745,Gaming,t5_2x3thr,1730748720.284673
88,r/ketonz,3745,Fitness and Nutrition,t5_2uo0j,1730748720.305824
89,r/Kubera,3745,"Reading, Writing, and Literature",t5_2whun,1730748720.3264582
90,r/LifeWeaverMains2,3745,Gaming,t5_a4yizw,1730748720.347598
91,r/amexindia,3744,"Business, Economics, and Finance",t5_7gk952,1730748720.3676832
92,r/coldcard,3744,Crypto,t5_11pse0,1730748720.387906
93,r/elderscrollslore,3744,Gaming,t5_318j0,1730748720.407936
94,r/fence,3744,Home and Garden,t5_2rfzo,1730748720.427093
95,r/GuitarCovers,3744,Music,t5_2slpt,1730748720.4467971
96,r/IGunPro2,3744,Gaming,t5_3t90o2,1730748720.4657521
97,r/Mincraftbuilds,3744,Gaming,t5_28wu9u,1730748720.485605
98,r/reviewmycode,3744,A place where people can submit their code for review by their fellow redditors.,t5_2rj5y,1730748720.5045838
99,r/TheLastDance,3744,Television,t5_jball,1730748720.524468
100,r/VolSignals,3744,"Business, Economics, and Finance",t5_78bipl,1730748720.543926
101,r/whatsthismushroom,3744,Outdoors and Nature,t5_38d3q,1730748720.5639439
102,r/ChaosGateGame,3743,Gaming,t5_6but7k,1730748720.582958
103,r/LoganSquare,3743,Place,t5_2sb0h,1730748720.601881
104,r/Modding,3743,Gaming,t5_2ral6,1730748720.621194
105,r/notablueberry,3743,Internet Culture and Memes,t5_6x4yav,1730748720.640255
106,r/Photoassistants,3743,Technology,t5_2bzplj,1730748720.659244
107,r/PulsarLostColony,3743,Gaming,t5_2ynhu,1730748720.67874
108,r/Suisei,3743,Celebrity,t5_3hcqf4,1730748720.69881
109,r/EuropeGuns,3742,Mature Themes and Adult Content,t5_2za0g,1730748720.719059
110,r/halloweenmusic,3742,"Music about Halloween or music that gets you in the Halloween spirit! Playlists, videos, whatever!",t5_2yo3n,1730748720.739151
111,r/JabyKoayFamily,3742,Podcasts and Streamers,t5_2wzl3x,1730748720.758752
112,r/KoraNetwork,3742,"Kora Network aims to unlock growth in emerging markets. . We connect people, communities, and capital.",t5_bfln5,1730748720.779514
113,r/longboardingDISTANCE,3742,Sports,t5_2yojs,1730748720.799924
114,r/NoFoodRulesSnark,3742,Celebrity,t5_a1sghi,1730748720.8199701
115,r/peridot,3742,Television,t5_384b2,1730748720.8401768
116,r/Scirocco,3742,Cars and Motor Vehicles,t5_2uzyz,1730748720.860658
117,r/balkanmusic,3741,Music,t5_2snsf,1730748720.8811982
118,r/BankBallExchange,3741,Gaming,t5_3245y,1730748720.9014919
119,r/DuaLipaVIPs,3741,Celebrity,t5_9klwdr,1730748720.922225
120,r/Mononucleosis,3741,Medical and Mental Health,t5_3eqny,1730748720.94258
121,r/SleepyMoe,3741,Anime,t5_2mod95,1730748720.962026
122,r/UnitedKingdomEvents,3741,Place,t5_awsgl,1730748720.9807181
123,r/arthritis,3740,[Moved to /r/Thritis](/r/Thritis),t5_2qt9g,1730748720.999705
124,r/Ecchiuncensoredvideo,3740,I upload anime ecchi and more 🍷🗿,t5_7opv07,1730748721.018697
125,r/handshake,3740,Technology,t5_2ve8s,1730748721.037588
126,r/taterthepufferfish,3740,Animals and Pets,t5_4h3unz,1730748721.056309
127,r/ultimateprogrammer,3740,Anime,t5_3j2yo,1730748721.075902
128,r/dalmatia,3739,Place,t5_2sdt3,1730748721.09629
129,r/DavidFincherReddit,3739,Movies,t5_2tq02,1730748721.11503
130,r/itookaphoto,3739,Hobbies,t5_2r7qr,1730748721.13457
131,r/lordofthememes,3739,Internet Culture and Memes,t5_2x2bd,1730748721.153176
132,r/options_spreads,3739,"Business, Economics, and Finance",t5_35a1a,1730748721.1718159
133,r/waterAliens,3739,Animals and Pets,t5_2c3y9v,1730748721.1904519
134,r/YoventuraBaby,3739,Mature Themes and Adult Content,t5_5zu91m,1730748721.210208
135,r/balletpics,3738,"For all the glorious pics- favourite dancers, favourite ballets, on-stage, back-stage, photo shoots etc.",t5_2xx3d,1730748721.2301528
136,r/clubedabatata,3738,Funny/Humor,t5_4tasgk,1730748721.249229
137,r/CounterIntel_Foreign,3738,Politics,t5_6sxp2t,1730748721.2699049
138,r/neversprainedajoint,3738,Internet Culture and Memes,t5_2h9tto,1730748721.2909598
139,r/SwordOfTruth,3738,"Reading, Writing, and Literature",t5_2sr6t,1730748721.313449
140,r/tickettoride,3738,Tabletop Games,t5_2ue71,1730748721.3333492
141,r/7vidas,3737,Animals and Pets,t5_9vtoq5,1730748721.35278
142,r/APKMirror,3737,Technology,t5_3jvqb,1730748721.37147
143,r/CassadyMcClincy,3737,Celebrity,t5_wmqp0,1730748721.390419
144,r/DnDnDPod,3737,Tabletop Games,t5_vvv26,1730748721.409421
145,r/DysmorphicDisorder,3737,Medical and Mental Health,t5_38jc2,1730748721.428007
146,r/SadAww,3737,"See stuff that make you say aww, but also makes you sad? This is the place to post!",t5_2uc13,1730748721.446989
147,r/TYBL,3737,Religion and Spirituality,t5_7dce5i,1730748721.466162
148,r/CutieCarynRaw,3735,Caryn Marjorie RAW!!!,t5_8jat96,1730748721.489131
149,r/EricEmanuel,3735,Fashion,t5_2mksvy,1730748721.5083158
150,r/NASCARVideoGame,3735,Gaming,t5_48hjii,1730748721.527224
151,r/radioastronomy,3735,Technology,t5_2wbb6,1730748721.546083
152,r/SBCs,3735,Technology,t5_3etl4,1730748721.5648372
153,r/MakeWay,3734,For videos of jackasses getting yelled at by guards for disrespecting them. Mostly seen with Buckingham palace guards.,t5_3bvaq,1730748721.583926
154,r/RitsuFanClub,3734,Anime,t5_23hvfq,1730748721.603101
155,r/shapeshiftio,3734,Technology,t5_34gpu,1730748721.6224902
156,r/EverybodysGolf,3733,Gaming,t5_3ldvr,1730748721.642005
157,r/Multipotentialite,3733,Hobbies,t5_2u0ti,1730748721.6613078
158,r/NashvilleGoodEats,3733,Food and Drink,t5_7elovw,1730748721.68066
159,r/ScreenJunkies,3733,Movies,t5_2zl6l,1730748721.7023811
160,r/AreMyAirpodsAuthentic,3732,Technology,t5_6zw2yl,1730748721.7218602
161,r/podcasttheride,3732,Podcasts and Streamers,t5_kivrd,1730748721.742374
162,r/wearosfaces,3732,Technology,t5_4y8bra,1730748721.762608
163,r/AgriTech,3731,A sub dedicated to advancements in Agricultural Technology,t5_3b2zn,1730748721.78356
164,r/BatmanTAS,3731,Television,t5_3pogy,1730748721.804279
165,r/AskBiBros,3730,Sexual Orientation,t5_38d38,1730748721.8250408
166,r/CatSnackBar,3730,Gaming,t5_7jgbff,1730748721.846396
167,r/IdleHuntress_official,3730,Gaming,t5_5u6v4n,1730748721.867171
168,r/oyajigag,3730,Horrible Japanese jokes,t5_2zh6w,1730748721.88731
169,r/ambivert,3729,Family and Relationships,t5_2tffr,1730748721.906354
170,r/BrookeHogan,3729,Welcome to BrookeHogan,t5_2uhsh,1730748721.925194
171,r/GibiASMR_,3729,Podcasts and Streamers,t5_3a3f5o,1730748721.9440792
172,r/ImaginaryAsylums,3729,"Artwork of asylums for wackos, deviants, and the insane [](/imtrackinglink)",t5_2zt2k,1730748721.9635358
173,r/enjin,3728,Gaming,t5_2wr6a,1730748721.98586
174,r/lompoc,3728,"What is happening in Lompoc, California?",t5_2s65i,1730748722.008851
175,r/Socialworkuk,3728,Careers,t5_26psuq,1730748722.035151
176,r/TRThelp,3728,Medical and Mental Health,t5_5k5daw,1730748722.060661
177,r/itisalwaysfu,3727,Learning and Education,t5_397rxu,1730748722.085425
178,r/kin,3727,Crypto,t5_2skuh,1730748722.109613
179,r/Tokkiescience,3727,Internet Culture and Memes,t5_2ai7hq,1730748722.135217
180,r/JessicaChobot,3726,Podcasts and Streamers,t5_2v52o,1730748722.158564
181,r/Karoo,3726,Technology,t5_31vswy,1730748722.182076
182,r/OPMTheStrongest,3726,Gaming,t5_2mqm3x,1730748722.209385
183,r/PokharaGoneWild,3726,Mature Themes and Adult Content,t5_5y9c3z,1730748722.2347589
184,r/RealPiracy,3726,Technology,t5_7d62lj,1730748722.2607691
185,r/zedaparat,3726,Internet Culture and Memes,t5_5kdt6m,1730748722.610662
186,r/geocache,3725,Hobbies,t5_2r24y,1730748722.638825
187,r/GoodJudys,3725,Podcasts and Streamers,t5_2g47fw,1730748722.6640189
188,r/spinnies,3725,"Think zoomies, but in circles.",t5_3k4ad,1730748722.688388
189,r/thalasophobia,3725,for folks afraid of the ocean and also can't spell,t5_33eqq,1730748722.7126799
190,r/threesomedates,3725,share some great threesome dating tips and blogs for LGBT people http://www.threesomefinders.com/,t5_609le2,1730748722.737333
191,r/Torment,3725,Gaming,t5_2s7aw,1730748722.7604191
192,r/anarchosyndicalism,3724,Politics,t5_2vqi8,1730748722.7829802
193,r/Flexpool,3724,Crypto,t5_3z1l2w,1730748722.802196
194,r/kendomurft,3724,Podcasts and Streamers,t5_6chcvt,1730748722.821166
195,r/MoeNinjaGirls,3724,Gaming,t5_3i641,1730748722.84059
196,r/astrojs,3723,Programming,t5_4r1o9d,1730748722.8612502
197,r/AudiQ5,3723,Cars and Motor Vehicles,t5_3j43h,1730748722.996119
198,r/haikuOS,3723,Technology,t5_2rqu1,1730748723.029378
199,r/wisconsinbeer,3723,Dedicated to beer brewed in Wisconsin and out state's proud brewing heritage.,t5_2v5kc,1730748723.050456
200,r/AncientGreekMemes,3722,History,t5_4bmau,1730748723.073718
201,r/CustomTransformers,3722,Hobbies,t5_3e41uc,1730748723.0947661
202,r/FreeVST,3722,Music,t5_2x4v3,1730748723.116996
203,r/Iconpasta,3722,Art,t5_2dejil,1730748723.1380029
204,r/jessica,3722,Music,t5_2qp7v,1730748723.158391
205,r/MartialArtsUnleashed,3722,Sports,t5_295suf,1730748723.178797
206,r/SLAYWORLD,3722,Music,t5_2apaw4,1730748723.1994328
207,r/strydrunning,3722,Technology,t5_2au5z8,1730748723.219396
208,r/talesfromtheoffice,3722,Careers,t5_2w39u,1730748723.2396538
209,r/Technology_Reviews,3722,Technology,t5_2icqw6,1730748723.260821
210,r/BONKcoin,3721,Crypto,t5_7nz7bp,1730748723.281269
211,r/DreamState,3721,Music,t5_35l1v,1730748723.3016078
212,r/GSMNP,3721,Place,t5_31aiy,1730748723.3218281
213,r/SMITEGODCONCEPTS,3721,Gaming,t5_2xy2u,1730748723.342249
214,r/twincitiesgeeks,3721,Internet Culture and Memes,t5_ykzjt,1730748723.3687801
215,r/websiteservices,3720,Welcome to websiteservices,t5_3295z,1730748723.394921
216,r/Wigan,3720,Place,t5_2qru6,1730748723.421867
217,r/AngelCityFC,3719,Sports,t5_2se84p,1730748723.4449642
218,r/instagramchavas,3719,Mature Themes and Adult Content,t5_9662um,1730748723.46829
219,r/petergabriel,3719,Music,t5_2szhx,1730748723.490867
220,r/SexNovelties,3719,Women's Health,t5_6suaht,1730748723.517996
221,r/BattlefrontModding,3718,Gaming,t5_3mgax,1730748723.540979
222,r/BobbinLace,3718,Crafts and DIY,t5_2tjeh,1730748723.564288
223,r/clearancejobs,3718,Careers,t5_3k99l,1730748723.587967
224,r/CougarTown,3718,Television,t5_2sbmc,1730748723.611307
225,r/LawnCarePros,3718,Home and Garden,t5_3hhnu,1730748723.6346219
226,r/motherdaughterduos,3718,Celebrity,t5_a4qdvc,1730748723.657505
227,r/prussia_memes,3718,History,t5_ozcs7,1730748723.681229
228,r/rustgame,3718,Gaming,t5_2xks8,1730748723.705766
229,r/SnowrunnerIRL,3718,Cars and Motor Vehicles,t5_43t56h,1730748723.730936
230,r/VGCovers,3718,Music,t5_36ipd,1730748723.755491
231,r/cloudgaming,3717,Gaming,t5_305r2,1730748723.779644
232,r/FeetPics100,3717,Mature Themes and Adult Content,t5_c3nrra,1730748723.805664
233,r/liechtenstein,3717,Place,t5_2szxp,1730748723.831765
234,r/PB7199,3717,Mature Themes and Adult Content,t5_6toyev,1730748723.8590348
235,r/HealingStones,3716,The Definitive Metaphysical and Healing Properties of Crystals and Gemstones. http://www.crystalwind.ca/crystals,t5_3hn6s,1730748723.883771
236,r/starxxx,3716,Welcome to starxxx,t5_83kwgu,1730748723.904829
237,r/UmaThurman,3716,Celebrity,t5_2stiq,1730748723.927806
238,r/WattpadCringe,3716,A subreddit to share all the worst stories from the raging dumpster fire that is WattPad. We're NOT like the other girls.,t5_10mt23,1730748723.9488761
239,r/FroggyChair,3715,Internet Culture and Memes,t5_28whzd,1730748723.971179
240,r/RaisingCanes,3715,Food and Drink,t5_4sykm3,1730748723.990268
241,r/EDCLeaks,3714,Music,t5_3lt8d,1730748724.008352
242,r/hardbody,3714,Cars and Motor Vehicles,t5_387bn,1730748724.0265448
243,r/join_my_kahoot,3714,Learning and Education,t5_ubcd1,1730748724.0447319
244,r/Nuraphone,3714,Technology,t5_4mj34,1730748724.063592
245,r/PaganPenPals,3714,Hobbies,t5_32w2f,1730748724.083429
246,r/AirMessage,3713,Technology,t5_ij93m,1730748724.104484
247,r/CollectorCorps,3713,Hobbies,t5_367dq,1730748724.126195
248,r/Deaths_Gambit,3713,Gaming,t5_3etta,1730748724.1489348
