,subreddit,subscribers,topic,subreddit_id,scraped_utc
0,r/AskBalkans,146455,"Culture, Race, and Ethnicity",t5_xmk1t,1730745977.39331
1,r/AOC,146349,Politics,t5_2sbqz,1730745977.4145331
2,r/notdisneyvacation,146328,Internet Culture and Memes,t5_g5co4,1730745977.433386
3,r/teaching,146321,Careers,t5_2qyj9,1730745977.45215
4,r/WRX,146293,Cars and Motor Vehicles,t5_2vbwe,1730745977.471225
5,r/Padres,146277,Sports,t5_2s8d6,1730745977.497761
6,r/MonopolyGoTrading,146210,Gaming,t5_8976a5,1730745977.517335
7,r/balkans_irl,146196,"Culture, Race, and Ethnicity",t5_n458w,1730745977.535854
8,r/mapmaking,146094,Hobbies,t5_2sfsa,1730745977.55693
9,r/aivideo,146078,Technology,t5_fwb59,1730745977.576393
10,r/House,146016,Music,t5_2qkb5,1730745977.6486568
11,r/crowbro,145993,Animals and Pets,t5_317ha,1730745977.666712
12,r/doommetal,145899,Music,t5_2riaf,1730745977.690159
13,r/HaveWeMet,145589,Internet Culture and Memes,t5_3j00n,1730745977.707561
14,r/shieldbro,145554,Anime,t5_34fix,1730745977.726197
15,r/Izlam,145552,Internet Culture and Memes,t5_336mg,1730745977.743793
16,r/Demotivational,145432,Internet Culture and Memes,t5_2qm1v,1730745977.761348
17,r/iOSthemes,145400,Technology,t5_2w997,1730745977.7788491
18,r/AssassinsCreedOdyssey,145390,Gaming,t5_jxr3m,1730745977.796277
19,r/electrical,145338,Careers,t5_2sa2d,1730745977.8149781
20,r/Professors,145298,Careers,t5_2svhp,1730745977.833716
21,r/XboxIndia,145238,Gaming,t5_25rix5,1730745977.8516932
22,r/Catmemes,145229,Internet Culture and Memes,t5_2veuf,1730745977.869357
23,r/incremental_games,145214,Gaming,t5_2yia0,1730745977.8868759
24,r/gravelcycling,145044,Hobbies,t5_364gy,1730745977.904384
25,r/chickens,144922,Animals and Pets,t5_2r4wm,1730745977.921685
26,r/CoronavirusIllinois,144848,Medical and Mental Health,t5_2gx1h6,1730745977.9391701
27,r/ToyotaTacoma,144828,Cars and Motor Vehicles,t5_2y25j,1730745977.9565089
28,r/CelebrityNumberSix,144811,Internet Culture and Memes,t5_4nmony,1730745977.974404
29,r/buffy,144685,Television,t5_2sd68,1730745977.9926112
30,r/psychologystudents,144671,Learning and Education,t5_2vizn,1730745978.010231
31,r/sad,144564,Medical and Mental Health,t5_2qhja,1730745978.028351
32,r/letsplay,144551,Gaming,t5_2qss1,1730745978.04602
33,r/ferrets,144544,Animals and Pets,t5_2qhn1,1730745978.06333
34,r/VinylDeals,144521,Music,t5_2tw3u,1730745978.081559
35,r/regretfulparents,144502,Family and Relationships,t5_2y3iz,1730745978.0998862
36,r/warcraftlore,144493,Gaming,t5_2s5rg,1730745978.118795
37,r/EldenBling,144361,Gaming,t5_13psmh,1730745978.13789
38,r/WorkersStrikeBack,144336,Activism,t5_57y853,1730745978.1569579
39,r/OSINT,144257,Technology,t5_2qln3,1730745978.1764631
40,r/G59,144256,Music,t5_38c8e,1730745978.197742
41,r/CarpFishing,144237,Hobbies,t5_2u46m,1730745978.216863
42,r/OldManDog,144215,Animals and Pets,t5_3epk9,1730745978.235666
43,r/MicrosoftRewards,144193,Marketplace and Deals,t5_3fwr7,1730745978.2545128
44,r/Barcelona,144143,Place,t5_2qosg,1730745978.273194
45,r/vita,144112,Gaming,t5_2sjmv,1730745978.2919528
46,r/Life,144084,Internet Culture and Memes,t5_2qr6q,1730745978.310647
47,r/YuB,143953,Podcasts and Streamers,t5_3m32x,1730745978.3293881
48,r/Skookum,143949,Hobbies,t5_38rze,1730745978.347986
49,r/Tennesseetitans,143936,Sports,t5_2s5fm,1730745978.366715
50,r/dataisugly,143935,Internet Culture and Memes,t5_2vmg2,1730745978.385522
51,r/Iota,143892,Crypto,t5_2uyxv,1730745978.404516
52,r/agedtattoos,143832,Art,t5_3k3wn,1730745978.423511
53,r/Anki,143624,Learning and Education,t5_2s9lm,1730745978.442513
54,r/AFCNorthMemeWar,143437,Sports,t5_29qxum,1730745978.4614651
55,r/prettyasiangirls,143340,Mature Themes and Adult Content,t5_4ygvh9,1730745978.480331
56,r/premiere,143333,Technology,t5_2vddz,1730745978.499361
57,r/cromch,143324,Animals and Pets,t5_uh0az,1730745978.5180402
58,r/KingkillerChronicle,143319,"Reading, Writing, and Literature",t5_2smxb,1730745978.536385
59,r/nerdtattoos,143313,Art,t5_2t47k,1730745978.555007
60,r/NoFeeAC,143275,Gaming,t5_2leptk,1730745978.57344
61,r/stupiddovenests,143252,Animals and Pets,t5_69jlkn,1730745978.5923562
62,r/jameswebbdiscoveries,143228,Science,t5_5oh1he,1730745978.611246
63,r/Bladesmith,143004,Crafts and DIY,t5_2u8ql,1730745978.6301749
64,r/GiftofGames,142869,Gaming,t5_2tb4r,1730745978.648868
65,r/DokkanBattleCommunity,142835,Anime,t5_3koeu,1730745978.6690612
66,r/RetroArch,142812,Gaming,t5_32ii0,1730745978.6875432
67,r/GhostRecon,142789,Gaming,t5_2s91l,1730745978.7064488
68,r/Blackcelebrity,142699,Celebrity,t5_2tvqdc,1730745978.725327
69,r/MtvChallenge,142622,Television,t5_32dph,1730745978.7446342
70,r/TryingForABaby,142619,Family and Relationships,t5_2sil5,1730745978.763103
71,r/Cricket19,142578,Gaming,t5_12bdmm,1730745978.7818072
72,r/Anarchy101,142549,Ethics and Philosophy,t5_2s960,1730745978.800719
73,r/Weddingsunder10k,142500,Family and Relationships,t5_2vplf,1730745978.819826
74,r/PHGamers,142493,Gaming,t5_31q6q,1730745978.8389819
75,r/indianapolis,142477,Place,t5_2rtt2,1730745978.8578439
76,r/NiceHash,142473,Crypto,t5_31s3f,1730745978.877285
77,r/NotKenM,142410,Internet Culture and Memes,t5_35lpq,1730745978.896982
78,r/irezumi,142357,Art,t5_2uqwb,1730745978.9158258
79,r/hiddenrooms,142281,Home and Garden,t5_2v033,1730745978.9354858
80,r/relationship_advicePH,142218,Family and Relationships,t5_3f3tu4,1730745978.954308
81,r/RCB,142190,Sports,t5_2v1lp,1730745978.972777
82,r/flightradar24,142145,Cars and Motor Vehicles,t5_33xe8,1730745978.992075
83,r/streetfoodartists,142133,Food and Drink,t5_3137o,1730745979.011164
84,r/gallifrey,142123,Television,t5_2tf29,1730745979.031057
85,r/AllCryptoBets,142023,Crypto,t5_3u1ogh,1730745979.0499892
86,r/MoscowMurders,142006,Law,t5_7el1lf,1730745979.069737
87,r/myog,141972,Crafts and DIY,t5_2sclk,1730745979.0884988
88,r/vscode,141945,Programming,t5_381yu,1730745979.107615
89,r/SwitchHacks,141943,Gaming,t5_3h47s,1730745979.128007
90,r/Yellowjackets,141906,Television,t5_j07gx,1730745979.14783
91,r/ReasonableFantasy,141898,Art,t5_3i7g8,1730745979.166961
92,r/IBO,141892,Learning and Education,t5_2s05l,1730745979.1866271
93,r/Hungergames,141877,"Reading, Writing, and Literature",t5_2sfjs,1730745979.205211
94,r/Genealogy,141828,Family and Relationships,t5_2qmdf,1730745979.22387
95,r/AndroidTV,141818,Technology,t5_2ypi5,1730745979.2426372
96,r/MitchellAndWebb,141803,Television,t5_2s71n,1730745979.261285
97,r/Norse,141798,History,t5_2scl4,1730745979.279961
98,r/iwatchedanoldmovie,141765,Movies,t5_3o2sn,1730745979.298677
99,r/Neuropsychology,141660,Science,t5_2rhda,1730745979.317545
100,r/Flexicas,141611,Fashion,t5_3nusc,1730745979.336236
101,r/soup,141520,Food and Drink,t5_2qu18,1730745979.3550138
102,r/thefinals,141511,Gaming,t5_3lasp,1730745979.373744
103,r/newreddits,141492,Meta/Reddit,t5_2qh7x,1730745979.392652
104,r/techwearclothing,141475,Fashion,t5_3jb6x,1730745979.411432
105,r/PastAndPresentPics,141431,Internet Culture and Memes,t5_2ut96,1730745979.430122
106,r/Rotterdam,141423,Place,t5_2s7bc,1730745979.450795
107,r/CATpreparation,141407,Learning and Education,t5_2g7xmc,1730745979.4689732
108,r/3dshacks,141363,Technology,t5_2sbkg,1730745979.487668
109,r/sadboys,141363,Music,t5_2xpx7,1730745979.506398
110,r/ahmedabad,141295,Place,t5_2v3l4,1730745979.525169
111,r/videogamedunkey,141239,Podcasts and Streamers,t5_2uvb2,1730745979.544054
112,r/DeTrashed,141113,Activism,t5_l8c3z,1730745979.562809
113,r/VinylCollectors,141108,Marketplace and Deals,t5_2s0ub,1730745979.581544
114,r/CultOfTheLamb,141102,Gaming,t5_4y9chk,1730745979.601233
115,r/shield,141101,Television,t5_2rz8z,1730745979.620458
116,r/SWGalaxyOfHeroes,141075,Gaming,t5_39umt,1730745979.639264
117,r/CatGifs,140880,Animals and Pets,t5_2t7ge,1730745979.6578581
118,r/forsen,140805,Podcasts and Streamers,t5_33td5,1730745979.676386
119,r/amazonecho,140750,Technology,t5_34em3,1730745979.695026
120,r/GetNoted,140734,Funny/Humor,t5_91bxd4,1730745979.7134879
121,r/FlutterDev,140725,Programming,t5_2x3q8,1730745979.7320378
122,r/shoegaze,140625,Music,t5_2qhhx,1730745979.750634
123,r/bald,140574,Beauty and Makeup,t5_2sfez,1730745979.769174
124,r/FridayNightFunkin,140477,Gaming,t5_38f3iy,1730745979.787792
125,r/KoreanSexy,140420,Mature Themes and Adult Content,t5_8jcrac,1730745979.806311
126,r/Insurance,140342,"Business, Economics, and Finance",t5_2qs6s,1730745979.824747
127,r/makemychoice,140320,Meta/Reddit,t5_2v0m0,1730745979.8436952
128,r/REBubble,140255,Home and Garden,t5_3lflvh,1730745979.862302
129,r/LilPeep,139961,Music,t5_3egaa,1730745979.88178
130,r/Hydroponics,139882,Home and Garden,t5_2qsim,1730745979.9006689
131,r/FortniteFashion,139877,Gaming,t5_jm6y3,1730745979.9197261
132,r/sarkimimleri,139834,Music,t5_283o6k,1730745979.938334
133,r/kucoin,139753,Crypto,t5_3or7q,1730745979.957463
134,r/retailhell,139685,Careers,t5_2s8gi,1730745979.9758651
135,r/Gamecube,139679,Gaming,t5_2sbwh,1730745979.995444
136,r/hamsters,139656,Animals and Pets,t5_2sjcj,1730745980.0149388
137,r/TrueDetective,139632,Television,t5_2tyoq,1730745980.035032
138,r/Hawaii,139601,Place,t5_2qi3u,1730745980.053836
139,r/Utah,139577,Place,t5_2qwed,1730745980.072594
140,r/ballpython,139561,Animals and Pets,t5_2srho,1730745980.094314
141,r/editors,139556,Careers,t5_2qpkc,1730745980.1147661
142,r/macsetups,139554,Technology,t5_2tvx3,1730745980.133686
143,r/sharpening,139507,Hobbies,t5_305sd,1730745980.152839
144,r/dfsports,139474,Sports,t5_2tem4,1730745980.1716921
145,r/ledgerwallet,139265,Crypto,t5_35ity,1730745980.1906502
146,r/Minecrafthmmm,139254,Gaming,t5_qiwaq,1730745980.2098272
147,r/sociology,139164,Science,t5_2qhbo,1730745980.22879
148,r/smosh,139159,Podcasts and Streamers,t5_2t6u9,1730745980.24802
149,r/typescript,139073,Programming,t5_2v6gg,1730745980.267
150,r/musik,139045,Music,t5_2t6i4,1730745980.286766
151,r/Hobbies,138806,Hobbies,t5_2qv2z,1730745980.305965
152,r/noveltranslations,138759,"Reading, Writing, and Literature",t5_39owk,1730745980.32497
153,r/HENRYfinance,138738,"Business, Economics, and Finance",t5_5dbzl7,1730745980.34479
154,r/ModernMagic,138667,Tabletop Games,t5_2xs5t,1730745980.363945
155,r/Drifting,138406,Cars and Motor Vehicles,t5_2ryb6,1730745980.3830242
156,r/WoT,138361,"Reading, Writing, and Literature",t5_2rdg1,1730745980.402831
157,r/kotor,138210,Gaming,t5_2ssrb,1730745980.423192
158,r/ThePeripheral,138104,Television,t5_i656j,1730745980.442667
159,r/taoism,138059,Religion and Spirituality,t5_2qhmd,1730745980.46165
160,r/TheDarwinProject,138015,Gaming,t5_3jwm2,1730745980.480795
161,r/modhelp,137977,Meta/Reddit,t5_2qy7w,1730745980.499628
162,r/HeistTeams,137953,Gaming,t5_37bm9,1730745980.518993
163,r/Liverpool,137945,Place,t5_2r21z,1730745980.538181
164,r/linuxmemes,137923,Technology,t5_2tsd7,1730745980.5575428
165,r/equelMemes,137907,Internet Culture and Memes,t5_3k9sk,1730745980.5793548
166,r/makeuporganization,137895,Beauty and Makeup,t5_3hdnn,1730745980.599024
167,r/capybara,137771,Animals and Pets,t5_2tssw,1730745980.6193438
168,r/InsightfulQuestions,137717,Meta/Reddit,t5_2smsq,1730745980.638858
169,r/iPhoneography,137673,Art,t5_2rsjy,1730745980.658454
170,r/stuttgart,137587,Place,t5_2syna,1730745980.6784608
171,r/void_memes,137568,Internet Culture and Memes,t5_miu0t,1730745980.69793
172,r/reactnative,137562,Programming,t5_37k5y,1730745980.717717
173,r/PowerBI,137551,Technology,t5_3141e,1730745980.738113
174,r/BeamNG,137513,Gaming,t5_2wf1e,1730745980.7569
175,r/django,137406,Programming,t5_2qh4v,1730745980.775855
176,r/BrawlStarsCompetitive,137388,Gaming,t5_t0o66,1730745980.794731
177,r/SwagBucks,137358,"Business, Economics, and Finance",t5_2qw4c,1730745980.813885
178,r/googleplaydeals,137274,Marketplace and Deals,t5_30ur7,1730745980.83295
179,r/d100,137194,Tabletop Games,t5_3ofgq,1730745980.852405
180,r/harborfreight,137139,Hobbies,t5_2w2q9,1730745980.871722
181,r/snowrunner,137021,Gaming,t5_27fk1a,1730745980.892164
182,r/cuba,136985,Place,t5_2r74v,1730745980.911223
183,r/Enneagram,136962,Learning and Education,t5_2sdjj,1730745980.930305
184,r/flowers,136877,Home and Garden,t5_2r1pg,1730745980.9496262
185,r/NZXT,136871,Technology,t5_2sszd,1730745980.968545
186,r/Ultramarathon,136851,Sports,t5_2rpg3,1730745980.9877849
187,r/dogs_getting_dogs,136802,Animals and Pets,t5_3py3v,1730745981.007607
188,r/halifax,136786,Place,t5_2r77k,1730745981.027967
189,r/CLOUDS,136760,Outdoors and Nature,t5_2rqyb,1730745981.046856
190,r/UAE,136760,Place,t5_2qxil,1730745981.0697758
191,r/NYCinfluencersnark,136703,Celebrity,t5_6ap6u7,1730745981.088861
192,r/OurPresident,136657,Politics,t5_3hhj5,1730745981.108583
193,r/VictoriaBC,136592,Place,t5_2rbsy,1730745981.126994
194,r/Youniqueamua,136422,Beauty and Makeup,t5_3n4el,1730745981.1457632
195,r/OldSchoolRidiculous,136365,Internet Culture and Memes,t5_2ziab,1730745981.16491
196,r/AskSF,136328,Place,t5_2yxdh,1730745981.1836002
197,r/IndustrialDesign,136285,Careers,t5_2qiv5,1730745981.202661
198,r/crabcats,136149,Animals and Pets,t5_2lqkty,1730745981.222027
199,r/calculus,136148,Learning and Education,t5_2qxm5,1730745981.24252
200,r/bingingwithbabish,135967,Food and Drink,t5_3ialh,1730745981.262086
201,r/DaveRamsey,135850,"Business, Economics, and Finance",t5_2qjeq,1730745981.28176
202,r/pugs,135811,Animals and Pets,t5_2rl4o,1730745981.301347
203,r/usenet,135778,Technology,t5_2qucj,1730745981.322241
204,r/peloton,135718,Sports,t5_2suzs,1730745981.34158
205,r/DrunkOrAKid,135713,Funny/Humor,t5_2rp30,1730745981.361567
206,r/AskThe_Donald,135679,Politics,t5_3fuwj,1730745981.38016
207,r/steinsgate,135665,Anime,t5_2t8ve,1730745981.400001
208,r/BrandonDE,135617,Sports,t5_3k5w18,1730745981.418925
209,r/Automate,135606,"Business, Economics, and Finance",t5_2udq6,1730745981.437731
210,r/KarmaConspiracy,135509,Meta/Reddit,t5_2tncl,1730745981.456783
211,r/RelayForReddit,135507,Meta/Reddit,t5_37m8x,1730745981.475859
212,r/AskElectricians,135484,Careers,t5_2xtq0,1730745981.49471
213,r/CreditCardsIndia,135466,"Business, Economics, and Finance",t5_3linfl,1730745981.513678
214,r/mysteriesoftheworld,135439,Internet Culture and Memes,t5_2v9i9,1730745981.532276
215,r/MaddenUltimateTeam,135425,Gaming,t5_2v23y,1730745981.5524101
216,r/animalcrossingdesign,135424,Gaming,t5_2ifbyy,1730745981.5712042
217,r/Corsair,135329,Technology,t5_2tqmj,1730745981.5899572
218,r/giftcardexchange,135311,Marketplace and Deals,t5_2s989,1730745981.609034
219,r/CryptoMoon,135262,Crypto,t5_3nwemq,1730745981.628232
220,r/SisterWives,135228,Television,t5_2zkgl,1730745981.646963
221,r/NikkeMobile,135221,Gaming,t5_5be6z9,1730745981.665546
222,r/absoluteunit,135219,Internet Culture and Memes,t5_f98vi,1730745981.684408
223,r/WorldOfWarships,135218,Gaming,t5_2t8uj,1730745981.7035918
224,r/Braves,135153,Sports,t5_2s0ok,1730745981.722668
225,r/falloutsettlements,135042,Gaming,t5_3aqii,1730745981.7413151
226,r/oasis,135000,Music,t5_2sic7,1730745981.759993
227,r/watercooling,134921,Technology,t5_2r01v,1730745981.7788658
228,r/DaftPunk,134850,Music,t5_2qtn5,1730745981.797567
229,r/ImpracticalJokers,134795,Television,t5_2tfkd,1730745981.816042
230,r/opticalillusions,134770,Internet Culture and Memes,t5_2r8xn,1730745981.834906
231,r/slave_humiliation,134730,Mature Themes and Adult Content,t5_7prary,1730745981.853647
232,r/Blink182,134691,Music,t5_2s593,1730745981.8735301
233,r/twilight,134621,Movies,t5_2ql1w,1730745981.892886
234,r/streetart,134616,Art,t5_2qvd5,1730745981.911882
235,r/Monstera,134577,Home and Garden,t5_lw1xv,1730745981.931951
236,r/Jarrariums,134492,Home and Garden,t5_306nr,1730745981.951854
237,r/snackexchange,134426,Marketplace and Deals,t5_2rqyn,1730745981.972074
238,r/Witch,134403,Religion and Spirituality,t5_2v3um,1730745981.991776
239,r/Moustache,134344,Beauty and Makeup,t5_2qmmq,1730745982.011942
240,r/kodi,134306,Technology,t5_32uhe,1730745982.032773
241,r/CoronavirusUS,134273,Medical and Mental Health,t5_2f86o2,1730745982.070264
242,r/Nikon,134174,Technology,t5_2qr6k,1730745982.090623
243,r/battlecats,134106,Gaming,t5_2tsiy,1730745982.1109068
244,r/brockhampton,134069,Music,t5_35noh,1730745982.131495
245,r/LastEpoch,133951,Gaming,t5_3m08g,1730745982.151776
246,r/pilates,133892,Fitness and Nutrition,t5_2r09n,1730745982.1722891
247,r/USPS,133781,Careers,t5_2r25j,1730745982.192698
248,r/Chromecast,133737,Technology,t5_2xz02,1730745982.213203
249,r/23andme,133717,Science,t5_2scn9,1730745982.233598
