,subreddit,subscribers,topic,subreddit_id,scraped_utc
0,r/bestmobilebanks,3315,Welcome to bestmobilebanks,t5_6zkddj,1730748898.410316
1,r/OcularMigraines,3315,Medical and Mental Health,t5_3aale,1730748898.4330611
2,r/pcloud,3315,Technology,t5_flc67,1730748898.452072
3,r/reinaangel,3315,Mature Themes and Adult Content,t5_8w0ooc,1730748898.4708369
4,r/Sanibel,3315,Place,t5_2v2jv,1730748898.4897149
5,r/YouTube3rdParty,3315,A subreddit dedicated to the discussion and development of YouTube extensions and other services made by the YouTube community.,t5_2en5k6,1730748898.518522
6,r/Creepystory,3314,Creepy Story - Giving your creepy stories and weird tales a home since 2014. Remember to invite your friend’s if you are having a fun and engaging time in this subreddit.,t5_31bb1,1730748898.541552
7,r/ExcavatorSkills,3314,Funny/Humor,t5_qrwt7,1730748898.5729332
8,r/Godox,3314,Technology,t5_y8kqy,1730748898.595692
9,r/Amersfoort,3313,Place,t5_2vp7n,1730748898.618335
10,r/dicemasters,3313,Tabletop Games,t5_30xmi,1730748898.7113311
11,r/GachaFNAFcringe,3313,Podcasts and Streamers,t5_2q4aot,1730748898.735092
12,r/istorie,3313,Welcome to istorie,t5_3e4ln,1730748898.767593
13,r/SSCCGL,3313,Learning and Education,t5_4x2aus,1730748898.7913759
14,r/steamcoupons,3313,Gaming,t5_2t8pw,1730748898.814569
15,r/Brattygbaby,3312,Comunidad de Grace Robert o Brattygbaby,t5_cd8437,1730748898.840696
16,r/kpopcensored,3312,"This is subreddit for betas to post your favorite Kpop goddesses censored, the only way betas should see them ❤️ Join our discord server https://discord.gg/v9QKjjg5Rh",t5_8fn5q3,1730748898.869799
17,r/nipponichi,3312,Gaming,t5_2s1wd,1730748898.894678
18,r/CrealitySonicPad,3311,Technology,t5_6xjr5u,1730748898.918708
19,r/DecideThisForMe,3311,Here you can ask people to vote on your small decisions to cure your indecision.,t5_2lwif4,1730748898.941034
20,r/sabamba,3311,Funny/Humor,t5_ujcqr,1730748898.964635
21,r/uoit,3311,Learning and Education,t5_2s1kn,1730748898.98812
22,r/YouTubeShorts,3311,Podcasts and Streamers,t5_2jgbt9,1730748899.012387
23,r/AvatarTheories,3310,Television,t5_2u7yr,1730748899.037036
24,r/budgethomelab,3310,Technology,t5_pm8x4,1730748899.062649
25,r/EndlessOcean,3310,Gaming,t5_2re6h,1730748899.086477
26,r/IndiaJobsOpenings,3310,Careers,t5_38hjq,1730748899.1089869
27,r/SAINtJHN,3310,Music,t5_hq3vl,1730748899.131999
28,r/wesomekinda,3310,Movies,t5_39ncwi,1730748899.1536949
29,r/Anthrax,3309,Music,t5_2uwtj,1730748899.1745589
30,r/Chifi,3309,Technology,t5_3k8hv,1730748899.194607
31,r/DemoniaShoes,3309,Fashion,t5_3ap6y9,1730748899.214995
32,r/dkudvikler,3309,Careers,t5_8qgdrq,1730748899.23521
33,r/SCU,3309,Learning and Education,t5_2s8yh,1730748899.25503
34,r/sophiadiamondgif,3309,Mature Themes and Adult Content,t5_6k17f8,1730748899.275581
35,r/bitcoinhardware,3308,Bitcoin Hardware,t5_2zjdw,1730748899.296306
36,r/DeathAndTaxesMTG,3308,Gaming,t5_3bzyg,1730748899.3188028
37,r/ParasiteEve,3308,Gaming,t5_2x7xt,1730748899.33863
38,r/VeteransWaitingRoom,3308,Military,t5_bnum6k,1730748899.358069
39,r/WorldNeverland,3308,Gaming,t5_3o1lq,1730748899.377138
40,r/ActionBoyz,3307,Podcasts and Streamers,t5_pomp4,1730748899.397732
41,r/epubTurk,3307,"Reading, Writing, and Literature",t5_7tel5v,1730748899.4183629
42,r/FrankIero,3307,Music,t5_31ivh,1730748899.438452
43,r/StathLetsFlats,3307,Television,t5_240bhl,1730748899.458399
44,r/amsterdamsgarden,3306,Mature Themes and Adult Content,t5_34lp1,1730748899.5491
45,r/Conflux_Network,3306,Technology,t5_3x8luf,1730748899.7470348
46,r/ElizaDushkuOnline,3306,Mature Themes and Adult Content,t5_5uaysa,1730748899.7701912
47,r/FireCountry,3306,Television,t5_6dh032,1730748899.790761
48,r/First4FiguresOfficial,3306,Gaming,t5_2vzlwo,1730748899.8117409
49,r/livingwithliterals,3306,"We all live with someone - or we are the one - who never get the metaphor or play on words but points out how it fails in the most, well, literal sense. This subreddit is dedicated to those comments - the exasperating and sometimes funny moments we encounter living with literals.",t5_m5zop,1730748899.832644
50,r/Rockhunters,3306,Hobbies,t5_37z9y,1730748899.863581
51,r/VampireHunterD,3306,Anime,t5_2w8oe,1730748899.884535
52,r/C3ai,3305,"Business, Economics, and Finance",t5_3jcbte,1730748899.904421
53,r/cz75,3305,Mature Themes and Adult Content,t5_31wai,1730748899.923357
54,r/medicaladvice,3305,Medical and Mental Health,t5_4xrdqx,1730748899.9429529
55,r/DeathMarch,3304,Anime,t5_37c57,1730748900.119243
56,r/lasskicker,3304,Sports,t5_3k2hc,1730748900.142881
57,r/LaughingCrew,3304,Funny/Humor,t5_7t0466,1730748900.1743848
58,r/MusicGear,3304,Music,t5_2y4ny,1730748900.196042
59,r/secularhomeschool,3304,Reddit's spot for secular homeschooling,t5_30l69,1730748900.216744
60,r/WholsomeRwby,3304,Anime,t5_123xzv,1730748900.235816
61,r/ZeldaTabletop,3304,Tabletop Games,t5_tui7g,1730748900.256895
62,r/fujiikaze,3303,Music,t5_3g5t9w,1730748900.276694
63,r/highschoolfootball,3303,Sports,t5_2srkt,1730748900.2957299
64,r/JammuandKashmir,3303,Place,t5_3bvog,1730748900.316635
65,r/nontoxicACOTAR,3303,"Reading, Writing, and Literature",t5_be5w3k,1730748900.336297
66,r/Bodysurfing,3302,Sports,t5_2s3ns,1730748900.356682
67,r/BritishRadio,3302,Podcasts and Streamers,t5_2sbl7,1730748900.376971
68,r/DueDiligence,3302,"Business, Economics, and Finance",t5_32lg9,1730748900.3972359
69,r/TexasGardening,3302,Home and Garden,t5_2lqyne,1730748900.4167209
70,r/UmeeCrossChain,3302,Umee is a decentralized finance (DeFi) hub that was created for cross-chain interactions between Ethereum and Cosmos blockchains.,t5_4tyu4m,1730748900.43593
71,r/Wirral,3302,Place,t5_2udzz,1730748900.455463
72,r/LUNCArmy,3301,Crypto,t5_6gwmqp,1730748900.475671
73,r/Ridgid,3301,Crafts and DIY,t5_3mbnx,1730748900.4948962
74,r/FlightOrFight,3300,"Will it take off, or will it square up?",t5_3frcl,1730748900.516543
75,r/HailTheSun,3300,Music,t5_31vsh,1730748900.5386949
76,r/starwarsd20,3300,Tabletop Games,t5_2xqu9,1730748900.55807
77,r/3dprintingaustralia,3299,Technology,t5_37i00,1730748900.5778592
78,r/ArmaReforgerXbox,3299,Gaming,t5_6e1en5,1730748900.596906
79,r/ExpatsTVSeries,3299,Television,t5_ap6ha5,1730748900.616975
80,r/ForumKGB,3299,Place,t5_af4cx8,1730748900.6362739
81,r/GMOMyths,3298,Science,t5_2wlze,1730748900.656085
82,r/humblewood,3298,Tabletop Games,t5_zl0su,1730748900.675262
83,r/savannah_cats,3298,Animals and Pets,t5_2sh36,1730748900.695628
84,r/AhiruNoSora,3297,Anime,t5_mbb5i,1730748900.7164428
85,r/ChevySS,3297,Cars and Motor Vehicles,t5_32520,1730748900.7357671
86,r/CURRENTEVENTS,3297,World News,t5_2r9j8,1730748900.7552562
87,r/DeadlockGame,3297,Gaming,t5_bja18g,1730748900.773278
88,r/GimpTutorials,3297,Post or request for a Gimp Tutorials.,t5_34mec,1730748900.791147
89,r/hopsin,3297,Music,t5_2u53s,1730748900.8088498
90,r/kimyojong,3297,Celebrity,t5_2lyp6j,1730748900.832748
91,r/Okita,3297,Anime,t5_gfgbu,1730748900.858405
92,r/Rocknocker,3297,Mature Themes and Adult Content,t5_2203e7,1730748900.8845901
93,r/runna,3297,Fitness and Nutrition,t5_akku16,1730748900.908999
94,r/suddenlyJojo,3297,for when jojos bizzare adventure is sudden,t5_9zhj8,1730748900.940575
95,r/TrapShooting,3297,Hobbies,t5_2s9y0,1730748900.968873
96,r/ZoneMinder,3297,Technology,t5_2yhsx,1730748900.9907498
97,r/legendslime,3296,Gaming,t5_7aq8nt,1730748901.0154629
98,r/Norland,3296,Gaming,t5_6irzkd,1730748901.0413811
99,r/Omnism,3296,Religion and Spirituality,t5_2tf7l,1730748901.064679
100,r/RoofingSales,3296,Careers,t5_4goy8f,1730748901.0865228
101,r/EgyptianHieroglyphs,3295,History,t5_2zld2,1730748901.107571
102,r/Georgiatoffolo,3295,Mature Themes and Adult Content,t5_1421j2,1730748901.131273
103,r/LastEpochBuilds,3295,Gaming,t5_5pns26,1730748901.152695
104,r/rancher,3295,Technology,t5_38fjj,1730748901.189068
105,r/Jekyll,3294,Programming,t5_2tv1l,1730748901.3000078
106,r/TheWayHomeHallmark,3294,Television,t5_7tasb3,1730748901.337447
107,r/Wellthatslucky,3294,Welcome to Wellthatslucky,t5_33j4q,1730748901.360084
108,r/Hopefulcasesmusic,3293,Podcasts and Streamers,t5_34qvfd,1730748901.381933
109,r/LightsaberTricks,3293,Hobbies,t5_2psbhj,1730748901.403254
110,r/moviememes,3293,Movies,t5_2wiro,1730748901.425161
111,r/tpbgm,3293,Gaming,t5_31nbil,1730748901.4462662
112,r/UnitedKingdomPolls,3293,Meta/Reddit,t5_2nuhne,1730748901.4671302
113,r/WTFNature,3293,WTFNature,t5_2xqjg,1730748901.4875689
114,r/PujieBlack,3292,Technology,t5_q50q5,1730748901.50835
115,r/stockphotography,3292,Careers,t5_2u048,1730748901.528927
116,r/UselessPotterFacts,3292,This is the subreddit for any facts that you think are useless and add nothing to the Harry Potter universe.,t5_uavte,1730748901.5496361
117,r/ZutaraNation,3292,Television,t5_2q5i4d,1730748901.5699031
118,r/askfitness,3291,Fitness and Nutrition,t5_2shum,1730748901.589893
119,r/BathroomAcapella,3291,Funny/Humor,t5_11up14,1730748901.610135
120,r/filen_io,3291,Technology,t5_2teu4w,1730748901.630007
121,r/SashaBanks1,3291,Celebrity,t5_7bclob,1730748901.650433
122,r/AntColony,3290,Funny/Humor,t5_2fr15n,1730748901.670283
123,r/CestDuFrancaisCa,3290,Internet Culture and Memes,t5_bt8h9m,1730748901.691554
124,r/Knightsofthebutton,3290,Meta/Reddit,t5_37niy,1730748901.715667
125,r/lifebelowzero,3290,Television,t5_qw2su,1730748901.7385201
126,r/punchingslappingbdsm,3290,"Official community for previews of my ( Elena917 ) videos - dm for access to folder with full length videos for 30$/folder/70vids - bdsm, impact play (punching, face slapping, spanking), humiliation, choking etc",t5_c5jobu,1730748901.759337
127,r/TankFishYT,3290,Podcasts and Streamers,t5_2pc6bt,1730748901.779
128,r/wetlands,3290,Outdoors and Nature,t5_2whb0,1730748901.800061
129,r/golpes,3289,"Business, Economics, and Finance",t5_72o2sn,1730748901.825462
130,r/Homeshake,3289,Music,t5_33h9w,1730748901.849213
131,r/cashappstocks,3288,"Business, Economics, and Finance",t5_2esgje,1730748901.869461
132,r/neology,3288,"Neology: the use of a new word or expression or of an established word in a new or different sense : the use of new expressions that are not sanctioned by conventional standard usage : the introduction of such expressions into a language. ----- This subreddit is for introducing new words, discussing the new use for an existing word, or seeking help in creating a new word based on a provided definition.",t5_2snyc,1730748901.929993
133,r/NoseKink,3288,Mature Themes and Adult Content,t5_9g2ltn,1730748901.950229
134,r/WrongPiece,3288,Internet Culture and Memes,t5_2vtwo,1730748901.9696681
135,r/Dolphins,3287,Outdoors and Nature,t5_2qvdw,1730748901.993056
136,r/EmmaHartley,3287,Celebrity,t5_pvuc8,1730748902.013489
137,r/SukiWaterhouse,3287,Mature Themes and Adult Content,t5_35kjm,1730748902.033049
138,r/GolfStory,3286,Gaming,t5_3m015,1730748902.052307
139,r/Michigan_Politics,3286,Politics,t5_3ncw2,1730748902.071105
140,r/paywalledalternatives,3286,Welcome to paywalledalternatives,t5_c6qglw,1730748902.089605
141,r/powerpop,3286,Music,t5_2t24r,1730748902.1098921
142,r/UTAustinAdmissions2,3286,Learning and Education,t5_2mltpd,1730748902.129245
143,r/Churchofthefrost,3285,Gaming,t5_2nwwod,1730748902.1481118
144,r/diablo4ATClub,3285,Gaming,t5_8essb7,1730748902.1670778
145,r/EntsoftheDMV,3285,Mature Themes and Adult Content,t5_3etddc,1730748902.185248
146,r/extrasbeingextra,3285,Film and television extras going the extra mile,t5_g6hii,1730748902.203737
147,r/FoundryLFG,3285,Tabletop Games,t5_2wuau8,1730748902.2223191
148,r/startupideas,3285,Careers,t5_2trpk,1730748902.240296
149,r/arnoldsisters4,3284,Celebrity,t5_5qku5c,1730748902.260226
150,r/buddie,3284,Television,t5_2mrkdb,1730748902.277925
151,r/CPAEXAM,3284,All things related to the CPA exam.,t5_2ub6l,1730748902.296454
152,r/FakeMarv,3284,A subreddit dedicated to all those wonderful people who stand in for Marv while he's away!,t5_sxopm,1730748902.314173
153,r/Scrolls,3284,Gaming,t5_2scq0,1730748902.333122
154,r/UltimateNurse,3284,Gaming,t5_ifkpm,1730748902.354162
155,r/ACWW,3283,Gaming,t5_2u6rz,1730748902.425379
156,r/deadplate,3283,Gaming,t5_aauadj,1730748902.470402
157,r/switchfoot,3283,Music,t5_2sw9b,1730748902.4999528
158,r/LittleAlchemists,3282,Gaming,t5_3pf6cr,1730748902.523426
159,r/SimpleXChat,3282,Technology,t5_5ghdkl,1730748902.5450602
160,r/atarist,3281,Technology,t5_2z4o6,1730748902.564971
161,r/khajiitcats,3281,This subreddit is a place where we share our encounters with khajiits IRL.,t5_38953,1730748902.582863
162,r/quietstreets,3281,For everything quiet on streets,t5_10ilxy,1730748902.600814
163,r/rollsomememes,3281,Internet Culture and Memes,t5_3k3ff,1730748902.6187851
164,r/Stormzy,3281,Music,t5_3ayjt,1730748902.636777
165,r/Aharen_san,3280,Anime,t5_3ptea,1730748902.654382
166,r/JJK_Cursed_Clash,3280,Gaming,t5_8rcpso,1730748902.672446
167,r/pcabominations,3280,Technology,t5_2d9hi2,1730748902.68996
168,r/SlavesUK,3280,Music,t5_3hwz4,1730748902.707662
169,r/UrbexGear,3280,A subreddit for discussing gear used in Urban Exploration.,t5_2wvcz,1730748902.725377
170,r/believeyoume,3279,Podcasts and Streamers,t5_ft2sl,1730748902.742904
171,r/CLIPS_TWITCH,3279,Podcasts and Streamers,t5_86cy74,1730748902.7605171
172,r/Gamingsaves,3279,Gaming,t5_2yaxc,1730748902.778233
173,r/OnyxPathRPG,3279,Tabletop Games,t5_39zch,1730748902.795639
174,r/PokemonDeals,3279,Marketplace and Deals,t5_3xkzwo,1730748902.8147242
175,r/abacchio_irl,3278,"Fuck you, Giorno, I know I forgot the other ""b"" in my name",t5_rkicm,1730748902.833932
176,r/eutech,3278,Technology,t5_2y46a,1730748902.853632
177,r/Falsettos,3278,Art,t5_4bp1q,1730748902.923854
178,r/JewishKabbalah,3278,Religion and Spirituality,t5_2lgwfr,1730748902.948017
179,r/Karmaland,3278,"Este es un subreddit para que los seguidores de la serie de Karmaland compartan sus creaciones con la comunidad (e.j. memes, fan art, canciones, etc.)",t5_2slth,1730748902.9717388
180,r/Manipal_Academics,3278,"For all academics, MET, admissions, councelling, and other related topics for Manipal Aspirants.",t5_8361nt,1730748902.993994
181,r/ShinyColors,3278,Gaming,t5_fiudl,1730748903.015148
182,r/BambuLabA1mini,3277,Technology,t5_9d99ak,1730748903.036646
183,r/FranzBardon,3277,Science,t5_35dkn,1730748903.060096
184,r/ImagesOfTexas,3277,Art,t5_39d5j,1730748903.082411
185,r/letterswap,3277,Internet Culture and Memes,t5_37omg,1730748903.102566
186,r/MIQARATAYFA,3277,Podcasts and Streamers,t5_9vzvh1,1730748903.122874
187,r/OnlyDediCleavage,3277,"Sub only for cleavage photo of desi girls, Bollywood, Tollywood or other. She should be Indian celebrity (movie, TV or web series)",t5_3ecw50,1730748903.143094
188,r/Sinisterhood,3277,Podcasts and Streamers,t5_t6jv7,1730748903.1635368
189,r/TeezoTouchdown,3277,Music,t5_33ryvt,1730748903.184097
190,r/trainspotting,3277,Movies,t5_2u9m4,1730748903.204545
191,r/gucci,3276,Fashion,t5_2s95c,1730748903.225409
192,r/moldycondomcrusaders,3276,We commit shitpost here.,t5_55nrtt,1730748903.2462761
193,r/TinyRails,3276,Gaming,t5_3hwzx,1730748903.2670689
194,r/aarynmjsnarky,3275,Podcasts and Streamers,t5_8ad24y,1730748903.287881
195,r/AnimesYoutube,3275,Mature Themes and Adult Content,t5_4habm4,1730748903.3083
196,r/chaos,3275,Learning and Education,t5_2qxlw,1730748903.3287702
197,r/dfwmusic,3275,Music,t5_2s93a,1730748903.349304
198,r/Isawthetvglow,3275,Television,t5_bfuj1y,1730748903.369719
199,r/kingsdarktidings,3275,"Reading, Writing, and Literature",t5_3h68n,1730748903.391347
200,r/TalesFromTheMuseum,3275,"Welcome to Tales From The Museum! Your home for: * Demonstrations gone wrong! * Guests performing unimaginable feats! * Stories of heroism in the line of duty! * *and any other museum tales you may have!* Kick back, take off your badge, turn off your radio, and share your tales with your fellow museum-ites.",t5_33iai,1730748903.411954
201,r/Chevelles,3274,Cars and Motor Vehicles,t5_2w8bm,1730748903.432271
202,r/GuiltyGearXRD,3274,Gaming,t5_35vg0,1730748903.4524338
203,r/tis100,3274,Programming,t5_38azi,1730748903.473043
204,r/DiscountCodesUK,3273,Marketplace and Deals,t5_3g3863,1730748903.493504
205,r/MathematicsMemes,3273,Science,t5_3jav1,1730748903.513839
206,r/NatashaLiu_Bordizzo,3273,The Natasha Liu Bordizzo subreddit,t5_6xixjr,1730748903.5341508
207,r/newyorkknicks,3273,Sports,t5_2tmlw,1730748903.5544288
208,r/Pokket_Official,3273,A place for Pokket to share pictures and for y'all to be meme lords. Keep it relevant Pokket and her community. 😘,t5_3exhm5,1730748903.575021
209,r/RustPc,3273,Gaming,t5_4ao35o,1730748903.595456
210,r/techsalesjobs,3273,Careers,t5_6vsut7,1730748903.6158159
211,r/UnexpectedJakePeralta,3273,Unexpected Jake Peralta. Title of your sex tape.,t5_a6uym,1730748903.635201
212,r/arianadukess,3272,Mature Themes and Adult Content,t5_62sbab,1730748903.654196
213,r/cosmonautvarietyhour,3272,Podcasts and Streamers,t5_3g06e,1730748903.673435
214,r/ELIHulk,3272,"This is a subreddit similar to /r/explainlikeimfive, except instead of the answers being explained like you're five, they're explained like you're Hulk!",t5_rupk2,1730748903.692451
215,r/kiasportage,3272,Cars and Motor Vehicles,t5_42fsgw,1730748903.7124019
216,r/Madmoizelle,3272,World News,t5_6b5p08,1730748903.7324312
217,r/MaggieLindemann,3272,Celebrity,t5_3etlj,1730748903.753294
218,r/ProjectQuarm,3272,Gaming,t5_938qwr,1730748903.7729652
219,r/reinhardtrollouts,3272,Gaming,t5_fjvww,1730748903.7931762
220,r/shadowexplainsthejoke,3272,Internet Culture and Memes,t5_9tsgho,1730748903.8134148
221,r/BenidormShow,3271,Television,t5_2ng0r7,1730748903.833838
222,r/CatForts,3271,Animals and Pets,t5_11l4ga,1730748903.853228
223,r/houseboats,3271,"Feel free to discuss anything related to houseboats, or share photos and videos.",t5_2xnk3,1730748903.871454
224,r/Lipoma,3271,Medical and Mental Health,t5_37klq,1730748903.890691
225,r/QueenNushratBharucha,3271,Celebrity,t5_3sa2m8,1730748903.908999
226,r/TheLordOfTheRings,3271,Tolkien's epic sequel to The Hobbit and the movies based upon it.,t5_2wnci,1730748903.9267771
227,r/WiiPiracy,3271,Gaming,t5_29c8sz,1730748903.94447
228,r/Actressfighting,3269,Mature Themes and Adult Content,t5_55hwqu,1730748903.9621172
229,r/gohighlevel,3269,"Business, Economics, and Finance",t5_2hp732,1730748903.979716
230,r/jaymovies,3269,Movies,t5_2o8sff,1730748903.997403
231,r/Multiplatform_Gaming,3269,Gaming,t5_ibqmk,1730748904.01498
232,r/NonCredibleBundeswehr,3269,Internet Culture and Memes,t5_7t2qop,1730748904.033012
233,r/Podcasters,3269,Podcasts and Streamers,t5_2slwg,1730748904.050949
234,r/SpanishBookClub,3269,We read books and stuff.,t5_3ok37,1730748904.068872
235,r/utaite,3269,Music,t5_2zida,1730748904.086574
236,r/AccidentalAnime,3268,Accidental Anime,t5_3orit,1730748904.10445
237,r/EricaDurance,3268,Mature Themes and Adult Content,t5_2w3uz,1730748904.1225028
238,r/Imobiliare,3268,"Business, Economics, and Finance",t5_6ux050,1730748904.144428
239,r/JazminBean,3268,Music,t5_28daag,1730748904.189219
240,r/Jfigggs_Fanfix,3268,Mature Themes and Adult Content,t5_9keo6o,1730748904.249943
241,r/Mercenary_Enrollment,3268,Anime,t5_44uqv5,1730748904.279797
242,r/rpgtrade,3268,Marketplace and Deals,t5_2s8dc,1730748904.304808
243,r/surveyjunkie,3268,Technology,t5_2dciyx,1730748904.3379478
244,r/Villagernews,3268,Gaming,t5_12hvrl,1730748904.3756511
245,r/AltShiftX,3267,Podcasts and Streamers,t5_3f0f7,1730748904.40727
246,r/LoveandTranslationTV,3267,Television,t5_antc9u,1730748904.434329
247,r/steamboat,3267,Place,t5_2zhd3,1730748904.458696
248,r/TZM,3267,Activism,t5_2seln,1730748904.484567
249,r/89SQUAD89,3266,Celebrity,t5_649x94,1730748904.514773
