,subreddit,subscribers,topic,subreddit_id,scraped_utc
0,r/Beckylynchhumiliation,3087,Sports,t5_2gicnk,1730748996.5105128
1,r/DisneyAnimalKingdom,3087,Travel,t5_3k0hf,1730748996.531065
2,r/KlamathFalls,3087,Place,t5_2w45d,1730748996.5503879
3,r/shadps4,3087,Gaming,t5_bwbo1d,1730748996.569828
4,r/WVEasternPanhandle,3087,Place,t5_3907p,1730748996.5892758
5,r/AnimatedShorts,3086,Podcasts and Streamers,t5_2wjly,1730748996.6177049
6,r/flrdating,3086,Mature Themes and Adult Content,t5_26meau,1730748996.636014
7,r/Haremlit,3086,"Reading, Writing, and Literature",t5_tvo39,1730748996.658466
8,r/MSGSphere,3086,Technology,t5_8rpd4q,1730748996.676916
9,r/Androidacy,3085,Technology,t5_5tz13d,1730748996.694929
10,r/cpanel,3085,Technology,t5_2s3go,1730748996.771701
11,r/DoctorWhoLeaks,3085,Television,t5_39p4b,1730748996.791958
12,r/dragonballsupertcg,3085,Tabletop Games,t5_3k9tb,1730748996.825705
13,r/gem_irl,3085,selfies of the gem,t5_3eyba,1730748996.845742
14,r/KillYourConsole,3085,"The subreddit dedicated to helping you upgrade to PC. Leave console gaming behind and join the revolution - play your games with the quality and richness that the developers intended. If you're serious about switching, we're serious about helping.",t5_307dc,1730748996.86479
15,r/Meggings,3085,Mature Themes and Adult Content,t5_qd27y,1730748996.884882
16,r/niamh_adkins,3085,Model and social media content creator,t5_6kl12z,1730748996.903967
17,r/SakuyaGang,3085,Anime,t5_1272ev,1730748996.922647
18,r/TousPublicsNudes,3085,Mature Themes and Adult Content,t5_bjbr13,1730748996.9422889
19,r/VanessaMerrell,3085,Celebrity,t5_gmuzv,1730748996.962098
20,r/Carlo55ainz,3084,Fanpage for Formula One star Carlos Sainz,t5_huoax,1730748996.982156
21,r/ClashLoL,3084,Gaming,t5_htux0,1730748997.0016398
22,r/foundthecapsulecat,3084,"A subreddit dedicated to finding the Almighty, Omnipresent u/Capsule_CatYT!",t5_6iyj0s,1730748997.0205061
23,r/NewMexicoTrails,3084,Travel,t5_2coox8,1730748997.039949
24,r/PrologueApp,3084,Technology,t5_1p4nns,1730748997.059547
25,r/ReviewRequests,3084,Marketplace and Deals,t5_j32pu,1730748997.079978
26,r/StargateGifs,3084,Television,t5_3hre3,1730748997.099019
27,r/Gameofsultans,3083,Gaming,t5_n65ad,1730748997.118201
28,r/GuitarQuestions,3083,Music,t5_319tp,1730748997.137347
29,r/pyre,3083,Gaming,t5_2sj13,1730748997.15611
30,r/bjjvideos,3082,Sports,t5_3c8tw,1730748997.1749701
31,r/carriercommand2,3082,Gaming,t5_4aj8de,1730748997.194062
32,r/Counter,3082,Meta/Reddit,t5_b7nm2e,1730748997.212748
33,r/femboy_italia,3082,Gender,t5_78yjyq,1730748997.233985
34,r/IslamicQuotes,3082,Religion and Spirituality,t5_367jr,1730748997.254109
35,r/sarcoidosis,3082,Medical and Mental Health,t5_2uy6j,1730748997.274176
36,r/3DSThemeSwap,3081,Gaming,t5_39n3w,1730748997.2932029
37,r/CoriolisRPG,3081,Tabletop Games,t5_3hlmm,1730748997.312607
38,r/MarxistRA,3081,Military,t5_b6gq4i,1730748997.3319502
39,r/NewAlbums,3081,A place to post and discuss new and upcoming music albums of interest in all genres.,t5_2s3rk,1730748997.350585
40,r/oldschoolwrestling,3081,Sports,t5_2zpze,1730748997.369361
41,r/princessbride,3081,Movies,t5_2tjlg,1730748997.388385
42,r/disease,3080,Medical and Mental Health,t5_34i6y,1730748997.407731
43,r/fictionalmovieposters,3080,Internet Culture and Memes,t5_35ckp,1730748997.4273632
44,r/matthewthornton,3080,"This sub serves as a central place to post and discuss letters received by seemingly random recipients, mailed by someone identifying themselves as Matthew Thornton.",t5_11h9bk,1730748997.447416
45,r/sipkaakolto,3080,Celebrity,t5_6u1x0h,1730748997.4676301
46,r/bottlerock,3079,Music,t5_2x66f,1730748997.488089
47,r/johannnajuhlin,3079,Johanna Julhin is a Swedish painter and business owner. #thirsttrap #pawg,t5_9lux7p,1730748997.507864
48,r/MoreBrawlStars,3079,Gaming,t5_568y2r,1730748997.527262
49,r/Poppt1,3079,Celebrity,t5_2qherk,1730748997.5473359
50,r/sglgbt,3079,Sexual Orientation,t5_1mnw4t,1730748997.566257
51,r/theknick,3079,Television,t5_2xc86,1730748997.5853498
52,r/BadMonkeyTVSeries,3078,Television,t5_asebn7,1730748997.604925
53,r/GentlerStreakApp,3077,Fitness and Nutrition,t5_799vjg,1730748997.625474
54,r/ITALIANMUSIC,3077,Music,t5_2w0ds,1730748997.644278
55,r/melodica,3077,Music,t5_2sdpy,1730748997.663904
56,r/PoliceShootouts,3077,Mature Themes and Adult Content,t5_4dvtuy,1730748997.683799
57,r/ps2classicsvault,3077,Gaming,t5_6313gl,1730748997.7026591
58,r/StandardMTG,3077,"A place for discussion the Standard format for Magic: The Gathering. Discussion relating to cards, decks, strategy and more for the most popular format in MTG!",t5_3gvde,1730748997.7245598
59,r/CameronRorrison,3076,Welcome to the community dedicated to all things Cameron Rorrison.,t5_3f8iq,1730748997.74402
60,r/KathrynNewton_Hot,3076,Welcome to KathrynNewton_Hot,t5_7qjqmi,1730748997.764124
61,r/MissionWorkshop,3076,Fashion,t5_394ok,1730748997.784113
62,r/ShinobiLife2,3076,Gaming,t5_36g55c,1730748997.803759
63,r/chronicepididymitis,3075,Men's Health,t5_3b0kx,1730748997.822558
64,r/hawkesbay,3075,Place,t5_2t44f,1730748997.8415492
65,r/HenricoCounty,3075,Place,t5_37xtc,1730748997.860126
66,r/Hibiscus,3075,Home and Garden,t5_2wyqy,1730748997.878919
67,r/LoveForDronePilots,3075,Military,t5_3gmumo,1730748997.89827
68,r/NewAgeMusic,3075,Music,t5_2s8i4,1730748997.91737
69,r/surveys4cash,3075,"Paid Surveys at Home. Make Money online. Cash Surveys Discuss sites, offerwalls or independent surveys and studies that pay money.",t5_7b76g0,1730748997.937381
70,r/75soft,3074,Fitness and Nutrition,t5_5gv23r,1730748997.957043
71,r/andrew,3074,Internet Culture and Memes,t5_2qheg,1730748997.977015
72,r/BallPythonMorph,3074,Animals and Pets,t5_3d262,1730748997.997592
73,r/BRZ_ZD8,3074,Cars and Motor Vehicles,t5_69la5b,1730748998.015929
74,r/joebidenandasandwich,3074,"Well, the title explains it all.",t5_2vx2i,1730748998.0354428
75,r/Motioncitysoundtrack,3074,Gaming,t5_2sf3k,1730748998.055072
76,r/NashvilleEnts,3074,Mature Themes and Adult Content,t5_2un5y,1730748998.074692
77,r/WesternCoalition,3074,Military,t5_cdia8p,1730748998.094152
78,r/hextcg,3073,Gaming,t5_2x6sl,1730748998.11341
79,r/LearnKanji,3073,Learning and Education,t5_2ybcb,1730748998.131933
80,r/NewsSphere,3073,"Welcome to NewsSphere, your go-to destination for global news and current events.",t5_8shu3o,1730748998.1496582
81,r/Pinz,3073,"This is a place to locate, critique, and spread the love of heady hat pins.",t5_319ae,1730748998.1679518
82,r/Roadglide,3073,Cars and Motor Vehicles,t5_2zwdi,1730748998.185481
83,r/SDGundamGGeneration,3073,Gaming,t5_j8c58,1730748998.2046368
84,r/wherethe,3073,Internet Culture and Memes,t5_5kj45k,1730748998.222303
85,r/AMBW,3072,Family and Relationships,t5_2tscp,1730748998.24002
86,r/magfed,3072,Hobbies,t5_2yss9,1730748998.257518
87,r/minot,3072,Place,t5_2sdxq,1730748998.2751591
88,r/OanaGregory,3072,Celebrity,t5_2wnyj,1730748998.292758
89,r/TheLonging,3072,Gaming,t5_2h2rrk,1730748998.310452
90,r/TheTwitterEnd,3072,Internet Culture and Memes,t5_7bp97x,1730748998.3280902
91,r/Warcraft3Reforged,3072,Gaming,t5_qptaa,1730748998.345737
92,r/400YearsAgo,3071,Welcome to 400YearsAgo,t5_33nve,1730748998.3634
93,r/AOW3,3071,Gaming,t5_30sjp,1730748998.3810592
94,r/Breda,3071,Place,t5_2wfp0,1730748998.398719
95,r/clickteam,3071,Technology,t5_2wzwj,1730748998.416939
96,r/marvelstudiosxmen,3071,Movies,t5_4ri6kq,1730748998.4358451
97,r/MSUcats,3071,Learning and Education,t5_2spa2,1730748998.454431
98,r/TimeCapsules,3071,Hobbies,t5_2sbtx,1730748998.472841
99,r/TodayIWon,3071,This is the opposite of Today I Fucked Up. You write stories on how you did something awesome or cool and want to share your glory.,t5_2xequ,1730748998.4921632
100,r/badeyebrows,3070,Beauty and Makeup,t5_37kgc,1730748998.511511
101,r/BallroomEYoukoso,3070,Anime,t5_3i7eh,1730748998.529519
102,r/BrosOnToes,3070,Medical and Mental Health,t5_2x8y8,1730748998.5472581
103,r/EnoBening,3070,Internet Culture and Memes,t5_49rlf2,1730748998.565793
104,r/FEARS,3070,Medical and Mental Health,t5_2w9v4,1730748998.583682
105,r/RomanPaganism,3070,Religion and Spirituality,t5_2w2in,1730748998.602286
106,r/rustedwarfare,3070,Gaming,t5_3k394,1730748998.6201339
107,r/Soothing,3070,"For anything that you may deem as relaxing, calming and soothing",t5_2qnj8,1730748998.638794
108,r/thebloom,3070,Activism,t5_5janl5,1730748998.658249
109,r/VagusNerve,3070,Medical and Mental Health,t5_22s3a7,1730748998.675958
110,r/warbirds,3070,Military,t5_2wumt,1730748998.693557
111,r/YardieTingz,3070,Music,t5_62q0m1,1730748998.711068
112,r/BLSP,3069,"Business, Economics, and Finance",t5_3tba9h,1730748998.729643
113,r/CasualRobbery,3069,Internet Culture and Memes,t5_9720g7,1730748998.748838
114,r/ICTMentorship,3069,Learning and Education,t5_77j2j9,1730748998.767394
115,r/LearningTamil,3069,Learning and Education,t5_4ls75z,1730748998.785482
116,r/NewarkDE,3069,Place,t5_2unzg,1730748998.804499
117,r/parclco,3069,Technology,t5_5mej6z,1730748998.822363
118,r/CameraAKS,3068,Careers,t5_2wmw4,1730748998.8415139
119,r/HiratsukaSensei,3068,Anime,t5_2ymaxr,1730748998.859678
120,r/ShinYuna,3068,Celebrity,t5_vhy20,1730748998.8772411
121,r/SimAirport,3068,Gaming,t5_3etus,1730748998.894804
122,r/WBAfootball,3068,Sports,t5_2tivu,1730748998.91242
123,r/Bilibili,3067,Technology,t5_37bjf,1730748998.9300978
124,r/Cowichan,3067,Place,t5_2sk82,1730748998.947901
125,r/LatAmHistoryMemes,3067,History,t5_4xdv2r,1730748998.966889
126,r/MinaKimesTime,3067,Podcasts and Streamers,t5_3ry6of,1730748998.985054
127,r/Paola_di_Benedetto,3067,Celebrity,t5_6urzkm,1730748999.0027268
128,r/wooway,3067,The Tao that can be named,t5_3o866,1730748999.0207622
129,r/WorldOfFinalFantasy,3067,Gaming,t5_38p8h,1730748999.038521
130,r/blackmirror_irl,3066,where the morbid becomes reality,t5_3i0fb,1730748999.0561569
131,r/DogPeople,3066,"This is a subreddit dedicated to collating all the dogpeople out there in the wild web into a safe and loving home, namely our hearts and mind... mostly our eyes. Bring forth your pics, gifs, and videos of dogs looking like they have a human body! Please no submissions that are just about people who like dogs, stories about dogs and people, or just pictures of dogs. If the post isn't a depiction of a dog with a human body, it'll be removed.",t5_315yk,1730748999.073747
132,r/dungeonscrawl,3066,Tabletop Games,t5_2oybm1,1730748999.0913439
133,r/FriendsOver50,3066,Family and Relationships,t5_sb2u5,1730748999.1107042
134,r/HumanResourcesNetflix,3066,Television,t5_25y81e,1730748999.128395
135,r/ochokocup,3066,Gaming,t5_3g40c,1730748999.1460211
136,r/aestheticminimalism,3065,A subreddit dedicated to minimalism in the arts and design created in contrast to the regular minimalist subreddit which largely focuses on the minimalist lifestyle.,t5_2znkc,1730748999.163641
137,r/AirTagUses,3065,This is a community where you can share all your uses with AirTag.,t5_7elcbt,1730748999.181631
138,r/assettodrift,3065,Cars and Motor Vehicles,t5_fcyy2,1730748999.199272
139,r/bionicleprequelmemes,3065,Funny/Humor,t5_27hriy,1730748999.217685
140,r/FFIEplanB,3065,"Business, Economics, and Finance",t5_blxycq,1730748999.2359931
141,r/fortunecoinsfans,3065,Mature Themes and Adult Content,t5_9iwbjq,1730748999.2549381
142,r/generalizedanxiety,3065,Medical and Mental Health,t5_2t9hv,1730748999.272697
143,r/IndustrialAutomation,3065,Careers,t5_2rlsp,1730748999.2911098
144,r/LAbyNight,3065,Tabletop Games,t5_u0yit,1730748999.309257
145,r/SellingOnAmazonFBA,3065,"A community to help sellers to start and run their Amazon business. Using AMZScout product research algorithms, we find profitable product ideas and share practice tips and insights here. More info amzscout.net",t5_4ewsjd,1730748999.32972
146,r/theindialove,3065,Celebrity,t5_c8o3sa,1730748999.351094
147,r/TheVeneration,3065,Cars and Motor Vehicles,t5_32x3i,1730748999.371629
148,r/1zpresso,3064,Food and Drink,t5_3gqdz6,1730748999.394058
149,r/Fonus,3064,Technology,t5_28u9e1,1730748999.418904
150,r/ghettoStreetfightV2,3064,Mature Themes and Adult Content,t5_6qrxi2,1730748999.4430552
151,r/justforadultman,3064,Welcome to justforadultman,t5_blp3k0,1730748999.468951
152,r/local58memes,3064,Internet Culture and Memes,t5_v780m,1730748999.4928699
153,r/RitualisticReddit,3064,"The subeddit for all things ritualistic! Feel free to share your spells/rituals with other users, get inspiration & ideas from others, & talk about all things witchcraft, occult, spiritual, & magical!",t5_2uj2f,1730748999.5169978
154,r/turkishvan,3064,Animals and Pets,t5_12ml5o,1730748999.5381088
155,r/VirtualVillagers,3064,Gaming,t5_2zmkk,1730748999.5604732
156,r/anarchocapitalism,3063,Politics,t5_2r3rn,1730748999.5807319
157,r/celeb_brunettes,3063,Welcome to celeb_brunettes,t5_39294,1730748999.601443
158,r/fixmydiet,3063,Welcome to fixmydiet,t5_313s4,1730748999.623839
159,r/Gonzaga,3063,Learning and Education,t5_2sb1q,1730748999.6452239
160,r/RestartEnergy,3063,"RED (Restart Energy Democracy) is a blockhain powered platform backed by Restart Energy, a European energy provider with $20 million in revenues. Restart Energy is developing the world’s first peer-to-peer decentralized energy transfer platform based on its proprietary virtual balancing system. RED ecosystem comprises of the RED-Platform, RED-Franchise and RED-MWAT Tokens. RED-MWAT are crypto tokens that enable storage of electricity and facilitate the development of clean affordable energy.",t5_4dmcn,1730748999.6673322
161,r/Staphacne,3063,Medical and Mental Health,t5_33mgh,1730748999.6878579
162,r/hwforcashzz,3062,Welcome to hwforcashzz,t5_aj9tnj,1730748999.70842
163,r/SLEEPSPELL,3062,"SLEEPSPELL is a subreddit dedicated to original pieces of fantasy-related fiction. All fantasy subgenres are welcome! We pride ourselves on being a spin-off of the popular /r/NoSleep and /r/cryosleep subreddits, but suspension of disbelief is not necessary here. Instead, we ask that you simply be supportive of any and all submissions and upvote those that you thoroughly enjoy to help others find them!",t5_35f6a,1730748999.72881
164,r/uwinnipeg,3062,Learning and Education,t5_2xrye,1730748999.74978
165,r/WeWork,3062,"Business, Economics, and Finance",t5_2ytld,1730748999.7717938
166,r/AthleticEnts,3061,"Pictures, strains, discussion, vaporize, edibles, sublingual drops, CBD, cooking, supplementation, organic growing, hemp protein, recovery, sleep enhancement, stress relief, anti-inflammatory...",t5_2wkao,1730748999.7940962
167,r/oklahomafootball,3061,Sports,t5_9cy85v,1730748999.815244
168,r/Smalltwitchstreamers,3061,Podcasts and Streamers,t5_3ix5h,1730748999.833457
169,r/TOtrees,3061,Mature Themes and Adult Content,t5_2t74n,1730748999.851427
170,r/WarframePS4,3061,"r/WarframePS4 is the community dedicated for the third-person, co-op focused action game, Warframe on the PlayStation 4 platform.",t5_332k9,1730748999.869756
171,r/WindyCity,3061,Place,t5_4v0e4n,1730748999.8888419
172,r/ConservativeSocialist,3060,Politics,t5_3hdd3h,1730748999.907891
173,r/idolish7,3060,Anime,t5_39a88,1730748999.92765
174,r/LessonsinChemistry,3060,Television,t5_66jh9b,1730748999.948152
175,r/LiveIsBetter,3060,Music,t5_2f2pfx,1730748999.9674492
176,r/vijayawada,3060,Place,t5_2sdyv,1730748999.987021
177,r/brandonswanson,3059,Law,t5_3g9u5,1730749000.006424
178,r/CursedHazbin,3059,Art,t5_3qvcl6,1730749000.0261881
179,r/dnbhl,3059,Welcome to dnbhl,t5_32ipz,1730749000.045172
180,r/gp5,3059,Internet Culture and Memes,t5_xgvlr,1730749000.064091
181,r/Kabaddi,3059,Sports,t5_32r50,1730749000.083099
182,r/SidMeiersPirates,3059,Gaming,t5_379gf,1730749000.101695
183,r/AshevilleClassifieds,3058,Place,t5_2xvh0,1730749000.1226702
184,r/CinnamorollClub,3058,Hobbies,t5_4qsya1,1730749000.1429272
185,r/hobiecat,3058,Hobbies,t5_2tzaa,1730749000.162803
186,r/metadrama,3058,Mature Themes and Adult Content,t5_2tdki,1730749000.180798
187,r/sexyweeviltime,3058,Ever seen 2 Weevils having sexy time? Now you have a place to post those photos!,t5_72olgb,1730749000.198854
188,r/SophiaDiamondxxxx,3058,Subreddit Dedicated to Social Media Influencer Sophia Diamond,t5_b94sxl,1730749000.2170198
189,r/DrawnTogether,3057,Television,t5_2skdq,1730749000.234944
190,r/fiorentina,3057,Sports,t5_2r5jx,1730749000.2532392
191,r/moose,3057,Animals and Pets,t5_2sv1i,1730749000.271195
192,r/threesentencehorror,3057,"Reading, Writing, and Literature",t5_p2jsh,1730749000.2899961
193,r/DisneyHS,3056,Travel,t5_32lv4,1730749000.307818
194,r/Gacha,3056,Gaming,t5_3cxv6,1730749000.325672
195,r/hinamatsuri,3056,Anime,t5_3ahs8,1730749000.343442
196,r/JourneysInTheDark,3056,Tabletop Games,t5_34js8,1730749000.3611798
197,r/Missing411Uncensored,3056,Learning and Education,t5_29fz8j,1730749000.378747
198,r/paleopines,3056,Gaming,t5_5uk44n,1730749000.397331
199,r/suselle,3056,Art,t5_sbemx,1730749000.416341
200,r/ToolTickets,3056,Marketplace and Deals,t5_3ayy9,1730749000.4354408
201,r/WFHWorld,3056,Careers,t5_aypjgw,1730749000.45428
202,r/BearJokes,3055,For jokes having to do with bears.,t5_3928b,1730749000.475111
203,r/footballpicks,3055,"We aspire to be the home for the best free football picks on Reddit and online. We encourage the community to post and provide their NFL and college football picks, bet slips, and prop bets here. We welcome posts from all sportsbooks and online sports betting platform as well. Welcome to the new home of football betting on Reddit!",t5_97hefs,1730749000.4961438
204,r/jamirivas13,3055,Welcome to jamirivas13,t5_4zsuzy,1730749000.516448
205,r/JEPQ,3055,"Business, Economics, and Finance",t5_6bz8ln,1730749000.536739
206,r/komediehemel,3055,ja,t5_veq9p,1730749000.556909
207,r/MiracleWorkers,3055,Television,t5_3kh82,1730749000.5768902
208,r/SarahBooneCase,3055,Law,t5_btwhcy,1730749000.6837618
209,r/SmallCap_MiningStocks,3055,"Business, Economics, and Finance",t5_4e0pqw,1730749000.876425
210,r/AnimatedStarWarsMemes,3054,Television,t5_3ne1h,1730749000.900525
211,r/AppNana_Codes,3054,"Post only your AppNana/AppJoy codes and don't forget to enter my code f2047134 !!! No spamming with hundreds of posts AND NO CODE IS WORTH MORE THAN 2,500 POINTS! No 160,000 point lies! They will be removed promptly and you will be banned.",t5_32kpg,1730749000.921624
212,r/dungeonmastersvault,3053,Tabletop Games,t5_xxa21,1730749000.941333
213,r/JustBroThings,3053,Welcome to JustBroThings,t5_30xuz,1730749000.96319
214,r/57x28mm,3052,Mature Themes and Adult Content,t5_3pj09n,1730749000.995071
215,r/BillHader,3052,Celebrity,t5_2ufiw,1730749001.015542
216,r/HBCU,3052,Learning and Education,t5_2tynm,1730749001.03566
217,r/IMayDestroyYou_HBO,3052,Television,t5_2sfv1l,1730749001.054977
218,r/SurrounDead,3052,Gaming,t5_6qm3uj,1730749001.073704
219,r/tatsianapaulava,3052,Celebrity,t5_5nxi0s,1730749001.167731
220,r/thedarkden,3052,Animals and Pets,t5_zy29d,1730749001.186848
221,r/fugazziculture,3051,Fashion,t5_5kusoi,1730749001.240732
222,r/MonkeyShines,3051,Hobbies,t5_38kx9,1730749001.263703
223,r/UnexpectedGigguk,3051,Anime,t5_11y66u,1730749001.2846148
224,r/ivysky,3050,Mature Themes and Adult Content,t5_3cqydm,1730749001.305194
225,r/PurePwnage,3050,Podcasts and Streamers,t5_2sobw,1730749001.331208
226,r/2teyvat4u,3049,Internet Culture and Memes,t5_5zwt6p,1730749001.356065
227,r/Atelier_Resleriana,3049,Gaming,t5_ae9fsl,1730749001.3780422
228,r/cannedravioli,3049,Internet Culture and Memes,t5_6vc8ho,1730749001.3993971
229,r/radialblurredimages,3049,"Radially blurred images. The less context and the weirder the image, the better!",t5_yylm0,1730749001.423459
230,r/TEOTWAWKI,3049,Welcome to TEOTWAWKI,t5_2t9mv,1730749001.446931
231,r/cartoonbelly,3048,Mature Themes and Adult Content,t5_5asqua,1730749001.4664261
232,r/CraftedByAI,3048,Crafts and DIY,t5_amxnqy,1730749001.4875169
233,r/CrazyCurryMemes,3048,Internet Culture and Memes,t5_4ut6rt,1730749001.5104241
234,r/nbasupercard,3048,Gaming,t5_3i4efl,1730749001.5379121
235,r/nothingmore,3048,Music,t5_2x6iy,1730749001.5628412
236,r/PresidentialElection,3048,Politics,t5_7ptdwb,1730749001.588779
237,r/rimworldmodding,3048,Gaming,t5_328vt,1730749001.6125429
238,r/youtuberchat,3048,Podcasts and Streamers,t5_3irmf,1730749001.67461
239,r/albums,3047,Music,t5_2qm96,1730749001.739089
240,r/BackpackingPictures,3047,A place to share your backpacking memories.,t5_33che,1730749001.787436
241,r/KratomDeals,3047,Mature Themes and Adult Content,t5_2uqu9n,1730749001.818182
242,r/SomaliRelationships,3047,Family and Relationships,t5_b7k1s6,1730749001.84768
243,r/AP_Physics,3046,Learning and Education,t5_38bhb,1730749001.8732522
244,r/barbienuneztt,3046,Welcome to barbienuneztt,t5_afrtv9,1730749001.9017339
245,r/OxfordBrookes,3046,Learning and Education,t5_2s7d5,1730749001.9334831
246,r/sonsofhorus,3046,Tabletop Games,t5_2h16i3,1730749001.970058
247,r/TSMC,3046,"Business, Economics, and Finance",t5_38ai0,1730749002.012623
248,r/Carowinds,3045,Travel,t5_31hjs,1730749002.047007
249,r/CharlesBukowski,3045,Art,t5_2yaxw,1730749002.0886312
