,subreddit,subscribers,topic,subreddit_id,scraped_utc
0,r/Gets_me_hard,2896,All the Best Boner Material Monday - Models / IRL / Celebs Tuesday- Blowjobs Wednesday - Cosplay / Uniform Thursday - Girl on Girl / Strap On Friday - Anal / Ass Saturday- Milfs Sunday - Legends,t5_amaf9j,1730749103.8403788
1,r/GirlMeetsWorld,2896,Television,t5_2vnks,1730749103.862376
2,r/LeviathanLobsterGod,2896,Internet Culture and Memes,t5_38t39w,1730749103.882499
3,r/PROGME,2896,"Business, Economics, and Finance",t5_bgm5jq,1730749103.902526
4,r/quartzwatches,2896,Fashion,t5_37f1y,1730749103.922126
5,r/Troika,2896,Tabletop Games,t5_26y08q,1730749103.95049
6,r/biomimicry,2895,Technology,t5_2rjzf,1730749103.9699478
7,r/hentaifutabondage,2895,Mature Themes and Adult Content,t5_7cu7zm,1730749103.990361
8,r/HustleGPT,2895,Technology,t5_82en1g,1730749104.0130439
9,r/IslamIsScience,2895,Science,t5_5w9w28,1730749104.0330381
10,r/Pharaoh,2895,Gaming,t5_2qj31,1730749104.10799
11,r/SporeProject,2895,Technology,t5_4e210j,1730749104.128096
12,r/XMenCosplay,2895,Hobbies,t5_loemd,1730749104.154708
13,r/Ecosia,2894,Technology,t5_3dc96,1730749104.1740181
14,r/hamdevs,2894,Hobbies,t5_3hwpf,1730749104.193484
15,r/ImaginaryGallifrey,2894,/r/ImaginaryGallifrey - The Art of Doctor Who,t5_2zsa3,1730749104.21394
16,r/KindFriend,2894,Family and Relationships,t5_2wcyrc,1730749104.233221
17,r/medicalillustration,2894,Careers,t5_2z612,1730749104.2522938
18,r/Multan,2894,Place,t5_38df7,1730749104.272706
19,r/oddbox,2894,"Reading, Writing, and Literature",t5_5xxbrv,1730749104.293037
20,r/szilugold,2894,Podcasts and Streamers,t5_7bc7cg,1730749104.311976
21,r/VeganDenmark,2894,"/r/Vegan is not related to this community, but do feel free to give the largest vegan community on the internet a visit aswell. They're good people. Even if you live in/are moving to Denmark.",t5_4r8wea,1730749104.332717
22,r/meleeweapons,2893,For the discussion of melee weapons of all varieties,t5_2z5y6,1730749104.3514261
23,r/platform_engineering,2893,Learning and Education,t5_75oisj,1730749104.37164
24,r/SinglesInferno,2893,Television,t5_5ilg4u,1730749104.390684
25,r/BJPSupremacy,2892,Politics,t5_6f1rtq,1730749104.409491
26,r/godaddy,2892,Technology,t5_2t9d2,1730749104.428519
27,r/Huntingtons,2892,Medical and Mental Health,t5_2qs8f,1730749104.447528
28,r/Lorn,2892,Music,t5_2w0bp,1730749104.466424
29,r/Nationalbanknotes,2892,Hobbies,t5_4nya88,1730749104.4852061
30,r/pdxstolencars,2892,Cars and Motor Vehicles,t5_4xds88,1730749104.50421
31,r/PhonkDrumkitLeaks,2892,Music,t5_46hisd,1730749104.523048
32,r/PsychedelicSpiritualy,2892,Religion and Spirituality,t5_2d0ruj,1730749104.5419111
33,r/radio_balazsek,2892,Podcasts and Streamers,t5_ali065,1730749104.5605178
34,r/Stocktips,2892,"Business, Economics, and Finance",t5_2rp8r,1730749104.580992
35,r/SweatyCelebs,2892,Mature Themes and Adult Content,t5_39cafi,1730749104.600379
36,r/TheRealFriendsOver40,2892,Family and Relationships,t5_71arp7,1730749104.619182
37,r/Volound,2892,Gaming,t5_33cf5,1730749104.63803
38,r/ECHL,2891,Sports,t5_2v735,1730749104.656836
39,r/fries,2891,Food and Drink,t5_2s5uq,1730749104.675689
40,r/mythgard,2891,Gaming,t5_2zz1q,1730749104.694613
41,r/TransGirlTrailMix,2891,Outdoors and Nature,t5_2vy29x,1730749104.713749
42,r/canadianhighlander,2890,Tabletop Games,t5_3a9bf,1730749104.733647
43,r/HornyPeopleTwitter,2890,Welcome to HornyPeopleTwitter,t5_6841aj,1730749104.753421
44,r/MuscleTwitch,2890,Medical and Mental Health,t5_30d81b,1730749104.773205
45,r/WomenArtists,2890,"[This subreddit is currently undergoing renovation. In the meantime, you may send a message to u/organist1999 for suggestions.] Historically, the work made by women artists has been left out of art history text books, and women traditionally have been underrepresented in museum exhibitions and collections. This subreddit is a place to discuss and share the work of women artists, whether it is historical or contemporary.",t5_2wgp1,1730749104.792896
46,r/oddlycrazy,2889,No NSFW posts,t5_5svuo4,1730749104.811949
47,r/rogan,2889,Podcasts and Streamers,t5_2uipm,1730749104.831459
48,r/SpinalStenosis,2889,Medical and Mental Health,t5_4ef25f,1730749104.850527
49,r/terracocks,2889,Gaming,t5_2pu9kg,1730749104.869535
50,r/Warehousing,2889,Careers,t5_2wyh1,1730749104.888971
51,r/GambitPlaybook,2888,Gaming,t5_nm4iu,1730749104.9076438
52,r/millionairemakersmeta,2888,"If a million people gave a dollar to someone, they could be a millionaire. We are an embodiment of this showerthought: https://redd.it/2mq94c If you are looking for the Drawing Threads, head to /r/millionairemakers",t5_z8hzq,1730749104.9267452
53,r/nuigalway,2888,Learning and Education,t5_2sugk,1730749104.9457421
54,r/quill18,2888,Podcasts and Streamers,t5_2xldm,1730749104.96475
55,r/RobloxCommissions,2888,Gaming,t5_3rjpte,1730749104.983603
56,r/Shimmernet,2888,"Shimmer will be the official incentivized staging network of IOTA, with the native Shimmer token (SMR) and an independent ecosystem. All major upgrades of IOTA will first be available on the Shimmer network, offering builders and users a dedicated network to get early access to new innovations and opportunities. Be part of an ecosystem that dares to innovate further than any Blockchain can go. Learn more: https://linktr.ee/shimmer_network",t5_4hhhh3,1730749105.002673
57,r/WoodsboroTruther,2888,Movies,t5_80zh1x,1730749105.0214689
58,r/zerobags,2888,Travel,t5_2u05ys,1730749105.041399
59,r/BattleSector,2887,Gaming,t5_4sv4t6,1730749105.0610402
60,r/Distortedd,2887,Celebrity,t5_113p9s,1730749105.080846
61,r/drunkpeoplephysics,2887,Funny/Humor,t5_5qgrj9,1730749105.100329
62,r/OGame,2887,Gaming,t5_2rh3b,1730749105.1191092
63,r/perfectgift,2887,"Redditors best gift guide sub! Find the most unique and original gift ideas, deals and much more...",t5_2t2uy,1730749105.138196
64,r/Spotifypromotions,2887,Music,t5_3qog8l,1730749105.157363
65,r/survivorslikes,2887,Gaming,t5_9ocdad,1730749105.176309
66,r/TopWeird_Reddit,2887,Meta/Reddit,t5_42exil,1730749105.1949801
67,r/xemu,2887,Gaming,t5_3p5t2x,1730749105.2138
68,r/artixlinux,2886,Technology,t5_jwlo3,1730749105.2325618
69,r/DunkTank,2886,Podcasts and Streamers,t5_2s5wd,1730749105.252717
70,r/FanStorytime,2886,"Reading, Writing, and Literature",t5_xivp2,1730749105.273103
71,r/MastCellDiseases,2886,Medical and Mental Health,t5_2cqact,1730749105.2924979
72,r/micro_saas,2886,Technology,t5_4zl158,1730749105.3113081
73,r/SweetInstagram,2886,Mature Themes and Adult Content,t5_8i9bpj,1730749105.330365
74,r/TrainJumping,2886,Travel,t5_6a0gko,1730749105.3495302
75,r/AWayOut,2885,Gaming,t5_3fdmg,1730749105.368339
76,r/dogsinsocks,2885,Just dogs in socks.,t5_3czf3,1730749105.387192
77,r/ericclapton,2885,Music,t5_2v5eq,1730749105.405816
78,r/Hoco,2885,Place,t5_2sehq,1730749105.424865
79,r/lanaparrilla,2885,Celebrity,t5_2v2g4,1730749105.443697
80,r/LaughAtOthersMisery,2885,The place where we laugh while others cry,t5_23vs4e,1730749105.462836
81,r/Moonshiners,2885,Television,t5_2vq1o,1730749105.481936
82,r/radradio,2885,Podcasts and Streamers,t5_38pgj,1730749105.500774
83,r/SnsdYoona,2885,Celebrity,t5_2ti5z,1730749105.521483
84,r/thatgirlgattoYT,2885,Gaming,t5_7ta5vi,1730749105.5447721
85,r/babysittersclub,2884,"Reading, Writing, and Literature",t5_34jx3,1730749105.567549
86,r/closers,2884,Gaming,t5_32pz5,1730749105.5889401
87,r/devopsish,2884,Technology,t5_12totp,1730749105.610996
88,r/girlfightknockouts,2884,Welcome to girlfightknockouts,t5_71rvvu,1730749105.6335082
89,r/lowcostplay,2884,A place for all sorts of cheap cosplay,t5_295067,1730749105.655187
90,r/theschism,2884,Ethics and Philosophy,t5_3e75p,1730749105.6764312
91,r/BokuDakegaInaiMachi,2883,Anime,t5_3b3k1,1730749105.698281
92,r/EdgarCayce,2883,"Discuss and share the life and teachings of Edgar Cayce. Cayce is the founder of the Association for Research and Enlightenment in Virginia Beach, USA. At a young age he discovered the ability to go into trance and retrieve information to help people with their physical health and spiritual life, known as ""readings."" Cayce is known as the father of holistic medicine in America, and is regarded as a highly talented psychic.",t5_2rs2e,1730749105.719747
93,r/IndianaPolitics,2883,Politics,t5_34cd1,1730749105.741326
94,r/CabinetofCuriosities,2882,Television,t5_6b1qo3,1730749105.764585
95,r/Campbell,2882,Place,t5_2qq4p,1730749105.786001
96,r/Crypto_Airdrops,2882,Crypto,t5_3nuav,1730749105.8078778
97,r/jasmyn2juicy,2882,Welcome to jasmyn2juicy,t5_82oa6n,1730749105.830302
98,r/KyleHill,2882,Podcasts and Streamers,t5_jdm2y,1730749105.851995
99,r/moeperiod,2882,Music,t5_2vm79,1730749105.874811
100,r/otsCarriesInWrestling,2882,Mature Themes and Adult Content,t5_5dpupe,1730749105.899104
101,r/rshiny,2882,Programming,t5_2zk2l,1730749105.9208
102,r/shcncnlrrup,2882,Funny/Humor,t5_2j7zpq,1730749105.94384
103,r/getFUFU,2881,Technology,t5_4y6s5m,1730749105.966998
104,r/Reemalsanea,2881,Celebrity,t5_2kg2e8,1730749105.989661
105,r/S95B,2881,Technology,t5_78cksz,1730749106.011965
106,r/Cindex_Finance,2880,"Cindex is a centralized marketplace for crypto assets that connects the public blockchain with Tradefi and decentralized applications. The trustless, immutable, and transparent properties of the blockchain facilitate conventional asset management.",t5_8xf62b,1730749106.03364
107,r/CollapseMusic,2880,Music,t5_hzn63,1730749106.056285
108,r/ender6,2880,Technology,t5_2rg8p,1730749106.078597
109,r/LAX,2880,Travel,t5_2sdwq,1730749106.102633
110,r/mealplans,2880,Food and Drink,t5_36drp,1730749106.12505
111,r/rollerskatingplus,2880,Sports,t5_43uh09,1730749106.148604
112,r/The_Catsbah,2880,Animals and Pets,t5_bmx7z8,1730749106.173013
113,r/blotterart,2879,Art,t5_2xqud,1730749106.196676
114,r/Elsy_Guevara,2879,Beauty and Makeup,t5_3qv7fd,1730749106.220667
115,r/HathorNetwork,2879,Crypto,t5_k5xad,1730749106.244909
116,r/MaryandGeorgeTVShow,2879,Television,t5_ap0j3o,1730749106.2682638
117,r/aardvarkbookclub,2878,"Reading, Writing, and Literature",t5_71lq7i,1730749106.2904902
118,r/Androidx86,2878,Technology,t5_3201u,1730749106.311108
119,r/AnimalCrossingDream,2878,Gaming,t5_2xjn5q,1730749106.332959
120,r/awwdlyterrifying,2878,r/aww plus /r/oddlyterrifiying,t5_g3zrq,1730749106.354558
121,r/CrimsonNecklace,2878,"Reading, Writing, and Literature",t5_27a5l9,1730749106.374963
122,r/ECWWrestling,2878,Sports,t5_30xog,1730749106.396586
123,r/joehill,2878,"Reading, Writing, and Literature",t5_2wgmg,1730749106.416909
124,r/programmerchat,2878,Programming,t5_38ase,1730749106.436037
125,r/purelivingonyoutube,2878,Podcasts and Streamers,t5_foh1b,1730749106.455217
126,r/UtilityLocator,2878,Careers,t5_vhcpm,1730749106.47424
127,r/activationnoise,2877,Animals and Pets,t5_2hh8qi,1730749106.492882
128,r/AdviceSnark,2877,Internet Culture and Memes,t5_2rvavq,1730749106.512504
129,r/BobbyB,2877,"The place for more wine, Dothraki whores, and memories of your youth.",t5_3o7kl,1730749106.531636
130,r/NewYorkForSanders,2877,Politics,t5_38117,1730749106.551628
131,r/NikaidouSaki,2877,Anime,t5_qdocl,1730749106.570878
132,r/opsupermegasus,2877,Internet Culture and Memes,t5_663twn,1730749106.590786
133,r/PixelSuperfans,2877,Technology,t5_51boii,1730749106.6100311
134,r/spanishfootball,2877,Sports,t5_37hiz,1730749106.6315038
135,r/spiderID,2877,Outdoors and Nature,t5_2se5l,1730749106.651337
136,r/aorus,2876,Technology,t5_32m43,1730749106.673855
137,r/BylethMains,2876,Gaming,t5_2czum9,1730749106.6971269
138,r/clevelandtn,2876,Place,t5_2xxw2,1730749106.720583
139,r/convenientdoctor,2876,Internet Culture and Memes,t5_7cwead,1730749106.743083
140,r/dealsforindia,2876,Beauty and Makeup,t5_34n6r,1730749106.76602
141,r/Infinite_Magicraid,2876,Gaming,t5_5ybnry,1730749106.788407
142,r/JeffersonvilleIN,2876,Place,t5_g7125,1730749106.8110652
143,r/virtualbeggar,2876,Gaming,t5_3kdlt,1730749106.833826
144,r/ActingNerds,2875,"[This Subreddit is reopened and there is a poll posted, click here to find out why.](https://www.theverge.com/2023/6/5/23749188/reddit-subreddit-private-protest-api-changes-apollo-charges) Welcome to Acting Nerds! This is a place to pose in depth text posts, videos, or articles about *the craft of acting*, not the business side. In addition to discussions, performance videos and auditions are welcome for critique as well.",t5_3ato4,1730749106.855981
145,r/DestinationFear,2875,Television,t5_24d2az,1730749106.877905
146,r/GameloftDHChampions,2875,Gaming,t5_irwq3,1730749106.9000902
147,r/OpenSourceAI,2875,Technology,t5_3ufsix,1730749106.9215
148,r/PokemonRumbleRush,2875,The official Pokemon Rumble Rush Reddit community for iOS and Android (mobile game)!,t5_11gc61,1730749106.9443798
149,r/Romancescam,2875,Family and Relationships,t5_tul31,1730749106.9672241
150,r/shreyxa,2875,Celebrity,t5_5bdk6h,1730749106.99003
151,r/Yassuo,2875,Podcasts and Streamers,t5_3n85l,1730749107.012008
152,r/ewanmitchell,2874,Celebrity,t5_7bzytq,1730749107.035394
153,r/RadioCacaNFT,2874,Crypto,t5_4kxk1j,1730749107.057119
154,r/StraightBiPartners,2874,Sexual Orientation,t5_427wno,1730749107.0797381
155,r/wordlegame,2874,Gaming,t5_5l3tw3,1730749107.1027951
156,r/AngelolatryPractices,2873,Religion and Spirituality,t5_7nwx7i,1730749107.124265
157,r/Carolinian,2873,Learning and Education,t5_3y7ues,1730749107.146252
158,r/FixedBladeEdc,2873,Hobbies,t5_7g0bgn,1730749107.169892
159,r/gns3,2873,Technology,t5_2spp9,1730749107.193127
160,r/Informal_Effect,2873,"Reading, Writing, and Literature",t5_2lesmb,1730749107.2151349
161,r/LSATprep,2873,Learning and Education,t5_2wib6,1730749107.237292
162,r/MacysStores,2873,Marketplace and Deals,t5_2b5dk7,1730749107.259784
163,r/Silverstein,2873,Music,t5_2tjor,1730749107.2825952
164,r/AcneStudios,2872,Fashion,t5_3j5za,1730749107.305664
165,r/EQBank,2872,"Business, Economics, and Finance",t5_j6kdx,1730749107.32749
166,r/EvilGenius2,2872,Gaming,t5_2xl5w,1730749107.34901
167,r/FIVcats,2872,Animals and Pets,t5_3u3y4u,1730749107.371329
168,r/FORScan,2872,Cars and Motor Vehicles,t5_3oiw9,1730749107.3942888
169,r/heroesvshordes,2872,Gaming,t5_6o9oai,1730749107.4184818
170,r/housepets_irl,2872,Internet Culture and Memes,t5_13yhvc,1730749107.442257
171,r/LegalEagle,2872,Podcasts and Streamers,t5_1hobm0,1730749107.46577
172,r/portfoliocritique,2872,Art,t5_2vtqt,1730749107.490746
173,r/Quantico,2872,Television,t5_37nxu,1730749107.51591
174,r/Sawbones,2872,Podcasts and Streamers,t5_31avl,1730749107.540096
175,r/SportzinoFans,2872,Mature Themes and Adult Content,t5_b5jy1k,1730749107.5630028
176,r/StevieRayVaughan,2872,Music,t5_2vkno,1730749107.5831308
177,r/TicketResale,2872,Marketplace and Deals,t5_13raj0,1730749107.602699
178,r/UofCalifornia,2872,Learning and Education,t5_lls95,1730749107.6217458
179,r/wholesomebutno,2872,"Its wholesome, but please no.",t5_1npwul,1730749107.640486
180,r/xomgpop,2872,Music,t5_5ff391,1730749107.6591182
181,r/ADA_Finance,2871,This is the old ADA Finance subreddit. We have rebranded our platform to Acta Finance on the 10th March 2022. Check out our new subreddit r/Acta_Finance and website actafi.org,t5_59q1io,1730749107.677849
182,r/betteranimememes,2871,Anime,t5_2y86k0,1730749107.696488
183,r/Mount_Rainier,2871,Place,t5_35nkw,1730749107.715677
184,r/netball,2871,Sports,t5_2yadk,1730749107.736258
185,r/nightmareonfilmstreet,2871,Movies,t5_hagk0,1730749107.7554991
186,r/SadSummerFest,2871,Music,t5_y9l4t,1730749107.774886
187,r/SunPower,2871,Home and Garden,t5_ob1di,1730749107.794427
188,r/AmyAcker,2870,Celebrity,t5_2w6s5,1730749107.8142002
189,r/DriftTrikes,2870,Hobbies,t5_2uefg,1730749107.834271
190,r/KinkyLifeOmaha,2870,"***BAN WARNING NOTICE*** We suggest you READ this!!! NO Content Advertising, all Ads MUST be accompanied by a Photo/Video of you! Must live in or around Omaha/Lincoln areas. Before long, we will make a private group by invite only due to the stupidity.",t5_akvltm,1730749107.854097
191,r/liquidocelotyt,2870,For more information about liquidocelot check this link https://linktr.ee/liquidocelot From creator of YouTube channel https://www.youtube.com/channel/UCAaSKCaSFtNrH28N0MnAVsw,t5_7j4bow,1730749107.874371
192,r/powerbeatspro,2870,Technology,t5_11cr0n,1730749107.8944051
193,r/superm,2870,Music,t5_23wnwr,1730749107.91599
194,r/thisorthatlanguage,2870,Learning and Education,t5_4inj8f,1730749107.938276
195,r/WallStreetBeats,2870,"Business, Economics, and Finance",t5_3fvt4,1730749107.9608068
196,r/ConversationStoppers,2869,Internet Culture and Memes,t5_11kjst,1730749107.9844532
197,r/DemiGirl,2869,Welcome to DemiGirl,t5_3buzd,1730749108.007401
198,r/IBetYouListenTo,2869,Music,t5_z5i4t,1730749108.029922
199,r/modelbirbs,2869,Animals and Pets,t5_3a2wy6,1730749108.0525398
200,r/phycology,2869,Science,t5_2teg4,1730749108.074759
201,r/PokemonGoKC,2869,Gaming,t5_3fchv,1730749108.098568
202,r/socialanarchism,2869,The branch of anarchism which sees individual freedom as being dependent upon mutual aid. Social anarchist thought generally emphasizes community and social equality.,t5_3a2rs,1730749108.120615
203,r/Warpforge40k,2869,Gaming,t5_6gn8ri,1730749108.143308
204,r/BetterThingsTV,2868,Television,t5_3g7v3,1730749108.165362
205,r/CharacterAI_Guides,2868,Technology,t5_8ee4ow,1730749108.187744
206,r/CryptoOffers,2868,Crypto,t5_a1332,1730749108.210457
207,r/deskhaus,2868,Home and Garden,t5_3kbzu8,1730749108.23361
208,r/livepeer,2868,Technology,t5_3nd4u,1730749108.256342
209,r/ReignsGame,2868,Gaming,t5_3fumz,1730749108.38495
210,r/SynchronizedChickens,2868,Animals and Pets,t5_irqgy,1730749108.620599
211,r/Descendents,2867,Music,t5_2vf1j,1730749108.645587
212,r/FamousArmpits,2867,Celebrity,t5_7ymsbx,1730749108.6678212
213,r/heroesofhammerwatch,2867,Gaming,t5_goant,1730749108.6894279
214,r/ILoveMyReplika,2867,Technology,t5_41sm7a,1730749108.7090292
215,r/JackJohnson,2867,Music,t5_2uuol,1730749108.738376
216,r/JewelsofRussia,2867,History,t5_pd3r9,1730749108.757429
217,r/maroon5,2867,Music,t5_2u4qn,1730749108.777098
218,r/blueprint_meal_prep,2866,A community for chefs making Blueprint food and families/individuals/colleagues wanting fresh Blueprint food delivery.,t5_987ar2,1730749108.796076
219,r/EverymanHYBRID,2866,The non-official subredddit for the Alternate Reality Game EverymanHYBRID!,t5_2x5qm,1730749108.816171
220,r/mcstaff,2866,Gaming,t5_2ulja,1730749108.893901
221,r/Petition,2866,Activism,t5_2rfxg,1730749108.9133859
222,r/rarebeauty,2866,Beauty and Makeup,t5_32rbke,1730749108.948194
223,r/RELounge,2866,Technology,t5_2uxm2,1730749108.968508
224,r/360onHistory,2865,Learning and Education,t5_2g2awk,1730749108.988208
225,r/ColleteDavissexy,2865,Celebrity,t5_6ass29,1730749109.008596
226,r/dataengineersindia,2865,"A dedicated space for data engineering professionals in India to connect, share knowledge, and tackle data challenges together.",t5_8mivc5,1730749109.0289862
227,r/DejaReve,2865,Science,t5_33h91,1730749109.049212
228,r/epiccash,2865,"Epic Cash is designed to be a currency for everyone, and combines the privacy-protecting MimbleWimble protocol with sound economics and fair distribution.",t5_11expy,1730749109.068457
229,r/gohugo,2865,Programming,t5_37za2,1730749109.0886981
230,r/PetiteLiving,2865,Beauty and Makeup,t5_4kpc6h,1730749109.107754
231,r/SlayerS,2865,Anime,t5_2sox3,1730749109.126799
232,r/SpellcasterReviews,2865,Religion and Spirituality,t5_7qknua,1730749109.145836
233,r/StockLaunchers,2865,"Business, Economics, and Finance",t5_3wfd4e,1730749109.165066
234,r/TaleofImmortal,2865,Gaming,t5_3y1sy0,1730749109.184202
235,r/fakedabs,2864,Mature Themes and Adult Content,t5_2o7bo8,1730749109.203941
236,r/MaggieGeha,2864,Mature Themes and Adult Content,t5_3f66s,1730749109.222919
237,r/MattRichardsen,2864,"Reading, Writing, and Literature",t5_jg6mz,1730749109.2426271
238,r/musicianfinder,2864,Music,t5_2uryw,1730749109.26496
239,r/nahkeepgoing,2864,Funny/Humor,t5_3dbvur,1730749109.2895958
240,r/shaveoftheday,2864,Hobbies,t5_2tp9r,1730749109.312607
241,r/slgg,2864,"Business, Economics, and Finance",t5_41vb7w,1730749109.334548
242,r/SlimeVR,2864,Technology,t5_4ss17v,1730749109.356253
243,r/thankyouscientist,2864,Music,t5_33phk,1730749109.377846
244,r/worststory,2864,Showcase your terrible writing ability and get *praised* for it! Hotdog!,t5_2wgat,1730749109.40098
245,r/BoredCelebs,2863,"Celebs Looking Bored - Now public. Post bored celebs, or don't. We will remove posts that we feel aren't bored celebs. Thanks. I guess.",t5_31mh8,1730749109.423266
246,r/casualgensan,2863,Place,t5_73wq6q,1730749109.447794
247,r/FascistItalyPhotos,2863,History,t5_7ocxbx,1730749109.469266
248,r/nomorejockeys,2863,Podcasts and Streamers,t5_2uuj9p,1730749109.491276
249,r/ThePacific,2863,Television,t5_2rl4g,1730749109.513247
