,subreddit,subscribers,topic,subreddit_id,scraped_utc
0,r/WebGames,123415,Gaming,t5_2qhoa,1730746010.16941
1,r/macbook,123189,Technology,t5_2qkjr,1730746010.190382
2,r/LOONA,123166,Music,t5_3gopw,1730746010.208519
3,r/squishmallow,122999,Hobbies,t5_xnz2i,1730746010.226059
4,r/Hornyjail,122987,Mature Themes and Adult Content,t5_2k6t99,1730746010.24376
5,r/TheoVon,122986,Podcasts and Streamers,t5_3jclc,1730746010.271199
6,r/Office365,122860,Technology,t5_2twlu,1730746010.291971
7,r/rome,122856,Place,t5_2rp3h,1730746010.312626
8,r/SFGiants,122784,Sports,t5_2s5xr,1730746010.3301032
9,r/GrandmasPantry,122783,Food and Drink,t5_3bhqq,1730746010.347717
10,r/lgbtmemes,122762,Sexual Orientation,t5_3as62,1730746010.414787
11,r/bodymods,122732,Fashion,t5_2qj5t,1730746010.434567
12,r/CanSkincare,122705,Beauty and Makeup,t5_35a1f,1730746010.4603
13,r/watch_dogs,122690,Gaming,t5_2u884,1730746010.479239
14,r/TrapCuties,122671,Mature Themes and Adult Content,t5_2g8qbz,1730746010.499041
15,r/jag_ivl,122641,Internet Culture and Memes,t5_3841i,1730746010.51873
16,r/trucksim,122575,Gaming,t5_2sbs2,1730746010.538295
17,r/nanocurrency,122420,Crypto,t5_4br49,1730746010.558571
18,r/SnapLenses,122419,Technology,t5_ae7an,1730746010.5784929
19,r/GossipGirl,122387,Television,t5_2rn7c,1730746010.598073
20,r/conceptart,122307,Art,t5_2rif3,1730746010.617907
21,r/HealthAnxiety,122298,Medical and Mental Health,t5_2vmoc,1730746010.637287
22,r/wowservers,122295,Gaming,t5_2t61d,1730746010.656041
23,r/Boardgamedeals,122280,Marketplace and Deals,t5_2yq92,1730746010.674967
24,r/bicycletouring,122151,Travel,t5_2sdwm,1730746010.693761
25,r/DramaticText,122072,Internet Culture and Memes,t5_33ebbv,1730746010.7125561
26,r/MHRise,122030,Gaming,t5_34tust,1730746010.7311842
27,r/KidCudi,122004,Music,t5_2sex1,1730746010.7499971
28,r/GearTrade,122001,Marketplace and Deals,t5_2sacv,1730746010.768668
29,r/sadcats,121998,Animals and Pets,t5_2qr26,1730746010.7874482
30,r/cogsci,121909,Science,t5_2qh0k,1730746010.8059242
31,r/spreadsmile,121827,Internet Culture and Memes,t5_7q79ei,1730746010.824718
32,r/Losercity,121817,Internet Culture and Memes,t5_93jg1m,1730746010.843456
33,r/Fotv,121766,Television,t5_2tjh14,1730746010.8637629
34,r/UnexpectedMulaney,121735,Celebrity,t5_3h7hp,1730746010.882426
35,r/Essex,121728,Place,t5_2ship,1730746010.901373
36,r/LaptopDeals,121701,Marketplace and Deals,t5_2tvg5,1730746010.9215
37,r/PcBuildHelp,121566,Technology,t5_3bp30,1730746010.940703
38,r/PFSENSE,121499,Technology,t5_2ruru,1730746010.959672
39,r/MilwaukeeTool,121486,Crafts and DIY,t5_dbeyy,1730746010.97794
40,r/OnlyMurdersHulu,121485,Television,t5_46s3q7,1730746010.9953878
41,r/Mafia,121419,History,t5_2rhkv,1730746011.01282
42,r/AFCEastMemeWar,121411,Sports,t5_29r0x6,1730746011.0302038
43,r/Mediums,121376,Religion and Spirituality,t5_2wv33,1730746011.047938
44,r/Rollerskating,121332,Sports,t5_2vjfl,1730746011.065429
45,r/narcissisticparents,121256,Family and Relationships,t5_3h0qh,1730746011.082937
46,r/knolling,121108,Hobbies,t5_2x8fc,1730746011.1004841
47,r/UKFrugal,120999,"Business, Economics, and Finance",t5_2u4mi,1730746011.1178792
48,r/CATHELP,120945,Learning and Education,t5_2ryza,1730746011.135189
49,r/tokkiefeesboek,120861,Internet Culture and Memes,t5_3czn3,1730746011.152801
50,r/KarmaRoulette,120818,Meta/Reddit,t5_3jite,1730746011.1706529
51,r/SNKRS,120778,Fashion,t5_3clbk,1730746011.1891851
52,r/TheAdventureZone,120773,Podcasts and Streamers,t5_35q2i,1730746011.206631
53,r/PlantsVSZombies,120744,Gaming,t5_2s8u8,1730746011.223996
54,r/PetiteFitness,120686,Fitness and Nutrition,t5_2nlfzf,1730746011.241297
55,r/swift,120652,Programming,t5_2z6zi,1730746011.259008
56,r/adventofcode,120570,Programming,t5_3b3wa,1730746011.2764192
57,r/uBlockOrigin,120566,Technology,t5_37z6i,1730746011.2952251
58,r/hardwaregore,120562,Technology,t5_31ti9,1730746011.314183
59,r/Bento,120534,Food and Drink,t5_2qqd8,1730746011.331934
60,r/madisonwi,120532,Place,t5_2r8rz,1730746011.349974
61,r/titanic,120467,History,t5_2ra5c,1730746011.368704
62,r/ClappingDemCheeks,120371,Mature Themes and Adult Content,t5_akznx2,1730746011.387459
63,r/bioinformatics,120369,Science,t5_2qh0x,1730746011.406344
64,r/MaladaptiveDreaming,120367,Medical and Mental Health,t5_2ys3w,1730746011.425011
65,r/Cuphead,120319,Gaming,t5_32491,1730746011.443628
66,r/whoosh,120269,Internet Culture and Memes,t5_2rjmo,1730746011.4622269
67,r/UnexplainedPhotos,120248,Internet Culture and Memes,t5_31e0g,1730746011.480952
68,r/wanderlust,120109,Travel,t5_2qrns,1730746011.499818
69,r/fantasyromance,120078,"Reading, Writing, and Literature",t5_3pojgw,1730746011.5184598
70,r/uknews,120031,World News,t5_2qlq9,1730746011.536979
71,r/Maine,119905,Place,t5_2qts0,1730746011.555914
72,r/evolution,119895,Science,t5_2qhs7,1730746011.573977
73,r/NatureGifs,119844,Outdoors and Nature,t5_2xrs5,1730746011.5914829
74,r/Tacoma,119780,Place,t5_2r9ix,1730746011.608869
75,r/Soulnexus,119760,Religion and Spirituality,t5_3nzct,1730746011.6262841
76,r/FishingForBeginners,119702,Hobbies,t5_392rr,1730746011.643738
77,r/Liberal,119701,Politics,t5_2qxt5,1730746011.661313
78,r/OffGrid,119698,Outdoors and Nature,t5_2s14c,1730746011.67953
79,r/yeezys,119685,Fashion,t5_3fsv6,1730746011.697092
80,r/PlusSize,119675,Medical and Mental Health,t5_2reee,1730746011.715772
81,r/PhR4Friends,119659,Family and Relationships,t5_2otxt7,1730746011.7346182
82,r/hamiltonmusical,119653,Music,t5_392ob,1730746011.7531478
83,r/SoftwareEngineering,119631,Learning and Education,t5_2qmng,1730746011.773597
84,r/HayDay,119621,Gaming,t5_2vbk7,1730746011.792246
85,r/DonutMedia,119568,Podcasts and Streamers,t5_i9ljm,1730746011.8116539
86,r/kde,119568,Technology,t5_2qh6i,1730746011.830724
87,r/nus,119565,Learning and Education,t5_2rfcw,1730746011.84959
88,r/homeimprovementideas,119550,Home and Garden,t5_2w2yb,1730746011.868237
89,r/esist,119546,Activism,t5_3irqb,1730746011.8876002
90,r/Owls,119425,Animals and Pets,t5_2qoff,1730746011.907496
91,r/birdpics,119410,Animals and Pets,t5_2r2m9,1730746011.927119
92,r/rentnerzeigenaufdinge,119410,Internet Culture and Memes,t5_6scotn,1730746011.9470248
93,r/Utrecht,119407,Place,t5_2s4p8,1730746011.966053
94,r/AccidentalAlly,119378,Gender,t5_wyo9z,1730746011.9849129
95,r/GradualChaos,119331,Funny/Humor,t5_22h1ys,1730746012.004556
96,r/acting,119303,Careers,t5_2qyft,1730746012.0240672
97,r/crtgaming,119249,Gaming,t5_3c23m,1730746012.044109
98,r/rccars,119247,Hobbies,t5_2stj0,1730746012.0644748
99,r/turtle,119235,Animals and Pets,t5_2svlx,1730746012.0843499
100,r/AlzheimersGroup,119218,Internet Culture and Memes,t5_39ckf,1730746012.103539
101,r/milwaukee,119213,Place,t5_2r7dt,1730746012.123094
102,r/jameswebb,119177,Science,t5_2uuud,1730746012.1419919
103,r/fitbit,119173,Technology,t5_2tat5,1730746012.1610088
104,r/sunraybee,119143,Podcasts and Streamers,t5_zioft,1730746012.180335
105,r/Bolehland,119107,Internet Culture and Memes,t5_31ubw,1730746012.199279
106,r/MapsWithoutNZ,119070,Internet Culture and Memes,t5_39yhw,1730746012.218712
107,r/drawme,118984,Art,t5_2rf5w,1730746012.239129
108,r/AcademicBiblical,118914,Religion and Spirituality,t5_2w28m,1730746012.2599812
109,r/BeautyDiagrams,118862,Beauty and Makeup,t5_2upx6,1730746012.279092
110,r/Jcole,118847,Music,t5_2vdqu,1730746012.2987
111,r/4Runner,118832,Cars and Motor Vehicles,t5_2vdiz,1730746012.3177202
112,r/EpicGamesPC,118780,Gaming,t5_vosxt,1730746012.336962
113,r/TheVampireDiaries,118778,Television,t5_2sctw,1730746012.355934
114,r/github,118698,Programming,t5_2s5m1,1730746012.374887
115,r/CrewsCrew,118611,Celebrity,t5_4gom2,1730746012.393884
116,r/RepTronics,118600,Technology,t5_38xyy,1730746012.413218
117,r/Lifebrotips,118467,Family and Relationships,t5_2t1zo,1730746012.4324858
118,r/R6ProLeague,118462,Gaming,t5_3ms70,1730746012.452297
119,r/alevel,118413,Learning and Education,t5_2wu1d,1730746012.471692
120,r/DarkAndDarker,118397,Gaming,t5_6italp,1730746012.491822
121,r/52weeksofcooking,118396,Food and Drink,t5_2t4i2,1730746012.512204
122,r/NEO,118252,Crypto,t5_2qky3,1730746012.532217
123,r/MonsterHunterMeta,118230,Gaming,t5_f92d1,1730746012.552089
124,r/phonewallpapers,118215,Art,t5_2tlwv,1730746012.571021
125,r/hygiene,118181,Beauty and Makeup,t5_2qkqs,1730746012.589814
126,r/HypixelSkyblock,118144,Gaming,t5_13bsg7,1730746012.608296
127,r/samoyeds,118111,Animals and Pets,t5_2s7fw,1730746012.626957
128,r/ExplainLikeImCalvin,118089,Internet Culture and Memes,t5_2sp85,1730746012.645578
129,r/PrideAndPinion,118077,Fashion,t5_37o7xa,1730746012.664851
130,r/boburnham,118070,Celebrity,t5_2smrh,1730746012.6848059
131,r/rollercoasters,118051,Hobbies,t5_2rzez,1730746012.705733
132,r/Hamilton,118048,Place,t5_2reuj,1730746012.76651
133,r/malelifestyle,118019,Men's Health,t5_2sk0u,1730746013.118979
134,r/grunge,118016,Music,t5_2r11c,1730746013.141456
135,r/crime,117995,Law,t5_2qher,1730746013.161099
136,r/Roll20,117959,Tabletop Games,t5_2u0bb,1730746013.181275
137,r/sleeptrain,117858,Family and Relationships,t5_3f3ch,1730746013.201534
138,r/wunkus,117811,Internet Culture and Memes,t5_6ckuf2,1730746013.228112
139,r/travelpartners,117809,Travel,t5_2tdyt,1730746013.24689
140,r/aesthetic,117792,Art,t5_2sog3,1730746013.265561
141,r/gtavcustoms,117672,Gaming,t5_2yivk,1730746013.283929
142,r/TwoSentenceHappiness,117665,Internet Culture and Memes,t5_t9w4h,1730746013.302557
143,r/doggos,117588,Animals and Pets,t5_38ipt,1730746013.3642628
144,r/caloriecount,117587,Fitness and Nutrition,t5_2skpy,1730746013.383017
145,r/cookingvideos,117577,Food and Drink,t5_2u7xf,1730746013.408038
146,r/Biochemistry,117551,Science,t5_2qwl1,1730746013.4269388
147,r/CompetitiveApex,117542,Gaming,t5_vz6gk,1730746013.445844
148,r/SparkingZero,117493,Gaming,t5_aavb0g,1730746013.464532
149,r/MarkMyWords,117460,Internet Culture and Memes,t5_2xezv,1730746013.483199
150,r/MaleSurvivingSpace,117426,Home and Garden,t5_9jmgth,1730746013.5019689
151,r/Dreadlocks,117396,Beauty and Makeup,t5_2r88c,1730746013.520513
152,r/Brazil,117359,Place,t5_2qmku,1730746013.5392058
153,r/TheSims4Mods,117252,Gaming,t5_3csdb,1730746013.5578802
154,r/PokemonLetsGo,117251,Gaming,t5_j7skv,1730746013.576441
155,r/ChinaTime,117204,Fashion,t5_pvbtm,1730746013.595192
156,r/cremposting,117200,"Reading, Writing, and Literature",t5_8jjt9,1730746013.6141021
157,r/missouri,117184,Place,t5_2qham,1730746013.632798
158,r/ChronicPain,117180,Medical and Mental Health,t5_2rdpj,1730746013.651816
159,r/TurnipExchange,117115,Gaming,t5_2jqcax,1730746013.671297
160,r/fpv,117071,Technology,t5_2tb4x,1730746013.691179
161,r/JennaOrtega_,117048,Celebrity,t5_32ofbi,1730746013.711283
162,r/FromKittenToCat,117028,Animals and Pets,t5_h6noo,1730746013.731435
163,r/sheffield,116946,Place,t5_2rab3,1730746013.75376
164,r/bladerunner,116917,Movies,t5_2s7py,1730746013.773219
165,r/saltierthancrait,116873,Movies,t5_9d1wl,1730746013.7926881
166,r/crows,116851,Animals and Pets,t5_2v45o,1730746013.812278
167,r/Equestrian,116753,Sports,t5_2r4or,1730746013.8320498
168,r/newhampshire,116675,Place,t5_2rmnf,1730746013.8517098
169,r/RoyalsGossip,116648,Celebrity,t5_2til0c,1730746013.871049
170,r/studytips,116597,Learning and Education,t5_2qtf4,1730746013.891041
171,r/Proxmox,116587,Programming,t5_2w0wn,1730746013.9099672
172,r/toofers,116580,Animals and Pets,t5_392rp,1730746013.928761
173,r/Jungle_Mains,116570,Gaming,t5_3ii1w,1730746013.948061
174,r/guangzhou,116430,Place,t5_2sgfm,1730746013.9679968
175,r/Yosemite,116414,Place,t5_2sbo4,1730746013.9875169
176,r/robloxgamedev,116409,Programming,t5_32hh9,1730746014.0075011
177,r/oklahoma,116392,Place,t5_2qtnt,1730746014.027078
178,r/AnimalsBeingConfused,116316,Animals and Pets,t5_3efua,1730746014.0470982
179,r/FIlm,116300,Movies,t5_2qh7m,1730746014.065957
180,r/GabbyPetito,116294,Law,t5_51bf5n,1730746014.084724
181,r/BlackPeopleComedy,116289,Funny/Humor,t5_673quk,1730746014.103338
182,r/penguins,116281,Sports,t5_2r549,1730746014.12203
183,r/barista,116122,Careers,t5_2s4zn,1730746014.14066
184,r/psg,116109,Sports,t5_2tbky,1730746014.159392
185,r/Genshin_Lore,116009,Gaming,t5_3p82pr,1730746014.1780832
186,r/beleggen,115884,"Business, Economics, and Finance",t5_3jeou,1730746014.19662
187,r/gis,115851,Technology,t5_2qmpb,1730746014.217325
188,r/MarvelStrikeForce,115840,Gaming,t5_4bjjb,1730746014.2357702
189,r/DetroitBecomeHuman,115759,Gaming,t5_3ajb0,1730746014.254408
190,r/Dimension20,115738,Podcasts and Streamers,t5_pgc6w,1730746014.2729669
191,r/timetravel,115727,Science,t5_2qhjv,1730746014.2916238
192,r/podcast,115577,Podcasts and Streamers,t5_2qqrr,1730746014.3101041
193,r/CompetitiveHS,115556,Gaming,t5_31ns2,1730746014.3288052
194,r/tarantulas,115522,Animals and Pets,t5_2sbwy,1730746014.347487
195,r/VitaPiracy,115448,Gaming,t5_3fxlj,1730746014.366153
196,r/redpandas,115403,Animals and Pets,t5_2rck1,1730746014.384713
197,r/transvoice,115359,Gender,t5_2tm8x,1730746014.403276
198,r/Vermintide,115304,Gaming,t5_36d6l,1730746014.422047
199,r/NewsOfTheWeird,115299,World News,t5_2vmjd,1730746014.440952
200,r/Christian,115247,Religion and Spirituality,t5_2qjy5,1730746014.459591
201,r/SmilingFriends,115137,Television,t5_n0cya,1730746014.478216
202,r/TheDragonPrince,115129,Television,t5_lghxu,1730746014.496873
203,r/TMNT,115036,Movies,t5_2scgh,1730746014.515436
204,r/BungouStrayDogs,115024,Anime,t5_3bi2f,1730746014.533941
205,r/YouTube_startups,115006,Internet Culture and Memes,t5_2xhxx,1730746014.552292
206,r/TheCloneWars,114981,Television,t5_2vt4o,1730746014.570987
207,r/Daredevil,114893,"Reading, Writing, and Literature",t5_2rkj7,1730746014.59004
208,r/jumpingspiders,114892,Animals and Pets,t5_2ycf4,1730746014.6098151
209,r/lolcats,114885,Animals and Pets,t5_2qh10,1730746014.628713
210,r/Bondedpairs,114837,Animals and Pets,t5_v0xb6,1730746014.6474051
211,r/Rottweiler,114836,Animals and Pets,t5_2qrmj,1730746014.665866
212,r/skinout,114830,Mature Themes and Adult Content,t5_5a93p6,1730746014.686114
213,r/LivelyWallpaper,114820,Technology,t5_24us8c,1730746014.7050009
214,r/midcenturymodern,114796,Home and Garden,t5_2soz8,1730746014.723579
215,r/balatro,114790,Gaming,t5_8pimef,1730746014.742153
216,r/DrStone,114750,Anime,t5_3izxj,1730746014.760823
217,r/islamabad,114722,Place,t5_2rjvm,1730746014.78043
218,r/Dublin,114711,Place,t5_2r1hz,1730746014.799499
219,r/BabyCorgis,114672,Animals and Pets,t5_36ddh,1730746014.818068
220,r/adrenaline,114642,Sports,t5_2qzn0,1730746014.83679
221,r/SBCGaming,114594,Gaming,t5_dgcm1,1730746014.8554938
222,r/LinkinPark,114588,Music,t5_2s47y,1730746014.8744361
223,r/degoogle,114571,Technology,t5_4bph8,1730746014.8932102
224,r/RainbowEverything,114565,Hobbies,t5_3o54t,1730746014.912663
225,r/BPDmemes,114457,Medical and Mental Health,t5_3jpv5,1730746014.931885
226,r/depressionmeals,114454,Food and Drink,t5_fbl80,1730746014.9502451
227,r/BeautyChannelPH,114452,Welcome to BeautyChannelPH,t5_ax44xz,1730746014.969217
228,r/hockeyjerseys,114442,Sports,t5_2tvot,1730746014.98784
229,r/cardsagainsthumanity,114403,Tabletop Games,t5_2tafq,1730746015.006508
230,r/TalkTherapy,114362,Medical and Mental Health,t5_39dpu,1730746015.025422
231,r/grandrapids,114334,Place,t5_2qi0v,1730746015.04422
232,r/synthrecipes,114293,Music,t5_2xepz,1730746015.0640519
233,r/linguisticshumor,114290,Internet Culture and Memes,t5_2vwiq,1730746015.082952
234,r/climatechange,114230,Science,t5_2rawx,1730746015.102623
235,r/AskMeuf,114227,Learning and Education,t5_7w45e4,1730746015.121671
236,r/cs50,114172,Learning and Education,t5_2s3yg,1730746015.141427
237,r/riverdale,114010,Television,t5_2u05c,1730746015.1616168
238,r/Ford,113922,Cars and Motor Vehicles,t5_2qutc,1730746015.1813838
239,r/Chipotle,113915,Food and Drink,t5_2r04h,1730746015.200286
240,r/AmazonFlexDrivers,113913,Careers,t5_3fb78,1730746015.220078
241,r/neuro,113847,Science,t5_2qu9b,1730746015.23865
242,r/CloneWarsMemes,113799,Internet Culture and Memes,t5_3hauu,1730746015.2572641
243,r/GameStop,113770,Gaming,t5_2spz2,1730746015.276438
244,r/FenerbahceSK,113707,Sports,t5_2u0id,1730746015.295291
245,r/pools,113681,Home and Garden,t5_2sk4z,1730746015.314209
246,r/SkincareFlatlays,113640,Beauty and Makeup,t5_3n5dz,1730746015.333288
247,r/alternativeart,113639,Art,t5_2sap1,1730746015.353163
248,r/UFOB,113618,Internet Culture and Memes,t5_50obnb,1730746015.372212
249,r/buildapcsalesuk,113566,Technology,t5_2slj0,1730746015.3913019
