,subreddit,subscribers,topic,subreddit_id,scraped_utc
0,r/good,2795,Ethics and Philosophy,t5_2qncj,1730749168.4387379
1,r/Nattie,2795,Sub dedicated to WWE’s Natalya Neidhart,t5_2fcwru,1730749168.4790132
2,r/PNESsupport,2795,Medical and Mental Health,t5_vbx2a,1730749168.5163782
3,r/Pokemondiamond,2795,Gaming,t5_24eqey,1730749168.549664
4,r/sandycandyengler,2795,Mature Themes and Adult Content,t5_2rmmgj,1730749168.5808399
5,r/TotKLang,2795,Gaming,t5_72l4kg,1730749168.6241448
6,r/UnexpectedMoneyShot,2795,Funny/Humor,t5_ni5qx,1730749168.653644
7,r/walkr,2795,Fitness and Nutrition,t5_37xbf,1730749168.680789
8,r/CrossdressingManga,2794,"Crossdressing, transgender manga: This is a place to post manga about boys dressing as girls, boys becoming girls, girls figuring out they are girls, you get the idea. (1): This overrides all other rules. We participate in countervalue protest. Low effort and quality posts will be rewarded, high quality posts may be removed. Our goal is to reduce the quality of reddit as a whole.",t5_2w3vn,1730749168.7082229
9,r/quotepaper,2794,Get your brand new wallpaper here that includes some of the greatest quotes from around the web!,t5_2xvhm,1730749168.7353458
10,r/UAsneakerreviews,2794,Fashion,t5_2vmbeg,1730749168.852136
11,r/uhhyeahdude,2794,Podcasts and Streamers,t5_2s5iq,1730749168.875596
12,r/BitcoinNews,2793,Crypto,t5_2u88k,1730749168.9116511
13,r/brandicarlile,2793,Music,t5_2xqlx,1730749168.933734
14,r/CollegeHacks,2793,Place for share College Hacks,t5_34ic8,1730749168.953999
15,r/incestomadrehijoo,2793,"Compartir lo más rico de esta vida, nuestras mamás",t5_c969nf,1730749168.973716
16,r/ruinedbytheduet,2793,Funny/Humor,t5_4g596m,1730749168.9921868
17,r/SketchbookPro,2793,Technology,t5_30fsb,1730749169.009805
18,r/SunsetParadise,2793,Internet Culture and Memes,t5_30v3v7,1730749169.027681
19,r/SupportMainsOverwatch,2793,Gaming,t5_beas86,1730749169.045443
20,r/Zamnesia,2793,Home and Garden,t5_2r7dvt,1730749169.063138
21,r/boltgun,2792,Gaming,t5_6gpqje,1730749169.081991
22,r/bumbumz,2792,Hobbies,t5_7s7zel,1730749169.102296
23,r/Chinesedancegirls,2792,18+ NSFWCHINESE DANCE COLLECTION　　 　　 Chinese female dancers are gems.,t5_9rnhgs,1730749169.1602292
24,r/DistilledWaterHair,2792,Beauty and Makeup,t5_82c0pk,1730749169.180136
25,r/newindigowhitefandom,2792,Mature Themes and Adult Content,t5_94xzf8,1730749169.199036
26,r/nintendolabo,2792,Gaming,t5_cu2ec,1730749169.216869
27,r/Personality,2792,Medical and Mental Health,t5_2r3dv,1730749169.234734
28,r/Raisedbed,2792,Home and Garden,t5_2kpf6m,1730749169.252331
29,r/soybabylu,2792,Mature Themes and Adult Content,t5_58xueg,1730749169.270276
30,r/antiracistaction,2791,Activism,t5_2v477,1730749169.288086
31,r/coolmathgames,2791,Gaming,t5_3aq3d,1730749169.306085
32,r/gleamlang,2791,Programming,t5_2994s9,1730749169.3240058
33,r/GreeceMemes,2791,Place,t5_2ocjer,1730749169.3425448
34,r/kohlsmemes,2791,Careers,t5_b8fgz,1730749169.3612201
35,r/11line,2790,Celebrity,t5_afoazd,1730749169.379717
36,r/AlienwareTechsupport,2790,Technology,t5_3fw37,1730749169.399024
37,r/ancestryinvestigators,2790,"Culture, Race, and Ethnicity",t5_3gvqig,1730749169.419831
38,r/BadNorth,2790,Gaming,t5_ndagu,1730749169.438615
39,r/BritishNature,2790,Outdoors and Nature,t5_88d7u8,1730749169.45646
40,r/diecastcarcameraclub,2790,Hobbies,t5_5uri8y,1730749169.4743638
41,r/InstagramGyats,2790,Celebrity,t5_ava293,1730749169.492265
42,r/StarRailLore,2790,Gaming,t5_7zvvhi,1730749169.51003
43,r/WGU_MSDA,2790,Learning and Education,t5_650w59,1730749169.5276449
44,r/castlevaniamemes,2789,Internet Culture and Memes,t5_p1a70,1730749169.5454998
45,r/FerrariF1,2789,Sports,t5_2vgx5,1730749169.563134
46,r/FeticheEmLinguas,2789,Mature Themes and Adult Content,t5_7mlov9,1730749169.581003
47,r/GopherFootball,2789,Sports,t5_28boqv,1730749169.598455
48,r/LeatherTheGame,2789,Gaming,t5_24gut9,1730749169.617037
49,r/SteamDeck_2,2789,Gaming,t5_art3b4,1730749169.637164
50,r/TheWinchesters,2789,Television,t5_31t6v,1730749169.6555672
51,r/Yuzu_Emulator,2789,Gaming,t5_bvvrc,1730749169.6736488
52,r/computershare,2788,Technology,t5_51oenb,1730749169.6922681
53,r/devnep,2788,Programming,t5_3h8id,1730749169.711544
54,r/Dungeon23,2788,Tabletop Games,t5_7jf02d,1730749169.730005
55,r/fuboinvestors,2788,"Business, Economics, and Finance",t5_3txg9j,1730749169.748011
56,r/newstarsoccer,2788,Gaming,t5_2wnq4,1730749169.765854
57,r/plumvillage,2788,Religion and Spirituality,t5_30g2c,1730749169.784682
58,r/SamAndColbyClub,2788,Podcasts and Streamers,t5_7b70za,1730749169.802541
59,r/shelbybay,2788,Mature Themes and Adult Content,t5_3mfi5,1730749169.820238
60,r/StudioApartments,2788,Home and Garden,t5_2ek13k,1730749169.838173
61,r/WAStateWorkers,2788,Careers,t5_7yiwcv,1730749169.856135
62,r/WGUTeachersCollege,2788,Learning and Education,t5_13mzkb,1730749169.8756218
63,r/animalsincars,2787,Animals and Pets,t5_3vskzy,1730749169.894179
64,r/dbzccg,2787,Tabletop Games,t5_2xv63,1730749169.914337
65,r/FarSideComics,2787,"Reading, Writing, and Literature",t5_2auevm,1730749169.9339561
66,r/FujifilmSimulations,2787,Technology,t5_87mwgw,1730749169.952765
67,r/jodhpur,2787,Place,t5_2wuw8,1730749169.972039
68,r/RedditMeetupWeek,2787,Meta/Reddit,t5_38att,1730749169.990399
69,r/andrewgarfield,2786,Celebrity,t5_2ufxc,1730749170.00875
70,r/CandelaObscura,2786,Tabletop Games,t5_8gwuze,1730749170.027344
71,r/cityplanning,2786,Welcome to r/CityPlanning. This is a subreddit to discuss on a multitude of topics related to cities.,t5_333fs,1730749170.045929
72,r/DanikMichells_,2786,Welcome to DanikMichells_,t5_bakbz4,1730749170.065103
73,r/EdenExodus,2786,Podcasts and Streamers,t5_4vhwh6,1730749170.083702
74,r/FuXuanCorrectionClub,2786,Mature Themes and Adult Content,t5_8r6b2j,1730749170.102703
75,r/mizumizuni_,2786,Welcome to mizumizuni_,t5_7ok8vx,1730749170.121065
76,r/pneumothorax,2786,Medical and Mental Health,t5_2u60n,1730749170.1406982
77,r/RiaCiuffo,2786,Celebrity,t5_2emri4,1730749170.159816
78,r/RuckusWiFi,2786,Technology,t5_3impx,1730749170.179008
79,r/SunBun,2786,Animals and Pets,t5_axdkun,1730749170.19747
80,r/4x4buddy,2785,Cars and Motor Vehicles,t5_2b4rtr,1730749170.216073
81,r/itswooooshwithouttheH,2785,"Posts that include an extra ""H"" in r/woooosh",t5_to3k1,1730749170.2347891
82,r/spinel,2785,Television,t5_3obdd,1730749170.253136
83,r/uncroppedmisfortune,2785,For images that were uncropped or poorly cropped that unfortunately reveal something about the author,t5_rj2ti,1730749170.2711391
84,r/DallasLGBTQ,2784,Gender,t5_5qu0kp,1730749170.2908318
85,r/nubtheory,2784,Medical and Mental Health,t5_2spx7s,1730749170.316781
86,r/Paris_Berelc,2784,Celebrity,t5_2rx6b1,1730749170.3444118
87,r/politicalstarterpacks,2784,Politics,t5_406m5m,1730749170.3718212
88,r/systemsthinking,2784,"Systems thinking provides a perspective that, most of the time, various components affect each other in various, and often unexpected, ways.",t5_2rm1e,1730749170.3967218
89,r/UnregulatedComplaints,2784,"This is a place to rant about anything in an unregulated environment. This community was formed in response to r/unpopularopinion being a totalitarian mess of rules and regulations and in response to r/TrueOffMyChest seemingly really wanting to be more like r/unpopularopinion. I expect this community to eventually be destroyed by people who can’t handle it, but for the meantime, enjoy.",t5_43x71e,1730749170.418176
90,r/BeastsofBermuda,2783,Gaming,t5_to6sr,1730749170.445151
91,r/ChevreuseMains_,2783,Gaming,t5_8rt5o6,1730749170.471811
92,r/Chowder,2783,Television,t5_2tuvm,1730749170.495141
93,r/creative_advertising,2783,"A place to share and discuss the very best creative advertising & branding design, developments and news, including print, web, commercials, brand identity, product design, branded content campaigns and everything in between. Self-promotion is welcome, but spammers are not. Please remember to credit or link to creators.",t5_37hom,1730749170.524095
94,r/Katerino,2783,Podcasts and Streamers,t5_xam7v,1730749170.549626
95,r/Mainlander,2783,Ethics and Philosophy,t5_3iulv,1730749170.580006
96,r/PokeTube,2783,Gaming,t5_3931t,1730749170.6073909
97,r/QualityofLifeItems,2783,Hi there! This is Quality of Life Items! Has there been any item or gadget in your life that has made your life easier? Maybe a bit more happier? Something that has increased your Quality of Life? It doesn't have to last forever. It doesn't have to be a Buy it For Life Item. It can be anything that just makes your life easier. Please list it as we'd all love to have it.,t5_70hsa7,1730749170.630743
98,r/rOtring,2783,Hobbies,t5_3g7t6,1730749170.651545
99,r/vacaville,2783,Place,t5_2tv8w,1730749170.673847
100,r/WomenInArmor,2783,Women in armor. REAL armor.,t5_37502,1730749170.6993861
101,r/ask_detransition,2782,Gender,t5_3alphl,1730749170.721633
102,r/favordelivery,2782,Food and Drink,t5_3dvsx,1730749170.743884
103,r/hocuspocus,2782,Movies,t5_30et0,1730749170.767863
104,r/movementculture,2782,Fitness and Nutrition,t5_328k0,1730749170.790943
105,r/pocketbuild,2782,Gaming,t5_dzxyd,1730749170.811347
106,r/SneakyQuartz,2782,Science,t5_2hke2x,1730749170.836776
107,r/TrumpIsPoor,2782,Celebrity,t5_asv7m7,1730749170.8620749
108,r/UKdocumentaries,2782,Television,t5_3hh70,1730749170.884622
109,r/BrisbaneBroncos,2781,Sports,t5_2ti4u,1730749170.907891
110,r/Minju,2781,Celebrity,t5_38a9d,1730749170.933416
111,r/MTGJumpStart,2781,Tabletop Games,t5_2g5on0,1730749170.954751
112,r/NFTbank,2781,Crypto,t5_40zrz8,1730749170.9735591
113,r/RedditCribs,2781,Welcome to RedditCribs,t5_2qxgn,1730749171.001751
114,r/schoolmealclub,2781,"Dahyun, Chaeyoung & Tzuyu form the unofficial Twice sub-unit ""School Meal Club"" aka Twice's maknae line. Media, links or discussion for all three, pairs or each member of Twice's School Meal Club are welcome.",t5_53vrwd,1730749171.029054
115,r/tuhh,2781,Learning and Education,t5_2wbco,1730749171.052364
116,r/Williamsport,2781,Place,t5_2qqw6,1730749171.0743349
117,r/bothareyoung,2780,Internet Culture and Memes,t5_828e8v,1730749171.1011431
118,r/CoronaEU,2780,Everything related to the spread and impact of Coronavirus in the European Union.,t5_2gqte7,1730749171.126959
119,r/FilipinoFreethinkers,2780,Family and Relationships,t5_2tij2,1730749171.150055
120,r/PuddleAnimals,2780,Animals and Pets,t5_4r2tm4,1730749171.172168
121,r/SirSwag,2780,Podcasts and Streamers,t5_3pwj3,1730749171.1996858
122,r/killswitchengage,2779,Music,t5_2vp75,1730749171.22426
123,r/LouisianaPolitics,2779,Politics,t5_3axdc,1730749171.250592
124,r/QueensBelfast,2779,Learning and Education,t5_2st3v,1730749171.273721
125,r/SpotifyMusic,2779,Music,t5_2x7m4,1730749171.296461
126,r/TenHundred,2779,Art,t5_5158z7,1730749171.319075
127,r/TransSocialism,2779,Gender,t5_5ve8q6,1730749171.343541
128,r/1FCNuernberg,2778,Sports,t5_30jst,1730749171.3701189
129,r/BigBrain,2778,Internet Culture and Memes,t5_2zjax,1730749171.3954089
130,r/BrawlStarsSkins,2778,Gaming,t5_z5q9u,1730749171.421062
131,r/starwarsrpg,2778,Tabletop Games,t5_2tf40,1730749171.449701
132,r/VintageNewspapers,2778,VintageNewspapers is a place to post newspapers and newspaper clippings from more than 20 years ago.,t5_26ykor,1730749171.485742
133,r/DIEMs,2777,Crafts and DIY,t5_39ola,1730749171.518034
134,r/ilovesexscenes,2777,"Subreddit for sex scenes from movies, TV, short films, and webseries.",t5_ap1619,1730749171.5498612
135,r/musicalwriting,2777,"Reading, Writing, and Literature",t5_22wcbn,1730749171.582508
136,r/MySenpaiIsAnnoying,2777,Anime,t5_4woghr,1730749171.6131961
137,r/rachelbloom,2777,Celebrity,t5_3hdn1,1730749171.6401348
138,r/StarCitizenOrgs,2777,Gaming,t5_4xaubr,1730749171.670609
139,r/StyleRoots,2777,Fashion,t5_72ijuj,1730749171.695779
140,r/technicaldrg,2777,Gaming,t5_6fbuvc,1730749171.721924
141,r/deltarunememes,2776,Welcome to deltarunememes,t5_qoy29,1730749171.743995
142,r/fernanda_lacerda,2776,Mature Themes and Adult Content,t5_359r7m,1730749171.766252
143,r/OurPerpetualExemption,2776,Amen. This place is dedicated to John Oliver's Church (and associated health care sharing ministry) in order to rake in tax-free money and also raise awareness for the predatory nature of some people claiming to be Christians.,t5_39l61,1730749171.789197
144,r/plan9,2776,Technology,t5_2rge4,1730749171.8095639
145,r/RamRebel,2776,Cars and Motor Vehicles,t5_3cp8y,1730749171.830467
146,r/Sweet_Anita,2776,Podcasts and Streamers,t5_q3boa,1730749171.855062
147,r/Wendymesipley,2776,Mature Themes and Adult Content,t5_3jf7uh,1730749171.8756192
148,r/wereonspotify,2776,Music,t5_31987,1730749171.895565
149,r/Chubby_femboyhentai,2775,Mature Themes and Adult Content,t5_82qzgg,1730749171.91553
150,r/Marapets,2775,Gaming,t5_2time,1730749171.934677
151,r/Olayadis666,2775,Mature Themes and Adult Content,t5_7rmn3r,1730749171.952211
152,r/roddit,2775,Place,t5_2qqis,1730749171.9694011
153,r/specialmove,2775,"Special moves like the ones in video games, only combined with gif shitposts.",t5_hfn05,1730749171.9877608
154,r/AuraKingdom,2774,Gaming,t5_2z8l8,1730749172.005789
155,r/sigrid,2774,Music,t5_3j25k,1730749172.024288
156,r/NipTuck,2773,Television,t5_2t37n,1730749172.044037
157,r/NVLD,2773,Medical and Mental Health,t5_2wonk,1730749172.0612411
158,r/Tradovate,2773,"Business, Economics, and Finance",t5_iocaz,1730749172.0789802
159,r/usna,2773,Military,t5_2t2bt,1730749172.0970612
160,r/youtubepremium,2773,Technology,t5_ild9e,1730749172.1158888
161,r/AirFryers,2772,"This is the place to discuss air fryers, recipes, tips, tricks and all things related to air cooking!",t5_3icke,1730749172.134322
162,r/clankamemes,2772,Internet Culture and Memes,t5_41slsq,1730749172.154392
163,r/renq,2772,Crypto,t5_7k5eir,1730749172.174834
164,r/Shure,2772,Technology,t5_397l4,1730749172.192815
165,r/TaikaWaititi,2772,Celebrity,t5_3gslq,1730749172.211079
166,r/Musicforyourfilm,2771,Music,t5_kur16,1730749172.229009
167,r/PocketAnts,2771,Gaming,t5_2wtb3a,1730749172.2478359
168,r/UniversityChallenge,2771,Television,t5_2tn00,1730749172.2661161
169,r/C0cKs_N_Cl0uDz,2770,Mature Themes and Adult Content,t5_c4r3ew,1730749172.283905
170,r/murderdroneswarzone,2770,Television,t5_ae727r,1730749172.302779
171,r/PositiveGrid,2770,Music,t5_39b8s,1730749172.3208141
172,r/thinkatives,2770,Religion and Spirituality,t5_73pja6,1730749172.339648
173,r/challengedredditors,2769,Internet Culture and Memes,t5_2kfqi2,1730749172.357746
174,r/dangernoodles,2769,Animals and Pets,t5_39ggy,1730749172.3757892
175,r/katyheads,2769,Music,t5_ulk6u,1730749172.394641
176,r/LokiProject,2769,Crypto,t5_aby2b,1730749172.413655
177,r/MetalHellsinger,2769,Gaming,t5_5inhcq,1730749172.433119
178,r/Mushroomhead,2769,Music,t5_2zjyn,1730749172.4524019
179,r/NeatoRobotics,2769,Technology,t5_32jyw,1730749172.4703412
180,r/Steffi_Landerer,2769,Mature Themes and Adult Content,t5_62gq9x,1730749172.4881458
181,r/thisweekinretro,2769,Podcasts and Streamers,t5_2y0184,1730749172.505943
182,r/AudiA5,2768,Cars and Motor Vehicles,t5_3a4yc,1730749172.5237691
183,r/Fashionnova,2768,Fashion,t5_nl18u,1730749172.542419
184,r/FE1_Exams,2768,Learning and Education,t5_2mcc02,1730749172.562279
185,r/Globeskeptic,2768,"We're a community of open-minded individuals, a majority of who no longer subscribe to the heliocentric model.",t5_2geqgt,1730749172.58079
186,r/iamsmart,2768,"If you found your way here, you're probably not very smart.",t5_37m1z,1730749172.597585
187,r/IndiHartwell,2768,Celebrity,t5_2altoq,1730749172.61595
188,r/novotvorenice,2768,Learning and Education,t5_3ekum,1730749172.886812
189,r/plantparenting,2768,Outdoors and Nature,t5_3e8vfm,1730749172.995218
190,r/cursedguitars,2767,Music,t5_2bv5cc,1730749173.0162182
191,r/DIYHouse,2767,Home and Garden,t5_3hrn8,1730749173.034901
192,r/Goat_Format,2767,Tabletop Games,t5_11qlgt,1730749173.0540411
193,r/LostAndFound,2767,Welcome to LostAndFound,t5_2qxs7,1730749173.0739672
194,r/Runalyze,2767,Sports,t5_2qjnxs,1730749173.097864
195,r/ShamirSquad,2767,Gaming,t5_22daav,1730749173.1221051
196,r/URW,2767,Gaming,t5_2vwnr,1730749173.1466
197,r/ACNHLunaDreams,2766,Gaming,t5_2xcxss,1730749173.166413
198,r/bookdiscussion,2766,"Reading, Writing, and Literature",t5_2tjju,1730749173.187566
199,r/insteon,2766,Home and Garden,t5_33s1p,1730749173.207545
200,r/mdzs,2766,Anime,t5_27hvbs,1730749173.227796
201,r/NewDefender,2766,Cars and Motor Vehicles,t5_2cl8mz,1730749173.250688
202,r/payitnow,2766,"PIN was developed with the goals in mind to reward both website owners, retail outlets, and their users, by allowing easy seamless website payment methods, loyalty points, and rewards that benefit not just the owners, but the whole community.",t5_5hx8jn,1730749173.275291
203,r/RumbleHeroes,2766,Gaming,t5_80jymk,1730749173.2975612
204,r/SansGaming,2766,Gaming,t5_9f0e0,1730749173.318795
205,r/twiceShips,2766,Celebrity,t5_51zb3p,1730749173.33869
206,r/BelgiumPics,2765,The subreddit for pics of Belgium - De subreddit voor foto's van België - Un subreddit pour les photos de la Belgique - Das Subreddit für Photos von Belgien,t5_34i75,1730749173.363353
207,r/CrowsBeingBros,2765,Animals and Pets,t5_i6857,1730749173.384827
208,r/DanicaMcKellar,2765,the subreddit to one of the hottest women in existence,t5_2wx9r,1730749173.405836
209,r/financebg,2765,"Business, Economics, and Finance",t5_bxvp6v,1730749173.4283898
210,r/geekguys,2765,Welcome to geekguys,t5_2rk3m,1730749173.4548118
211,r/healthanxietyhumor,2765,"Welcome to Health Anxiety Humor! where health anxiety meets humor! Share your funniest self-diagnosis moments, hilarious WebMD journeys, and find solace in laughter. Because sometimes, a good chuckle is the best medicine!",t5_w6xfr,1730749173.478273
212,r/JobyAviation,2765,Cars and Motor Vehicles,t5_3kgcbz,1730749173.500292
213,r/SuddenlyLOTR,2765,"Lately I’ve been noticing a lot of Lord of The Rings quotes in some pretty random places, so I thought it may be a good idea to have a sub dedicated to finding all these randomly placed treasures.",t5_ylrap,1730749173.525265
214,r/WhatIsThisYarn,2765,Crafts and DIY,t5_5se96i,1730749173.5478458
215,r/DatabaseHelp,2764,Technology,t5_2w4oz,1730749173.572639
216,r/DeadBoyDetectivesTV,2764,Television,t5_6i8zkn,1730749173.6000361
217,r/GamerGirls_Community,2764,A SFW community for GamerGirls to hang out discuss and share stuff about Gaming,t5_6mt4cz,1730749173.6260731
218,r/Hairycelebsreborn2,2764,Mature Themes and Adult Content,t5_ab8dbe,1730749173.6498291
219,r/happydownvote,2764,a community where you're happy with your downvote,t5_1gnl9m,1730749173.673234
220,r/HeelsTV,2764,Television,t5_23dyk2,1730749173.695402
221,r/ChristianSocialism,2763,Religion and Spirituality,t5_2sdr9,1730749173.7217112
222,r/DaleksAreSupreme,2763,Internet Culture and Memes,t5_w3t84,1730749173.7493582
223,r/dart,2763,Cars and Motor Vehicles,t5_2srr3,1730749173.774444
224,r/HDHR,2763,Television,t5_35wok,1730749173.7994812
225,r/Jewish_Matchmaking,2763,Television,t5_89xjie,1730749173.8287601
226,r/LatinaBootyShaking,2763,Mature Themes and Adult Content,t5_bmuu2g,1730749173.856329
227,r/Lingualizer,2763,Funny/Humor,t5_2xj9kc,1730749173.8842082
228,r/paintdotnet,2763,Art,t5_2s8t4,1730749173.9104168
229,r/PlannedParenthood,2763,Family and Relationships,t5_2uj3e,1730749173.933843
230,r/BoardGame3DPrints,2762,Tabletop Games,t5_2dghw1,1730749173.957016
231,r/carolinafernanda,2762,Mature Themes and Adult Content,t5_6yj3gr,1730749173.984683
232,r/fr3d5ter,2762,Podcasts and Streamers,t5_43xexk,1730749174.009541
233,r/georginarodriguez3,2762,Celebrity,t5_act55w,1730749174.0330281
234,r/mrincredibleuncanny,2762,Internet Culture and Memes,t5_5kfq26,1730749174.056673
235,r/OfficialPopulii,2762,Technology,t5_azt6vu,1730749174.079854
236,r/RoundsTheGame,2762,Gaming,t5_3w9c7h,1730749174.100128
237,r/BRIO,2761,Hobbies,t5_31fj1,1730749174.1206698
238,r/ChurchofPower,2761,Anime,t5_2ixz0p,1730749174.141705
239,r/DanCases,2761,Technology,t5_3fmukr,1730749174.1622322
240,r/DecentralizedFinance,2761,Crypto,t5_22ib2i,1730749174.182802
241,r/Diamante_io,2761,Crypto,t5_cj0mdc,1730749174.203059
242,r/HitomiChanIsShy,2761,Anime,t5_1094f2,1730749174.224972
243,r/ouji,2761,Fashion,t5_5atykt,1730749174.24307
244,r/spycameras,2761,Technology,t5_4mtaly,1730749174.261017
245,r/thelastnight,2761,Gaming,t5_39yuy,1730749174.2790751
246,r/ArmyAviationApplicant,2760,Careers,t5_4bv1mx,1730749174.296664
247,r/Beatrice___Egli,2760,Celebrity,t5_5yc9ub,1730749174.3144472
248,r/blackgirlfights,2760,Videos strictly with fights with black girls and or with a black girl.(Racists aren’t welcome go TF on),t5_7pazj5,1730749174.332557
249,r/cassandra,2760,Programming,t5_2r9dx,1730749174.357953
