,subreddit,subscribers,topic,subreddit_id,scraped_utc
0,r/HoshimachiSuisei,2725,Anime,t5_2xp9ib,1730749211.504992
1,r/ImaginarySummerscapes,2725,Art,t5_375nl,1730749211.527043
2,r/jeb_irl,2725,Celebrity,t5_3hesu,1730749211.546357
3,r/knobington,2725,knobington is dying. Resurrect it.,t5_7pol50,1730749211.56548
4,r/spoilers,2725,Movies,t5_2qhtq,1730749211.5851772
5,r/AmigARse,2724,Family and Relationships,t5_76d1yv,1730749211.615925
6,r/IndianMenOnDatingApps,2724,Family and Relationships,t5_4h9m55,1730749211.636587
7,r/MiLadymemecoin,2724,Crypto,t5_8e70gl,1730749211.656789
8,r/ModelsHQ,2724,Welcome to ModelsHQ,t5_6jhujn,1730749211.677184
9,r/ocfanfiction,2724,Hobbies,t5_361aj0,1730749211.697093
10,r/Orthorexia,2724,Medical and Mental Health,t5_38c20,1730749211.772465
11,r/PinayKilikiliV2,2724,"A community to show appreciation for Pinay Kili-Kili / Armpits. If you are NEW to this community, please read the rules for they are strictly Implemented.",t5_c0jw8r,1730749211.7927492
12,r/SakuraWars,2724,Gaming,t5_2xf9n,1730749211.8231082
13,r/SeesawEffect,2724,Science,t5_3pd92,1730749211.848038
14,r/100percentEat,2723,Podcasts and Streamers,t5_bdokr2,1730749211.86976
15,r/AspieInfoDumps,2723,Learning and Education,t5_2hzc05,1730749211.8957398
16,r/cabincrew,2723,Careers,t5_2v2lj,1730749211.921518
17,r/fuuka,2723,"Reading, Writing, and Literature",t5_316tc,1730749211.944287
18,r/homelabs,2723,Technology,t5_3gssp,1730749211.964656
19,r/ParentingTech,2723,Family and Relationships,t5_sehbu,1730749211.985078
20,r/RTX,2723,Internet Culture and Memes,t5_2u24d,1730749212.00542
21,r/wc5e,2723,Tabletop Games,t5_3j5xc,1730749212.0288022
22,r/BottleCapCollecting,2722,Hobbies,t5_2uzuw,1730749212.0494459
23,r/DixieDamelioFans,2722,Welcome to DixieDamelioFans,t5_bi0x4n,1730749212.069664
24,r/FingerboardingDIY,2722,Hobbies,t5_jq5zr,1730749212.089844
25,r/georgemichael,2722,Music,t5_30moq,1730749212.1104908
26,r/GraphicDesignJobs,2722,Marketplace and Deals,t5_31p0v,1730749212.131398
27,r/MarylandEats,2722,Food and Drink,t5_237z3e,1730749212.151341
28,r/SportsMemes,2722,Internet Culture and Memes,t5_2th76,1730749212.1712
29,r/DanmachiChronicle,2721,Gaming,t5_7um0bl,1730749212.1903832
30,r/ethicalaww,2721,"Like /r/aww, but without animal cruelty",t5_4p1kmj,1730749212.209453
31,r/Iayze,2721,Music,t5_59zylh,1730749212.228877
32,r/INDBeautyHaven,2721,Mature Themes and Adult Content,t5_b6pfzy,1730749212.249373
33,r/PokeRPG,2721,Tabletop Games,t5_30kni,1730749212.268796
34,r/projecteuler,2721,Programming,t5_2sjwi,1730749212.288558
35,r/sheisliktexas,2721,Celebrity,t5_cch6e8,1730749212.308497
36,r/TIDBYT,2721,Technology,t5_4fygrd,1730749212.327828
37,r/VeganEtFrancophone,2721,Ethics and Philosophy,t5_5xpp3n,1730749212.347241
38,r/firespin,2720,For anyone who loves firespinning in its many forms.,t5_2rx2u,1730749212.3683
39,r/HannahKenerly2,2720,Subreddit for posting images of the model Hannah Kenerly.,t5_bimf6c,1730749212.3885639
40,r/irisvallaranii,2720,Welcome to irisvallaranii,t5_8xjgxj,1730749212.408622
41,r/MichelleLewinHardbody,2720,Women's Health,t5_40xp09,1730749212.428978
42,r/shatterme,2720,"Reading, Writing, and Literature",t5_12e43l,1730749212.449304
43,r/SweetTrip,2720,Music,t5_23rfj3,1730749212.469173
44,r/disstressingmemes,2719,I made this because a bot said it didn’t exist in a comment section I don’t know how it turned into this do not steal content if you do it will be deleted,t5_5hqnj7,1730749212.4884522
45,r/nelsonbc,2719,Place,t5_2si2n,1730749212.5076811
46,r/CharlotteMains,2718,Gaming,t5_3qlgbl,1730749212.526465
47,r/Politicaltradetracker,2718,"Business, Economics, and Finance",t5_bmxk62,1730749212.54688
48,r/RedScareDisko,2718,Music,t5_3imkdp,1730749212.5673869
49,r/shrimpmemes,2718,"You can barbecue it, boil it, broil it, bake it, saute it. Shrimp-kabobs, shrimp creole, shrimp gumbo. Pan fried, deep fried, stir-fried. There's pineapple shrimp, lemon shrimp, coconut shrimp, pepper shrimp, shrimp soup, shrimp stew, shrimp salad, shrimp and potatoes, shrimp burger, shrimp sandwich.",t5_3fcj0,1730749212.587496
50,r/suddenlyhazbinhotel,2718,Television,t5_amwwg7,1730749212.608055
51,r/SyntheticBiology,2718,Science,t5_2qrjm,1730749212.6285388
52,r/walkabletowns,2718,Doesn't anyone just take a fucking walk anymore? -George Carlin,t5_5m7gne,1730749212.648986
53,r/alanismorissette,2717,Music,t5_2w5pc,1730749212.669098
54,r/FortniteVideos,2717,Gaming,t5_3ojeo,1730749212.689357
55,r/HeyAdoraShera,2717,Internet Culture and Memes,t5_2ooz2q,1730749212.731167
56,r/Miraie,2717,Podcasts and Streamers,t5_p6d05,1730749212.750912
57,r/MorpheusNetwork,2717,Crypto,t5_dbdbo,1730749212.769427
58,r/tythetasmaniantiger,2717,Gaming,t5_3737l,1730749212.788565
59,r/DisabilityFitness,2716,"Do you have a chronic illness or disability and are interested in physical fitness? If you can't post your question in /r/Fitness, feel free to ask it here!",t5_3je9s,1730749212.814446
60,r/FreeGameKeyGiveaways,2716,Gaming,t5_67fc8j,1730749212.833694
61,r/HeadCrazy,2716,If you love Head this is the community for you.. Showcasing some of the nastiest sloppiest head on the internet...,t5_cnsdff,1730749212.8520262
62,r/Libertarians,2716,Politics,t5_32zaf,1730749212.8705301
63,r/linusposting,2716,Funny/Humor,t5_5fu84u,1730749212.889932
64,r/OldEnglishSheepdog,2716,Animals and Pets,t5_29ykfl,1730749212.90836
65,r/R53,2716,Cars and Motor Vehicles,t5_3kf8d,1730749212.926177
66,r/yarnbombing,2716,Art,t5_2xblx,1730749212.943548
67,r/cartagena,2715,Place,t5_2zwuj,1730749212.961256
68,r/GISmemes,2715,Memes about maps and GIS software,t5_4bj6f,1730749212.979191
69,r/LostLightMobile,2715,Gaming,t5_55r524,1730749212.996865
70,r/OfficePlants,2715,Welcome to OfficePlants,t5_2txzx,1730749213.014539
71,r/UltraLightFishing,2715,Outdoors and Nature,t5_32v7f,1730749213.0322042
72,r/abby,2714,Podcasts and Streamers,t5_2qm5j,1730749213.0498428
73,r/askmovie,2714,Movies,t5_3jarw,1730749213.06755
74,r/AsPD_Memes,2714,Medical and Mental Health,t5_423o7y,1730749213.085588
75,r/CaelusMains,2714,Gaming,t5_8aweis,1730749213.105855
76,r/DCEUspoilers,2714,Movies,t5_430p3c,1730749213.125778
77,r/goatravel,2714,Travel,t5_7jz554,1730749213.1465678
78,r/ImaginaryFairyTales,2714,"ImaginaryFairyTales, a sub for all Fairy Tale content both traditional and modern. Writing, art, videos, GIFs, etc.",t5_390v9,1730749213.1669078
79,r/oddlyunsettling,2714,Welcome to oddlyunsettling,t5_2yyks,1730749213.186371
80,r/porcay,2714,Porçay Kanalı ve Reis-i Burdur hakkında paylaşımlar,t5_afkh3,1730749213.20679
81,r/ClassicMetal,2713,Welcome to ClassicMetal,t5_2ry05,1730749213.226378
82,r/eggcleanse,2713,Religion and Spirituality,t5_2r7jni,1730749213.249186
83,r/IdentityManagement,2713,Technology,t5_2rn6r,1730749213.269119
84,r/InhumanEyes,2713,Anime,t5_3mfqsd,1730749213.289726
85,r/KatMcNamaraLovers,2713,Celebrity,t5_2soo11,1730749213.30936
86,r/MovingtoGermany,2713,Place,t5_2scr7y,1730749213.328223
87,r/MrsDavisTVSeries,2713,Television,t5_622c7z,1730749213.347617
88,r/SPG,2713,Music,t5_2uf7y,1730749213.3682299
89,r/ASTI_stock,2712,Marketplace and Deals,t5_3xgjbc,1730749213.387394
90,r/BourbonAndBeyond,2712,Music,t5_i8m15,1730749213.4065988
91,r/CatDatingProfiles,2712,Animals and Pets,t5_anhdyi,1730749213.426013
92,r/onlypaws,2712,Animals and Pets,t5_2z55xw,1730749213.445672
93,r/SneakEnergy,2712,Food and Drink,t5_2gnf91,1730749213.4658601
94,r/civAIgames,2711,Gaming,t5_37ej0,1730749213.485098
95,r/FirearmsCanada,2711,Hobbies,t5_3xw2n8,1730749213.504094
96,r/freelegalconsultation,2711,Law,t5_77wtih,1730749213.52301
97,r/NJFishing,2711,Hobbies,t5_32djy,1730749213.5419369
98,r/RayDalio,2711,"Business, Economics, and Finance",t5_30nmo,1730749213.560839
99,r/seestar,2711,Science,t5_aftmnl,1730749213.579781
100,r/talesfromtheinternet,2711,Internet Culture and Memes,t5_30ynz,1730749213.5986922
101,r/Tenpuru,2711,Anime,t5_nza88,1730749213.6181571
102,r/7thSea,2710,Tabletop Games,t5_2xwp6,1730749213.6379552
103,r/bromos,2710,Sexual Orientation,t5_2tfap,1730749213.65737
104,r/eletronica,2710,Crafts and DIY,t5_3eb4e,1730749213.676301
105,r/ErgoDoxEZ,2710,Technology,t5_3akmj,1730749213.696019
106,r/HayFit,2710,Mature Themes and Adult Content,t5_7j47af,1730749213.7153049
107,r/KiryuCoco,2710,Gaming,t5_2f57g6,1730749213.733859
108,r/ShellyUSA,2710,Technology,t5_2jaguu,1730749213.753269
109,r/Smart_Calendar1874,2710,Meta/Reddit,t5_7lq1me,1730749213.776736
110,r/appleshortcuts,2709,Welcome to appleshortcuts,t5_k16jn,1730749213.80285
111,r/caninebehavior,2709,Animals and Pets,t5_2ydmw,1730749213.823704
112,r/cleftlip,2709,Medical and Mental Health,t5_2sv1t,1730749213.844883
113,r/Erythromelalgia,2709,Medical and Mental Health,t5_37a68,1730749213.8672209
114,r/FlashpointArchive,2709,Gaming,t5_2537jl,1730749213.888173
115,r/LahainaMaui,2709,Place,t5_92qr9t,1730749213.907326
116,r/MarxistLiterature,2709,"Marxist literature. For all literature pertaining to communist, socialist, Marxist or even anarchist thought.",t5_3gs0u,1730749213.9259148
117,r/RPClipsPurple,2709,Podcasts and Streamers,t5_bjn7ar,1730749213.947275
118,r/Drift,2708,Cars and Motor Vehicles,t5_2t4kh,1730749213.9688709
119,r/funanddev,2708,Careers,t5_38jx0,1730749213.990669
120,r/hissykits,2708,Animals and Pets,t5_3oy66b,1730749214.0130072
121,r/Metronet,2708,Technology,t5_2umj6,1730749214.037772
122,r/SaraSaffariOfficial,2708,Celebrity,t5_at18yi,1730749214.059765
123,r/SnarkJanaKramer,2708,Celebrity,t5_77oldo,1730749214.110875
124,r/TracyCalifornia,2708,Place,t5_2zl4q,1730749214.157509
125,r/Yiffinhellreborn,2708,"A recreation of the old r/yiffinhell subreddit without the furry takeover. This is a dead community about furry cringe, that's all. I don't even use this site anymore.",t5_2s4tlf,1730749214.24201
126,r/BrownDust2,2707,Gaming,t5_7hg8cm,1730749214.2851799
127,r/Clumsy,2707,This is a subreddit for people who liek to see poeple beiong clumsy. I'd go on but I lack the necvceary skills ofi tpyin g inspring ddescriptions.,t5_37uh8,1730749214.309896
128,r/FPSPodcast,2707,Podcasts and Streamers,t5_246vrj,1730749214.33335
129,r/LearnerDriverHub,2707,Learning and Education,t5_45oafg,1730749214.3547919
130,r/Moons_IRL,2707,Welcome to Moons_IRL,t5_h9gch,1730749214.3760698
131,r/OkuyasuExplains,2707,Okuyasu takes it upon himself to explain to you some fun facts he learned!,t5_10tzfl,1730749214.3983302
132,r/Theremin,2707,Music,t5_2sheg,1730749214.418895
133,r/UnexpectedWilds,2707,Outdoors and Nature,t5_4g3jv0,1730749214.4385972
134,r/Vspo,2707,Celebrity,t5_4bhj3v,1730749214.4616692
135,r/WeWhoAreAboutToDie,2707,Gaming,t5_3lvjf,1730749214.4854798
136,r/ANVILVaultBreaker,2706,Gaming,t5_5e0c2f,1730749214.506569
137,r/biglove,2706,Television,t5_2u7gm,1730749214.52737
138,r/blackandgold,2706,Art,t5_2wp2w,1730749214.55022
139,r/ClaraAlonso,2706,Subreddit dedicated to professional model Clara Alonso.,t5_3figl,1730749214.570289
140,r/CoronavirusNV,2706,Place,t5_2gr2q2,1730749214.5895538
141,r/FBAsourcing,2706,Do you have questions about sourcing and buying for FBA? Are you experienced but want to learn more? want to build connections? Then this is the group for you!,t5_j445f,1730749214.6089401
142,r/HibernationHomies,2706,Welcome to HibernationHomies,t5_105c23,1730749214.6285849
143,r/KateMaraLaurenCohan,2706,Welcome to KateMaraLaurenCohan,t5_5iy8q6,1730749214.651354
144,r/Lashlift,2706,Beauty and Makeup,t5_44jtv8,1730749214.674761
145,r/ModernFamilyMemes,2706,Funny/Humor,t5_6vfs0b,1730749214.696185
146,r/Newlyweds,2706,Family and Relationships,t5_2vd3n,1730749214.717632
147,r/NOLAMusic,2706,"Dedicated to the greatest music city of them all! From Buddy Bolden to Big Freedia and everything in between. Music, news and discussion from the Crescent City.",t5_2wa04,1730749214.738226
148,r/usaa_ejs,2706,"Business, Economics, and Finance",t5_5mmxtm,1730749214.760372
149,r/VisualSchool,2706,Learning and Education,t5_25u73k,1730749214.781352
150,r/bittensor_,2705,Crypto,t5_6tgrcf,1730749214.801856
151,r/CottagecoreStore,2705,Home and Garden,t5_706f63,1730749214.8225431
152,r/DungeonsOfEternityVR,2705,Gaming,t5_95zsb0,1730749214.84223
153,r/Rhinestoning,2705,Crafts and DIY,t5_58touy,1730749214.862334
154,r/Tf2Scripts,2705,Gaming,t5_2tm8z,1730749214.882315
155,r/Theoriginalpchs,2705,Theoriginalpchs,t5_c34tjm,1730749214.902039
156,r/vstar,2705,Cars and Motor Vehicles,t5_35hnx,1730749214.920938
157,r/AskRedditPolls,2704,Meta/Reddit,t5_31kk8,1730749214.943639
158,r/BattleTalent,2704,Gaming,t5_2pgaxj,1730749214.995928
159,r/GrandRapidsGriffins,2704,A subreddit for the Grand Rapids Griffins; AHL Affiliate of the Detroit Red Wings,t5_2xinm,1730749215.03878
160,r/GreatPodcasts,2704,A place for great podcast episodes.,t5_2uwc6,1730749215.0641348
161,r/Luna_Blaise,2704,Welcome to Luna_Blaise,t5_4y1fa1,1730749215.084036
162,r/MarioVreco,2704,Podcasts and Streamers,t5_4rde7j,1730749215.103584
163,r/rainymood,2704,Music,t5_2u1fz,1730749215.1246028
164,r/SlasherTVSeries,2704,Technology,t5_24awpo,1730749215.147279
165,r/Aerospace3DPrinting,2703,Technology,t5_2xzfu2,1730749215.166497
166,r/analyticsengineering,2703,Programming,t5_4p6eln,1730749215.187125
167,r/augustburnsred,2703,Music,t5_2shvs,1730749215.2075
168,r/gaybrosover30,2703,Gender,t5_3ggfc,1730749215.22833
169,r/infinitesummer,2703,"Reading, Writing, and Literature",t5_2x8vb,1730749215.2484741
170,r/ModernaStock,2703,"Business, Economics, and Finance",t5_3px8u6,1730749215.2718878
171,r/PetTheCameraMan,2703,Animals and Pets,t5_2jsbyw,1730749215.292429
172,r/USAHistoryMemes,2703,History,t5_39t1wb,1730749215.31319
173,r/CatGhost,2702,Internet Culture and Memes,t5_3ow81,1730749215.334178
174,r/GMEmate,2702,"Business, Economics, and Finance",t5_4dcvil,1730749215.358006
175,r/Kambo,2702,Religion and Spirituality,t5_2udob,1730749215.389715
176,r/limerick,2702,Place,t5_2r5cc,1730749215.417621
177,r/PaintSwirls,2702,Do you love watching different colors of paint swirling and mixing together? Then welcome home!,t5_x3abd,1730749215.443593
178,r/SpookedPodcast,2702,Podcasts and Streamers,t5_277dn6,1730749215.468735
179,r/2hispanic4you,2701,Internet Culture and Memes,t5_54e1qy,1730749215.4970272
180,r/Apples_Never_Fall,2701,Television,t5_91i34d,1730749215.5228648
181,r/bradsubmissions,2701,Podcasts and Streamers,t5_uj8ka,1730749215.548506
182,r/chicagodeals,2701,Welcome!! Created this sub for all the thrifty chicagoans who know a good deal when they see one. :-),t5_745ega,1730749215.574541
183,r/forageStudents,2701,Careers,t5_3ximyt,1730749215.602506
184,r/FoundTVSeries,2701,Television,t5_7rg2y2,1730749215.6288772
185,r/garn47,2701,Gaming,t5_bfv381,1730749215.657139
186,r/Jazlyn_Skyy,2701,Welcome to Jazlyn_Skyy,t5_7gfmll,1730749215.69173
187,r/NerdDating,2701,Family and Relationships,t5_3gcsz,1730749215.7243688
188,r/retrasadosporelmundo,2701,Subreddit oficial de retrasadosporelmundo.,t5_3dld4a,1730749215.754024
189,r/sfml,2701,Programming,t5_2sy5e,1730749215.77873
190,r/Tiburon,2701,Cars and Motor Vehicles,t5_2x02q,1730749215.802679
191,r/TrahearneJokes,2701,Gaming,t5_2z4a8,1730749215.832125
192,r/V60,2701,"The Hario V60 is one of the most ubiquitous devices for pour-over coffee in existence. Here you will find recipes, advice, and setup guides for the V60.",t5_3j7km,1730749215.8584902
193,r/WGU_CSA,2701,Learning and Education,t5_3pp31,1730749215.882685
194,r/HipHopCDs,2700,Music,t5_rgu7m,1730749215.9066691
195,r/ImageJ,2700,Technology,t5_2vrq1,1730749215.9307342
196,r/JCBWritingCorner,2700,"Reading, Writing, and Literature",t5_7u41nb,1730749215.951485
197,r/JomboyMedia,2700,Podcasts and Streamers,t5_2fdw00,1730749215.973675
198,r/sarabareilles,2700,Music,t5_2swvl,1730749215.9951842
199,r/starcitizen_fleets,2700,Gaming,t5_77z9i5,1730749216.01585
200,r/swancore,2700,Music,t5_35t61,1730749216.037266
201,r/BoredGamer,2699,Gaming,t5_327si,1730749216.05768
202,r/Celebs_Dancing,2699,Celebrity,t5_8ppfvc,1730749216.0768251
203,r/deckbuildingroguelike,2699,Gaming,t5_2pgh50,1730749216.0957818
204,r/emrata,2699,NSFW + SFW sub for Emily Ratajkowski,t5_b4mblq,1730749216.115517
205,r/infusevideoplayer,2699,Technology,t5_6425xi,1730749216.13788
206,r/literaryjournals,2699,"Welcome to /r/LiteraryJournals, a community for the literature of now. Post new releases of your favorite literary journals, short stories or poems you'd like to discuss further, reviews of literary journals, calls for submissions, or any other general discussion of literary journals. Self promotion IS allowed in this subreddit.",t5_2vodk,1730749216.163151
207,r/Squeeze_em,2699,"Business, Economics, and Finance",t5_4zblyk,1730749216.1880279
208,r/BlackTransmen,2698,Gender,t5_28zmmf,1730749216.2101178
209,r/camperlife,2698,"A place for you to share your RV stories! Boondocking, Restoration, and Camp Spots",t5_2xizj,1730749216.231138
210,r/DoitsuWaifu,2698,Anime,t5_10v3tl,1730749216.255031
211,r/granturismo4,2698,Gaming,t5_32c41,1730749216.276756
212,r/HRNovelsDiscussion,2698,"Reading, Writing, and Literature",t5_86alvc,1730749216.2980502
213,r/monkeytype,2698,Gaming,t5_35u88g,1730749216.319585
214,r/paranatural,2698,"Reading, Writing, and Literature",t5_2w7ds,1730749216.743318
215,r/TargetedSolutions,2698,Internet Culture and Memes,t5_37agw0,1730749216.780892
216,r/TridhaChoudhary,2698,A Place For Goddess Tridha Choudhury Worshippers.,t5_43g505,1730749216.8146079
217,r/UrbanWitcher,2698,"This is a subreddit I made because I was shadowbanned from r/greentext. I assume for my Witcher stories. I think that enough people enjoy my stories to have a niche community. I want to open it up for other people to make their own Urban Witcher stories/content as well. I’ve never written for the upvotes, only because others enjoyed them. I think opening the narrative to others will lead to a larger more filled out universe.",t5_28ng4d,1730749216.8462799
218,r/abandonedwisconsin,2697,Outdoors and Nature,t5_3i0a6,1730749216.872253
219,r/Amigos,2697,Mature Themes and Adult Content,t5_2qp6r,1730749216.8966742
220,r/doctorstock,2697,"Business, Economics, and Finance",t5_3ussxt,1730749216.9214232
221,r/foundry_game,2697,Gaming,t5_9gviih,1730749216.942645
222,r/okbuddyosaka,2697,Funny/Humor,t5_8165hi,1730749216.964427
223,r/Vitainu,2697,Crypto,t5_5b900i,1730749216.985984
224,r/LFMMO,2696,Gaming,t5_2zkvz,1730749217.0043478
225,r/Mountainhomearkansas,2696,Subreddit for Mountain Home Arkansas,t5_359wr,1730749217.024241
226,r/MSFSPhotos,2696,Gaming,t5_306waa,1730749217.0425448
227,r/NoContextAceAttorney,2696,Gaming,t5_22amjs,1730749217.0611682
228,r/SarahEllen,2696,Celebrity,t5_2w56w,1730749217.080022
229,r/americanpirateparty,2695,it's better to be a pirate than to join the navy.,t5_2rga8,1730749217.097986
230,r/CookingDiary,2695,Gaming,t5_10dc12,1730749217.115822
231,r/JogueMeuJogo,2695,Meta/Reddit,t5_c5trus,1730749217.1336372
232,r/RelativitySpace,2695,"Discuss Relativity Space, 3d printed rockets, and related.",t5_3ozwe,1730749217.15264
233,r/ShrineOfFishstick,2695,Gaming,t5_thjur,1730749217.206177
234,r/smokingwomen_HQ,2695,"Beautiful women smoking in High Quality, up close. 9:16 and 4:5 ratio only. Nudity OK, as long as it's in good taste. Nothing trashy ❤️",t5_8orz2y,1730749217.262652
235,r/UESRPG,2695,Tabletop Games,t5_38t35,1730749217.328374
236,r/clickbaitIRL,2694,😳,t5_w4ykr,1730749217.364893
237,r/ExistentialJourney,2694,Ethics and Philosophy,t5_aljyf5,1730749217.398858
238,r/Feedback,2694,"The subreddit for critics. Post something you wish for feedback on, and the community will upvote if it's objectively good, and downvote if it is objectively bad. Comments are, well, comments.",t5_2qil1,1730749217.435571
239,r/FreemoneyUK,2694,Marketplace and Deals,t5_5f545r,1730749217.4840791
240,r/IBMEMES,2694,Internet Culture and Memes,t5_2tsks,1730749217.548198
241,r/JodieWhittaker,2694,Celebrity,t5_3mts1,1730749217.598526
242,r/karlach,2694,Gaming,t5_94tn1h,1730749217.648105
243,r/kingdomsreborn,2694,Gaming,t5_377fv,1730749217.7316658
244,r/LenaNHDSeotb,2694,Celebrity,t5_7qkx9g,1730749217.7988732
245,r/ProjectBloodstrikeBR,2694,Gaming,t5_7zzoit,1730749217.842418
246,r/rociomoralesmodelo,2694,Join This Community For Rocio Morales OnlyFans Content.,t5_6iqxwq,1730749217.8829172
247,r/Salesforce_Architects,2694,Technology,t5_70se4q,1730749217.938765
248,r/smalltalk,2694,Programming,t5_2qhqd,1730749217.981111
249,r/ssb64,2694,Gaming,t5_2vipt,1730749218.0232608
