,subreddit,subscribers,topic,subreddit_id,scraped_utc
0,r/Polygamy,2590,Family and Relationships,t5_4v0eep,1730749292.997237
1,r/Santorini,2590,Place,t5_2rvfo,1730749293.023891
2,r/ShortSwatters,2590,"Business, Economics, and Finance",t5_axmxqb,1730749293.0465999
3,r/tempofitness,2590,Fitness and Nutrition,t5_31inq3,1730749293.067799
4,r/unexpectedshrek,2590,Internet Culture and Memes,t5_3gxgi,1730749293.087415
5,r/basketballreplays,2589,Sports,t5_7kusg7,1730749293.119081
6,r/comicpop,2589,Podcasts and Streamers,t5_37hjn,1730749293.1386318
7,r/DCUniverseOnline,2589,Gaming,t5_2s8ji,1730749293.159528
8,r/FireUKCareers,2589,"Business, Economics, and Finance",t5_6qwjqn,1730749293.180912
9,r/FlatEarthCars,2589,The rides and messages of flat earth truthers. Sister sub of r/InfowarriorRides,t5_pvkvm,1730749293.200804
10,r/grayjay,2589,Technology,t5_9b10yo,1730749293.2867332
11,r/pastpredictions,2589,Technology,t5_22agv2,1730749293.306459
12,r/STAR_,2589,Podcasts and Streamers,t5_2vuy2,1730749293.339054
13,r/tropicalplants,2589,This is a subreddit to share and discuss pictures of palm trees and other tropical plants.,t5_3082a,1730749293.360051
14,r/bprogramming,2588,Programming,t5_4cyr4,1730749293.3804631
15,r/CNFansSheets,2588,Fashion,t5_bmn5nf,1730749293.400934
16,r/DeathAndOtherDetails,2588,Television,t5_ahexa8,1730749293.421184
17,r/GalleryOfMagick,2588,Religion and Spirituality,t5_mp77d,1730749293.440937
18,r/line6,2588,Music,t5_2whdm,1730749293.461291
19,r/playsandbox,2588,Gaming,t5_3oc9j,1730749293.480195
20,r/shutthekaleup,2588,Celebrity,t5_6swq4h,1730749293.4981802
21,r/StarTrekInfinite,2588,Gaming,t5_8k1920,1730749293.516639
22,r/ZheaniCult,2588,Music,t5_7ecjjh,1730749293.5354502
23,r/CategoryTheory,2587,Science,t5_2r8pr,1730749293.5542662
24,r/fictionalscience,2587,"Reading, Writing, and Literature",t5_2852m0,1730749293.5740001
25,r/instagirls_india,2587,Mature Themes and Adult Content,t5_4te40u,1730749293.592912
26,r/NieRReplicant,2587,Gaming,t5_2j1szy,1730749293.61429
27,r/okbuddyzomboid,2587,Gaming,t5_3ssile,1730749293.634657
28,r/soundsworld,2587,Internet Culture and Memes,t5_2rhojk,1730749293.655908
29,r/waterrower,2587,Fitness and Nutrition,t5_33vsey,1730749293.6755252
30,r/BYUFootball,2586,Sports,t5_3gwg4,1730749293.6944141
31,r/Deepcool,2586,Technology,t5_33a6l,1730749293.713778
32,r/fictif,2586,Gaming,t5_3hsbb,1730749293.73314
33,r/OlesyaRulin,2586,Celebrity,t5_34gs3,1730749293.753794
34,r/tiliagostosa,2586,Welcome to tiliagostosa,t5_6mdreu,1730749293.7734752
35,r/Waste,2586,For discussion of the management of unwanted or unusable materials,t5_2twjp,1730749293.792439
36,r/Anthroposophy,2585,Religion and Spirituality,t5_2recp,1730749293.812126
37,r/Bayonets,2585,Mature Themes and Adult Content,t5_2vgmw,1730749293.832475
38,r/BrianneHowey,2585,Celebrity,t5_3higt,1730749293.851615
39,r/cataclysmbn,2585,Gaming,t5_31bs4e,1730749293.8713868
40,r/Climate_Nuremberg,2585,Science,t5_2c8c39,1730749293.892247
41,r/federalway,2585,Place,t5_2sjh8,1730749293.913321
42,r/FishingRVA,2585,Hobbies,t5_30mri,1730749293.933524
43,r/lgv40,2585,Technology,t5_3fs3t,1730749293.953453
44,r/LisaEdelstein,2585,Mature Themes and Adult Content,t5_39vo6,1730749293.9725811
45,r/Midnight_Cami,2585,Mature Themes and Adult Content,t5_35nxmv,1730749293.991698
46,r/Monsters,2585,Internet Culture and Memes,t5_2s7pm,1730749294.010624
47,r/NalgaliaOF1,2585,PayPal : andyolivares1904,t5_ae76ve,1730749294.030615
48,r/SkaterXLModding,2585,Gaming,t5_uxqgt,1730749294.051094
49,r/FathersRights,2584,Family and Relationships,t5_2qngf,1730749294.0715158
50,r/grossiposse,2584,Podcasts and Streamers,t5_3miyw,1730749294.0914502
51,r/NCSU_Wolfpack,2584,Sports,t5_35jie,1730749294.112328
52,r/peculi_Dar,2584,"Reading, Writing, and Literature",t5_2ekz0p,1730749294.132501
53,r/Scavengers,2584,Gaming,t5_gtbsx,1730749294.1532538
54,r/TexasWhiskey,2584,Food and Drink,t5_vyryy,1730749294.1732512
55,r/ThingsWithFaces,2584,Welcome to ThingsWithFaces,t5_2u049,1730749294.195308
56,r/Yelp,2584,Technology,t5_2qjxc,1730749294.216332
57,r/BattlestationDesks,2583,Technology,t5_358t1,1730749294.2386932
58,r/ConsoleBattlestations,2583,Technology,t5_2v8y2,1730749294.2628422
59,r/FrankFrazetta,2583,Art,t5_2xq5a,1730749294.288623
60,r/getmoocash,2583,This is the subreddit all about the beermoney app MooCash! You download apps and make cash. MooCash is for iOS and android and pays super well.,t5_3erbo,1730749294.3099499
61,r/HueForge,2583,Technology,t5_8oovmv,1730749294.331254
62,r/RussiaPics,2583,A subreddit for pics of Russia! Member of the /r/NationalPhotoSubs network.,t5_34afn,1730749294.3548548
63,r/thelastdinnerparty,2583,Music,t5_8aerc5,1730749294.384948
64,r/Boneyard,2582,Classic Hard Rock and Metal,t5_2um8g,1730749294.4123142
65,r/EVAAI,2582,Technology,t5_8dmpim,1730749294.437214
66,r/GalaxyWatchActive2,2582,Technology,t5_2bmbq9,1730749294.463573
67,r/GOTWinterIsComing,2582,Gaming,t5_xqce4,1730749294.485971
68,r/mantisprogaming,2582,Gaming,t5_52kaiv,1730749294.509818
69,r/PokemonGo_Tampa,2582,"Pokemon Go Trainers in the Tampa Bay Area/ St.Pete and Clearwater. Jokes, catching spots and meetups for the bay area.",t5_3fcio,1730749294.539825
70,r/rodbuilding,2582,Hobbies,t5_2wca7,1730749294.566838
71,r/Ryze_Gossip,2582,Podcasts and Streamers,t5_ackkd9,1730749294.5908961
72,r/vz58,2582,Mature Themes and Adult Content,t5_2ta51,1730749294.615103
73,r/bedrockmoment,2581,Gaming,t5_2uw8wz,1730749294.641472
74,r/BoardingSchool_Juliet,2581,Anime,t5_wrvzv,1730749294.668906
75,r/catcalculations,2581,Animals and Pets,t5_2xb6ij,1730749294.6927
76,r/ChurchofTylee,2581,The Church of Ty Lee honors Ty Lee and all of her awesomeness!,t5_2lw8gn,1730749294.717762
77,r/doctorsthatgame,2581,"Doctors have hobbies too, and we have found that quite a few of them like to game! Physician wellness is emerging as an area of increasing importance in the medical community. As we work toward systemic change, us healers must remember to keep tabs on our own well-being. This subreddit is meant to function as a hub for teaming up and chatting about games with fellow doctors. Website: http://www.doctorsofgaming.com/",t5_3hr6z,1730749294.742511
78,r/eToroPennyStocks,2581,"Business, Economics, and Finance",t5_3p017x,1730749294.765561
79,r/homey,2581,Technology,t5_323tx,1730749294.789564
80,r/Publish0x,2581,Crypto,t5_rp1nc,1730749294.819365
81,r/Taeyeon,2581,Music,t5_4rlmok,1730749294.8537002
82,r/TeaganCroft_Hot,2581,Mature Themes and Adult Content,t5_7fhavl,1730749294.879118
83,r/ConnectionTerminated,2580,Gaming,t5_2l7tlx,1730749294.913918
84,r/flightless,2580,Subreddit dedicated to artists signed on at Flightless Records.,t5_3jr1d,1730749294.9423869
85,r/JeepJL,2580,Cars and Motor Vehicles,t5_3j25h,1730749294.970855
86,r/ProgrammingTasks,2580,"Sort of like /r/slavelabour but focused on tasks related to programming and data. If you have a task you are offering for money, please use the [Task] tag. If you have skills/services you are offering for pay, please use the [Offer] tag.",t5_3pn9s,1730749294.998826
87,r/stepkids,2580,Family and Relationships,t5_3bw2q,1730749295.0244029
88,r/adam,2579,Internet Culture and Memes,t5_2qhwi,1730749295.051286
89,r/GRIMEgame,2579,Gaming,t5_2zsnp1,1730749295.080297
90,r/ICOCryptoInfo,2579,Crypto,t5_f6q71,1730749295.551191
91,r/Realyulissa,2579,Solo real yullisa,t5_4x8p84,1730749295.592318
92,r/adultgymnastics,2578,Hobbies,t5_3mx1y,1730749295.626428
93,r/FailedSuccessfully,2578,"R/FailedSuccessfully is basically a subreddit where you share instances or your own stories of a Task failing Successfully. What that means is basically when you do something and fail it, the end result of that is better than if you actually did it the intended way.",t5_zdknp,1730749295.657024
94,r/INFPCreations,2578,Welcome to INFPCreations,t5_305lo,1730749295.686938
95,r/InterviewWithTheVamp,2578,Television,t5_74ox3y,1730749295.725309
96,r/KpopUnleashed,2578,Music,t5_c7j60b,1730749295.804779
97,r/AirRaidSirens,2577,Hobbies,t5_2ts4k,1730749295.843421
98,r/collapseUS,2577,Science,t5_2ralou,1730749295.879054
99,r/ExchangingLanguages,2577,Learning and Education,t5_2x37y,1730749295.914569
100,r/GalacticStarcruiser,2577,Travel,t5_3ff3vy,1730749296.0379362
101,r/HomerByFrank,2577,Fashion,t5_4wbf07,1730749296.0757298
102,r/hwachamemes,2577,The hwacha is a rocket artillery that can shoot 200 flaming arrows over 2000 meters. It can and has repelled over 30000 samurai. Can a filthy catapult repel 30000 samurai using flaming arrows? I THINK... NOT!,t5_hbh00,1730749296.121654
103,r/jerseyclub,2577,Music,t5_2ti70,1730749296.1578822
104,r/LisWrites,2577,"Reading, Writing, and Literature",t5_3iu67,1730749296.1933172
105,r/mattsmith,2577,Welcome to mattsmith,t5_2tb3y,1730749296.2268028
106,r/PsyQR,2577,הסאברדיט של עדן :) קולה זה בריא!! https://www.youtube.com/c/PsyQRchannel youtube ------------------------------------------------- https://www.instagram.com/eden_kornizer/ Instagram ----------------------------------------- https://discord.gg/FkqHWyp -------------------- אל תשכחו לשים סאב !,t5_5bv66u,1730749296.265292
107,r/SarahChalke_Hot,2577,Welcome to SarahChalke_Hot,t5_6n0snx,1730749296.301575
108,r/soulwax,2577,Music,t5_35ouz,1730749296.3342888
109,r/WorldwidePhotography,2577,Welcome to r/WorldwidePhotography. This subreddit is for you to display your artistic creations from various locations worldwide.,t5_91jdim,1730749296.376011
110,r/industrialhygiene,2576,Careers,t5_317c2,1730749296.413024
111,r/InvestingChina,2576,"Business, Economics, and Finance",t5_4mhvve,1730749296.453811
112,r/JulianaaNalu,2576,Juliana Nalu's Simp Community,t5_66jqv1,1730749296.495028
113,r/KalaniBrookeHilliker,2576,Mature Themes and Adult Content,t5_owzfa,1730749296.535496
114,r/mojang,2576,Gaming,t5_2s9lu,1730749296.582305
115,r/PokemonGoVivillon,2576,A page for people worldwide to share their trainer codes and collect Vivillon post cards.,t5_7mgam9,1730749296.621139
116,r/aihunters,2575,Activism,t5_c60rm7,1730749296.6757078
117,r/AmazonATA,2575,Careers,t5_4u5jcb,1730749296.729206
118,r/cheemslove,2575,Internet Culture and Memes,t5_2g4vu5,1730749296.768765
119,r/drdoom,2575,"Reading, Writing, and Literature",t5_2tv9u,1730749296.809364
120,r/OceansCalling,2575,Music,t5_6fd88f,1730749296.845174
121,r/oye,2575,Animals and Pets,t5_akcwel,1730749296.876877
122,r/Queensblade,2575,Anime,t5_2ty2o,1730749296.912195
123,r/saluki,2575,Animals and Pets,t5_2ut2c,1730749296.952418
124,r/winterAESPA,2575,Music,t5_acfh2g,1730749296.990346
125,r/DIYHeatPumps,2574,Home and Garden,t5_5gziwb,1730749297.028262
126,r/groomingvictim,2574,Trauma Support,t5_6m1u0x,1730749297.0646248
127,r/newtonma,2574,Place,t5_2rb6h,1730749297.100363
128,r/nycevents,2574,Promote your New York City events here,t5_2sddf,1730749297.13593
129,r/sfwtransformation,2574,Art,t5_1899no,1730749297.174691
130,r/wayhome,2574,"WayHome was a music festival held in Oro-Medonte, Ontario from 2014-2016. It was dandy and I miss it.",t5_366d1,1730749297.209895
131,r/ArrivalMovie,2573,Movies,t5_3hs9n,1730749297.252823
132,r/dangheesling,2573,Internet Culture and Memes,t5_2ytwn,1730749297.291845
133,r/friendswood,2573,Place,t5_2se2v,1730749297.3259609
134,r/girlsthatlikefemboys,2573,Gender,t5_bdh5av,1730749297.3593779
135,r/LoveBrushChronicles,2573,Gaming,t5_9372xz,1730749297.3872771
136,r/newfoundglory,2573,Music,t5_2tjgh,1730749297.415499
137,r/SportsJunkies,2573,Podcasts and Streamers,t5_2xhr9,1730749297.4403641
138,r/EverettWa,2572,Place,t5_32mha,1730749297.46334
139,r/FrozenCity,2572,Gaming,t5_77q85m,1730749297.485567
140,r/KeyCloak,2572,Technology,t5_283g9h,1730749297.508932
141,r/NoLawn,2572,Home and Garden,t5_3hrl3,1730749297.532765
142,r/SekiroShadowDieTwice,2572,Art,t5_3wjahr,1730749297.555697
143,r/SteamControllerMods,2572,"Got your hands on a steam controller? Good! Now take it apart and throw some paint (or anything else you see fit) on there! This is a place to share your hardware mods on the Steam controller made by valve. Paint, buttons, etc... All mods are welcome! More will be added to this sidebar as time goes on.",t5_37go0,1730749297.580173
144,r/Byshannah,2571,Celebrity,t5_9cjk4s,1730749297.6037161
145,r/DiamCircle,2571,Enabling enterprises to move assets and settle payments across borders in real-time using Blockchain technology.,t5_4auanl,1730749297.6262
146,r/ForgottenInternet,2571,Anything mid 2k interwebs.,t5_mwmpd,1730749297.648494
147,r/FurniturePainting,2571,Art,t5_3ivpet,1730749297.66912
148,r/GalaxyBudsPro,2571,Technology,t5_3juq1t,1730749297.690579
149,r/GolfGear,2571,Sports,t5_2ymcu,1730749297.721504
150,r/OutDaughteredLovers,2571,This is a group to show love to the busby family.,t5_3k5i03,1730749297.756573
151,r/OutInAustin,2571,Gender,t5_5drcjx,1730749297.793899
152,r/BIOR,2570,"Business, Economics, and Finance",t5_67iycx,1730749297.820383
153,r/findagrave,2570,History,t5_2wjw6,1730749297.843762
154,r/GetFeminine,2570,Women's Health,t5_32a84,1730749297.867129
155,r/littleshopofhorrors,2570,Movies,t5_38azx,1730749297.890698
156,r/RavenBoys,2570,"Reading, Writing, and Literature",t5_3ehyi,1730749297.9140701
157,r/RepostSoldiers,2570,Hobbies,t5_2ha49t,1730749297.937484
158,r/Wizard101Rewritten,2570,Gaming,t5_2g83vc,1730749297.961204
159,r/chandlerhalderson,2569,Law,t5_5nsp7d,1730749297.984597
160,r/filk,2569,Music,t5_2r716,1730749298.014854
161,r/MagicEden,2569,Crypto,t5_5a8p6i,1730749298.083478
162,r/onthisday,2569,Welcome to onthisday,t5_2qkrm,1730749298.122682
163,r/orcagifs,2569,"Orca gifs, killer whale gifs.",t5_3h84y,1730749298.166687
164,r/SocialistTech,2569,Technology,t5_36ukxq,1730749298.213401
165,r/solarracing,2569,Sports,t5_31y25,1730749298.253612
166,r/unexpectedasdf,2569,Internet Culture and Memes,t5_3mpw2,1730749298.286607
167,r/BuyItForLife_Jerk,2568,Information on how best to buy expensive things and use them forever.,t5_2y3vx,1730749298.3151329
168,r/iZotopeAudio,2568,Music,t5_2fog20,1730749298.34199
169,r/JasperCD,2568,Podcasts and Streamers,t5_5ujnap,1730749298.368652
170,r/TexasBBQ,2568,Food and Drink,t5_37dxv,1730749298.393981
171,r/Woodstock,2568,Music,t5_2sxu6,1730749298.41885
172,r/AxieScholarship,2567,Place for scholarship opportunities,t5_4ptuz6,1730749298.443807
173,r/BonnieRabbit,2567,Podcasts and Streamers,t5_3agzqa,1730749298.4690602
174,r/ChevyAvalanche,2567,Cars and Motor Vehicles,t5_380ko,1730749298.4942348
175,r/DSiBrew,2567,Gaming,t5_2bohow,1730749298.520301
176,r/linecooks,2567,Careers,t5_2swva,1730749298.542352
177,r/redditintensifies,2567,Welcome to redditintensifies,t5_31khn,1730749298.571483
178,r/wsl2,2567,Programming,t5_110h2l,1730749298.5951092
179,r/AmazonDSP,2566,Careers,t5_2aylqf,1730749298.6163
180,r/anarchotranshumanist,2566,Welcome to anarchotranshumanist,t5_2sodn,1730749298.637536
181,r/BattleCreek,2566,"A subreddit focused on Battle Creek, Michigan.",t5_2s8ed,1730749298.658116
182,r/CryptoCurrencyMAX,2566,Crypto,t5_8bfbta,1730749298.6789818
183,r/eejitsparking,2566,Cars and Motor Vehicles,t5_8l0nq5,1730749298.699292
184,r/FoodPics,2566,Food and Drink,t5_2syde,1730749298.721927
185,r/HikingEurope,2566,Outdoors and Nature,t5_292vzr,1730749298.7423859
186,r/LilyBowman_,2566,Celebrity,t5_6feutz,1730749298.762889
187,r/Principals,2566,Careers,t5_31cxq,1730749298.782254
188,r/rediturras,2566,Gender,t5_bsrvmm,1730749298.801342
189,r/TeenagersDrawingStuff,2566,Art,t5_2ikwqy,1730749298.820431
190,r/DBT,2565,Music,t5_2xrmp,1730749298.839725
191,r/FaryalMakhdoomK2,2565,Everything and anything Faryal Makhdoom related is allowed. Anything else will be deleted,t5_7f8dw9,1730749298.858891
192,r/josephquinn,2565,Celebrity,t5_6hat2q,1730749298.877464
193,r/LifeOfJohnnyMopper,2565,"1987. Tuesday. JohnnyMopper shows up to do plumbing work, woman opens door wearing negligees — “Sorry ma’am, I’ll come back later.”",t5_vh93b,1730749298.8964632
194,r/RSIsubscriber,2565,###The Subreddit for Star Citizen's Subscribers,t5_2w3cn,1730749298.916186
195,r/Sterakdary,2565,Podcasts and Streamers,t5_uxk3i,1730749298.934309
196,r/XianglingMains,2565,Gaming,t5_38bh3l,1730749298.952227
197,r/C_cordova,2564,Celebrity,t5_aj0gh2,1730749298.9701471
198,r/FunnyVandalism,2564,Welcome to FunnyVandalism,t5_i7c9b,1730749298.98844
199,r/madiprewsnarkk,2564,Celebrity,t5_7v0tcs,1730749299.0072262
200,r/places,2564,Free movies & TV shows streaming sites,t5_2s4xo,1730749299.0267332
201,r/steamdeckdeals,2564,Gaming,t5_6drejb,1730749299.048898
202,r/USL1,2564,Sports,t5_dw5ze,1730749299.07075
203,r/BANDOFBROTHERSOFSRNE,2563,"Business, Economics, and Finance",t5_4vswwe,1730749299.091329
204,r/BreadwinningWomen,2563,Family and Relationships,t5_75rpqd,1730749299.1113129
205,r/HiveHeating,2563,Home and Garden,t5_3jaky,1730749299.131419
206,r/improvcomedy,2563,Funny/Humor,t5_2s7r8,1730749299.151577
207,r/KCCurrent,2563,Sports,t5_6gd2tc,1730749299.1715991
208,r/SlaterQuotes,2563,Welcome to SlaterQuotes,t5_ajf08c,1730749299.1916008
209,r/steezytoursnark,2563,"A snark page for tiktoker steezytour, notsteezytour, steezy2.0 Disclaimer and Fair Use Notice: The opinions expressed on this page are those of the poster and do not reflect the views of the this subreddit as a whole or the moderators. All material posted is strictly used for commentary, criticism, news reporting, or parody purposes.",t5_auc53j,1730749299.211798
210,r/UndocumentedAmericans,2563,Careers,t5_3718s,1730749299.234775
211,r/alohapos,2562,Technology,t5_2uns2,1730749299.255761
212,r/blackartwork,2562,Art,t5_3ar2c,1730749299.2759948
213,r/fcunion,2562,Sports,t5_2yjjt,1730749299.295359
214,r/GoHerping,2562,Podcasts and Streamers,t5_11nijc,1730749299.314811
215,r/IncrediboxSFSG,2562,Gaming,t5_3qa8ot,1730749299.334124
216,r/Marketing_Design,2562,"Business, Economics, and Finance",t5_2jlfoe,1730749299.3532338
217,r/omegleMe,2562,Technology,t5_aageum,1730749299.373452
218,r/Oolong,2562,"Oolong is the tea drinkers tea. The traditions that accompany Oolong are as rich and varied as the tea itself. This is a place to share, discuss, review, and learn about all things Oolong.",t5_2vbsl,1730749299.3935711
219,r/sangoproject,2562,"The Sango blockchain is a sidechain to Bitcoin, meaning that Sango is Layer-2 infrastructure with built-in Bitcoin interoperability. The Sango Blockchain is being built on top of the Bitcoin blockchain and is adding smart contracts, fast transactions and a privacy layer. Sango blockchain will provide fast, confidential transactions at low prices and access to Bitcoin's liquidity.",t5_6crkl2,1730749299.416223
220,r/SchizoFamilies,2562,Family and Relationships,t5_264m8d,1730749299.4367611
221,r/titanquest,2562,Gaming,t5_2ryrf,1730749299.457527
222,r/ADHDPH,2561,Medical and Mental Health,t5_6vckpg,1730749299.4774542
223,r/AZlandscaping,2561,Home and Garden,t5_5gavd7,1730749299.497322
224,r/CarrotOnePiece,2561,Anime,t5_4pg90q,1730749299.517231
225,r/highproteinlowcalorie,2561,Welcome to highproteinlowcalorie,t5_5v3nh3,1730749299.535394
226,r/Liv_MorganBooty,2561,Subreddit dedicated to Liv Morgan’s booty,t5_bf4a92,1730749299.553406
227,r/PlayWolverine,2561,Gaming,t5_50qr32,1730749299.571794
228,r/rebubblejerk,2561,"Business, Economics, and Finance",t5_7ci8ya,1730749299.590204
229,r/spiderpaws,2561,Animals and Pets,t5_3gbdlh,1730749299.60883
230,r/theguild3,2561,Gaming,t5_39rt1,1730749299.628447
231,r/TheVileEye,2561,Podcasts and Streamers,t5_3h1etf,1730749299.648179
232,r/AdrenalInsufficiency,2560,Medical and Mental Health,t5_32gx9,1730749299.667538
233,r/HorrorBookCovers,2560,Art,t5_4bvd32,1730749299.686367
234,r/Im17andbeatmymeat,2560,beating meat since 2019™,t5_yyppi,1730749299.704484
235,r/ThePunchlineIsSex,2560,Internet Culture and Memes,t5_76gh6n,1730749299.722927
236,r/AnnikkaJacquez,2559,Mature Themes and Adult Content,t5_4g0ibn,1730749299.740928
237,r/buttonmashersgang,2559,Meta/Reddit,t5_7lvxy2,1730749299.758789
238,r/evetech,2559,Gaming,t5_2yh7p,1730749299.7770932
239,r/pouya,2559,Music,t5_3j6q0,1730749299.797924
240,r/YuriVampires,2559,Anime,t5_12u2kr,1730749299.8172941
241,r/AustinRP,2558,Tabletop Games,t5_2slfk,1730749299.8355782
242,r/ranchocucamonga,2558,Place,t5_2t3e7,1730749299.854604
243,r/sourcandy,2558,Food and Drink,t5_30ztr,1730749299.8726668
244,r/Alastorcult,2557,Television,t5_aswohs,1730749299.891938
245,r/AllElectronicsDeals,2557,Marketplace and Deals,t5_3ec01d,1730749299.9098291
246,r/AmaPiano,2557,Music,t5_2hn3lm,1730749299.9281468
247,r/Deathknight,2557,Gaming,t5_2sfjr,1730749299.9477959
248,r/McVirgins,2557,Music,t5_2hrnrl,1730749299.967275
249,r/MedicalPhysicsMemes,2557,Medical and Mental Health,t5_26emff,1730749299.9879029
