,subreddit,subscribers,topic,subreddit_id,scraped_utc
0,r/HouseofNinjas,2494,Television,t5_aph68t,1730749354.645041
1,r/Kiara_advani_,2494,Celebrity,t5_61p76t,1730749354.6824
2,r/bevelhealth,2493,Technology,t5_9u0aqr,1730749354.718478
3,r/ChildfreePhilippines,2493,Family and Relationships,t5_6ohrzb,1730749354.7650151
4,r/DestinyLeaks,2493,Gaming,t5_37vdo,1730749354.818485
5,r/eugbst,2493,Place,t5_512kee,1730749354.884437
6,r/Freedom,2493,Activism,t5_2qic7,1730749354.9436202
7,r/Gahanna,2493,Place,t5_2w6jn,1730749354.9915671
8,r/garridies,2493,Parodies of Ben Garrison's political cartoons,t5_3kcxt,1730749355.034563
9,r/generationstation,2493,"Culture, Race, and Ethnicity",t5_54ytpa,1730749355.0732238
10,r/IndiaInTwenties,2493,"Culture, Race, and Ethnicity",t5_5swqsz,1730749355.211931
11,r/OkcunnyTrailblazer,2493,Mature Themes and Adult Content,t5_acpiyu,1730749355.2605429
12,r/Pendragon,2493,"Reading, Writing, and Literature",t5_2tbt2,1730749355.3278039
13,r/Pragmatism,2493,Activism,t5_2qq0r,1730749355.382582
14,r/SFWSundresses,2493,A place to show off your Sundresses in a Safe For Work way,t5_91de31,1730749355.424921
15,r/AliciaKeys,2492,Music,t5_2v505,1730749355.463422
16,r/AquaFPS,2492,Podcasts and Streamers,t5_3hm99,1730749355.507091
17,r/DeadKennedys,2492,Music,t5_2usmv,1730749355.5590668
18,r/derSchutze,2492,Fashion,t5_ssr3t,1730749355.5970318
19,r/destinyknot,2492,Welcome to /r/DestinyKnot! This is a subreddit for Pokémon fans to exchange Pokémon to speed up breeding!,t5_2yw9q,1730749355.63214
20,r/Hawaiianmormonsnark,2492,Podcasts and Streamers,t5_6qt230,1730749355.66907
21,r/Prescription_Drugs,2492,"This subreddit is intended for discussion about the risks, legalities and concerns about buying prescription drugs online Not intended for transactions. However, links to shops may get posted which could make for the basis of a discussion",t5_3my3d,1730749355.7038631
22,r/UnitedWorldCollege,2492,Learning and Education,t5_2s9yl,1730749355.73692
23,r/Vitruvian_Form,2492,Fitness and Nutrition,t5_3hced4,1730749355.768245
24,r/Athena,2491,Religion and Spirituality,t5_2vif5,1730749355.7999501
25,r/hoggies,2491,Animals and Pets,t5_2kn95s,1730749355.8682141
26,r/WTFMusicVideos,2491,Music,t5_2r2yj,1730749355.903295
27,r/delusionalfacebook,2490,"Anything on the Facebook Marketplace that is definitely not worth the money they're asking, goes here.",t5_3lz0c,1730749355.9420822
28,r/FellowKidsDoneRight,2490,Internet Culture and Memes,t5_30j8dc,1730749355.981359
29,r/hannahstellaO2,2490,Celebrity,t5_6rtkez,1730749356.029067
30,r/HistoryofSwitzerland,2490,History,t5_4ivvgz,1730749356.0709
31,r/VexillologyGore,2490,"This subreddit is for flags that are unironically awful. Did you find a flag that not only fails to accurately represent something, but fails at looking presentable? Perfect!",t5_3kcnc,1730749356.112243
32,r/dust514,2489,Gaming,t5_2sh6s,1730749356.154531
33,r/lapatronakc,2489,Welcome to lapatronakc,t5_52sa8a,1730749356.1918259
34,r/PaganMarketplace,2489,Marketplace and Deals,t5_3ed27,1730749356.246463
35,r/PreWarBlues,2489,Music,t5_2vw9k,1730749356.3001149
36,r/UpvotedBecausePanties,2489,Mature Themes and Adult Content,t5_91t0a5,1730749356.33793
37,r/VenomMovie,2489,Movies,t5_31mnm,1730749356.375991
38,r/awwPitFree,2488,awwPitFree,t5_272kg8,1730749356.410311
39,r/cinepalomitas,2488,Movies,t5_nat5m,1730749356.44466
40,r/GIJoeCS,2488,Hobbies,t5_2sf39z,1730749356.478967
41,r/GilgitBaltistan,2488,Place,t5_3b5iy,1730749356.510924
42,r/HeidiDamelioFans,2488,Post your favorite pics and vids of Heidi.,t5_90v4mb,1730749356.5428338
43,r/Indian_AI_Girls,2488,Share AI generated images of Indian girls and women [SFW+NSFW].,t5_9dppi5,1730749356.573876
44,r/ingles,2488,Learning and Education,t5_3071s,1730749356.605118
45,r/lapd,2488,Careers,t5_2smyp,1730749356.635531
46,r/MurderDronesFanart,2488,Television,t5_80pwww,1730749356.734401
47,r/nba2k17,2488,Gaming,t5_30a2w,1730749356.770587
48,r/NicoleMainesWorship,2488,Celebrity,t5_35uzk7,1730749356.806989
49,r/SamsungThemes,2488,A place to discuss anything Samsung Theme related.,t5_j9p97,1730749356.849134
50,r/ScandinavianHomes,2488,Home and Garden,t5_46tkn0,1730749356.8927622
51,r/WLOP,2488,Art,t5_2pdyga,1730749356.930708
52,r/angrierupvote,2487,For upvotes that are even angrier than r/angryupvote,t5_29rv9b,1730749356.968277
53,r/enrolledagent,2487,Careers,t5_5x8gsw,1730749356.995401
54,r/jacimariesnark,2487,Podcasts and Streamers,t5_6tit0s,1730749357.0205529
55,r/KaitlinArmstrong,2487,Law,t5_6mj6bc,1730749357.0422552
56,r/MagicalWorlds,2487,Art,t5_2zn0rk,1730749357.063849
57,r/MissingTrinaHunt,2487,Law,t5_46ac8t,1730749357.0850182
58,r/RPGStuck,2487,Tabletop Games,t5_37dmy,1730749357.106892
59,r/virtuality,2487,Technology,t5_2sriu,1730749357.125967
60,r/ACNHGifts,2486,Gaming,t5_7sbmh7,1730749357.147676
61,r/animeangels,2486,Anime,t5_2y6x0,1730749357.169346
62,r/breakcoreproduction,2486,"Chopping breaks, five or six at a time. A subreddit for tips, tutorials, advice on breakcore production. This subreddit is not for self promo, it's main focus is to ask questions about Breakcore Production, Tutorials and info on advance techniques. any feedback on your tracks must be a text post, if not, your post will be removed.",t5_pjc09,1730749357.196652
63,r/dualtron,2486,Technology,t5_r7c7m,1730749357.21908
64,r/footballcardsFT,2486,Sports,t5_2t6dbh,1730749357.240622
65,r/SWLostCenturia,2486,Gaming,t5_x0kbp,1730749357.2619588
66,r/dating_usa_canada_uk,2485,Welcome to dating_usa_canada_uk,t5_9jt73o,1730749357.2832088
67,r/MonthlyIdol,2485,Gaming,t5_4yt545,1730749357.3027258
68,r/passepartout,2485,Technology,t5_q0l36,1730749357.322549
69,r/ADP,2484,"Business, Economics, and Finance",t5_2t69x,1730749357.341842
70,r/asteroid,2484,Science,t5_2qhti,1730749357.361734
71,r/auxlycannabis,2484,"Business, Economics, and Finance",t5_3jhs1k,1730749357.381037
72,r/bravefrontier2,2484,Gaming,t5_3i5rh,1730749357.400307
73,r/djdimplenippleneww,2484,Podcasts and Streamers,t5_9ci7cm,1730749357.4192371
74,r/highjump,2484,Sports,t5_2sr96,1730749357.439931
75,r/KillerQueen,2484,Gaming,t5_2qj85,1730749357.45891
76,r/LuxeFashion_NatFibers,2484,Fashion,t5_8c8rd5,1730749357.478955
77,r/SexySouthAfrica,2484,Showcasing the beauty of South Africa through pictures. No NSFW content please.,t5_2yv8d,1730749357.5440068
78,r/88EnergyLTD,2483,"Business, Economics, and Finance",t5_43q585,1730749357.582944
79,r/ZSAN,2483,"Business, Economics, and Finance",t5_3sr0fk,1730749357.608209
80,r/ZunaCoin,2483,Crypto,t5_4ygct3,1730749357.635068
81,r/imsodlitefultv,2482,Welcome to imsodlitefultv,t5_816va5,1730749357.659847
82,r/InstantNoodles,2482,Food and Drink,t5_2vbi4,1730749357.6840389
83,r/lostx4redditors,2482,Internet Culture and Memes,t5_q01ie,1730749357.708176
84,r/NFLHeadCoachSeries,2482,Gaming,t5_3q0grk,1730749357.7340631
85,r/2020sstudyabroad,2481,Learning and Education,t5_507ax7,1730749357.763799
86,r/Friendsatthetable,2481,Podcasts and Streamers,t5_3eljr,1730749357.791838
87,r/IndianCelebHeat,2481,Celebrity,t5_au18wd,1730749357.821588
88,r/RiseofMordor,2481,Gaming,t5_2ymjhf,1730749357.852448
89,r/TerraBattle,2481,Gaming,t5_33ih6,1730749357.880028
90,r/Vanne_Amador,2481,Vanne amador 🔥💦,t5_5vldxv,1730749358.0332649
91,r/FateExtra,2480,Gaming,t5_3a833,1730749358.3816252
92,r/gabstergurly,2480,Celebrity,t5_6e4s7b,1730749358.4170392
93,r/Infect,2480,Tabletop Games,t5_391l2,1730749358.449423
94,r/krisjennerr,2480,Celebrity,t5_6u5vhy,1730749358.485091
95,r/MakeupBag,2480,Beauty and Makeup,t5_23vgm6,1730749358.519686
96,r/OsamuSato,2480,Music,t5_39zua,1730749358.564235
97,r/tiktokleahnicole,2480,Mature Themes and Adult Content,t5_6whojg,1730749358.594477
98,r/vindictablack,2480,Beauty and Makeup,t5_aqd5o9,1730749358.630678
99,r/AtlantaBarters,2479,Marketplace and Deals,t5_2tx2s,1730749358.662596
100,r/babynetflix,2479,Television,t5_skye6,1730749358.737622
101,r/CataractSurgery,2479,Medical and Mental Health,t5_4hixcu,1730749358.8698292
102,r/changemanagement,2479,Careers,t5_2yvj6,1730749358.891666
103,r/dtgprinting,2479,Crafts and DIY,t5_35cq8,1730749358.9304929
104,r/flagfootball,2479,Sports,t5_2s7wt,1730749358.952136
105,r/GonewiththeWind,2479,"Reading, Writing, and Literature",t5_2vxm2,1730749358.973632
106,r/imaginarystephenking,2479,Imaginary Stephen King,t5_3f2ta,1730749358.993053
107,r/IntotheWild,2479,Movies,t5_2wa9a,1730749359.014879
108,r/lehrerzimmer_iel,2479,Internet Culture and Memes,t5_7pmhj2,1730749359.0359318
109,r/MikaMains,2479,Gaming,t5_6pm2v1,1730749359.056702
110,r/MistaGG,2479,Podcasts and Streamers,t5_y7pfv,1730749359.076941
111,r/murders,2479,Law,t5_2uszz,1730749359.096437
112,r/PhobiesGame,2479,Gaming,t5_5nhizv,1730749359.116113
113,r/walkthrough,2479,Gaming,t5_2t1ax,1730749359.134769
114,r/Aalto,2478,Learning and Education,t5_31315,1730749359.153549
115,r/affiliatedeals,2478,The place where people are motivated to post good deals. r/affiliatedeals,t5_2c2hsy,1730749359.1757052
116,r/ATOTO,2478,Technology,t5_4w6bk7,1730749359.19537
117,r/BigEast,2478,Sports,t5_2v823,1730749359.218631
118,r/brag,2478,Internet Culture and Memes,t5_2ryv8,1730749359.245186
119,r/GuardiansOfAzeroth,2478,Gaming,t5_13u3xj,1730749359.267595
120,r/music_lovers,2478,We share the latest trending Music here on this reddit!!,t5_4lmbs7,1730749359.2900522
121,r/biz,2477,Crypto,t5_2qvt3,1730749359.314124
122,r/CitadelLLC,2477,"Business, Economics, and Finance",t5_3tu7k1,1730749359.335093
123,r/EndlessDungeonGame,2477,Gaming,t5_3jjp1l,1730749359.35476
124,r/kastaplast,2477,Hobbies,t5_xpt5b,1730749359.3739688
125,r/OxfordShooting2,2477,Law,t5_5gx5rm,1730749359.394562
126,r/TheLastFaith,2477,Gaming,t5_2t0q5l,1730749359.415605
127,r/HackverseAnonymous,2476,Podcasts and Streamers,t5_8at13k,1730749359.4353468
128,r/robloxstock,2476,"Business, Economics, and Finance",t5_407tl9,1730749359.454485
129,r/Roraima,2476,"O r/Roraima é o lar do povo macuxi no Reddit! Um sub envolvendo tudo do estado de Roraima – crie, compartilhe, promova ou discuta sobre qualquer coisa relacionada ao dia-a-dia de quem escolheu esse lugar para viver e ser feliz!",t5_2xnrg,1730749359.475172
130,r/TsunamiVideos,2476,Science,t5_3e8ug,1730749359.493759
131,r/chadchad,2475,Podcasts and Streamers,t5_4ng70g,1730749359.513352
132,r/GetFreeEbooks,2475,"Reading, Writing, and Literature",t5_231l6c,1730749359.5385358
133,r/HinaKhanHot,2475,Celebrity,t5_480tgi,1730749359.616928
134,r/shutupandbuildthis,2475,Welcome to shutupandbuildthis,t5_2shg1,1730749359.6441522
135,r/Textbook_request_,2475,Learning and Education,t5_aomrz0,1730749359.669034
136,r/banktivity,2474,"Business, Economics, and Finance",t5_3m5mx,1730749359.69439
137,r/DateNightPrep,2474,Family and Relationships,t5_amznic,1730749359.7170858
138,r/FirstKill,2474,Television,t5_39ftv3,1730749359.736972
139,r/firstpage,2474,"Reading, Writing, and Literature",t5_2rujr,1730749359.7554529
140,r/INFP_Mediators,2474,A subreddit community for INFP personalities but all types are welcome :),t5_3niwk,1730749359.7733288
141,r/microgalaxysquadron,2474,Hobbies,t5_6hb1t1,1730749359.791138
142,r/Programmanagement,2474,Programme Management subjects,t5_wvp85,1730749359.809163
143,r/TherapistsInTherapy,2474,"A reddit community for psychotherapists with their own mental health struggles and/or are in therapy themselves. Please be mindful of the following rules: 1. Only join this community if you are a therapist (grad student, masters level, or doctoral level) 2. DO NOT share any identifying information of your clients. You will be banned. 3. This community or related threads are not a substitute for medical or mental healthcare. 4. Be respectful -- we're all adults here, so use your judgment.",t5_5xh1yd,1730749359.8288
144,r/VetoProPac,2474,Hobbies,t5_3yvmuo,1730749359.849819
145,r/barrafaeli,2473,Celebrity,t5_2uan1,1730749359.868853
146,r/DisneyMK,2473,Travel,t5_jrmy5,1730749359.88833
147,r/icataa,2473,Mature Themes and Adult Content,t5_8fk7d0,1730749359.908159
148,r/ImaginaryArtisans,2473,"Art featuring artisans, tradesmen, craftsmen and skilled laborers.",t5_3i9eo,1730749359.927097
149,r/kiantianinaa,2473,Welcome to kiantianinaa,t5_7s7x9f,1730749359.945837
150,r/KpopPeaches,2473,Celebrity,t5_apd4sy,1730749359.964671
151,r/LethalDesign,2473,Technology,t5_d9b6n,1730749359.983244
152,r/Littlewargame,2473,Gaming,t5_2zy4x,1730749360.003635
153,r/SalinTempel,2473,Internet Culture and Memes,t5_5rgj6f,1730749360.024033
154,r/scalemodels,2473,Hobbies,t5_355je,1730749360.04279
155,r/TheLibertines,2473,Music,t5_2tmxj,1730749360.061304
156,r/twitchCuties,2473,Mature Themes and Adult Content,t5_955z05,1730749360.080935
157,r/CrazedComics,2472,"This subreddit is for all of those readers who have a wide range of sense of humor. You can submit any type of comic whether it's your own or whether you feel a comic should belong here. In this subreddit, any type of humor is exepted. Remember: They're just jokes. Remember to spread the word, whether it be to classmates, roomates, collegues, or even through comment sections in other subreddits.",t5_2vys5,1730749360.0994182
158,r/KathyZheng,2472,Kathy Zheng https://www.instagram.com/kathyyymm/,t5_11y39b,1730749360.117785
159,r/MNJobs,2472,"Post flair is required for all posts. Use ""Hiring"" for job opening posts and ""For Hire"" if you are someone looking for employment. /r/MNJobs is just for people directly posting or directly seeking jobs in Minnesota. Spamming links or posting jobs not specific to Minnesota is against the rules and will result in a ban.",t5_2suol,1730749360.1371882
160,r/PawsitiveVibesOnly,2472,Animals and Pets,t5_azt9ff,1730749360.1560729
161,r/pecsCity,2472,Place,t5_g4jfp,1730749360.177891
162,r/projectceleste,2472,Gaming,t5_3mwfo,1730749360.1970298
163,r/ps90,2472,Mature Themes and Adult Content,t5_38b3a,1730749360.216916
164,r/simplydogs,2472,"Dog pics, Dog Gifs, Dog videos, Dog cartoons, Dog memes, Dog comics. All dog visuals. Puppers too. Cute or not, sweet or not, completely normal or not. Simply dogs.",t5_3ibsm,1730749360.236186
165,r/Soto,2472,Religion and Spirituality,t5_2t24e,1730749360.256587
166,r/AdamMockler,2471,Internet Culture and Memes,t5_al5a1m,1730749360.275912
167,r/AMCexamForIMGs,2471,Learning and Education,t5_9o8wve,1730749360.295719
168,r/BustedGifs,2471,"A place for all things getting busted. As a statement on the treatment of moderators by Reddit administrators, as well as a lack of communication and proper moderation tools, /r/BustedGifs has decided to go private for the time being. See https://www.reddit.com/r/OutOfTheLoop/comments/3bxduw/why_was_riama_along_with_a_number_of_other_large/ for more info.",t5_2zors,1730749360.314665
169,r/Celestron,2471,Hobbies,t5_3cglz,1730749360.335413
170,r/DC20,2471,Tabletop Games,t5_9miunv,1730749360.354486
171,r/DeroProject,2471,Crypto,t5_fu4jn,1730749360.37357
172,r/hotasianwife,2471,A place to share our asian wives and girlfriends,t5_6uweey,1730749360.392361
173,r/nifjehejd,2471,Funny/Humor,t5_53eqdu,1730749360.4109461
174,r/print,2471,Art,t5_2qlsn,1730749360.4297442
175,r/Testimony4Christ,2471,Religion and Spirituality,t5_6j038e,1730749360.449068
176,r/D2Builds,2470,Gaming,t5_2s58dk,1730749360.468419
177,r/EmberKnights,2470,Gaming,t5_3imhy7,1730749360.487885
178,r/EnbyandChill,2470,Gender,t5_4grqdy,1730749360.506562
179,r/MattandAbbySnarkk,2469,Podcasts and Streamers,t5_7llrlt,1730749360.5260448
180,r/reasonml,2469,Programming,t5_3fcct,1730749360.5454311
181,r/StrangeMars,2469,Just a place where we can go to talk about Mars! Or things to made look like Mars! Or even Mars Bars!,t5_6cygca,1730749360.564948
182,r/TheBukuProject,2469,Music,t5_360ox,1730749360.583894
183,r/unexpectedpewdiepie,2469,This subreddit is for PewDiePie references not found on r/PewDiePieSubmissions,t5_m80od,1730749360.602435
184,r/Yuric_inc,2469,Art,t5_4ly0ue,1730749360.621592
185,r/Bfme2,2468,Gaming,t5_2zrxn,1730749360.64082
186,r/EpicGamesHelp,2468,Gaming,t5_36vg4g,1730749360.659901
187,r/facebiters,2468,Post pics and videos of animals playing and biting faces,t5_6pj65u,1730749360.6793752
188,r/nynorsk,2468,Learning and Education,t5_2uupv,1730749360.698656
189,r/PUBGMobileMemes,2468,Welcome to PUBGMobileMemes,t5_igv62,1730749360.716945
190,r/Riverrununcensored,2468,Off-road parks and rallys anything you can’t put on FB,t5_5wmpjl,1730749360.7349162
191,r/SpookySwap,2468,Crypto,t5_49ct3d,1730749360.753354
192,r/Stimpee,2468,Celebrity,t5_m39ij,1730749360.771743
193,r/Vroom,2468,Marketplace and Deals,t5_2s2re,1730749360.793642
194,r/ADHDprofessionals,2467,Medical and Mental Health,t5_6r6wcc,1730749360.8137522
195,r/AlphaSmart,2467,Technology,t5_2xmjr,1730749360.833195
196,r/AtlanticFirearms,2467,"A place to talk guns, check out some sales, post your collection, and ask questions. We love firearms and we want to talk about them!",t5_7h9p6l,1730749360.851549
197,r/light,2467,Science,t5_2r02t,1730749360.8696818
198,r/objectmanipulation,2467,Hobbies,t5_2sgmk,1730749360.8891468
199,r/solving_reddit_codes,2467,Subreddit for codes like A858 or 32865 that don't have their own subreddits.,t5_32k5k,1730749360.90801
200,r/StockBreakouts,2467,"Business, Economics, and Finance",t5_5dz45a,1730749360.926445
201,r/Troubleshooting,2467,Technology,t5_2ropv,1730749360.944808
202,r/YourEntireStock,2467,Gaming,t5_zh744,1730749360.963113
203,r/arrived,2466,"Business, Economics, and Finance",t5_28py3o,1730749360.981753
204,r/GirlGames,2466,Gaming,t5_2t50x,1730749360.999681
205,r/LibraryDisplays,2466,"Fun, creative, interesting and innovative displays from your local library.",t5_34nff,1730749361.017906
206,r/MarketingJobs,2466,The purpose of this subreddit is to connect marketing job seekers with companies seeking to fill open marketing positions or recruiters looking to place marketing professionals.,t5_38k7z,1730749361.037122
207,r/PlayBlankos,2466,Gaming,t5_p5vl1,1730749361.055425
208,r/roastthecameraman,2466,"For comments on /r/RoastMe that roast the person taking the photo, not the Roastee.",t5_121l8z,1730749361.074176
209,r/RoyalGossip,2466,Celebrity,t5_36r8du,1730749361.0926871
210,r/victorylight,2466,Podcasts and Streamers,t5_9ooynp,1730749361.111645
211,r/abovethetreetops,2465,"Business, Economics, and Finance",t5_6achvd,1730749361.1295202
212,r/AlwaysPauseAvatar,2465,Anime,t5_31v5w8,1730749361.146993
213,r/appreciatewatersheep,2465,we like water sheep viva la revolution soundcloud for the boys: https://soundcloud.com/user-564541876,t5_1p4dtz,1730749361.1645591
214,r/aretheNTokay,2465,Medical and Mental Health,t5_6izka5,1730749361.187534
215,r/BellaTwinsBellaArmy,2465,"Any posts of The Bella Twins looking hot, in victory or defeat.",t5_2my411,1730749361.208097
216,r/DigitalinsurancePh,2465,"Business, Economics, and Finance",t5_b82x1c,1730749361.227031
217,r/FiberandTextileArts,2464,Art,t5_5lsbdj,1730749361.2453408
218,r/HPFanficRecs,2464,"Reading, Writing, and Literature",t5_576fr9,1730749361.2645462
219,r/Keith,2464,Internet Culture and Memes,t5_2qm5h,1730749361.28999
220,r/KirkCousins,2464,"The official sub for Kirk Cousins, NFL Quarterback and guy who doesn't cheat on his wife.",t5_3b47j,1730749361.31252
221,r/MoonfitFanpage,2464,Just a fan of @moon.fit_ Make sure to follow her on ig. ❤️❤️❤️,t5_3y4qbx,1730749361.3335402
222,r/nflallday,2464,Sports,t5_5dv2z0,1730749361.3535318
223,r/PaidTabs,2464,Marketplace and Deals,t5_s6rik,1730749361.373354
224,r/SrpskaIstorija,2464,History,t5_34bepg,1730749361.3920388
225,r/temu_ads,2464,Funny/Humor,t5_8izcpv,1730749361.411387
226,r/vid,2464,Internet Culture and Memes,t5_2qh43,1730749361.433577
227,r/Barreling,2463,Hobbies,t5_2zlyz,1730749361.455798
228,r/bsmd,2463,Learning and Education,t5_2zja3,1730749361.4755452
229,r/Colosseum,2463,Gaming,t5_7jbbx3,1730749361.4954581
230,r/DebbieHarry,2463,Music,t5_33s19,1730749361.515538
231,r/DisneyMusic,2463,Music,t5_2vd6d,1730749361.535137
232,r/okbuddyviltrum,2463,Television,t5_8g02o2,1730749361.5549061
233,r/Pinterestmarketing,2463,"r/PinterestMarketing is a community for experienced and aspiring marketers to discuss, debate and share tips related to marketing on Pinterest. Come join the fun!",t5_3n56u,1730749361.5781288
234,r/scrapclicker,2463,Gaming,t5_3iaw6,1730749361.599478
235,r/soyeon,2463,Music,t5_35rx2,1730749361.619023
236,r/Twenty20autoflowers,2463,Home and Garden,t5_3runv1,1730749361.6389
237,r/usaf,2463,Military,t5_2sfdo,1730749361.658391
238,r/xcpng,2463,Technology,t5_o0rwk,1730749361.6793559
239,r/FAT32peoplehate,2462,Technology,t5_38qdn,1730749361.70182
240,r/GarageSales,2462,"A place to share your great finds from garage sales, share tips on how to have the most success, advertise your future sales, and talk deals!",t5_2uoen,1730749361.725214
241,r/ittihatveterakkii,2462,History,t5_al092h,1730749361.745954
242,r/LokiHandheld,2462,Gaming,t5_6f7ilb,1730749361.765342
243,r/NewDM,2462,Tabletop Games,t5_1285wh,1730749361.785391
244,r/oreshura,2462,Anime,t5_2wsru,1730749361.805835
245,r/RescueHISurfonFOX,2462,"Rescue: HI-Surf, is an action-packed drama that follows the personal and professional lives of the heavy-water lifeguards who patrol and protect the North Shore of Oahu - the most famous and dangerous stretch of coastline in the world. Each episode features these dedicated, heroic, and adrenaline-seeking first-responders saving lives in the difficult and often life-threatening conditions of Hawaii's Seven Mile Miracle.",t5_8zyqs7,1730749361.830559
246,r/rstatsmemes,2462,"R Memes for Statistical Fiends is a subreddit dedicated to Statistics with R. For mathematicians, statisticians, social scientists and econometricians who use R. If you use SAS, STATA, SPSS, EViews, Minitab or (dare I say it) Excel you may or may not find any joy here.",t5_3m01b,1730749361.855551
247,r/Selena_Gomez,2462,Music,t5_33wp4,1730749361.877982
248,r/tractorsupply,2462,Careers,t5_31n1w,1730749361.900104
249,r/2appalachian4you,2461,Internet Culture and Memes,t5_59xrb9,1730749361.921088
