,subreddit,subscribers,topic,subreddit_id,scraped_utc
0,r/GeForceNOW,113518,Gaming,t5_3a2md,1730746027.030297
1,r/watchesindia,113476,Fashion,t5_442tqe,1730746027.051987
2,r/talk_hunfluencers,113474,Celebrity,t5_4z0z2u,1730746027.070643
3,r/chicagofood,113397,Food and Drink,t5_2s9qq,1730746027.08933
4,r/ENFP,113369,Ethics and Philosophy,t5_2r4yi,1730746027.107828
5,r/greenday,113346,Music,t5_2snhx,1730746027.134191
6,r/slavs_squatting,113345,Internet Culture and Memes,t5_2vo7d,1730746027.1528609
7,r/satanism,113321,Religion and Spirituality,t5_2qqve,1730746027.1717298
8,r/vfx,113293,Art,t5_2qhfw,1730746027.190611
9,r/Buffalo,113257,Place,t5_2qi6i,1730746027.209323
10,r/2000sNostalgia,113250,History,t5_2t5hx,1730746027.2772899
11,r/Semaglutide,113167,Medical and Mental Health,t5_3zc11u,1730746027.29636
12,r/okbuddybaldur,113152,Gaming,t5_alaj9l,1730746027.325995
13,r/GetMoreViewsYT,113099,Podcasts and Streamers,t5_37nzq,1730746027.344827
14,r/xxketo,113032,Women's Health,t5_2u80h,1730746027.3635929
15,r/IceFishing,113024,Hobbies,t5_2s9vx,1730746027.383412
16,r/genetics,112960,Science,t5_2qi3y,1730746027.4023669
17,r/Dirtbikes,112943,Cars and Motor Vehicles,t5_2tv1y,1730746027.4221928
18,r/Purrito,112939,Animals and Pets,t5_369d6,1730746027.441427
19,r/stolendogbeds,112924,Animals and Pets,t5_2t2ug,1730746027.4613261
20,r/hawks,112920,Sports,t5_2rhes,1730746027.481014
21,r/Microbiome,112829,Science,t5_2x8bh,1730746027.502003
22,r/step1,112791,Learning and Education,t5_37lrc,1730746027.520747
23,r/Colognes,112770,Beauty and Makeup,t5_2vbb3,1730746027.53937
24,r/BLAHAJ,112734,Internet Culture and Memes,t5_fnopk,1730746027.55807
25,r/vuejs,112674,Programming,t5_38jhw,1730746027.577313
26,r/lithuania,112668,Place,t5_2qj20,1730746027.597248
27,r/Amigurumi,112654,Hobbies,t5_2rreg,1730746027.6163578
28,r/starwarscollecting,112653,Hobbies,t5_2zgrw,1730746027.635099
29,r/Ceramics,112614,Crafts and DIY,t5_2sk72,1730746027.653717
30,r/workingmoms,112588,Careers,t5_2yusr,1730746027.6723158
31,r/BassGuitar,112554,Music,t5_2qrky,1730746027.691051
32,r/DealsReddit,112512,Marketplace and Deals,t5_2sgx0,1730746027.709692
33,r/Rowing,112501,Sports,t5_2qljq,1730746027.7285812
34,r/bigseo,112476,Technology,t5_2wjav,1730746027.7471192
35,r/WarframeRunway,112444,Gaming,t5_37rrb,1730746027.766059
36,r/Gloomhaven,112423,Tabletop Games,t5_3hpmt,1730746027.784904
37,r/ccna,112405,Learning and Education,t5_2qjhh,1730746027.803542
38,r/XGramatikInsights,112340,"Business, Economics, and Finance",t5_9b8g75,1730746027.8225799
39,r/esConversacion,112211,Meta/Reddit,t5_67rvuo,1730746027.841967
40,r/GolfGTI,112206,Cars and Motor Vehicles,t5_2tzrn,1730746027.8605309
41,r/DaysGone,112174,Gaming,t5_3born,1730746027.8793228
42,r/vinyljerk,112129,Music,t5_2t2mx,1730746027.896985
43,r/ElectroBOOM,112093,Podcasts and Streamers,t5_3a9zj,1730746027.91507
44,r/legodeal,112067,Marketplace and Deals,t5_2ya9f,1730746027.932928
45,r/truezelda,111938,Gaming,t5_2tfzp,1730746027.954023
46,r/MicroFishing,111925,Hobbies,t5_2vj6i,1730746027.971903
47,r/ApexUncovered,111921,Gaming,t5_266pd9,1730746027.989283
48,r/BostonBruins,111911,Sports,t5_2rmt9,1730746028.006758
49,r/religion,111846,Religion and Spirituality,t5_2qh39,1730746028.0242171
50,r/VeganBaking,111829,Food and Drink,t5_2ttgx,1730746028.041663
51,r/coupons,111826,Marketplace and Deals,t5_2qt5n,1730746028.059059
52,r/Judaism,111795,Religion and Spirituality,t5_2qi67,1730746028.076737
53,r/F1NN5TER,111776,Podcasts and Streamers,t5_2gs3k7,1730746028.0940979
54,r/AWSCertifications,111766,Learning and Education,t5_3hwkz,1730746028.1114051
55,r/Cinema4D,111744,Art,t5_2roi3,1730746028.1288488
56,r/DamnNatureYouScary,111743,Outdoors and Nature,t5_2sr1g,1730746028.148632
57,r/Notakeonlythrow,111736,Animals and Pets,t5_3hdzt,1730746028.166564
58,r/Apartmentliving,111697,Home and Garden,t5_2quq5,1730746028.1843112
59,r/italianlearning,111661,Learning and Education,t5_2tuxf,1730746028.2015948
60,r/ethdev,111659,Crypto,t5_39dcn,1730746028.218997
61,r/torties,111658,Animals and Pets,t5_2tt9j,1730746028.236489
62,r/FixedGearBicycle,111655,Sports,t5_2qo7a,1730746028.25414
63,r/dehydrating,111637,Food and Drink,t5_2tl8t,1730746028.271679
64,r/gameDevClassifieds,111616,"Business, Economics, and Finance",t5_2sg66,1730746028.28898
65,r/DisneyWorld,111562,Travel,t5_2qik0,1730746028.306497
66,r/chappellroan,111550,Music,t5_6d35ad,1730746028.323791
67,r/Africa,111479,Place,t5_2qh1p,1730746028.341154
68,r/Louisville,111413,Place,t5_2qqvg,1730746028.358436
69,r/algeria,111272,Place,t5_2qihd,1730746028.375982
70,r/ProjectSekai,111264,Anime,t5_273uao,1730746028.394506
71,r/LowStakesConspiracies,111246,Internet Culture and Memes,t5_23x4nb,1730746028.4129002
72,r/algorithms,111141,Programming,t5_2qj1c,1730746028.43051
73,r/ptsd,111103,Trauma Support,t5_2qm0x,1730746028.4484391
74,r/verizon,111074,Technology,t5_2raz5,1730746028.466146
75,r/tinyanimalsonfingers,111036,Animals and Pets,t5_2yhge,1730746028.483618
76,r/DarthJarJar,111019,Movies,t5_3akza,1730746028.50109
77,r/Gifts,110814,Marketplace and Deals,t5_2qkj0,1730746028.5186949
78,r/Catan,110807,Tabletop Games,t5_2s48q,1730746028.536007
79,r/Nioh,110773,Gaming,t5_39y47,1730746028.553652
80,r/2sentence2horror,110736,Internet Culture and Memes,t5_52ly8h,1730746028.571319
81,r/livesound,110702,Careers,t5_2remi,1730746028.589499
82,r/ASUS,110658,Technology,t5_2s2sp,1730746028.608245
83,r/MarriedAtFirstSight,110632,Television,t5_32lsa,1730746028.626722
84,r/Tennessee,110584,Place,t5_2qy2y,1730746028.645371
85,r/teenmom,110565,Television,t5_2uw5s,1730746028.6641788
86,r/HuTao_Mains,110540,Gaming,t5_3jtm62,1730746028.682743
87,r/unpopularkpopopinions,110513,Music,t5_gsxgd,1730746028.701449
88,r/deftones,110503,Music,t5_2rmlk,1730746028.7199519
89,r/engineeringmemes,110430,Internet Culture and Memes,t5_2vl6u,1730746028.738973
90,r/samharris,110351,Politics,t5_2thqg,1730746028.757525
91,r/Menopause,110332,Women's Health,t5_2scp5,1730746028.7763069
92,r/OnlyfansForTheFree,110277,Mature Themes and Adult Content,t5_540hkk,1730746028.794933
93,r/humblebundles,110241,Gaming,t5_2xbzi,1730746028.81376
94,r/Multicopter,110221,Technology,t5_2u9hy,1730746028.8325171
95,r/GoodAssSub,110121,Music,t5_67n60j,1730746028.8524318
96,r/alexa,110120,Technology,t5_2qtg6,1730746028.8714502
97,r/AverageBattlestations,110120,Gaming,t5_2tymj,1730746028.8901188
98,r/ShareYourSelfie,110077,Beauty and Makeup,t5_9jxvcg,1730746028.9087548
99,r/sbeve,109896,Internet Culture and Memes,t5_vg5n4,1730746028.927902
100,r/bichinhos,109880,Animals and Pets,t5_7k5plu,1730746028.946604
101,r/assjob_,109863,Mature Themes and Adult Content,t5_7b0ows,1730746028.9653819
102,r/AsianParentStories,109782,Family and Relationships,t5_2u8j6,1730746029.0121589
103,r/weightwatchers,109779,Fitness and Nutrition,t5_2rhqy,1730746029.4010031
104,r/NBA_Draft,109718,Sports,t5_2zstt,1730746029.422706
105,r/vintageaudio,109713,Technology,t5_2svvy,1730746029.4420748
106,r/fosscad,109708,Mature Themes and Adult Content,t5_31t0k,1730746029.4617212
107,r/Gaming4Gamers,109683,Gaming,t5_2x2wj,1730746029.4817102
108,r/AssassinsCreedValhala,109669,Gaming,t5_2mdbqf,1730746029.50836
109,r/TheRaceTo10Million,109652,"Business, Economics, and Finance",t5_4jsist,1730746029.527273
110,r/DisneyEyes,109626,Animals and Pets,t5_3f452,1730746029.546057
111,r/ImaginaryDragons,109593,Art,t5_2xz43,1730746029.5645618
112,r/cemu,109566,Gaming,t5_3abej,1730746029.5830731
113,r/WomensSoccer,109433,Sports,t5_2sr4p,1730746029.643171
114,r/HarryPotterBooks,109412,"Reading, Writing, and Literature",t5_2zc4g,1730746029.6639302
115,r/swoleacceptance,109385,Fitness and Nutrition,t5_2u673,1730746029.690424
116,r/Luthier,109381,Music,t5_2rxqu,1730746029.729223
117,r/blackfriday,109361,Marketplace and Deals,t5_2qono,1730746029.749557
118,r/londonontario,109327,Place,t5_2rds8,1730746029.769978
119,r/Smilepleasse,109326,Internet Culture and Memes,t5_7unw9n,1730746029.790325
120,r/ScenesFromAHat,109301,Funny/Humor,t5_2sdfc,1730746029.8106701
121,r/90sHipHop,109300,Music,t5_2u3gx,1730746029.831197
122,r/steelseries,109296,Technology,t5_2stg0,1730746029.8511958
123,r/FacebookAds,109286,"Business, Economics, and Finance",t5_2yoxx,1730746029.8716779
124,r/goodmythicalmorning,109282,Podcasts and Streamers,t5_2w24y,1730746029.891702
125,r/Wellington,109230,Place,t5_2s3eo,1730746029.911919
126,r/FulfillmentByAmazon,109147,"Business, Economics, and Finance",t5_2zm0r,1730746029.932241
127,r/Helltaker,109133,Gaming,t5_2o3spi,1730746029.9519491
128,r/characterarcs,109101,Internet Culture and Memes,t5_23h8ww,1730746029.971998
129,r/GRE,109075,Learning and Education,t5_2qy5d,1730746029.99215
130,r/geoguessr,109056,Gaming,t5_2x85i,1730746030.011772
131,r/Lahore,109043,Place,t5_2qzio,1730746030.031623
132,r/FFXV,109008,Gaming,t5_2uk8i,1730746030.051729
133,r/Edgerunners,109007,Anime,t5_2spc8g,1730746030.072012
134,r/ThreadKillers,108995,Meta/Reddit,t5_2zw5i,1730746030.0914261
135,r/RealBeesFakeTopHats,108961,Animals and Pets,t5_l7eak,1730746030.111676
136,r/WearOS,108892,Technology,t5_gmj07,1730746030.130683
137,r/aromantic,108838,Sexual Orientation,t5_2ug7r,1730746030.149386
138,r/DesiWeddings,108777,"Culture, Race, and Ethnicity",t5_3bkcw,1730746030.1681201
139,r/PHbuildapc,108761,Technology,t5_495kd9,1730746030.186849
140,r/MalaysianFood,108747,Food and Drink,t5_2um3o,1730746030.205812
141,r/hoggit,108726,Gaming,t5_2tifv,1730746030.2249799
142,r/Skydentify,108578,Internet Culture and Memes,t5_2gwjtk,1730746030.2446249
143,r/CarAV,108506,Cars and Motor Vehicles,t5_2t73y,1730746030.264717
144,r/android_beta,108470,Technology,t5_wij63,1730746030.284965
145,r/TLCsisterwives,108432,Television,t5_39zid,1730746030.30377
146,r/srilanka,108415,Place,t5_2qh8a,1730746030.3221672
147,r/accidentalswastika,108403,Internet Culture and Memes,t5_2z7zb,1730746030.341186
148,r/quant,108373,"Business, Economics, and Finance",t5_2qjt9,1730746030.360875
149,r/HeliumNetwork,108321,Crypto,t5_3og34,1730746030.380821
150,r/BeelcitosMemes,108247,Internet Culture and Memes,t5_3qq2qy,1730746030.400857
151,r/MightyHarvest,108217,Home and Garden,t5_o75kg,1730746030.4204001
152,r/360Waves,108141,Beauty and Makeup,t5_2vjrh,1730746030.4403021
153,r/bonnaroo,108043,Music,t5_2rg7a,1730746030.459512
154,r/ThreeLions,108022,Sports,t5_2u7e6,1730746030.478209
155,r/Wizard101,107933,Gaming,t5_2su2m,1730746030.496863
156,r/11foot8,107908,Internet Culture and Memes,t5_2yiq3,1730746030.5171142
157,r/CalamityMod,107891,Gaming,t5_3ij6j,1730746030.536364
158,r/dankrishu,107889,Podcasts and Streamers,t5_u6ygp,1730746030.555072
159,r/Lightroom,107855,Hobbies,t5_2sdv0,1730746030.573668
160,r/AncestryDNA,107835,Science,t5_3lh3c,1730746030.592393
161,r/Lightbulb,107831,Meta/Reddit,t5_2skxw,1730746030.6121411
162,r/BitcoinMining,107823,Crypto,t5_2skbb,1730746030.632027
163,r/davinciresolve,107744,Technology,t5_2z61j,1730746030.6513238
164,r/Retconned,107662,Internet Culture and Memes,t5_3fft0,1730746030.670398
165,r/DungeonMeshi,107652,Anime,t5_3fupy,1730746030.689696
166,r/DesiKeto,107617,Food and Drink,t5_2v7tl,1730746030.708548
167,r/tails,107574,Technology,t5_2u3sb,1730746030.728283
168,r/RaidenMains,107535,Gaming,t5_3l3ou0,1730746030.7475982
169,r/FrugalFemaleFashionCA,107502,Fashion,t5_2cujfi,1730746030.768131
170,r/GenshinGays,107457,Mature Themes and Adult Content,t5_3828av,1730746030.787334
171,r/LushCosmetics,107438,Beauty and Makeup,t5_2tqbr,1730746030.807154
172,r/SpeculativeEvolution,107411,Hobbies,t5_2w9tx,1730746030.825676
173,r/vegan1200isplenty,107403,Food and Drink,t5_3a1r5,1730746030.845384
174,r/dessert,107399,Food and Drink,t5_2roy3,1730746030.865052
175,r/discworld,107363,"Reading, Writing, and Literature",t5_2rh3j,1730746030.8849988
176,r/Ghostbc,107331,Music,t5_2wt3j,1730746030.9049332
177,r/Scholar,107292,Learning and Education,t5_2r0ev,1730746030.924177
178,r/howardstern,107287,Celebrity,t5_2qnxc,1730746030.943543
179,r/The8BitRyanReddit,107286,Podcasts and Streamers,t5_2brl3f,1730746030.963073
180,r/GripTraining,107285,Fitness and Nutrition,t5_2xxk8,1730746030.982871
181,r/groestlcoin,107283,Crypto,t5_317cc,1730746031.002611
182,r/dkfinance,107268,"Business, Economics, and Finance",t5_37u6d,1730746031.0238621
183,r/CasualIreland,107093,Place,t5_i25jp,1730746031.04553
184,r/SSBM,107088,Gaming,t5_2so9j,1730746031.064748
185,r/psychedelicrock,107080,Music,t5_2sltt,1730746031.083949
186,r/AussieCasual,107044,Place,t5_5m1c75,1730746031.102627
187,r/CODVanguard,107010,Gaming,t5_3sgon3,1730746031.121084
188,r/scacjdiscussion,106992,Beauty and Makeup,t5_k5e6o,1730746031.139821
189,r/freefire,106980,Gaming,t5_s0ekc,1730746031.158438
190,r/FamousFaces,106977,Celebrity,t5_3lq0g,1730746031.1772401
191,r/TurkishCats,106975,Animals and Pets,t5_13yq7q,1730746031.196059
192,r/RHOBH,106933,Television,t5_zddrx,1730746031.2144482
193,r/Bandnames,106833,Funny/Humor,t5_2rdks,1730746031.232772
194,r/superstore,106830,Television,t5_3858g,1730746031.25153
195,r/albiononline,106805,Gaming,t5_2wiw0,1730746031.2702029
196,r/Facepainting,106780,Beauty and Makeup,t5_2v0f6,1730746031.2888372
197,r/criminalminds,106767,Television,t5_2sv0q,1730746031.3080661
198,r/OddSatisfying,106757,Internet Culture and Memes,t5_5ejbjy,1730746031.326816
199,r/Jeopardy,106645,Television,t5_2s45l,1730746031.345493
200,r/pchelp,106489,Technology,t5_2r9gk,1730746031.3639019
201,r/woahthatsinteresting,106486,Internet Culture and Memes,t5_bo2fq6,1730746031.382488
202,r/linuxmint,106485,Technology,t5_2ro56,1730746031.401026
203,r/beachvolleyball,106479,Sports,t5_2tqb8,1730746031.420328
204,r/Kalilinux,106477,Programming,t5_2wr4b,1730746031.438932
205,r/TrueDoTA2,106466,Gaming,t5_2tk78,1730746031.458087
206,r/amiibo,106465,Gaming,t5_324pu,1730746031.478063
207,r/macapps,106458,Technology,t5_2rt9r,1730746031.4993742
208,r/redditgetsdrawnbadly,106457,Art,t5_2vy7f,1730746031.517945
209,r/PokeInvesting,106431,Hobbies,t5_3epbkb,1730746031.536986
210,r/MusicNews,106426,Music,t5_2r9m1,1730746031.555603
211,r/Foofighters,106388,Music,t5_2sav4,1730746031.574325
212,r/tacos,106384,Food and Drink,t5_2qm20,1730746031.593052
213,r/SurfFishing,106379,Hobbies,t5_2v1ik,1730746031.611611
214,r/bathandbodyworks,106345,Beauty and Makeup,t5_2y0nv,1730746031.630357
215,r/ThisDayInHistory,106343,History,t5_2sigw,1730746031.648983
216,r/SmallYoutubers,106293,Podcasts and Streamers,t5_2uevm,1730746031.668253
217,r/Shamanism,106256,Religion and Spirituality,t5_2qieq,1730746031.688713
218,r/IrishHistory,106252,History,t5_2tlyg,1730746031.7080598
219,r/RTLSDR,106217,Technology,t5_2tr68,1730746031.727843
220,r/PokemonGoMystic,106198,Gaming,t5_3fbjw,1730746031.747552
221,r/vikingstv,106162,Television,t5_2wj4c,1730746031.767519
222,r/MimicRecipes,106139,Food and Drink,t5_396mz,1730746031.7862191
223,r/BocchiTheRock,106106,Anime,t5_ysyxd,1730746031.805912
224,r/chernobyl,106076,Science,t5_2twgu,1730746031.826161
225,r/cs2,106051,Gaming,t5_6himry,1730746031.846275
226,r/vitahacks,106012,Programming,t5_2tkwr,1730746031.86673
227,r/TheStrokes,105988,Music,t5_2sho1,1730746031.885526
228,r/energydrinks,105919,Food and Drink,t5_2rnva,1730746031.904299
229,r/RedditWritesSeinfeld,105902,Funny/Humor,t5_33ex9,1730746031.923378
230,r/LuLaNo,105864,Fashion,t5_a8u29,1730746031.942152
231,r/earrumblersassemble,105837,Medical and Mental Health,t5_2vgqg,1730746031.960844
232,r/addiction,105827,Addiction Support,t5_2qwvc,1730746031.98102
233,r/WidescreenWallpaper,105815,Art,t5_37ckf,1730746031.999556
234,r/makeupflatlays,105794,Beauty and Makeup,t5_3humn,1730746032.019074
235,r/brokengifs,105790,Internet Culture and Memes,t5_2tsbl,1730746032.038302
236,r/SimulationTheory,105754,Science,t5_2w4js,1730746032.057549
237,r/ChemicalEngineering,105727,Science,t5_2qwn7,1730746032.075867
238,r/ColoradoSprings,105716,Place,t5_2rde7,1730746032.0933409
239,r/cardistry,105665,Hobbies,t5_2sjb1,1730746032.1113431
240,r/badparking,105539,Cars and Motor Vehicles,t5_2rey4,1730746032.1300511
241,r/nes,105533,Gaming,t5_2r529,1730746032.148244
242,r/UKhistory,105486,History,t5_2sm39,1730746032.165816
243,r/AMADisasters,105474,Meta/Reddit,t5_2w504,1730746032.184333
244,r/BajaCalifornia,105394,Place,t5_2s521,1730746032.202124
245,r/latebloomerlesbians,105374,Sexual Orientation,t5_mwfyw,1730746032.2194402
246,r/orangeisthenewblack,105373,Television,t5_2xh2n,1730746032.236882
247,r/newmusic,105365,Music,t5_2r017,1730746032.254494
248,r/OmegaWatches,105365,Fashion,t5_2tcis,1730746032.272015
