,subreddit,subscribers,topic,subreddit_id,scraped_utc
0,r/michiganflyfishing,2133,Outdoors and Nature,t5_376h2,1730749630.961449
1,r/pcmasterrac,2133,ops,t5_2zhgc,1730749630.984014
2,r/StainedGlassArt,2133,Art,t5_4bc3cw,1730749631.0043
3,r/tiktokerjustice,2133,Internet Culture and Memes,t5_ax7q74,1730749631.023548
4,r/tunnelsnakes,2133,We're the Tunnel Snakes. That's us. And we rule.,t5_2t5b0,1730749631.046186
5,r/UtilityPouches,2133,Fashion,t5_amrl22,1730749631.0754519
6,r/womeninshirtandtie,2133,Fashion,t5_39a4y,1730749631.0956109
7,r/AHeadStart,2132,Religion and Spirituality,t5_afoa2g,1730749631.115746
8,r/Famosas_Espanolas,2132,"Este es el lugar ideal para todos los fans de las celebridades españolas. Aquí compartimos y disfrutamos de fotos y videos de las figuras más famosas y queridas de España, desde actrices y modelos hasta cantantes e influencers. ¡Únete a la comunidad y comparte tus momentos favoritos de las celebridades que marcan tendencia en España!",t5_9pbtyh,1730749631.1362538
9,r/HOGforNoobs,2132,When you purchase a new Harley you're sure to have many questions. When can I rack my pipes? When can I grab a fellow HOG member's ass at a rally? How long does it take an air cooled bike to warm up when it's 120 degrees outside? What if it's -50 degrees? Find all these answers and more right here!,t5_2xt0r,1730749631.1565728
10,r/IThelpdesk,2132,Technology,t5_2vcbw,1730749631.2354748
11,r/Maternity,2132,"Sub for high quality discussion and information related to maternity, pregnancy, birth, childhood, and parenting.",t5_2tsqx,1730749631.253765
12,r/okbabydrama,2132,Welcome to okbabydrama,t5_6ff5wj,1730749631.279783
13,r/otvandfriendsdrama,2132,Podcasts and Streamers,t5_cdp59e,1730749631.299011
14,r/RealisticDesign,2132,"A hub for overly realistic details in games, game development, ads, art and movies.",t5_y18xr,1730749631.318837
15,r/saveplanetearth,2132,"A subreddit for promoting the conservation of our planet. Post pictures of the beauty of nature, ways to contribute to saving our planet, petitions for environmental reforms, and discussion threads.",t5_oqg2v,1730749631.361784
16,r/ScreamingSuns,2132,AHHHHHHHHHH. A subreddit dedicated to the Screaming Sun from Rick and Morty.,t5_3aelm,1730749631.3822541
17,r/StorybookBrawl,2132,Gaming,t5_4md944,1730749631.4035258
18,r/suddenlycannibal,2132,Funny/Humor,t5_pnbn8,1730749631.426102
19,r/suddenlyskyrim,2132,Gaming,t5_nr4m4,1730749631.44671
20,r/ATKGear,2131,A place to list (and search for) ingredients or gadgets tested and approved by America's Test Kitchen.,t5_2y4lf,1730749631.466918
21,r/BanPewDiePie,2131,Activism,t5_2mduj5,1730749631.4871502
22,r/DiThatsWHY,2131,"DiWHY? oh, that's why for when you find out something posted on r/DiWHY actually has a reason",t5_4w1kkx,1730749631.507457
23,r/gshockMod,2131,Hobbies,t5_2xnlmb,1730749631.527286
24,r/JoJ2020,2131,A subreddit for discussing the Jorgensen/Cohen presidential campaign.,t5_2o3y2s,1730749631.546431
25,r/jurassicworldthegame,2131,Gaming,t5_395gq,1730749631.5652502
26,r/KellyAleman,2131,Welcome to KellyAleman,t5_550q4h,1730749631.584339
27,r/lufbra,2131,Learning and Education,t5_2rik0,1730749631.603217
28,r/Undercover_Birb,2131,Animals and Pets,t5_4igv5l,1730749631.622277
29,r/AnkiOverdrive,2130,Hobbies,t5_3abx4,1730749631.641207
30,r/ArakiForgot,2130,Anime,t5_s26w7,1730749631.6593559
31,r/BellyPunchX,2130,Mature Themes and Adult Content,t5_9ly5cn,1730749631.677032
32,r/CanadaInvesting,2130,"Business, Economics, and Finance",t5_2wqvx,1730749631.694981
33,r/deltaskins,2130,Gaming,t5_bfktc1,1730749631.712528
34,r/dwarffortressmemes,2130,Funny/Humor,t5_3j1rh,1730749631.730111
35,r/Fruitgore,2130,"This subreddit is only for pictures where you or someone else has, through some kind of photo editing software, infused an animal with a fruit.",t5_3nrhk,1730749631.747915
36,r/Mahirakhan,2130,Celebrity,t5_10w179,1730749631.765652
37,r/NicoleFrye_,2130,For Nicole Frye fans,t5_a1f3fq,1730749631.783523
38,r/SkyrimProTips,2130,Gaming,t5_2wrv7,1730749631.8028932
39,r/SSRI,2130,Medical and Mental Health,t5_39euo,1730749631.8210518
40,r/TransRacial,2130,"Culture, Race, and Ethnicity",t5_2vpou,1730749631.840144
41,r/AppliedScienceChannel,2129,Science,t5_32kii,1730749631.859015
42,r/AsianKungFuGeneration,2129,Music,t5_35i9e,1730749631.877843
43,r/CoronavirusArmy,2129,Medical and Mental Health,t5_2hohol,1730749631.896485
44,r/DenverMotorcycles,2129,Cars and Motor Vehicles,t5_2u8ba,1730749631.915225
45,r/GNS_stock,2129,"Business, Economics, and Finance",t5_7rg76w,1730749631.9338949
46,r/Nonprofit_Marketing,2129,Nonprofit Marketing Tips to become a mighty charity,t5_y5g3b,1730749631.9525409
47,r/poeticgarden,2129,"Reading, Writing, and Literature",t5_5o44zw,1730749631.992372
48,r/TreeEdibles,2129,Outdoors and Nature,t5_3wkl0p,1730749632.0114188
49,r/wehadastroke,2129,"Like r/ihadastroke, but for posts where both sides had a stroke.",t5_s4h22,1730749632.034275
50,r/2india,2128,"Culture, Race, and Ethnicity",t5_6mdciz,1730749632.053525
51,r/EmiliaMernes__LO,2128,Comunidad dedicada a contenido de Emilia Mernes,t5_aezq1q,1730749632.073403
52,r/iOSDowngrade,2128,Technology,t5_ocole,1730749632.092266
53,r/jobnetworking,2128,"Looking for a job in a specific field? Post here and hopefully find someone that can help you out. Work in a particular field, or a particular company? Post here and pay it forward!",t5_2w730,1730749632.111228
54,r/KellyClarkson,2128,Music,t5_2t8xs,1730749632.129906
55,r/MiniTruckCamping,2128,Cars and Motor Vehicles,t5_23py0j,1730749632.1487622
56,r/RedondoBeach,2128,Place,t5_2sbnm,1730749632.167854
57,r/TheKhaiosRealm,2128,Gaming,t5_2wye2j,1730749632.187816
58,r/TheSympathizerTVShow,2128,Television,t5_7uz8m1,1730749632.207859
59,r/trekmarlin,2128,Sports,t5_2q7115,1730749632.227774
60,r/turkishangoras,2128,Animals and Pets,t5_3i0eq,1730749632.246649
61,r/VAClaims,2128,Law,t5_6pqwu5,1730749632.265671
62,r/CarlGustavJung,2127,Science,t5_3yesjy,1730749632.297158
63,r/Cool_AntiConsumption,2127,Activism,t5_5wqm7x,1730749632.339775
64,r/EmojiDomainsOrg,2127,Dedicated to Emoji Domain Names. Learn how to buy and use Top Level Emoji Domains in Web2 and Web3.,t5_88lmhm,1730749632.362848
65,r/grimandperilous,2127,Tabletop Games,t5_3mghg,1730749632.382847
66,r/LGC9,2127,Technology,t5_29rov0,1730749632.402175
67,r/LOLSUMO,2127,Welcome to the LOLSUMO Subreddit - A community with insights and tips driven by LOLSUMO's big data to empower League of Legends players worldwide to get more out of their game,t5_37w1a,1730749632.421058
68,r/musicpromotiontechs,2127,"Welcome to the Blackhat Music Promotion Community! This is the ultimate hub for independent musicians and record labels looking to uncover the clandestine secrets of dark Spotify promotion techniques that the big labels would prefer to keep hidden. Join our community to connect with like-minded individuals, including experienced musicians ,independent artists, record label and music enthusiasts who are passionate about pushing the boundaries of promotion. Collaborate, exchange",t5_8lqyi2,1730749632.440165
69,r/Neverhood,2127,Gaming,t5_2sjk4,1730749632.460124
70,r/ProBendingArena,2127,Gaming,t5_3orf3,1730749632.4789069
71,r/Turtlecult,2127,Animals and Pets,t5_2r7y26,1730749632.497685
72,r/warcorefashion,2127,Hobbies,t5_2fyiq6,1730749632.5166998
73,r/17776,2126,"Reading, Writing, and Literature",t5_3mj9v,1730749632.535688
74,r/ApplePlaylists,2126,"Welcome to the new home for Apple Music Playlists for all things Apple Music, check out r/AppleMusic as well!",t5_2ep6s2,1730749632.55608
75,r/Bigloads,2126,Funny/Humor,t5_25klf2,1730749632.5751739
76,r/BlissCruise,2126,Travel,t5_8cf8hr,1730749632.5944371
77,r/churchofchrist,2126,Religion and Spirituality,t5_2rpzu,1730749632.614096
78,r/CultofOzen,2126,Anime,t5_5iu6tu,1730749632.634176
79,r/ElodieYung,2126,Mature Themes and Adult Content,t5_2vyzv,1730749632.653159
80,r/HanaSong,2126,Gaming,t5_3gb3e,1730749632.672181
81,r/MonsieurSpade,2126,Television,t5_akjw4w,1730749632.691508
82,r/mysteryshopping,2126,Marketplace and Deals,t5_30uxj,1730749632.7333949
83,r/NativeAmericanMusic,2126,"Native American Music, music by Native Americans, music for Native Americans, music about Native Americans.",t5_3cvb0,1730749632.751266
84,r/poap,2126,Crypto,t5_24r7fi,1730749632.769053
85,r/schlanman,2126,Celebrity,t5_b0pct3,1730749632.7868109
86,r/TomMacDonald_MyFans,2126,Music,t5_4avngk,1730749632.804487
87,r/valeriessbbw,2126,"a fan sub reddit for viva la valerie, free to post anything relating to her",t5_2u5sbj,1730749632.82246
88,r/ChurchofMakotoYuki,2125,Gaming,t5_2n6358,1730749632.843333
89,r/IDKIDTIGTF,2125,Internet Culture and Memes,t5_b59rvz,1730749632.863748
90,r/ISE_Ecosystem,2125,Welcome to ISE_Ecosystem,t5_8uw84f,1730749632.882977
91,r/OMORITR,2125,Gaming,t5_3igo22,1730749632.901844
92,r/SheerLingerieModels,2125,Welcome to SheerLingerieModels,t5_81yetj,1730749632.920738
93,r/SuddenlyBFDI,2125,Meta/Reddit,t5_8tkhvx,1730749632.939599
94,r/TeyonahParris,2125,Celebrity,t5_3ccyx,1730749632.9596539
95,r/ThirdCultureKids,2125,"A place for third culture kids to share their experiences, and for outsiders to gain insight and be educated. Third culture kids are people raised in a culture other than their parents' or the culture of the country named on their passport for a significant part of their early development years. They are often exposed to a greater variety of cultural influences.",t5_2sjj7,1730749632.978587
96,r/zippotricks,2125,"A place to post tutorials and demonstrations of zippo tricks, and to also discuss new tricks and help others to learn. We are private now as I am rebuilding this subreddit. Check back another time, thanks for reading! ~u/thatguywiththatname2",t5_2xxk6,1730749632.9980009
97,r/Canadian_News,2124,World News,t5_2r2of,1730749633.017195
98,r/creativecommons,2124,Law,t5_2rg6u,1730749633.036154
99,r/EnnidWongXXX,2124,La más rica 🤑 ❤️🍑,t5_akmna0,1730749633.056225
100,r/FRPtools,2124,Technology,t5_43055j,1730749633.0750709
101,r/GNCStraight,2124,Gender,t5_9v2lnt,1730749633.094409
102,r/Kproject,2124,Anime,t5_2v1d0,1730749633.113562
103,r/mobileaudiophile,2124,Technology,t5_6attlk,1730749633.132673
104,r/ModestMoneyDiaries,2124,"Business, Economics, and Finance",t5_7nd91t,1730749633.152312
105,r/Naegiri,2124,Anime,t5_ryf73,1730749633.171057
106,r/YonKaGor,2124,Music,t5_3v9r5l,1730749633.19082
107,r/arteQ,2123,"This subreddit is a place to discuss about arteQ Projects, Roadmap and Investment for our community. artèQ is the first investment platform for buying and selling shares representing an investment in iconic NFT projects and Digital Artworks. We build a diversified portfolio of expertly vetted works curated by our industry leading expert team with investing in artèQ.",t5_6ux7ul,1730749633.2101681
108,r/brandeis,2123,Learning and Education,t5_2s3za,1730749633.230263
109,r/DarkStories,2123,Scare the crap out of people - stories for those that like it dark.,t5_2z6jk,1730749633.249741
110,r/Invisaforce,2123,Sexual Orientation,t5_2weo9y,1730749633.270423
111,r/Joker_FolieaDeux,2123,Movies,t5_7ttamx,1730749633.2891572
112,r/LittleBig,2123,Animals and Pets,t5_3dbmx,1730749633.308033
113,r/RelatosDeSiririca,2123,QUEM PEDIR NUDE VAI SER BANIDO Podem postar o relato direto ou caso queiram anônimo podem me enviar no chat que irei postar,t5_7x4hc2,1730749633.326995
114,r/sarahknuthsnark1,2123,Celebrity,t5_5pn8cv,1730749633.348125
115,r/TheAuthorsPOV,2123,Anime,t5_55k09e,1730749633.3682182
116,r/philo,2122,Television,t5_2tg8x,1730749633.387006
117,r/PhilosophizeThis,2122,Ethics and Philosophy,t5_h76of,1730749633.405921
118,r/ReliefTherapeutics,2122,Medical and Mental Health,t5_3gi8i4,1730749633.4250822
119,r/sleevestretchers,2122,Podcasts and Streamers,t5_83q0mj,1730749633.444139
120,r/TenBaggerStockPicks,2122,"Business, Economics, and Finance",t5_4gffvz,1730749633.462827
121,r/VictoryOutdoor,2122,Celebrity,t5_8ssh5v,1730749633.481764
122,r/Bigtopburger,2121,Internet Culture and Memes,t5_2xy94h,1730749633.500493
123,r/ccc,2121,"Community for the Chaos Computer Club, their events, and the Chaos Computer Congress.",t5_2qyk1,1730749633.5194108
124,r/cdramasfans,2121,Television,t5_bzzfi3,1730749633.538367
125,r/dexioprotocoltoken,2121,Crypto,t5_4vqmvk,1730749633.557601
126,r/hagobuynews,2121,Marketplace and Deals,t5_basqu1,1730749633.577533
127,r/jews,2121,Religion and Spirituality,t5_2qm27,1730749633.5963368
128,r/kenbone,2121,the man with the disposable camera.,t5_3gv70,1730749633.615372
129,r/MJInnocent,2121,Law,t5_xtcfl,1730749633.6343849
130,r/NFTDrops,2121,Crypto,t5_3zd834,1730749633.653267
131,r/NightAtTheOpera,2121,"Archived game & resource postings from Night at the Opera, an unofficial Open Table for Arc Dream's Delta Green Roleplaying Game.",t5_3jhmn,1730749633.6721768
132,r/TinyCastles,2121,Want a tiny house? How about a castle? Why not both?,t5_3fob3,1730749633.69103
133,r/volvoc40,2121,Cars and Motor Vehicles,t5_688rdu,1730749633.709837
134,r/withintemptation,2121,Music,t5_2wzac,1730749633.7293189
135,r/abigailwhhite_,2120,For abigailwhhite,t5_6hfzz7,1730749633.748072
136,r/adorabe_SNARKwFRIENDS,2120,Celebrity,t5_as9xj8,1730749633.767529
137,r/albumbucketlist,2120,Music,t5_32p3vj,1730749633.786433
138,r/Alina_Adzika,2120,Celebrity,t5_1g28fr,1730749633.804812
139,r/bodysculptors,2120,Beauty and Makeup,t5_6l2lgn,1730749633.8241742
140,r/cypherpunk,2120,Cypherpunks are activists advocating widespread use of strong cryptography and privacy-enhancing technologies as a route to social and political change.,t5_2s9jt,1730749633.842271
141,r/DIYes,2120,"A collection of really great DIY projects, especially those that end up in DIWHY because someone didn't understand the point.",t5_4zdsy1,1730749633.860841
142,r/financetraining,2120,"Business, Economics, and Finance",t5_6iepbf,1730749633.8785868
143,r/HotScienceNews,2120,Science,t5_3h04kh,1730749633.8962219
144,r/loadingscreenthoughts,2120,Welcome to loadingscreenthoughts,t5_32py2,1730749633.914125
145,r/lobster,2120,This subreddit is dedicated to the beauty and mystery of the lobster.,t5_2te20,1730749633.931998
146,r/MushroomSupplies,2120,Hobbies,t5_30aoee,1730749633.949526
147,r/nationaltreasure,2120,Movies,t5_2y5e2,1730749633.967198
148,r/pausedfaces,2120,Funny/Humor,t5_2tl8i,1730749633.984842
149,r/PokemonGoHitlist,2120,Gaming,t5_7xbjro,1730749634.002562
150,r/terps,2120,Sports,t5_2thnf,1730749634.020062
151,r/Wealthsimple_Invest,2120,"Business, Economics, and Finance",t5_2g0oax,1730749634.037743
152,r/Witchy,2120,"For any and all things that awaken that witchy feeling in you! Be that a special tree, your altar, a bonfire, a song, some flowers or candles, or anything else, it's all welcome here! Share that witchy feeling in a friendly and supportive atmosphere.",t5_2qlas,1730749634.055239
153,r/AntiJakes,2119,This subreddit exists to shame and hate on people named Jake. Those sly bastards. Rules: 1. Posts must have something to do with hating Jake,t5_3cuu9,1730749634.0728729
154,r/AoHaruRide,2119,Anime,t5_32f1p,1730749634.090352
155,r/ARKitectureEvolved,2119,Gaming,t5_3f8ih,1730749634.1079948
156,r/cubecraftgames,2119,Gaming,t5_3c2fw,1730749634.125647
157,r/GetContrave,2119,Medical and Mental Health,t5_768mfs,1730749634.143311
158,r/GMServers,2119,Gaming,t5_31607,1730749634.1609972
159,r/Misokinesia,2119,Trauma Support,t5_37f65,1730749634.181154
160,r/RSChronicle,2119,Gaming,t5_33z58,1730749634.198875
161,r/Samanthacrespo_,2119,Instagram: Samanthacrespo_ TikTok: Samacthaa,t5_5puqsx,1730749634.2164748
162,r/scguns,2119,Mature Themes and Adult Content,t5_2w423,1730749634.233802
163,r/wintersoldier,2119,Movies,t5_3fg9t,1730749634.252755
164,r/cleverbot,2118,Internet Culture and Memes,t5_2rc6q,1730749634.2707589
165,r/DreamWalking,2118,"posts will be related to dreams like Creative Dreaming, Lucid Dreaming, Dream Walking, interesting dream experiences. But all Dreams are welcome. thank you for exploring & keep on dreaming.",t5_ptjeg,1730749634.288434
166,r/icbc,2118,Cars and Motor Vehicles,t5_2wmjx,1730749634.305983
167,r/igbaddiesreddit,2118,Daily uploads of instagram baddies,t5_bdf9z8,1730749634.323609
168,r/NakedKaraoke,2118,Mature Themes and Adult Content,t5_8870zt,1730749634.342009
169,r/ParkinsonsCaregivers,2118,Medical and Mental Health,t5_29ho8t,1730749634.361397
170,r/plave,2118,Music,t5_652i1a,1730749634.379863
171,r/ShotgunFarmers,2118,Gaming,t5_3inks,1730749634.398508
172,r/Skidsteer,2118,Cars and Motor Vehicles,t5_30mkp,1730749634.4163892
173,r/sunisalee,2118,Celebrity,t5_4tt412,1730749634.4350898
174,r/SwissTrees,2118,Mature Themes and Adult Content,t5_2udfz,1730749634.4744399
175,r/tearofgrace,2118,Podcasts and Streamers,t5_30ofp,1730749634.4923809
176,r/AmandaMichalka,2117,"AJ (Amanda) Michalka an American actress, singer-songwriter, model, and musician.",t5_2vfpq,1730749634.510437
177,r/AtariJaguar,2117,Technology,t5_2sid6,1730749634.528783
178,r/lady_pizza_hug_fans_,2117,Mature Themes and Adult Content,t5_473gj9,1730749634.546459
179,r/Melii,2117,Celebrity,t5_3vv648,1730749634.563946
180,r/NovaMotion,2117,Music,t5_awohb3,1730749634.581943
181,r/NumberNine,2117,Fashion,t5_3nc5h9,1730749634.600577
182,r/PNG,2117,Welcome to PNG,t5_2sswa,1730749634.6186812
183,r/soxl,2117,"Business, Economics, and Finance",t5_410853,1730749634.636478
184,r/STOX,2117,"STOX is An open source, Ethereum based prediction market platform where people can trade the outcome of events in almost any imaginable category. STOX.com",t5_3mmxg,1730749634.6550279
185,r/TatarLanguage,2117,Tatar language - Tatar tele,t5_386z6,1730749634.672734
186,r/ATER,2116,"$ATER Stock - Aterian Inc. A place for all investors of $ATER, or those interested in $ATER to have theoretical discussions about Aterian's business and stock. Opinions and memes welcome. None of this is financial advice.",t5_50o5za,1730749634.690457
187,r/awoiafrp,2116,Tabletop Games,t5_3ja0f,1730749634.708142
188,r/BelleandSebastian,2116,Music,t5_2vk06,1730749634.727026
189,r/MinoltaGang,2116,Hobbies,t5_42w7qe,1730749634.745196
190,r/mushroomterrarium,2116,Art,t5_290fkb,1730749634.762869
191,r/scariestexperiences,2116,"Well, we all have had a scary experience, some jokingly funny, some just plain creepy. Post your experience on this subreddit! and definitely scroll through each other experiences, Enjoy!",t5_39u44,1730749634.781523
192,r/SexyBritishWomen,2116,Mature Themes and Adult Content,t5_7ygjrq,1730749634.801495
193,r/Tecnoblade,2116,Internet Culture and Memes,t5_3bt00u,1730749634.819375
194,r/typst,2116,Programming,t5_83esp8,1730749634.837208
195,r/Autotask,2115,Technology,t5_2vu75,1730749634.8551471
196,r/EasyTV,2115,Television,t5_3d9jx,1730749634.873183
197,r/GreeicyRendon,2115,Mature Themes and Adult Content,t5_2c49u8,1730749634.891059
198,r/MicrosoftExcel,2115,"Platform for Microsoft Excel. (Unofficial sub., free from Microsoft)",t5_3aq8y,1730749634.90903
199,r/nativescript,2115,Programming,t5_385f2,1730749634.926945
200,r/NaturalNailsOnly,2115,Beauty and Makeup,t5_6qvf9b,1730749634.9443321
201,r/newcastlemains,2115,Gaming,t5_2t42cq,1730749634.962075
202,r/Only_Femboys,2115,Gender,t5_5ek6kd,1730749634.979448
203,r/Step1Exam,2115,"Feel free to post thoughts on your upcoming exam, pre-exam freak-outs, post-exam experiences, any relevant questions pertaining to step 1, advice, etc. Page created for those of us who need a support system to survive this grueling process! Happy studying everyone & good luck!",t5_6dm2sz,1730749634.9969962
204,r/WritingResearch,2115,"**Writing Research** is a subreddit dedicated to writers who either need detailed (or insider) information that Wikipedia can't give, or a general overview of something without having to read endless articles about it.",t5_2v8qy,1730749635.014822
205,r/anycubickobra,2114,Technology,t5_618wzm,1730749635.032493
206,r/archiveofourown,2114,"Reading, Writing, and Literature",t5_31drp,1730749635.049819
207,r/disneymarketplace,2114,Marketplace and Deals,t5_32wgg,1730749635.06748
208,r/EverythingMadisonBeer,2114,Celebrity,t5_2zmgbr,1730749635.085307
209,r/itsjadeyanh,2114,Welcome to itsjadeyanh,t5_9k8pj4,1730749635.102957
210,r/kiaraAdvaniMedia,2114,subreddit for your daily dose of sexy kiara advani. NOT ALLOWED: fake pics and tribute videos/pics.,t5_7wkwt5,1730749635.1205802
211,r/resurrectedbywords,2114,Welcome to resurrectedbywords,t5_mqo3t,1730749635.1383739
212,r/Retirement401k,2114,"Business, Economics, and Finance",t5_26gxue,1730749635.157272
213,r/SillyCarMods,2114,Subreddit for all silly modded cars,t5_n6npg,1730749635.175075
214,r/WTFBible,2114,As you may infer already this is an atheist/agnostic subreddit where you can post text and/or images related to weird bible quotes. Remember read **the ten commadments**,t5_2yftn,1730749635.4823198
215,r/AATIP,2113,Science,t5_fl3qc,1730749635.5029418
216,r/bluecollartrans,2113,Gender,t5_4xk1in,1730749635.522866
217,r/DemocratsUnbiased,2113,Politics,t5_3dc8q,1730749635.5441139
218,r/gnomedepot,2113,Gaming,t5_5bxvmu,1730749635.565407
219,r/hitboxarcade,2113,Technology,t5_24avo6,1730749635.583495
220,r/ipsc,2113,Welcome to ipsc,t5_2s4bd,1730749635.6018848
221,r/KOFgirls,2113,A subreddit made to share art of the girls from the King of Fighters video game series.,t5_44t46g,1730749635.6211488
222,r/KujouMariaMikhailovna,2113,Anime,t5_c6rza6,1730749635.638596
223,r/luisejenischneu,2113,Welcome to luisejenischneu,t5_606nmu,1730749635.656204
224,r/mildlyillegal,2113,Funny/Humor,t5_4wub70,1730749635.673739
225,r/OkbuddyRainworld,2113,Mature Themes and Adult Content,t5_7rzf0l,1730749635.691606
226,r/PuddleChecker,2113,"A place to share pictures of your own, or found puddle checkers.",t5_3pq56,1730749635.709149
227,r/RMND,2113,"Mission Statement: Learn about computer networking and network documentation. Learn how to use free online resources and tools for network documenting, diagramming, and management.",t5_3ah6a,1730749635.72675
228,r/telehealth,2113,Medical and Mental Health,t5_2wptn,1730749635.744282
229,r/WorstYearEverPod,2113,Learning and Education,t5_25n7e8,1730749635.761974
230,r/evergreen,2112,Learning and Education,t5_2sgda,1730749635.779685
231,r/GameUI,2112,Gaming,t5_3akkv,1730749635.79758
232,r/Hydroponic,2112,"Welcome. Write about anything realated to hydroponics. Ask a question, Share an experience, Write a product review.",t5_2tist,1730749635.815522
233,r/KentWA,2112,Place,t5_2ux3l,1730749635.8333561
234,r/LegoCars,2112,Cars and Motor Vehicles,t5_29qg5k,1730749635.851796
235,r/Sakha_Yakut,2112,Everything related with the Sakha/Yakut people and Republic of Sakha/Yakutia.,t5_4a5yau,1730749635.8697212
236,r/Seananners,2112,Podcasts and Streamers,t5_2ulmv,1730749635.887711
237,r/Thinlydisguisedrants,2112,Welcome to Thinlydisguisedrants,t5_2vi19,1730749635.9056482
238,r/waynesboro,2112,Place,t5_2w6z2,1730749635.9233332
239,r/2KMyLeague,2111,Gaming,t5_prj89,1730749635.941052
240,r/ArizonaSportsHell,2111,Sports,t5_r10b7,1730749635.958598
241,r/June2025Bumps,2111,Family and Relationships,t5_6894jn,1730749635.976179
242,r/olaTV,2111,Technology,t5_42hwjr,1730749635.9938078
243,r/RelatableTweets,2111,Tweets/Memes that are relatable to the human experience :) Looking for more tweets? Check out ww.findgoodtweets.com,t5_vj99x,1730749636.013516
244,r/Algodoo,2110,Technology,t5_2x1ss,1730749636.031778
245,r/BottledTheApp,2110,Technology,t5_swr1k,1730749636.049682
246,r/BuffaloRIver,2110,A place to post and discuss information about the Buffalo National River in Arkansas,t5_2urn1,1730749636.0679119
247,r/dogsinapile,2110,Music,t5_34i7gq,1730749636.0866098
