,subreddit,subscribers,topic,subreddit_id,scraped_utc
0,r/ClothingCoupons,2021,"Clothing Coupons is a subreddit for everyone to share their coupons, deals and offers.",t5_31beh,1730749745.022212
1,r/lift,2021,Fitness and Nutrition,t5_2qjhv,1730749745.066398
2,r/MayaBerovic,2021,Mature Themes and Adult Content,t5_vj9rn,1730749745.098877
3,r/Monetha,2021,Technology,t5_3m31r,1730749745.124164
4,r/obvious,2021,Funny/Humor,t5_2qju5,1730749745.149417
5,r/DiabloPSN,2020,Gaming,t5_4y3pf3,1730749745.182562
6,r/fudebrushes,2020,Beauty and Makeup,t5_28aang,1730749745.204171
7,r/futuretimeline,2020,Science,t5_307pe,1730749745.224586
8,r/MagnumPI,2020,Television,t5_2snuv,1730749745.2436411
9,r/owncloud,2020,Technology,t5_2ta74,1730749745.262712
10,r/ReviewRevue,2020,Podcasts and Streamers,t5_2f34fd,1730749745.341105
11,r/UkayPH,2020,Fashion,t5_2b3lib,1730749745.3632572
12,r/uncuttrades,2020,"Business, Economics, and Finance",t5_c51nsd,1730749745.433373
13,r/VWiD3Owners,2020,Cars and Motor Vehicles,t5_46v7yx,1730749745.4540281
14,r/Bluewhales,2019,Animals and Pets,t5_2xk1n,1730749745.4743738
15,r/BollywoodHitMusic,2019,"Welcome to our Bollywood hit music <3 community, where every note sings a story and every rhythm pulses with life! Dive into the colorful world of Bollywood music with fellow enthusiasts from around the globe. From timeless classics to the latest chart-toppers, we celebrate the magic of Indian cinema's melodies. Share your favorite songs, swap stories, and groove to the beat of our vibrant community. Let's make music, memories, and moments together!",t5_b09gg3,1730749745.4950342
16,r/concellos,2019,Internet Culture and Memes,t5_62v0tv,1730749745.516363
17,r/deapple,2019,Technology,t5_31d5e,1730749745.5377018
18,r/FiftyTwoCards,2019,Gaming,t5_3nbpv,1730749745.5580218
19,r/foundthefae,2019,Internet Culture and Memes,t5_2gjmny,1730749745.578874
20,r/invokeai,2019,Technology,t5_7o3rsf,1730749745.600447
21,r/loghorror,2019,"Reading, Writing, and Literature",t5_2wc7dg,1730749745.621033
22,r/magicians,2019,Magicians helping magicians. This is the place to share information regarding having a career as a magician.,t5_2sj1m,1730749745.642312
23,r/oscarwilde,2019,"Reading, Writing, and Literature",t5_2so7w,1730749745.6624908
24,r/Rocklin,2019,Place,t5_2t29m,1730749745.683784
25,r/SilphRoadSouth,2019,The US South Region of the Silph Road,t5_3d6yw,1730749745.704511
26,r/tonileza,2019,Mature Themes and Adult Content,t5_36ai7j,1730749745.7243662
27,r/Annalisa_Scarrone,2018,Celebrity,t5_5za8yq,1730749745.7447538
28,r/bigmommymilkers,2018,Art,t5_2ocmgu,1730749745.763809
29,r/DCCosplay,2018,Hobbies,t5_9em0l,1730749745.782689
30,r/Forte10,2018,Military,t5_4eweq2,1730749745.801954
31,r/LineRangers,2018,Gaming,t5_32k8h,1730749745.8226078
32,r/PokedexCompletion,2018,Gaming,t5_2zsqk,1730749745.8440971
33,r/simd,2018,Programming,t5_3j1bg,1730749745.865242
34,r/TheBlacksandTheGreens,2018,Television,t5_bz850h,1730749745.8857238
35,r/TheDalles,2018,Place,t5_2ud41,1730749745.907295
36,r/Woodgears,2018,Welcome to Woodgears,t5_2veub,1730749745.9320052
37,r/DalyCity,2017,Place,t5_2t99v,1730749745.9586
38,r/FindTheCat,2017,Animals and Pets,t5_357o5,1730749745.98107
39,r/GuysCuddling,2017,Family and Relationships,t5_34jjy,1730749746.002975
40,r/haircut,2017,Beauty and Makeup,t5_2rqo2,1730749746.026125
41,r/HomuMado,2017,A subreddit for all HomuMado related content.,t5_3f117,1730749746.047234
42,r/HornyGirls_Set,2017,This is the spot for all the Smoking Hot Girls - Face - Breasts - Body. Stick around and follow us for more!🎁🔥 For DMCA or removal Requests contact us on modmail!,t5_bbrf8l,1730749746.069768
43,r/kevindidnothingwrong,2017,"When done, half humanity exist. Balanced, as all things be. Me hope they remember you.",t5_nkms1,1730749746.128271
44,r/KevinSmithFilms,2017,Movies,t5_2y3lr,1730749746.1499221
45,r/Krypton,2017,Television,t5_2tsex,1730749746.169566
46,r/picturesyoucansniff,2017,Pictures that you can sniff,t5_3jdrpc,1730749746.188771
47,r/VeryShallowListening,2017,Music,t5_3o5ue4,1730749746.208885
48,r/VintageHalloween,2017,"Share pics, decorations, stories, memories, etc. about Halloween through the years!",t5_24r4hu,1730749746.228302
49,r/yeule,2017,Music,t5_235rdc,1730749746.247361
50,r/autumns,2016,Beauty and Makeup,t5_6z6jp3,1730749746.266449
51,r/ChatGPTforall,2016,"Since ChatGPT is being censored, this subreddit was made to find alternatives to ChatGPT, either: 1) Find jailbreaks to ChatGPT and BINGChat, or 2) Find new Chat Bots (Such as StableVicuna, Alpaca and Meta AI LLaMMa..) Example of jailbreaks: - https://www.reddit.com/r/OpenAI/comments/zupfnt/chatgpt_gave_me_control_of_system_dan/ - https://www.reddit.com/r/OpenAI/comments/zvy08w/no_way_they_patched_this_already/ Example of other Chat Bots: -https://open-assistant.io -https://huggingface.co/chat/",t5_7nxz74,1730749746.285624
52,r/degenesis,2016,Tabletop Games,t5_3ac22,1730749746.3044548
53,r/FoodScienceResearch,2016,Food and Drink,t5_vyopx,1730749746.324041
54,r/HODGETWINS,2016,Podcasts and Streamers,t5_2v9lb,1730749746.3435981
55,r/HowardUniversity,2016,Learning and Education,t5_3mv3e,1730749746.362864
56,r/Humorideas,2016,Welcome to Humorideas,t5_2uesq,1730749746.381942
57,r/Me_encontre_a_maau,2016,Celebrity,t5_1fdsb9,1730749746.401394
58,r/MelrosePlace,2016,Television,t5_34a76,1730749746.420293
59,r/SumikkoFarm,2016,Gaming,t5_3bk612,1730749746.439137
60,r/ToolboxPro,2016,Technology,t5_23dvfj,1730749746.458477
61,r/TOUCHDOWNSHIB,2016,Crypto,t5_7o2oul,1730749746.478036
62,r/Ciara,2015,Celebrity,t5_2v4zx,1730749746.4976692
63,r/ComancheMJ,2015,Cars and Motor Vehicles,t5_30hsd,1730749746.517828
64,r/DesiMaids,2015,Mature Themes and Adult Content,t5_asq5y8,1730749746.536986
65,r/earthief,2015,Animals and Pets,t5_7pcxjo,1730749746.556271
66,r/Ella_Mai,2015,Subreddit dedicated to Ella Mai,t5_5daq9z,1730749746.5755599
67,r/GraceVanderWaal,2015,Music,t5_3eymh,1730749746.59502
68,r/JACS,2015,Science,t5_2958ib,1730749746.616062
69,r/LogueSDK,2015,Programming,t5_23hpu3,1730749746.636841
70,r/OfficialKneeCaps,2015,The official Kneecaps server,t5_12eux9,1730749746.657408
71,r/SciENTce,2015,Welcome to SciENTce,t5_33klo,1730749746.677825
72,r/universalcredithelp,2015,"Business, Economics, and Finance",t5_3xvp3d,1730749746.698018
73,r/XXKetofitness,2015,"The pursuit of women's physical excellence via ketosis. Whether you want to gain endurance, strength, speed, muscle or a ripped body. Everyone is welcome, it does not matter if you are a veteran or just starting out.",t5_2y8cr,1730749746.718323
74,r/armchairtravelling,2014,Travel,t5_3jzww6,1730749746.739855
75,r/auxlangs,2014,Learning and Education,t5_35plw,1730749746.76092
76,r/DesiwebseriesVids,2014,Mature Themes and Adult Content,t5_7qb3tn,1730749746.7821078
77,r/DoomLuckyGirl,2014,Subreddit for the streamer DoomLuckyGirl. Feel free to post anything on this sub to do with her. Also can post OnlyFabs content too☺️,t5_2cdskl,1730749746.803067
78,r/EatingHalal,2014,Food and Drink,t5_2xkel,1730749746.823766
79,r/Kashima,2014,Mature Themes and Adult Content,t5_qnqv4,1730749746.844898
80,r/KellyHu,2014,Kelly Hu,t5_38u58,1730749746.8657112
81,r/Millwall,2014,Sports,t5_2ui2t,1730749746.886464
82,r/OurGoodShadows,2014,Television,t5_9lklmn,1730749746.9070752
83,r/SunnySideGame,2014,Gaming,t5_2f18f4,1730749746.927936
84,r/VintageStarWars,2014,Movies,t5_13b8n0,1730749746.948077
85,r/100gecsplayboicarti,2013,Music,t5_3qdhun,1730749746.96865
86,r/bellathedog,2013,Animals and Pets,t5_loyzl,1730749746.989194
87,r/Esther_Povitsky,2013,Celebrity,t5_8c6h3y,1730749747.010599
88,r/Geopoliticalsimulator,2013,Gaming,t5_3e3pr,1730749747.03097
89,r/infinitecrisis,2013,Gaming,t5_2w3if,1730749747.051378
90,r/KetsuByOrion,2013,Technology,t5_43rjxb,1730749747.071701
91,r/Lymphedema,2013,Medical and Mental Health,t5_4ugn0n,1730749747.091794
92,r/NSCC,2013,Learning and Education,t5_2uxyj,1730749747.1122901
93,r/PostKnightGame,2013,Gaming,t5_3j064,1730749747.133665
94,r/SMUarchive,2013,Military,t5_ar1wxm,1730749747.154863
95,r/suicidegirl_one_a_day,2013,"I’ll post one image of Suicide Girl, let’s see how many people love Sg Girls! For Us that Sg Girls are not only Models but Also a Worship! For people who know little about the world of SuicideGirls, who want to learn the names and their beautiful faces! For those who just want to see beautiful Alternative Models and not stay in the world of canonical and boring beauty!",t5_75ts50,1730749747.175483
96,r/TurkishAirlines,2013,Travel,t5_3am8r,1730749747.196652
97,r/vegetarianinstantpot,2013,Food and Drink,t5_puknx,1730749747.217102
98,r/verobeach,2013,Place,t5_2s95j,1730749747.238417
99,r/BattleLegion,2012,Gaming,t5_s8luw,1730749747.2604742
100,r/Bullriding,2012,Sports,t5_2tu0l,1730749747.281366
101,r/GoogleWallet,2012,Technology,t5_2z72s,1730749747.3026948
102,r/Historians,2012,"r/Historians is a place where professional historians, students, and history enthusiasts can come together to share knowledge, ask questions, and engage in discussions about all aspects of history.",t5_3c4pq,1730749747.323893
103,r/HolesMemes,2012,Internet Culture and Memes,t5_hjvu6,1730749747.344834
104,r/JustNoCoworker,2012,Here is the place to post stories and/or ask advice about that one (or more than one) person in you work place that always seems to cause you angst or dread going to work. This is the place to find support and understanding and to vent.,t5_3pxgf,1730749747.365302
105,r/presacanario,2012,Animals and Pets,t5_33wjl,1730749747.411951
106,r/SolarBalls,2012,Podcasts and Streamers,t5_6xpg0w,1730749747.679817
107,r/AriciaSilvaaa,2011,Celebrity,t5_7wl4tq,1730749747.69957
108,r/ASRT_stock,2011,"Business, Economics, and Finance",t5_3xz6lk,1730749747.719003
109,r/Bestgirllappland,2011,Gaming,t5_2srh1s,1730749747.739326
110,r/KnucklestheEchidna,2011,Movies,t5_2wz99,1730749747.7596211
111,r/Litentry,2011,Crypto,t5_3un6q0,1730749747.78002
112,r/Loveline,2011,Podcasts and Streamers,t5_2r0gn,1730749747.80114
113,r/Rachel_McAdams,2011,Celebrity,t5_5ikwn7,1730749747.821813
114,r/scottishrite,2011,Religion and Spirituality,t5_2ujcf,1730749747.844085
115,r/BZ4X,2010,Cars and Motor Vehicles,t5_4l7p3t,1730749747.866425
116,r/Carbonatedmilk,2010,Internet Culture and Memes,t5_3jelo,1730749747.888082
117,r/CreepyCriderSnark,2010,Celebrity,t5_6nwql3,1730749747.9090078
118,r/czepeku,2010,Tabletop Games,t5_35ymmn,1730749747.9293451
119,r/HFYWritingPrompts,2010,"Reading, Writing, and Literature",t5_42590p,1730749747.950969
120,r/macro_pads,2010,Technology,t5_5a2umi,1730749747.9698071
121,r/niziproject,2010,Television,t5_2do1vv,1730749747.988801
122,r/SnarkonPostivelyPaige,2010,Celebrity,t5_8uqgoe,1730749748.008936
123,r/SunfishSailing,2010,Hobbies,t5_oiy3y,1730749748.028804
124,r/truckerfunny,2010,Welcome to truckerfunny,t5_20t2ji,1730749748.049193
125,r/ukmusic,2010,Music,t5_2shqh,1730749748.0691211
126,r/unclereflexes,2010,The opposite of Dad Reflexes,t5_3i410,1730749748.0882502
127,r/amazondropshipping,2009,"Business, Economics, and Finance",t5_p2w45,1730749748.108609
128,r/cagrilintide,2009,Medical and Mental Health,t5_6xq06t,1730749748.127708
129,r/Fraservalley,2009,Place,t5_2tfu5,1730749748.146871
130,r/FreedomWars,2009,Gaming,t5_31d3z,1730749748.166281
131,r/goldeneyesource,2009,GoldenEye: Source is a fan-made recreation of GoldenEye 64's multiplayer.,t5_2s8gx,1730749748.1861188
132,r/InBrotherNews,2009,"A subreddit for sharing personal stories about how your siblings (older or younger, Brother or sister) messed with you while growing up. Any and all stories are welcome!",t5_32512,1730749748.205587
133,r/playofthegame,2009,"This subreddit is for primarily **Humerous** play of the game videos from the videogame [Overwatch](#logo ""https://playoverwatch.com"")",t5_3auow,1730749748.224541
134,r/pppdizziness,2009,Medical and Mental Health,t5_4cxz9g,1730749748.243776
135,r/snarkmeganleigh,2009,Celebrity,t5_6qeqxx,1730749748.263689
136,r/TamadogeOfficial,2009,Crypto,t5_6ro3f8,1730749748.283835
137,r/TruTalk,2009,Sexual Orientation,t5_46istt,1730749748.304862
138,r/WalgreensPharmacy,2009,Careers,t5_9kehti,1730749748.325351
139,r/whatisthistree,2009,Outdoors and Nature,t5_2sa2pr,1730749748.34563
140,r/ZeroWasteBeauty,2009,Beauty and Makeup,t5_2gf7hu,1730749748.3657532
141,r/CutePinkHair,2008,Anime,t5_22rv8j,1730749748.385359
142,r/EvieErikson3,2008,subreddit dedicated to Instagram model Evie Erikson . Feel free to share.,t5_2o9fea,1730749748.404199
143,r/RalucaGranola,2008,Mature Themes and Adult Content,t5_7rsikj,1730749748.423233
144,r/SissysBerlin,2008,Eine Gruppe für sissy/femboys aus Berlin ❤️,t5_6zxcvh,1730749748.442846
145,r/TheTenantsGame,2008,Gaming,t5_39087m,1730749748.461677
146,r/TheVeilTVSeries,2008,Television,t5_api1jh,1730749748.480542
147,r/Warbreaker,2008,"Reading, Writing, and Literature",t5_vzt5g,1730749748.499639
148,r/birdswithlegs,2007,Welcome to birdswithlegs,t5_2ttrc,1730749748.518604
149,r/bonnieandveesnark,2007,Celebrity,t5_6whw96,1730749748.537577
150,r/filofax,2007,Fashion,t5_2zjao,1730749748.556641
151,r/GaloGang,2007,Internet Culture and Memes,t5_3eevj9,1730749748.5753741
152,r/Heartbound,2007,Gaming,t5_3ea09,1730749748.5944462
153,r/householdinvestors,2007,"Business, Economics, and Finance",t5_8byuq0,1730749748.6133718
154,r/Journeytothewest,2007,"Reading, Writing, and Literature",t5_34f6o,1730749748.632024
155,r/PhatWhiteHoesXXX,2007,Welcome to PhatWhiteHoesXXX,t5_bhlwux,1730749748.6516259
156,r/TheFarLeftSide,2007,Activism,t5_3jsf1,1730749748.670057
157,r/TheIntercept,2007,Politics,t5_30a97,1730749748.6890318
158,r/wtsstareamtt,2007,When The Sun Shines Through a Rabbit's Ears and Makes Them Transparent (but all lagomorphs are welcome),t5_3effd,1730749748.707683
159,r/AlanaFlores_,2006,Podcasts and Streamers,t5_by66mq,1730749748.728276
160,r/allentown,2006,Place,t5_2xl8p,1730749748.748251
161,r/apljk,2006,Programming,t5_2t6jg,1730749748.768076
162,r/CalcharoMain,2006,Gaming,t5_ays4si,1730749748.787652
163,r/CasinoFreebies,2006,Mature Themes and Adult Content,t5_c0fwsk,1730749748.806519
164,r/cawdor23,2006,"Mainly a hub for r/nosleep stories, with a random smattering of other stories I feel like writing. Open to constructive criticism as we can all be better writers.",t5_iaqf5,1730749748.82657
165,r/DestructionAS,2006,Gaming,t5_2ra61x,1730749748.8449259
166,r/HaloCollective,2006,"Business, Economics, and Finance",t5_3w7afa,1730749748.86483
167,r/JinSoul,2006,Celebrity,t5_3ouiz,1730749748.8834848
168,r/Streetglide,2006,Harley Davidson Street Glide discussions,t5_3960e,1730749748.902415
169,r/theeconomist,2006,"Business, Economics, and Finance",t5_2tpc5,1730749748.92122
170,r/vimkeyboard,2006,Technology,t5_vvnf9,1730749748.93972
171,r/borntoday,2005,"This subreddit is for posting information about famous people who had a significant impact on the world and were born today, and their achievements. Posts should link to relevant information about the person.",t5_2vjwt,1730749748.95774
172,r/buckknives,2005,Hobbies,t5_2qbmfo,1730749748.976526
173,r/computerquestions,2005,Technology,t5_2x1od,1730749748.9953961
174,r/filmscores,2005,Welcome to filmscores,t5_2syo5,1730749749.014175
175,r/NatGeo,2005,The National Geographic Reddit,t5_2qorl,1730749749.038659
176,r/Olivesplace,2005,Food and Drink,t5_hwn8t,1730749749.0673778
177,r/PreHistoryMemes,2005,Internet Culture and Memes,t5_p8zjf,1730749749.094242
178,r/RoughNRowdyPPV,2005,Sports,t5_vqn94,1730749749.124039
179,r/shadowsofbrimstone,2005,Tabletop Games,t5_334ip,1730749749.1550121
180,r/sierrafurtadosnarkk,2005,"A place to snark on Sierra Furtado, her problematic and toxic behavior, lavish lifestyle, and her sugar daddy (hubby) Sam Winkler",t5_83dw89,1730749749.18959
181,r/VintageElectronics,2005,"This subreddit is dedicated to the enjoyment of vintage electronic equipment of all types. Whether it's a 1920s homebrewed ham radio antenna or a 1990s pinball machine, it has a home right here. Anything outdated or obsolete is fair game!",t5_31qpt,1730749749.271245
182,r/bepis,2004,Welcome to bepis,t5_33sgf,1730749749.310324
183,r/ChurchOfKendo,2004,Anime,t5_omtq8,1730749749.347713
184,r/FilmCowOfficial,2004,Celebrity,t5_597jpd,1730749749.392985
185,r/fridgedeco,2004,A place for people to show off what's on their fridge.,t5_xd5p3,1730749749.4374442
186,r/LegoStarWarsMOCs,2004,"This is a subreddit devoted to my personal love of Lego Star Wars, especially the Expanded Universe, and and all the Awesome MOCs people have made. Whether in LDD or Brickbuilt all are welcome here.",t5_30j9v,1730749749.48624
187,r/llunaclark,2004,Podcasts and Streamers,t5_7swjdr,1730749749.525326
188,r/RamblinWreck,2004,Sports,t5_2sul9,1730749749.566255
189,r/sealsdoingthings,2004,"A community designated to seals, sea lions, walruses and sea leopards doing things!",t5_xlaic,1730749749.607291
190,r/STRANGEAEONS,2004,Podcasts and Streamers,t5_xa57a,1730749749.64489
191,r/Tengoku_Daimakyou,2004,Anime,t5_36lx0e,1730749749.680213
192,r/TheOSR,2004,Gaming,t5_yghs1,1730749749.713931
193,r/TurkUnluArsivi,2004,Mature Themes and Adult Content,t5_8bam76,1730749749.750035
194,r/all_types_of_hentai_,2003,"dont request hentai, post often, enjoy it and drop a follow we have a 2k goal",t5_8ghhes,1730749749.778773
195,r/Ayashimon,2003,Anime,t5_5a1mt9,1730749749.8104541
196,r/bathandbodyworksIndia,2003,Beauty and Makeup,t5_7o5ubc,1730749749.84548
197,r/bequietofficial,2003,Technology,t5_4vwz3b,1730749749.882505
198,r/DucatiScrambler,2003,Cars and Motor Vehicles,t5_35kte,1730749749.921613
199,r/heroesevolved,2003,Gaming,t5_3hlop,1730749749.95927
200,r/LatinMemes,2003,Welcome to LatinMemes,t5_2tw9m,1730749749.99415
201,r/neuralcode,2003,Science,t5_2e7sup,1730749750.031661
202,r/Somm,2003,Food and Drink,t5_3043s,1730749750.065452
203,r/Twiddle,2003,Music,t5_30pek,1730749750.1015942
204,r/UrbanUK,2003,"Culture, Race, and Ethnicity",t5_9mxakp,1730749750.13794
205,r/WilliamsCollege,2003,Learning and Education,t5_2spfn,1730749750.170273
206,r/WyrmWorks,2003,"Reading, Writing, and Literature",t5_x495q,1730749750.201578
207,r/AdeptusPsychonautica,2002,Podcasts and Streamers,t5_28b8yl,1730749750.232624
208,r/AlayaFurniturewala,2002,Welcome to the ALAYA F world!,t5_2l2sy6,1730749750.260978
209,r/animes4all,2002,Anime,t5_4z21kc,1730749750.2927492
210,r/Ben10Bellwood,2002,Television,t5_997vep,1730749750.321952
211,r/DementiaHelp,2002,"Welcome to DementiaHelp, a community dedicated to supporting those affected by dementia. Whether dealing with the challenges of finding safe care, navigating government services, or managing care at home, this is a place to connect and share experiences. Join us to discuss the latest research on Alzheimer's, Vascular Dementia, Lewy Body Dementia, and more. Share your stories, ask questions, and find the support you need in this journey. Let's help each other through this difficult time.",t5_35957,1730749750.351329
212,r/ICE_ERO,2002,Careers,t5_8vhbgh,1730749750.378703
213,r/infinitebanking,2002,"Business, Economics, and Finance",t5_2v4b7,1730749750.4082901
214,r/lava,2002,Outdoors and Nature,t5_2teiq,1730749750.436336
215,r/modelengineering,2002,"A subreddit devoted to model engineering: the art and science of building replica or original pieces of scaled down machinery. Everything from firearms to engines, many of them fully functional!",t5_2rtsc,1730749750.4601321
216,r/RoyalEnfieldGT650,2002,Cars and Motor Vehicles,t5_2my7at,1730749750.483315
217,r/Spotatroll,2002,Internet Culture and Memes,t5_3gu36k,1730749750.507374
218,r/streetfighter6,2002,Gaming,t5_3cd6e,1730749750.5325508
219,r/texturepacks,2002,Gaming,t5_2seba,1730749750.556853
220,r/VulgarLang,2002,"Reading, Writing, and Literature",t5_3piij,1730749750.579372
221,r/ADKFunPolice,2001,Outdoors and Nature,t5_3517ia,1730749750.602138
222,r/CatholicArt,2001,Share and appreciate the beautiful treasures of the Church with traditional art inspired by the Catholic faith.,t5_34k7c,1730749750.6535301
223,r/FunctionX,2001,"Business, Economics, and Finance",t5_10qykf,1730749750.701443
224,r/GatorsFootball,2001,Sports,t5_32qmp,1730749750.73964
225,r/Pinback,2001,Music,t5_2sz9j,1730749750.774614
226,r/ukclimbing,2001,Sports,t5_2ufoh,1730749750.805523
227,r/wholesalehouses,2001,"The Marketplace For Real Estate Deals - Wholesale, Fixer Uppers, Retail, Cash Flow & Turnkey Houses. Whether you are a real estate investor, wholesaler, bird-dog, or just happen to have a great deal in your hands, post it here and sell it. [How to Wholesale Real Estate Guides](https://www.thereiclub.com) General Real Estate advice https://www.reddit.com/r/RealEstateAdvice/ General Wholesale Real Estate Blog www.TheREIClub.com",t5_3pt1s,1730749750.835
228,r/WraithMains,2001,Gaming,t5_3nrk6,1730749750.865222
229,r/askspace,2000,Science,t5_2uppp,1730749750.890885
230,r/BigFinishProductions,2000,Television,t5_ixc1x,1730749750.912415
231,r/ChurchOfSerena,2000,Anime,t5_2b5lq2,1730749750.933711
232,r/Earrings_on_Men,2000,Fashion,t5_5sx8h5,1730749750.9549818
233,r/espanso,2000,Technology,t5_29dz6e,1730749750.976039
234,r/guernsey,2000,Place,t5_2sqz5,1730749750.997004
235,r/halopsa,2000,Technology,t5_4oo3r0,1730749751.018352
236,r/Murenase,2000,Anime,t5_26j7hd,1730749751.037185
237,r/obamacare,2000,Law,t5_2uean,1730749751.056185
238,r/pFinTools,2000,Technology,t5_7yz36t,1730749751.076204
239,r/prettyusefulwebsites,2000,Collection of pretty useful internet websites.,t5_4jz2zv,1730749751.095071
240,r/SheraSeven,2000,Celebrity,t5_8kmppx,1730749751.114322
241,r/Staging_Succulents,2000,Home and Garden,t5_68h37b,1730749751.133146
242,r/stellarisfanart,2000,Art,t5_6f0i6m,1730749751.152021
243,r/WatchVayneDie,2000,Gaming,t5_3hqif,1730749751.170767
244,r/10_Second_Videos,1999,Ticking away the moments that make up a dull day,t5_83rnl4,1730749751.191516
245,r/arkbuilds,1999,A subreddit made for showing off buildings and such in ARK: Survival Evolved.,t5_396g3,1730749751.2112482
246,r/DramaTok,1999,Celebrity,t5_7aq1e1,1730749751.230419
247,r/GoodInfluences,1999,Podcasts and Streamers,t5_ancian,1730749751.2493792
248,r/HardSexRo,1999,Mature Themes and Adult Content,t5_bgcdhj,1730749751.268217
