,subreddit,subscribers,topic,subreddit_id,scraped_utc
0,r/Perfectfit,3116013,Internet Culture and Memes,t5_2w9it,1730745776.940209
1,r/funnysigns,3088812,Funny/Humor,t5_2u04j,1730745776.961401
2,r/StockMarket,3086846,"Business, Economics, and Finance",t5_2qjuv,1730745776.981774
3,r/teenagers,3075020,Internet Culture and Memes,t5_2rjli,1730745777.000745
4,r/Meditation,3073964,Religion and Spirituality,t5_2qnc9,1730745777.0195572
5,r/suggestmeabook,3033671,"Reading, Writing, and Literature",t5_31t41,1730745777.0444548
6,r/zelda,3029783,Gaming,t5_2r61g,1730745777.061976
7,r/canada,3029519,Place,t5_2qh68,1730745777.079702
8,r/horror,3021157,Movies,t5_2qh9x,1730745777.097354
9,r/BetterEveryLoop,3010169,Internet Culture and Memes,t5_3abwq,1730745777.115158
10,r/DeepIntoYouTube,2994361,Internet Culture and Memes,t5_2wq8b,1730745777.148941
11,r/educationalgifs,2987900,Learning and Education,t5_2w708,1730745777.1666791
12,r/Marvel,2959877,Movies,t5_2r40o,1730745777.184928
13,r/Astronomy,2959308,Science,t5_2qhor,1730745777.2027872
14,r/writing,2953614,"Reading, Writing, and Literature",t5_2qh2n,1730745777.222899
15,r/bodybuilding,2940426,Fitness and Nutrition,t5_2ql8s,1730745777.240549
16,r/RelationshipMemes,2940165,Internet Culture and Memes,t5_3aeuk,1730745777.258153
17,r/toptalent,2932097,Internet Culture and Memes,t5_3ptyd,1730745777.27566
18,r/Android,2931582,Technology,t5_2qlqh,1730745777.2932632
19,r/MachineLearning,2931263,Programming,t5_2r3gv,1730745777.3109388
20,r/somethingimade,2920538,Crafts and DIY,t5_2r4wt,1730745777.328512
21,r/atheism,2914857,Religion and Spirituality,t5_2qh2p,1730745777.345952
22,r/apexlegends,2914830,Gaming,t5_rgzzt,1730745777.364148
23,r/ChildrenFallingOver,2905737,Funny/Humor,t5_2yo2z,1730745777.382127
24,r/Physics,2887636,Science,t5_2qhi6,1730745777.3994071
25,r/mac,2880290,Technology,t5_2qh4u,1730745777.4155898
26,r/harrypotter,2876820,"Reading, Writing, and Literature",t5_2qiqi,1730745777.433246
27,r/yoga,2873538,Fitness and Nutrition,t5_2qhq6,1730745777.451811
28,r/humor,2866029,Funny/Humor,t5_2qh34,1730745777.471015
29,r/wow,2864294,Gaming,t5_2qio8,1730745777.4887302
30,r/antiwork,2849000,Activism,t5_2y77d,1730745777.506062
31,r/whatisthisthing,2847987,Learning and Education,t5_2s3kh,1730745777.523763
32,r/meirl,2847318,Internet Culture and Memes,t5_2s5ti,1730745777.540946
33,r/UFOs,2844193,Internet Culture and Memes,t5_2qhds,1730745777.558728
34,r/Filmmakers,2833639,Careers,t5_2r1ip,1730745777.576311
35,r/FanTheories,2830277,"Reading, Writing, and Literature",t5_2u6rc,1730745777.594183
36,r/AsianBeauty,2828426,Beauty and Makeup,t5_2w0u7,1730745777.612043
37,r/youtubehaiku,2824410,Funny/Humor,t5_2tqlz,1730745777.6295528
38,r/OUTFITS,2823991,Fashion,t5_2qnlg,1730745777.647522
39,r/Boxing,2821801,Sports,t5_2qj0l,1730745777.665277
40,r/vandwellers,2809711,Travel,t5_2rnwo,1730745777.6835961
41,r/mlb,2802259,Sports,t5_2qrrr,1730745777.7015839
42,r/Fishing,2801616,Hobbies,t5_2qlu4,1730745777.720553
43,r/investing,2794070,"Business, Economics, and Finance",t5_2qhhq,1730745777.737901
44,r/GetStudying,2785784,Learning and Education,t5_2tl44,1730745777.758804
45,r/EDM,2774824,Music,t5_2qm8v,1730745777.781041
46,r/CollegeBasketball,2763000,Sports,t5_2rj3j,1730745777.804001
47,r/legaladvice,2760873,Law,t5_2rawz,1730745777.8268402
48,r/hacking,2758502,Technology,t5_2qhva,1730745777.850464
49,r/baseball,2753780,Sports,t5_2qm7u,1730745777.873034
50,r/techsupport,2752356,Technology,t5_2qioo,1730745777.895626
51,r/likeus,2749399,Animals and Pets,t5_2xyw0,1730745777.919038
52,r/crafts,2739778,Crafts and DIY,t5_2r187,1730745777.9372292
53,r/ArtPorn,2728445,Art,t5_2sray,1730745777.954619
54,r/CampingandHiking,2702901,Hobbies,t5_2qqom,1730745777.972054
55,r/xxfitness,2700747,Fitness and Nutrition,t5_2ryzy,1730745777.989573
56,r/Watches,2694460,Fashion,t5_2qls5,1730745778.007155
57,r/dogs,2688127,Animals and Pets,t5_2qhhk,1730745778.024693
58,r/lotrmemes,2682770,Movies,t5_2v0i1,1730745778.042239
59,r/Naruto,2667488,Anime,t5_2quts,1730745778.059707
60,r/webdev,2667447,Programming,t5_2qs0q,1730745778.077507
61,r/GamePhysics,2665685,Gaming,t5_2viau,1730745778.096114
62,r/3Dprinting,2665380,Hobbies,t5_2rk5q,1730745778.1149151
63,r/BeautyGuruChatter,2660992,Beauty and Makeup,t5_3jayp,1730745778.133822
64,r/astrophotography,2640729,Hobbies,t5_2raop,1730745778.152647
65,r/oddlyterrifying,2633356,Internet Culture and Memes,t5_2yo6b,1730745778.171686
66,r/electronicmusic,2627517,Music,t5_2qmh1,1730745778.1898408
67,r/Coronavirus,2624976,Medical and Mental Health,t5_2x4yx,1730745778.208048
68,r/popheads,2613087,Music,t5_39nwj,1730745778.2259562
69,r/comics,2612605,Funny/Humor,t5_2qh0s,1730745778.243815
70,r/Twitch,2599748,Internet Culture and Memes,t5_2s0fe,1730745778.262752
71,r/languagelearning,2595039,Learning and Education,t5_2rjsc,1730745778.281558
72,r/college,2585014,Learning and Education,t5_2qh3z,1730745778.301093
73,r/SweatyPalms,2571009,Internet Culture and Memes,t5_2v567,1730745778.3195462
74,r/Guitar,2564433,Hobbies,t5_2qi79,1730745778.337018
75,r/budgetfood,2558777,Food and Drink,t5_2si9h,1730745778.3543098
76,r/BaldursGate3,2557848,Gaming,t5_12967t,1730745778.372889
77,r/BuyItForLife,2552324,Marketplace and Deals,t5_2ss1q,1730745778.392663
78,r/PUBATTLEGROUNDS,2535137,Gaming,t5_3fmbm,1730745778.411188
79,r/AnimalCrossing,2527314,Gaming,t5_2ro2c,1730745778.429914
80,r/youtube,2526530,Internet Culture and Memes,t5_2qh44,1730745778.448969
81,r/tipofmytongue,2519777,Meta/Reddit,t5_2r4oc,1730745778.4675121
82,r/analog,2507543,Art,t5_2r344,1730745778.486086
83,r/AITAH,2504179,Meta/Reddit,t5_446kys,1730745778.504533
84,r/hockey,2492849,Sports,t5_2qiel,1730745778.523212
85,r/beginnerfitness,2483899,Fitness and Nutrition,t5_2x79t,1730745778.5416331
86,r/learntodraw,2476756,Art,t5_2ub51,1730745778.5603552
87,r/houseplants,2462349,Home and Garden,t5_2skiq,1730745778.5792608
88,r/dogecoin,2461689,Crypto,t5_2zcp2,1730745778.5979562
89,r/CasualConversation,2461289,Meta/Reddit,t5_323oy,1730745778.6166441
90,r/spotify,2460266,Music,t5_2qofj,1730745778.635241
91,r/NFT,2459952,Crypto,t5_3bx7j,1730745778.6545339
92,r/india,2446172,Place,t5_2qh1q,1730745778.672538
93,r/CasualUK,2437396,Place,t5_3j2jr,1730745778.691682
94,r/VALORANT,2433474,Gaming,t5_2dkvmc,1730745778.711524
95,r/sidehustle,2428372,"Business, Economics, and Finance",t5_2yc1k,1730745778.731819
96,r/natureismetal,2425387,Animals and Pets,t5_324zi,1730745778.74965
97,r/nhl,2403313,Sports,t5_2qrrq,1730745778.76752
98,r/Metal,2402536,Music,t5_2qhud,1730745778.785314
99,r/graphic_design,2400998,Careers,t5_2qmtk,1730745778.802964
100,r/thewalkingdead,2396877,Television,t5_2rygv,1730745778.8214872
101,r/javascript,2395474,Technology,t5_2qh30,1730745778.8398862
102,r/StardewValley,2381979,Gaming,t5_2wb7y,1730745778.8625479
103,r/PixelArt,2379567,Art,t5_2ql09,1730745778.881569
104,r/3amjokes,2348261,Funny/Humor,t5_2vc9u,1730745778.899316
105,r/FreeEBOOKS,2347291,"Reading, Writing, and Literature",t5_2r61s,1730745778.916818
106,r/100yearsago,2343248,History,t5_2y3jq,1730745778.9352179
107,r/introvert,2327082,Family and Relationships,t5_2qlr2,1730745778.9528608
108,r/TrueOffMyChest,2319537,Medical and Mental Health,t5_2yuqy,1730745778.9714801
109,r/ArtisanVideos,2303663,Crafts and DIY,t5_2sbd9,1730745778.990081
110,r/StupidFood,2301088,Food and Drink,t5_37se4,1730745779.008943
111,r/datascience,2299337,Careers,t5_2sptq,1730745779.026593
112,r/Philippines,2297537,Place,t5_2qjov,1730745779.043974
113,r/Graffiti,2293991,Art,t5_2qhxu,1730745779.0612109
114,r/ethtrader,2293763,Technology,t5_37jgj,1730745779.078871
115,r/Mommit,2288489,Family and Relationships,t5_2s3i3,1730745779.096127
116,r/financialindependence,2275855,"Business, Economics, and Finance",t5_2t34z,1730745779.113751
117,r/nintendo,2272040,Technology,t5_2qhnk,1730745779.131339
118,r/AskEngineers,2248678,Science,t5_2sebk,1730745779.148911
119,r/digitalnomad,2241795,Travel,t5_2r9w0,1730745779.166872
120,r/WhatsWrongWithYourDog,2235203,Animals and Pets,t5_39ht3,1730745779.1843572
121,r/povertyfinance,2215919,"Business, Economics, and Finance",t5_hcycg,1730745779.2018461
122,r/minimalism,2215883,Ethics and Philosophy,t5_2r0z9,1730745779.2194822
123,r/ATBGE,2212012,Funny/Humor,t5_3fqup,1730745779.237768
124,r/DesignPorn,2211349,Art,t5_2sj06,1730745779.255334
125,r/terriblefacebookmemes,2207694,Internet Culture and Memes,t5_2tja6,1730745779.272964
126,r/ShingekiNoKyojin,2206054,Anime,t5_2we2n,1730745779.290802
127,r/StrangerThings,2193220,Television,t5_3adlm,1730745779.309935
128,r/rap,2188093,Music,t5_2qhas,1730745779.3276422
129,r/grilling,2186985,Food and Drink,t5_2rcvg,1730745779.3452742
130,r/ufc,2186722,Sports,t5_2qsev,1730745779.3625689
131,r/PoliticalDiscussion,2184920,Politics,t5_2sfmf,1730745779.380178
132,r/malelivingspace,2182822,Home and Garden,t5_2v70p,1730745779.3978188
133,r/australia,2178408,Place,t5_2qh8e,1730745779.4154398
134,r/homeowners,2173661,Home and Garden,t5_2r9c1,1730745779.43403
135,r/reallifedoodles,2162356,Internet Culture and Memes,t5_363b8,1730745779.452745
136,r/AskHistorians,2161239,History,t5_2ssp3,1730745779.4724412
137,r/Coffee,2150643,Food and Drink,t5_2qhze,1730745779.491233
138,r/roblox,2142690,Gaming,t5_2rnsh,1730745779.5096982
139,r/AbandonedPorn,2141077,Outdoors and Nature,t5_2sh6t,1730745779.528343
140,r/LongDistance,2128269,Family and Relationships,t5_2s6ky,1730745779.5469692
141,r/Justrolledintotheshop,2124650,Cars and Motor Vehicles,t5_2tteh,1730745779.565751
142,r/hiking,2113502,Outdoors and Nature,t5_2r9om,1730745779.5846038
143,r/classicalmusic,2105168,Music,t5_2qhyq,1730745779.603255
144,r/BestofRedditorUpdates,2102743,Meta/Reddit,t5_2ea6kj,1730745779.6218188
145,r/literature,2090515,"Reading, Writing, and Literature",t5_2qhps,1730745779.640573
146,r/ArchitecturePorn,2088260,Art,t5_2skim,1730745779.6593401
147,r/urbanexploration,2085827,Travel,t5_2qkvl,1730745779.6780438
148,r/disney,2078408,Movies,t5_2qh8g,1730745779.696706
149,r/audiophile,2062513,Technology,t5_2qmiy,1730745779.715886
150,r/30PlusSkinCare,2058379,Beauty and Makeup,t5_379gw,1730745779.738372
151,r/OnePunchMan,2055334,Anime,t5_2vm97,1730745779.759979
152,r/Poetry,2049478,"Reading, Writing, and Literature",t5_2qhhu,1730745779.783721
153,r/Amd,2038163,Technology,t5_2rw0n,1730745779.8087711
154,r/BokuNoHeroAcademia,2035880,Anime,t5_34a0h,1730745779.835387
155,r/forbiddensnacks,2031656,Funny/Humor,t5_9zph8,1730745779.854721
156,r/IWantOut,2029896,Travel,t5_2r5hw,1730745779.8807218
157,r/perfectlycutscreams,2016163,Internet Culture and Memes,t5_3n7fs,1730745779.903897
158,r/confusing_perspective,2012312,Internet Culture and Memes,t5_32csr,1730745779.927526
159,r/reddeadredemption,2011424,Gaming,t5_2rn7o,1730745779.9506612
160,r/ofcoursethatsathing,1997955,Internet Culture and Memes,t5_2xgrs,1730745779.973652
161,r/vinyl,1994752,Music,t5_2qh7i,1730745780.00177
162,r/finance,1990270,"Business, Economics, and Finance",t5_2qhfj,1730745780.028936
163,r/dbz,1988765,Anime,t5_2sdu8,1730745780.0748281
164,r/OpenAI,1988536,Technology,t5_3b9u5,1730745780.097565
165,r/JuJutsuKaisen,1988311,Anime,t5_gdma4,1730745780.188077
166,r/mealtimevideos,1982748,Internet Culture and Memes,t5_32abf,1730745780.206798
167,r/cscareerquestions,1982212,Technology,t5_2sdpm,1730745780.288397
168,r/hmmm,1977591,Internet Culture and Memes,t5_2qq6z,1730745780.3277922
169,r/elonmusk,1969697,Celebrity,t5_2tr91,1730745780.3616629
170,r/TheLastAirbender,1947809,Television,t5_2rybx,1730745780.380259
171,r/ADHD,1947169,Medical and Mental Health,t5_2qnwb,1730745780.399626
172,r/flexibility,1945598,Fitness and Nutrition,t5_2t7mg,1730745780.4193752
173,r/selfimprovement,1937458,Family and Relationships,t5_2qmbm,1730745780.4398148
174,r/hearthstone,1926478,Gaming,t5_2w31t,1730745780.4585369
175,r/softwaregore,1926413,Technology,t5_2w2ea,1730745780.477516
176,r/hbo,1923948,Television,t5_2r1a0,1730745780.496209
177,r/RealEstate,1922531,"Business, Economics, and Finance",t5_2qipl,1730745780.5166771
178,r/nvidia,1915100,Technology,t5_2rlgy,1730745780.5359201
179,r/MangaCollectors,1909310,Anime,t5_3p7rg,1730745780.555378
180,r/AskAcademia,1909086,Learning and Education,t5_2sakj,1730745780.5740328
181,r/AnimalsBeingGeniuses,1908393,Animals and Pets,t5_2z6fi,1730745780.5928771
182,r/lego,1907847,Hobbies,t5_2qhm7,1730745780.6116202
183,r/powerwashingporn,1906589,Internet Culture and Memes,t5_2u9ev,1730745780.6311738
184,r/cookingforbeginners,1904116,Food and Drink,t5_32u9b,1730745780.650187
185,r/AnimeART,1903783,Anime,t5_2tgsc,1730745780.669705
186,r/savedyouaclick,1892965,World News,t5_323r3,1730745780.6883972
187,r/wallpaper,1892510,Art,t5_2qmjl,1730745780.706908
188,r/realestateinvesting,1866448,"Business, Economics, and Finance",t5_2qnt1,1730745780.725824
189,r/Satisfyingasfuck,1865368,Internet Culture and Memes,t5_31s00,1730745780.745017
190,r/cyberpunkgame,1850255,Gaming,t5_3az7x,1730745780.763621
191,r/halo,1833135,Gaming,t5_2qixk,1730745780.782177
192,r/sewing,1832958,Crafts and DIY,t5_2sczp,1730745780.8008761
193,r/smallbusiness,1825578,"Business, Economics, and Finance",t5_2qr34,1730745780.81965
194,r/aviation,1818725,Hobbies,t5_2qhu8,1730745780.838352
195,r/LatinoPeopleTwitter,1806181,Internet Culture and Memes,t5_3913r,1730745780.856672
196,r/HouseOfTheDragon,1804937,Television,t5_27hnjr,1730745780.875218
197,r/DisneyPlus,1800929,Movies,t5_r0hux,1730745780.894281
198,r/ExposurePorn,1796478,Art,t5_2tlvh,1730745780.911972
199,r/AbsoluteUnits,1785467,Funny/Humor,t5_a7wuv,1730745780.929564
200,r/vegan,1780592,Ethics and Philosophy,t5_2qhpm,1730745780.947071
201,r/AskUK,1775222,Place,t5_2t4s3,1730745780.966395
202,r/TattooDesigns,1772603,Art,t5_2t57f,1730745780.993104
203,r/Cinemagraphs,1768356,Art,t5_2sgzs,1730745781.03218
204,r/CharacterAI,1767840,Technology,t5_6xtffe,1730745781.051151
205,r/Skincare_Addiction,1766304,Beauty and Makeup,t5_3fwbd,1730745781.0697558
206,r/fragrance,1765052,Hobbies,t5_2sda0,1730745781.088751
207,r/Makeup,1760579,Beauty and Makeup,t5_2qrwc,1730745781.108119
208,r/architecture,1759115,Art,t5_2qhae,1730745781.127588
209,r/algotrading,1759098,"Business, Economics, and Finance",t5_2ubg3,1730745781.147152
210,r/Journaling,1758581,Hobbies,t5_2s9nn,1730745781.166104
211,r/getdisciplined,1755314,Ethics and Philosophy,t5_2uzju,1730745781.184896
212,r/RoomPorn,1753006,Home and Garden,t5_2ske1,1730745781.203754
213,r/HunterXHunter,1748911,Anime,t5_2spu5,1730745781.2227788
214,r/gamedev,1738902,Programming,t5_2qi0a,1730745781.242173
215,r/startups,1735795,"Business, Economics, and Finance",t5_2qh26,1730745781.2614121
216,r/tennis,1732823,Sports,t5_2qiq1,1730745781.280575
217,r/Fallout,1711809,Gaming,t5_2qnzu,1730745781.29907
218,r/carporn,1710649,Cars and Motor Vehicles,t5_2rlke,1730745781.317933
219,r/netflix,1709883,Television,t5_2qoxj,1730745781.3368058
220,r/photocritique,1705076,Art,t5_2qymy,1730745781.355382
221,r/jobs,1698353,Careers,t5_2qhnd,1730745781.374302
222,r/Screenwriting,1696104,"Reading, Writing, and Literature",t5_2qupf,1730745781.392844
223,r/RocketLeague,1686749,Gaming,t5_30cz1,1730745781.411478
224,r/CryptoMarkets,1682738,Crypto,t5_2z2wm,1730745781.431344
225,r/astrology,1682645,Religion and Spirituality,t5_2qi4c,1730745781.449253
226,r/virtualreality,1678150,Technology,t5_2qp9o,1730745781.467402
227,r/learnart,1676335,Art,t5_2s6fc,1730745781.486689
228,r/PoliticalHumor,1673704,Politics,t5_2qm21,1730745781.505346
229,r/NationalPark,1671551,Outdoors and Nature,t5_38nec,1730745781.52385
230,r/womensstreetwear,1658988,Fashion,t5_3ec0o,1730745781.542433
231,r/worldbuilding,1650279,"Reading, Writing, and Literature",t5_2rd6n,1730745781.561545
232,r/thalassophobia,1633082,Outdoors and Nature,t5_2xfs1,1730745781.581287
233,r/Cricket,1614776,Sports,t5_2qhe0,1730745781.59883
234,r/socialmedia,1614260,Careers,t5_2qi2m,1730745781.61655
235,r/animation,1606852,Art,t5_2qlmp,1730745781.633856
236,r/crossfit,1606377,Fitness and Nutrition,t5_2qqfd,1730745781.6510952
237,r/iamverysmart,1604691,Internet Culture and Memes,t5_2yuej,1730745781.668441
238,r/DotA2,1591652,Gaming,t5_2s580,1730745781.685847
239,r/AskHR,1589946,Careers,t5_2usvo,1730745781.7030861
240,r/theydidthemath,1587106,Learning and Education,t5_2x23b,1730745781.720844
241,r/MovieSuggestions,1579076,Movies,t5_2sqpa,1730745781.7406888
242,r/Pizza,1579063,Food and Drink,t5_2qlhq,1730745781.7587252
243,r/specializedtools,1578508,Technology,t5_36ybr,1730745781.777676
244,r/Weird,1577209,Internet Culture and Memes,t5_2qlia,1730745781.7967129
245,r/PerfectTiming,1573447,Funny/Humor,t5_2t7te,1730745781.814186
246,r/snowboarding,1572671,Sports,t5_2qi0t,1730745781.831614
247,r/Basketball,1562085,Sports,t5_2qhsv,1730745781.849102
248,r/olympics,1561381,Sports,t5_21of,1730745781.8664892
249,r/environment,1553427,Science,t5_2qh1n,1730745781.8840299
