,subreddit,subscribers,topic,subreddit_id,scraped_utc
0,r/astraknightsofveda,1955,Gaming,t5_9cwxyp,1730749813.086679
1,r/cbusohio,1955,Place,t5_92ezjj,1730749813.111375
2,r/chaosmagic,1955,"Chaos Magic. Kaos Magic. Chaos Magick. Kaos Magick. Kayos Majic, if you must. All spellings permitted. Welcome one and all, regardless of path, creed, group, belief, waist size or haircut. Experienced or new, formal or street, young or old, initiated or natural, all that matters is The Work. Rules are simple: No threats, back up your claims, and keep in mind paradigms are only opinions. Management reserves the right to remove all posts that are sufficiently off-topic.",t5_2u9fn,1730749813.132819
3,r/csumb,1955,Learning and Education,t5_2spwt,1730749813.153213
4,r/FirstMajesticSilver,1955,"Business, Economics, and Finance",t5_309cvc,1730749813.172392
5,r/hentaihangers,1955,Mature Themes and Adult Content,t5_clunmj,1730749813.203243
6,r/ImitationZen,1955,A musing with but a single meaning may inspire. A musing with a hidden meaning may provoke.,t5_3jyl2,1730749813.2230551
7,r/JasonDennis,1955,Tabletop Games,t5_4glbdg,1730749813.242323
8,r/Kate_Abdo,1955,Welcome to Kate_Abdo,t5_4ytl5u,1730749813.2611148
9,r/MelodicTechno,1955,Music,t5_2wnsb,1730749813.280101
10,r/Noobtube,1955,Podcasts and Streamers,t5_2umq4,1730749813.3669949
11,r/Roedie,1955,Funny/Humor,t5_2dbowo,1730749813.386343
12,r/sp500,1955,"Business, Economics, and Finance",t5_13wfy9,1730749813.4353878
13,r/symbian,1955,Technology,t5_2qnac,1730749813.455132
14,r/TheBrickFan,1955,Hobbies,t5_h00rt,1730749813.476227
15,r/visionsofmana,1955,Gaming,t5_aavbpj,1730749813.495805
16,r/AfroBashment,1954,Music,t5_jq4up,1730749813.516962
17,r/Ariana,1954,Music,t5_31ihu,1730749813.5364952
18,r/arktrader,1954,Crypto,t5_3l5h2,1730749813.557368
19,r/Blanchitsu,1954,Tabletop Games,t5_3izwa,1730749813.5764081
20,r/BrittanyDawnMemes,1954,Funny/Humor,t5_76l56z,1730749813.5958662
21,r/GabriellaFox,1954,Mature Themes and Adult Content,t5_2tz41,1730749813.6149309
22,r/GirlsWithSloths,1954,Welcome to GirlsWithSloths,t5_347w4,1730749813.6340961
23,r/GoonHub4U,1954,Mature Themes and Adult Content,t5_c9y69a,1730749813.653586
24,r/IrishAncestry,1954,"Culture, Race, and Ethnicity",t5_300006,1730749813.672556
25,r/KimSchieleHQ,1954,Subreddit für Kim Schiele 👩🏼‍⚕️🩺,t5_90jy6f,1730749813.6929002
26,r/lewica,1954,Politics,t5_39nf6,1730749813.75138
27,r/PerfectWorldMobile,1954,Gaming,t5_21yanc,1730749813.775151
28,r/PGbodyinflation,1954,Mature Themes and Adult Content,t5_8i25vo,1730749813.7973602
29,r/RaquelGonzalez,1954,"Sub dedicated to WWE superstar Big Mami Cool, Raquel Rodriguez!",t5_3jfzql,1730749813.819215
30,r/CountryballsExp,1953,Art,t5_4uy30q,1730749813.839653
31,r/empirepowers,1953,History,t5_351m9,1730749813.8611252
32,r/LebaneseGirlsFeet,1953,Mature Themes and Adult Content,t5_5u3pm5,1730749813.887412
33,r/Medeamadlads,1953,Anime,t5_29ej72,1730749813.909396
34,r/TalesFromYourDriver,1953,"Tales from all kinds of drivers - taxi, bus, Uber and more!",t5_2wro6,1730749813.9292622
35,r/Whitehack,1953,Tabletop Games,t5_vpw9n,1730749813.949899
36,r/Worldofdance,1953,Television,t5_2ytxf,1730749813.971539
37,r/AspiringLawyers,1952,"A more open well-moderated subreddit for those in law school AND those interested in law school. Not to be confused with /r/lawschooladmissions which is about the application process, this subreddit is meant to discuss life/challenges/ins and outs of law school itself. Questions about admissions (LSAT, undergrad GPA, ""chance me's"" are for /r/lawschooladmissions or /r/lsat and ideally wouldn't be posted here.",t5_21xpko,1730749813.993152
38,r/clipclub,1952,Internet Culture and Memes,t5_36nl94,1730749814.0124888
39,r/DwarvenForge,1952,Tabletop Games,t5_3h28g,1730749814.03175
40,r/FINNEAS,1952,Music,t5_10277g,1730749814.050675
41,r/ingenieurs,1952,Careers,t5_c332zv,1730749814.06988
42,r/juniormasterchef,1952,Television,t5_gki6l,1730749814.088976
43,r/kaylanicolesnarkpage,1952,Podcasts and Streamers,t5_b479li,1730749814.110882
44,r/ubi,1952,Politics,t5_2t7ep,1730749814.130822
45,r/VolvoEX90,1952,Cars and Motor Vehicles,t5_7cqevc,1730749814.1496
46,r/AbigailMovie,1951,Movies,t5_aobuz0,1730749814.1686962
47,r/AllisonMason,1951,Allison Mason,t5_2za1h3,1730749814.189446
48,r/Callmenozomi,1951,Mature Themes and Adult Content,t5_sf6kc,1730749814.2095602
49,r/Hoka,1951,Fashion,t5_471r4z,1730749814.23079
50,r/JenelleEvansEason,1951,"It finally happened, Jenelle and David Eason from MTV's Teen Mom 2, now have their own sub. Lets all enjoy the snark over their shitty parenting skills, pathetic attempts at social media fame, their moldy swamp house, Jenelle's crack shed, and David's stupid face",t5_85lx2j,1730749814.2519958
51,r/KiriSokolsky,1951,r/KiriSokolsky - For everything about the IG Fitness Influencer 💪 | NPC Wellness Competitor | Alphalete Athlete | 26,t5_2jzuhd,1730749814.273543
52,r/lowercognitiveability,1951,For when brain no work so good credit to u/JanStreams for the logo,t5_2v3s5g,1730749814.294612
53,r/monkeypoxpositive,1951,Medical and Mental Health,t5_6ef3hp,1730749814.314723
54,r/MonstersTheLyleandEri,1951,Television,t5_c9zctv,1730749814.335237
55,r/projectdeath,1951,"shit happens, let's watch",t5_9zyctu,1730749814.354513
56,r/redcross,1951,Activism,t5_2rwqb,1730749814.375594
57,r/RollbitCoin,1951,"Experience the thrill of online gaming like never before with Rollbit.com, the fastest growing and most comprehensive crypto betting platform on the market. Dedicated to providing users with a top-notch gaming experience by offering an extensive range of Crypto & NFT Casino games, a state-of-the-art Sportsbook, and a cutting-edge Futures trading platform. With unparalleled rewards and an unwavering commitment to customer satisfaction, Rollbit.com is the go-to destination for crypto enthusiasts.",t5_7uyuof,1730749814.4007108
58,r/SLUBaguio,1951,Learning and Education,t5_4ripi0,1730749814.4243898
59,r/Tent,1951,Outdoors and Nature,t5_2qhnx,1730749814.447178
60,r/antimlem,1950,"Multi Licking Endearing Method (MLEM) schemes are a drain on our society. Its participants either lick, or get licked.",t5_lv6i5,1730749814.4702861
61,r/aurora4x,1950,Gaming,t5_2uoro,1730749814.4911418
62,r/carrypotter,1950,Celebrity,t5_l9u9g,1730749814.510862
63,r/churches,1950,Religion and Spirituality,t5_32731,1730749814.530996
64,r/CPC,1950,Politics,t5_2qt5b,1730749814.550022
65,r/dancemusic,1950,Music,t5_2s5he,1730749814.569203
66,r/gamesupport,1950,Gaming,t5_2t9kj,1730749814.588953
67,r/getcut,1950,Fitness and Nutrition,t5_3ipya,1730749814.609372
68,r/GGdiscussion,1950,Gaming,t5_3a3as,1730749814.6295629
69,r/growlights,1950,Home and Garden,t5_3ppp0,1730749814.650902
70,r/norwalk,1950,Place,t5_2slv7,1730749814.6723268
71,r/NudistGamers,1950,Gaming,t5_54j46i,1730749814.692933
72,r/spideysightings,1950,"A place for the people of NYC to posts their pictures of, and thoughts on, the Spider-Men! avatar photo cred: u/AnonDooDoo",t5_9s1kc7,1730749814.7118661
73,r/UKtiktokbehavingbadly,1950,Podcasts and Streamers,t5_b8tetd,1730749814.731989
74,r/blockwars,1949,Gaming,t5_5lm8ck,1730749814.751441
75,r/Equestrianthegame,1949,Gaming,t5_4biciy,1730749814.771691
76,r/FavoriteScenes,1949,"A place to share our favorite movie and TV scenes! You know the ones, that scene that just made you're heart flutter, or gave you that rush! Directors, cinematographers, screenwriters, set designers, actors... they've all contributed to that ""perfect scene"". Let's share them!",t5_3g62x,1730749814.791457
77,r/FranceTravel,1949,Travel,t5_2d12nn,1730749814.811585
78,r/NationalParkAfterDark,1949,Podcasts and Streamers,t5_51jepf,1730749814.830805
79,r/savethevote,1949,Politics,t5_2boomq,1730749814.849956
80,r/smallphones,1949,Technology,t5_6r7ueb,1730749814.869044
81,r/TekSyndicate,1949,Podcasts and Streamers,t5_2tplk,1730749814.887892
82,r/The_Hideaway,1949,Funny/Humor,t5_83iga3,1730749814.906889
83,r/TheGuessingGame,1949,Funny/Humor,t5_378w8,1730749814.925588
84,r/thirdsentencelmao,1949,Funny/Humor,t5_4ohl23,1730749814.9447129
85,r/TraditionalMarioMaker,1949,"A subreddit focused on traditional Mario levels made for Mario Maker for the Nintendo Wii U, and Nintendo Switch!",t5_39xv3,1730749814.9629881
86,r/Banishers,1948,Gaming,t5_7jevni,1730749814.98107
87,r/bedrocklinux,1948,Technology,t5_2uoeh,1730749814.999389
88,r/BrightSideOfParenting,1948,Family and Relationships,t5_aznfke,1730749815.017497
89,r/ConnectingTheDots,1948,A place to Connect the Dots,t5_4wr3bi,1730749815.035868
90,r/DeservedEmbarassment,1948,This is a sub to post people who deserved to be embarrassed,t5_28jgfs,1730749815.054192
91,r/dreampunk,1948,Music,t5_35utn,1730749815.072374
92,r/LeadAndSteel,1948,Mature Themes and Adult Content,t5_5amsor,1730749815.0920582
93,r/mynetdiary,1948,Technology,t5_3jwfp,1730749815.1116958
94,r/Reignfc,1948,Sports,t5_2vske,1730749815.132169
95,r/strongholdxchg,1948,"Stronghold’s mission is to provide fast, secure, and accessible financial services for all. Through our developer APIs, we enable access to legacy and next-generation payments and financial services. SHx, Stronghold’s currency is used for real time settlement, discount in fees for business customers, rewards, and merchant cash advances through decentralized finance.",t5_3nvjh,1730749815.153538
96,r/ThatHappensPod,1948,Podcasts and Streamers,t5_3ojl91,1730749815.173444
97,r/baldi,1947,Gaming,t5_jfh3k,1730749815.1927521
98,r/dispatch,1947,Music,t5_2s7pv,1730749815.212815
99,r/DragRaceItalia,1947,Television,t5_480rqu,1730749815.232204
100,r/fatFIREinvesting,1947,"Business, Economics, and Finance",t5_2ifn6t,1730749815.251443
101,r/HOscalemodeltrains,1947,Hobbies,t5_10fzwt,1730749815.271013
102,r/JSdev,1947,Programming,t5_480ihq,1730749815.2899399
103,r/LoveIslandCasual,1947,Television,t5_6es8ob,1730749815.3091269
104,r/M2Machines,1947,Hobbies,t5_o5cls,1730749815.328196
105,r/PokemonCinemaUniverse,1947,Movies,t5_ridee,1730749815.3473878
106,r/primaryteaching,1947,Learning and Education,t5_37lx9,1730749815.568369
107,r/RugerPrecisionRifle,1947,Placeholder.,t5_3adqq,1730749815.729752
108,r/Shrapnel,1947,Gaming,t5_4abpvf,1730749815.749175
109,r/ShulkMains,1947,Gaming,t5_39baj,1730749815.7684119
110,r/20characterlimit,1946,Meta/Reddit,t5_lrc48,1730749815.787051
111,r/FoodStreet,1946,Gaming,t5_3g2y9,1730749815.80621
112,r/hayleykiyoko,1946,Music,t5_2swsk,1730749815.825748
113,r/HoldMyPilotLicence,1946,This sub shows epic fails and awesome stunts regarding aviation. It's NSFW because some of the content involves death. Please remember that commercial aviation is still the safest way to travel. Proud to be a part of the HoldMy family.,t5_14ykub,1730749815.844621
114,r/homeownerstips,1946,Home and Garden,t5_9ii5y3,1730749815.863421
115,r/letsencrypt,1946,Programming,t5_36or8,1730749815.88259
116,r/mailScript,1946,Mailscript is a low-code automation tool for developers. Get a programmable email address. Automate what happens when you receive emails. It's like Zapier for devs who hate emails.,t5_2hg1t5,1730749815.901984
117,r/NewJerseyPics,1946,Place,t5_39m3l,1730749815.9224901
118,r/PROF,1946,Music,t5_2ztcp,1730749815.942018
119,r/Refantasia,1946,Mature Themes and Adult Content,t5_5r6xff,1730749815.961656
120,r/RokuDev,1946,Technology,t5_3f5h2,1730749815.981183
121,r/TemptationIslandIndia,1946,Television,t5_9tnakk,1730749816.000129
122,r/thechallenge,1946,Television,t5_2r63b,1730749816.018997
123,r/twowordseach,1946,We create a story with two words per comment.,t5_38fy5,1730749816.037747
124,r/boyinthebox,1945,Law,t5_2cdbl0,1730749816.056552
125,r/DoItNowRPG,1945,Technology,t5_3nzy9,1730749816.075258
126,r/exposingNflLee,1945,Celebrity,t5_9n0frm,1730749816.093809
127,r/GyaruGals,1945,Fashion,t5_4yubjw,1730749816.11244
128,r/HungrySharkEvolution,1945,Gaming,t5_4tvclu,1730749816.131026
129,r/ilakathamafilia,1945,Funny/Humor,t5_2k0u2n,1730749816.1499
130,r/iOSEmuSkins,1945,Gaming,t5_bdnhyq,1730749816.168579
131,r/konya,1945,Place,t5_2xlwg,1730749816.1871612
132,r/Kuroka,1945,Mature Themes and Adult Content,t5_3ai86,1730749816.2059462
133,r/OHL,1945,Sports,t5_2s5ns,1730749816.22461
134,r/SanctuaryRPG,1945,"A community for SanctuaryRPG players, a dungeon crawling roguelike ASCII-based PC game.",t5_2w27i,1730749816.2438211
135,r/ScaringTheSubs,1945,Music,t5_buw0nt,1730749816.266121
136,r/Super7,1945,Hobbies,t5_fhxn3,1730749816.2895622
137,r/thecontentfarm,1945,Internet Culture and Memes,t5_78jyph,1730749816.309113
138,r/AnnaMariaIsland,1944,Place,t5_2utct,1730749816.329252
139,r/CSR2WorldRecords,1944,Gaming,t5_2fdwah,1730749816.348371
140,r/FolksFinance,1944,Crypto,t5_4z5cap,1730749816.367291
141,r/HellsTradingFloor,1944,"Business, Economics, and Finance",t5_5n4n0j,1730749816.387569
142,r/HummerEV,1944,Cars and Motor Vehicles,t5_2e95n9,1730749816.4103649
143,r/Kettering,1944,Learning and Education,t5_2rzbc,1730749816.4308128
144,r/lochnessmonster,1944,Place for all your Loch Ness Monster Needs,t5_3c5zo,1730749816.4508748
145,r/MicrosoftAccess,1944,This sub is to discuss and share information about Microsoft Access. Please comply with reddiquette. (Unofficial sub. totally free from Microsoft or any other company.),t5_3aq96,1730749816.4705799
146,r/ofmd,1944,Television,t5_67zz6j,1730749816.489507
147,r/robertobolano,1944,"Reading, Writing, and Literature",t5_3hwgg,1730749816.509666
148,r/rpdiet,1944,Fitness and Nutrition,t5_27wr1m,1730749816.529535
149,r/Uniwien,1944,Learning and Education,t5_2qub7,1730749816.5498931
150,r/big_tech_interviews,1943,Programming,t5_5cvw9h,1730749816.569818
151,r/BookPiracy,1943,"Reading, Writing, and Literature",t5_159ujf,1730749816.589003
152,r/Brutes,1943,www.brutes.io | Frantic Online Multiplayer Evolution Brawler,t5_3hzfr,1730749816.608777
153,r/CodeZeroVisualTrading,1943,"Business, Economics, and Finance",t5_b1ruqc,1730749816.630504
154,r/ComputerEthics,1943,Ethics and Philosophy,t5_imibn,1730749816.653499
155,r/GelBlasterMarket,1943,Hobbies,t5_2x8rfp,1730749816.675025
156,r/headache,1943,Medical and Mental Health,t5_2ye34,1730749816.696345
157,r/ItsNeverLupus,1943,A place for people with lupus to discuss and share experiences and news about lupus. (Of course Friends and Family are welcome),t5_2sd3a,1730749816.719216
158,r/josephcampbell,1943,Welcome to josephcampbell,t5_2tcnp,1730749816.739879
159,r/MetalDetectingUK,1943,Hobbies,t5_3fnzh,1730749816.759587
160,r/oneshoestuff,1943,"Post whatever you want onlynonames, dontbexplicit and dontcallitfeet",t5_c1tkiq,1730749816.7827861
161,r/photobooth,1943,Art,t5_2tgns,1730749816.8090081
162,r/redcarpet,1943,"From best dressed to what were you thinking, post your red carpet photos here. Golden Globes, Grammys, Oscars, MTV Movie Awards, Tonys, VMAs, Emmys. Movie premieres and other events are welcome as well.",t5_2yc6a,1730749816.842423
163,r/todayiIearned,1943,"You learn something new every day; what did you learn today? Submit interesting and **specific facts** that you just found out (not broad information you looked up, TodayILearned is not /r/wikipedia).",t5_30vo4,1730749816.8666859
164,r/austinpowers,1942,Movies,t5_2sz20,1730749816.890551
165,r/deadorvetegable,1942,Internet Culture and Memes,t5_49ajep,1730749816.915117
166,r/Declassified,1942,"A community for discussions around declassified government documents, both recent and historic. Whether you're interested in newly-released files or older intelligence records, join us in uncovering, analyzing, and debating once-secret information. Share insights, ask questions, and connect with others curious about the hidden past and its impact on the present. Civil discussion and verifiable sources are encouraged!",t5_2ylxw,1730749816.938973
167,r/Gilroy,1942,Place,t5_2shy5,1730749816.964971
168,r/itssnowingonmtfuji,1942,Funny/Humor,t5_2fza7g,1730749816.988109
169,r/koreanrock,1942,Music,t5_35br3,1730749817.01019
170,r/MaxxineDupriOfficial,1942,"For fans of WWE Superstar, Maxxine Dupri.",t5_8q7v96,1730749817.033045
171,r/Planteriah,1942,Welcome to Planteriah,t5_8rmgu6,1730749817.053785
172,r/UAPPhenomenon,1942,A subreddit dedicated to any credible unknown anomalous phenomenon sightings/documents. Stories and artwork are more than welcome!,t5_45hap1,1730749817.078034
173,r/Bonaire,1941,Place,t5_2xhux,1730749817.102294
174,r/EA888,1941,Cars and Motor Vehicles,t5_7h9g7v,1730749817.124028
175,r/EternalEvolutionGame,1941,Gaming,t5_7cq4zs,1730749817.144861
176,r/Gisselle_Bravo,1941,Dedicated to the gorgeous Gisselle Bravo.,t5_7o5m2o,1730749817.166283
177,r/IngressOPR,1941,Gaming,t5_9vk9x,1730749817.187851
178,r/Mcamilaravi_,1941,Welcome to Mcamilaravi_,t5_95gcgs,1730749817.21029
179,r/megasquirt,1941,Cars and Motor Vehicles,t5_2vonl,1730749817.231873
180,r/OSE,1941,Tabletop Games,t5_2qtgz,1730749817.254117
181,r/PsychologyDiscussion,1941,"This subreddit is devoted to the casual discussion of Psychology. All are welcome, but the original intent is to create a place where academics such as students and professionals can engage in conversation over various psychological topics. Think of this place as a sounding board for your ideas or a place to come to learn more about the field. Feel free to post your own research surveys here as well.",t5_3363i,1730749817.275734
182,r/puccididnothingwrong,1941,Do you believe in gravity? Do you have a Dio bodypillow? Are you in any way shape or form religious but not kinda really? Do you believe Pucci was the main protagonist of part 6? Do you really just want Dio-sama's bone that badly? Well you've come to the right place then friend. This subreddit is exactly what you need for all things Pucci Affiliated Discord: https://discord.gg/2AYGTdY,t5_n1fpb,1730749817.297264
183,r/RaiNolMcPrequals,1941,Internet Culture and Memes,t5_2jm6s5,1730749817.32115
184,r/westmidlands,1941,Place,t5_2sigo,1730749817.345193
185,r/WildHorseIslands,1941,Gaming,t5_66ozm4,1730749817.369428
186,r/youlaughyoulose,1941,Funny/Humor,t5_2qx8a,1730749817.390238
187,r/backtoindia,1940,Place,t5_b4ljhg,1730749817.414289
188,r/BestBeautyDupes,1940,Beauty and Makeup,t5_3z13kx,1730749817.434201
189,r/CasualNI,1940,Place,t5_3po0i,1730749817.453969
190,r/DinosaurKing,1940,Anime,t5_31xbi,1730749817.4772182
191,r/dmx,1940,Music,t5_2qke6,1730749817.501149
192,r/eu3,1940,Gaming,t5_2soil,1730749817.522489
193,r/fluffydogs,1940,Animals and Pets,t5_39wzo,1730749817.543377
194,r/Indianacovid19,1940,Information about COVID19 in Indiana.,t5_2hecj9,1730749817.565826
195,r/ITPhilippines,1940,Careers,t5_6jp51h,1730749817.586713
196,r/liquiddnbproduction,1940,This community is dedicated to liquid drum & bass music production.,t5_36b9i,1730749817.606011
197,r/manham,1940,Internet Culture and Memes,t5_8gk8ab,1730749817.627666
198,r/MiniCrochet,1940,Crafts and DIY,t5_3dszo9,1730749817.651838
199,r/NellTigerFree,1940,Celebrity,t5_32qr4,1730749817.673337
200,r/TapNinja,1940,Gaming,t5_4v8vla,1730749817.694391
201,r/TsukumoSana,1940,Podcasts and Streamers,t5_4wtnto,1730749817.716974
202,r/floorplans,1939,"Welcome to r/floorplans, a global community where dreams take shape and spaces transform! Share your floor plans, whether they’re for a future dream home or a current room needing a fresh layout. Seek advice, give feedback and exchange ideas on everything from efficient space utilisation to aesthetic designs. Whether you’re an aspiring homeowner or love interior design, join us in shaping living spaces. Your insights can turn a plan into a perfect home. Let’s collaborate and create together!",t5_2umnv,1730749817.738998
203,r/FTMOver50,1939,Gender,t5_6r3qy8,1730749817.7605078
204,r/LifeUpgrades,1939,Learning and Education,t5_4a066q,1730749817.7841191
205,r/mrbeat,1939,Podcasts and Streamers,t5_sk3ht,1730749817.8060641
206,r/OCADU,1939,Learning and Education,t5_2soh8,1730749817.8284302
207,r/Pullman,1939,Place,t5_2spbs,1730749817.850392
208,r/adria_arjona,1938,"Dedicated to Puerto Rican American actress Adria Arjona. Star of Father of the Bride, Morbius, Good Omens and the upcoming Star Wars: Andor series on Disney+",t5_6ninip,1730749817.871234
209,r/ASMRDarlingOfficial,1938,Podcasts and Streamers,t5_2l39ro,1730749817.8916202
210,r/caitlinandleah,1938,Celebrity,t5_8jxkjf,1730749817.9137862
211,r/darkartsandcats,1938,Crafts and DIY,t5_6f3zv6,1730749817.939129
212,r/darkdnb,1938,"THE DARK SIDE OF DRUM'N'BASS Darkstep, techstep, hardstep, neurofunk, whatever: it's not about genres but about the feel - dnb that lets the drums and bassline keep the lead; dnb that's hard, heavy and fills your ears and rattles your chest with subbass vibrations.",t5_2t51l,1730749817.96654
213,r/Kalanchoe,1938,Home and Garden,t5_39jlf,1730749817.990589
214,r/LouisianaTech,1938,Learning and Education,t5_2spv3,1730749818.041208
215,r/StackedStunners,1938,Celebrity,t5_6gvif3,1730749818.06214
216,r/UTEP,1938,Learning and Education,t5_2sp9g,1730749818.0816388
217,r/Daguerreotypes,1937,A subreddit for sharing historic daguerreotype photographs taken around the world mostly during the 1840s and 1850s. Modern daguerreotypes are also allowed. Non-daguerreotype related photography posts will be removed.,t5_32usj,1730749818.1058218
218,r/forkliftmechanics,1937,Careers,t5_3egov,1730749818.130538
219,r/glassesadvice,1937,Fashion,t5_3a1nk,1730749818.15264
220,r/Mens_Bathroom_Choir,1937,Funny/Humor,t5_2j115p,1730749818.1736488
221,r/punkshots,1937,"This is a subreddit in which members of the community can post pictures and photographs of anything related to punk rock. **Whether it be your old leather, a Class A shot of D.Boon during the height of the Minutemen, or a cool shot from a local show- anything and everything punk is welcomed.**",t5_2vl3l,1730749818.1954079
222,r/Series66,1937,Learning and Education,t5_4pfjib,1730749818.215117
223,r/SierraFerrell,1937,Music,t5_10oq1z,1730749818.235123
224,r/starwarsrebellion,1937,Tabletop Games,t5_3aq3t,1730749818.2545862
225,r/ThorNode,1937,Crypto,t5_5h6g16,1730749818.27477
226,r/thumbsucking,1937,Addiction Support,t5_36f91,1730749818.2937
227,r/Tulisa,1937,Subreddit for everything Tulisa Contostavlos,t5_2ukrl,1730749818.313844
228,r/venusprotocol,1937,Crypto,t5_34ev5x,1730749818.3333771
229,r/AZgirlsGW,1936,A place for women to show off normal or explicit photos,t5_bromjt,1730749818.352832
230,r/FluffyCows,1936,Welcome to FluffyCows,t5_2xgtm,1730749818.372896
231,r/foundthefurry,1936,Internet Culture and Memes,t5_re294,1730749818.39193
232,r/GamingAU,1936,Gaming,t5_2v59f,1730749818.458987
233,r/InsuranceClaims,1936,Law,t5_34ul2,1730749818.497938
234,r/IVFAfterSuccess,1936,Family and Relationships,t5_3am4vd,1730749818.526813
235,r/lilylou_xxx,1936,A page dedicated to the hottest living fuckdoll and goon goddess Lily Lou,t5_ce4e6d,1730749818.547007
236,r/NeutralCryptoTalk,1936,"The purpose of this sub is to allow for informed, source-backed, respectful contributors to discuss the technology and adoption of cryptocurrencies.",t5_4bh1a,1730749818.5659578
237,r/Newbridge,1936,Podcasts and Streamers,t5_2vj1c,1730749818.585113
238,r/PerfumeryFormulas,1936,Beauty and Makeup,t5_b5eyo3,1730749818.6043992
239,r/petrifiedwood,1936,Outdoors and Nature,t5_2ydlh,1730749818.6233249
240,r/PlaystationHome,1936,Gaming,t5_2x6dt,1730749818.642755
241,r/RealEstateForSale,1936,Post real estate listings for sale in North America (US & Canada),t5_2vefj,1730749818.661925
242,r/SpeedCubeShop,1936,Hobbies,t5_54vjmq,1730749818.68065
243,r/uzayzuhal,1936,Podcasts and Streamers,t5_5u5nvx,1730749818.699541
244,r/WholesomeHorror,1936,"A community revolving around sharing, writing, and discussing horror stories that have somewhat of a wholesome twist, while retaining that eerie undertone",t5_2dmrn3,1730749818.7188978
245,r/ffxivgardening,1935,Gaming,t5_38k8s,1730749818.737956
246,r/Haachama,1935,Anime,t5_2z4axw,1730749818.756652
247,r/Jordanians,1935,"Culture, Race, and Ethnicity",t5_2su15,1730749818.7762282
248,r/Kachina,1935,Gaming,t5_bw5psm,1730749818.7953868
249,r/LVHH,1935,Music,t5_1si23c,1730749818.814684
