,subreddit,subscribers,topic,subreddit_id,scraped_utc
0,r/MakeDataShine,1935,"Through data visualized, we can tell stories worth exploring and learning something new. We invite you to share here data visualizations that can tell meaningful news and stories from all over the world. Our core belief is that information is increasingly becoming mobile so let's keep our visualizations as simple as possible yet as descriptive as they could be.",t5_jhcb1,1730749833.058191
1,r/PaliaTheGame,1935,Gaming,t5_4jj376,1730749833.0798879
2,r/PoisonPorcupine,1935,Outdoors and Nature,t5_926eiu,1730749833.098697
3,r/reedcollege,1935,Learning and Education,t5_2s7mb,1730749833.1184661
4,r/StreamlitOfficial,1935,Technology,t5_7ispo3,1730749833.1381261
5,r/UnlockedAds,1935,Share promoted Reddit advertisements that are unlocked here.,t5_itz7y,1730749833.167804
6,r/Vermont_Outdoors,1935,A place to post about anything to do with the outdoors in Vermont.,t5_329d4,1730749833.186975
7,r/aftg,1934,"Reading, Writing, and Literature",t5_udj86,1730749833.206047
8,r/BarweerMOC,1934,Hobbies,t5_7fx378,1730749833.226454
9,r/Bikejoring,1934,Sports,t5_3831k,1730749833.2459688
10,r/bunnygirlbreedinghole,1934,Internet Culture and Memes,t5_amk4j7,1730749833.3430872
11,r/cozychristmas,1934,A warm and welcoming place to share your cozy holiday photos and experiences. Please feel free to post away!,t5_3dt805,1730749833.362911
12,r/Democracy4,1934,Gaming,t5_zglwd,1730749833.397127
13,r/DreamMovies,1934,Movies,t5_5e9swc,1730749833.417094
14,r/FlintlockRifle,1934,"Everything to do with the American flintlock longrifle. This forum is primarily intended for longrifle builders and shooters whatever their experience level. Discussion and advice offered on builds, muzzleloading supply sources, shooting the muzzleloader and maintaining your rifle or smoothbore.",t5_3ad71,1730749833.436569
15,r/Greyromantic,1934,"welcome to the greyromantic space on reddit * * greyromantic is an aromantic spectrum identity that includes but is not limited to, low amounts of romantic attraction, rarely felt romantic attraction, romantic attraction only under specific circumstances and others - see a more detailed description in the side bar and welcome post",t5_2l48gm,1730749833.4568572
16,r/hobotoughlife,1934,Gaming,t5_34zbod,1730749833.476133
17,r/IrohaIsshiki,1934,Home of best girl from OreGairu.,t5_y8vp4,1730749833.495105
18,r/Lyssauroraofficial,1934,Podcasts and Streamers,t5_br8zym,1730749833.5143611
19,r/MusicNFT,1934,Music,t5_3vdcaa,1730749833.5341902
20,r/NotUnpopularJustDumb,1934,"For when they think their opinions are unpopular, but they're just dumb and uninformed.",t5_4taq7t,1730749833.553895
21,r/OkayBuddyNetwork,1934,Funny/Humor,t5_482cvq,1730749833.5733602
22,r/Planetside_2,1934,Gaming,t5_38jqp,1730749833.593245
23,r/Stouffville,1934,Place,t5_2ro0w,1730749833.613281
24,r/todayiam,1934,Everyday you're doing something; what are you doing today?,t5_2xgxr,1730749833.633409
25,r/VTTtokens,1934,Tabletop Games,t5_2rg54s,1730749833.6526122
26,r/AnnemarieCarpendalee,1933,Welcome to AnnemarieCarpendalee,t5_6olsrq,1730749833.673089
27,r/BPD_Survivors,1933,Family and Relationships,t5_3gx6k,1730749833.693232
28,r/Catsgivinghighfives,1933,High fives? Even better cats giving high fives!,t5_2z175,1730749833.71379
29,r/CrossdressingStories,1933,Gender,t5_6dph3g,1730749833.7339149
30,r/DemLipsDoe,1933,Beauty and Makeup,t5_2jtvvm,1730749833.754119
31,r/Dinotopia,1933,"Reading, Writing, and Literature",t5_2t0w9,1730749833.773494
32,r/eileengu,1933,Celebrity,t5_5r6ycc,1730749833.792784
33,r/LatinaHomemadee,1933,Mature Themes and Adult Content,t5_cbhu0f,1730749833.81189
34,r/LeagueOfLegendsSFW,1933,Art,t5_8emn9b,1730749833.830932
35,r/MadeInCanada,1933,"Business, Economics, and Finance",t5_2vf2l,1730749833.849508
36,r/malaysiaFIRE,1933,"Business, Economics, and Finance",t5_a0j0ak,1730749833.869568
37,r/MassageNearMe,1933,Looking for the Best Massage Near Me…. Please post City/State/Zip,t5_89z9tu,1730749833.89044
38,r/Monsanto,1933,"Business, Economics, and Finance",t5_2qi1o,1730749833.908282
39,r/MuSigmaStories,1933,Careers,t5_kdpig,1730749833.926172
40,r/OrgRoam,1933,Programming,t5_4106qg,1730749833.9438012
41,r/penaddict,1933,"The Pen Addict is a weekly fix for all things stationery. Pens, pencils, paper, ink – you name it, and Brad Dowdy and Myke Hurley are into it. Join as they geek out over the analog tools they love so dearly.",t5_2t1a6,1730749833.961591
42,r/PresidentWarren,1933,"President Elizabeth Warren, 2016, 2020, Run Warren Run, Democratic Party, Democrats, progressive. Vote. Occupy Wall Street. Persist, resist, transform, and progress for our revolution to restore, expand, and provide democracy in the USA and throughout the world.",t5_372jh,1730749833.979179
43,r/ProEarth,1933,Outdoors and Nature,t5_3pvyiw,1730749833.997746
44,r/saorikiyomi,1933,Mature Themes and Adult Content,t5_2lpqkr,1730749834.0154061
45,r/Soulies,1933,Welcome to Soulies,t5_2si2b,1730749834.033828
46,r/westend,1933,Music,t5_4rmvv8,1730749834.051317
47,r/camkirkhambaby,1932,Podcasts and Streamers,t5_30a231,1730749834.0691578
48,r/cute_face,1932,Beauty and Makeup,t5_c63j49,1730749834.0872471
49,r/EtherFIRE,1932,"Business, Economics, and Finance",t5_4d95ew,1730749834.10619
50,r/haleighbroucher,1932,Celebrity,t5_saax3,1730749834.124074
51,r/Happyfreakout,1932,A subreddit for those positive freakouts in your life.,t5_1wkn4n,1730749834.141991
52,r/HeroicLegendofArslan,1932,Anime,t5_35ttm,1730749834.160268
53,r/holoiso,1932,Technology,t5_6fbdk2,1730749834.178318
54,r/SonsofUnionVeteransCW,1932,Military,t5_6p0l9f,1730749834.197024
55,r/SquadronTowerDefense,1932,Gaming,t5_37rnn,1730749834.216289
56,r/ABoringUtopia,1931,"A pro-human subreddit for chronicling how modern societies are not only utopic, but also incredibly boring. The antithesis of /r/ABoringDystopia.",t5_3lek7,1730749834.2349591
57,r/CricutButFun,1931,Crafts and DIY,t5_3oza3x,1730749834.253811
58,r/Fairfield,1931,Place,t5_2s89b,1730749834.272136
59,r/FelineDiabetes,1931,Animals and Pets,t5_3a8go,1730749834.2900102
60,r/flatshoes,1931,Mature Themes and Adult Content,t5_2vdpv,1730749834.308885
61,r/hug,1931,Family and Relationships,t5_2rlos,1730749834.326723
62,r/Huntik,1931,Television,t5_2voa9,1730749834.346122
63,r/idlegamemaker,1931,Gaming,t5_2zvk8,1730749834.364219
64,r/LPGA,1931,Sports,t5_30p1k,1730749834.3819032
65,r/Nexus10,1931,"Subreddit for the Google Nexus 10 tablet. Your source for tips, tricks, modding, and everything related to the Nexus 10!",t5_2uff4,1730749834.400121
66,r/shibonk,1931,Crypto,t5_5deo5l,1730749834.417856
67,r/TheGrandMafia,1931,Gaming,t5_3gaabf,1730749834.435447
68,r/TopICOlist,1931,Top ICO list,t5_nqjs6,1730749834.4531488
69,r/USMCocs,1931,Military,t5_4l68a7,1730749834.470845
70,r/walkingwithdinosaurs,1931,Television,t5_2hbkh1,1730749834.488377
71,r/AmazonQuestions,1930,Funny/Humor,t5_10e77e,1730749834.506025
72,r/AnycubicMegaS,1930,Technology,t5_tolf6,1730749834.523603
73,r/BIGMANSWEEP,1930,Gaming,t5_6uqo27,1730749834.54229
74,r/ErgoMobileComputers,1930,Technology,t5_5ozd4u,1730749834.5611892
75,r/Fabletics,1930,Fashion,t5_2ln70r,1730749834.5805728
76,r/FernHentai,1930,Welcome to FernHentai,t5_a45t5m,1730749834.6001122
77,r/Harriman,1930,Outdoors and Nature,t5_2lfbes,1730749834.6199481
78,r/magicrampage,1930,Gaming,t5_3aops,1730749834.639322
79,r/SillyMysteries,1930,Internet Culture and Memes,t5_23u4du,1730749834.6582038
80,r/Taboo_Relationship,1930,Mature Themes and Adult Content,t5_aw6233,1730749834.677005
81,r/TennisNerds,1930,Sports,t5_857vdy,1730749834.696
82,r/TraderJoesFans,1930,A sub for those who love Trader Joe's. Share your advice for what to get or what to skip! NOTE: I am in no way officially affiliated with Trader Joe's.,t5_33mvd,1730749834.7156029
83,r/UFCW,1930,Careers,t5_2yvd4,1730749834.7353752
84,r/YoungFIRE,1930,"Business, Economics, and Finance",t5_5a3c7i,1730749834.754417
85,r/7DaysToDieXbox,1929,Gaming,t5_zt7th,1730749834.773243
86,r/ceeday,1929,Podcasts and Streamers,t5_j792s,1730749834.792201
87,r/DreamAnalysis,1929,Find out what your subconscious is trying to tell you in your dreams,t5_2u03a,1730749834.8123982
88,r/EEOC,1929,Law,t5_3jq53,1730749834.831834
89,r/memestorici,1929,Internet Culture and Memes,t5_6a8fit,1730749834.851305
90,r/rengoku,1929,Anime,t5_2mbimd,1730749834.870075
91,r/ReuseSchoolworkTips,1929,Where you put your school tips to help others!,t5_12r4qp,1730749834.889121
92,r/SMC,1929,Learning and Education,t5_2t1sm,1730749834.90798
93,r/SoccerAbs,1929,Sports,t5_6qq8n2,1730749834.927563
94,r/SsbbwUltimatePear2,1929,Welcome to SsbbwUltimatePear2,t5_7tvnhe,1730749834.9475882
95,r/Steubenville,1929,Welcome to /r/Steubenville! This sub is a place to discuss anything related to Steubenville or the rest of the Upper Ohio Valley (anywhere in between Wheeling and East Liverpool).,t5_2zc2e,1730749834.966484
96,r/teamdd,1929,enjoy billy and jimmy lee's quest to save marion. when they complete that quest they will play world of warcraft and some other garbage,t5_343dg,1730749834.985709
97,r/weststigers,1929,Sports,t5_2xbot,1730749835.005007
98,r/AlcoholInkArt,1928,Art,t5_1273lf,1730749835.025265
99,r/AlrightComradeDummy,1928,Funny/Humor,t5_2938ra,1730749835.045486
100,r/blackhole,1928,Science,t5_2snql,1730749835.065391
101,r/boomarena,1928,Gaming,t5_8o7r33,1730749835.084594
102,r/elca,1928,Religion and Spirituality,t5_2ujyi,1730749835.103712
103,r/IgANephropathy,1928,Medical and Mental Health,t5_2wqpq,1730749835.12312
104,r/MinnesotaLynx,1928,Sports,t5_2t32v,1730749835.142714
105,r/SiderealAstrology,1928,Religion and Spirituality,t5_3h4kd,1730749835.162519
106,r/StarscapeRoblox,1928,Gaming,t5_2iff97,1730749835.181376
107,r/unrealistick,1928,Funny/Humor,t5_7u2sek,1730749835.2008362
108,r/WinterBlues,1928,Medical and Mental Health,t5_2vvls,1730749835.220455
109,r/WIZARD,1928,"Welcome to r/Wizard! The aim of this subreddit is to create a space for people to share experiences with wizards in board games, TCGs, video games, books, shows, movies, and art. All are welcome, but please keep the posts relevant to the stated aim of the group, and treat everyone with respect.",t5_2r1wj,1730749835.2397702
110,r/YankeeCandles,1928,Home and Garden,t5_317jz,1730749835.258721
111,r/AlterPasig,1927,Mature Themes and Adult Content,t5_ai4szv,1730749835.277526
112,r/BananaWisdom,1927,A place to share the banana wisdom and anything banana-related with others.,t5_3iszz,1730749835.2985868
113,r/BuldakRamen,1927,Food and Drink,t5_8mb9f7,1730749835.3181598
114,r/HistoricalWorldPowers,1927,History,t5_324a3,1730749835.3371708
115,r/incestcinema,1927,The naughtyest cinema in town. Now showing Taboo Titles from around the world.,t5_bvtses,1730749835.3566191
116,r/Microwave,1927,Music,t5_2y1ax,1730749835.3754492
117,r/nekogir1,1927,OF @ nekogir1 Formally known as @goodgir1 and @supersecretaccount,t5_75jl7l,1730749835.395027
118,r/Nevecampbel,1927,Celebrity,t5_2k13oa,1730749835.413986
119,r/Obduction,1927,Gaming,t5_2yroz,1730749835.433107
120,r/PhysicsWallah,1927,Learning and Education,t5_2rcijr,1730749835.4521549
121,r/planet_IX,1927,"Planet IX is an online crypto game based on NFTs. The multiplayer strategy game takes place on the titular planet. Planet IX also acts as a metaverse; by connecting real-world geolocations to user generated virtual environments, it works as a bridge between the digital and the physical world. These environments can be claimed, bought, sold, and will eventually also be customizable. This will give the players the power to increase the value of their collection later on in the game.",t5_5e3vpn,1730749835.471432
122,r/SadieStanley,1927,Celebrity,t5_27pj7z,1730749835.4914649
123,r/veganr4r,1927,Family and Relationships,t5_3bqcb,1730749835.510485
124,r/afterimage,1926,Gaming,t5_51l8m3,1730749835.529574
125,r/ancientroma,1926,History,t5_atmsgo,1730749835.5495071
126,r/Emovinyl,1926,Music,t5_37qfp,1730749835.568236
127,r/evilrooms,1926,What are you doing here? You shouldn't be here. Now you're in trouble. Where do you think you're going? You can't leave. You'll never leave.,t5_3kemz,1730749835.5871758
128,r/FormerMs,1926,Sports,t5_3hxm3,1730749835.6062012
129,r/LetGirlsHaveSex,1926,GOD FORBID WOMEN HAVE SEX. A subreddit for relatable girlie sex memes,t5_bho4c9,1730749835.625568
130,r/mafumafu,1926,Music,t5_263zyg,1730749835.646048
131,r/ScPrime,1926,Crypto,t5_24tdtq,1730749835.66674
132,r/ShakeAndVape,1926,Welcome to ShakeAndVape,t5_3a5nl,1730749835.687422
133,r/AsgardsWrath2,1925,Gaming,t5_8i7tyx,1730749835.708514
134,r/BestOfCitizen,1925,Internet Culture and Memes,t5_9p1b2,1730749835.7300632
135,r/dekmantel,1925,Music,t5_3k6ms,1730749835.751895
136,r/DietitiansSaidWhatNow,1925,Fitness and Nutrition,t5_2ftssg,1730749835.77305
137,r/fatherbrown,1925,Television,t5_39pj9,1730749835.795973
138,r/helpmebuildapc,1925,Technology,t5_39d0q,1730749835.8183749
139,r/ImagesOfIndia,1925,History,t5_3anpo,1730749835.839678
140,r/PaperFlowers,1925,Crafts and DIY,t5_37ewr,1730749835.861993
141,r/samwisetheb0ld,1925,History,t5_sopqs,1730749835.885219
142,r/SoakOff,1925,Beauty and Makeup,t5_38606,1730749835.909558
143,r/TheDataPackHub,1925,Gaming,t5_mo6cp,1730749835.932288
144,r/AcOddysseyFashion,1924,Art,t5_49zwi0,1730749835.954226
145,r/AlliahHarmon,1924,Celebrity,t5_5cquqb,1730749835.976
146,r/DeLonghi,1924,Food and Drink,t5_3alxg,1730749835.998868
147,r/DoctorNowhere,1924,Internet Culture and Memes,t5_arqujf,1730749836.0225239
148,r/ElkFinance,1924,Crypto,t5_4e60g1,1730749836.045119
149,r/HorrorMinecraft,1924,Gaming,t5_bwxz44,1730749836.0667012
150,r/Kenoshakid,1924,This is a community dedicated to information involving Kyle Rittenhouse and the Kenosha shooting incident.,t5_3ifffh,1730749836.087884
151,r/kyliejennerreligion,1924,A church for all submissive worshippers to worship mommy Kylie Jenner the true goddess,t5_9cnody,1730749836.10928
152,r/OroronMains,1924,Gaming,t5_by0738,1730749836.130516
153,r/Pomona,1924,Place,t5_2stl5,1730749836.152578
154,r/torbico,1924,Animals and Pets,t5_5nc4x2,1730749836.174078
155,r/WereHereToHelpPod,1924,Podcasts and Streamers,t5_9iaikn,1730749836.1964648
156,r/windenergy,1924,Welcome to windenergy,t5_2qw8i,1730749836.219627
157,r/wrestlingisreddit,1924,Meta/Reddit,t5_31cre,1730749836.2413912
158,r/yamatocannon,1924,Podcasts and Streamers,t5_2aa5bj,1730749836.2630882
159,r/amaukisumi,1923,Celebrity,t5_2jaj7k,1730749836.285821
160,r/Apothisexual,1923,Sexual Orientation,t5_2dy3yu,1730749836.3072
161,r/ArcadeParadise,1923,Gaming,t5_46erzc,1730749836.3273191
162,r/AWBW,1923,Gaming,t5_4p3svy,1730749836.348174
163,r/BigChief,1923,Mature Themes and Adult Content,t5_3infhs,1730749836.370968
164,r/CanadaRugby,1923,Sports,t5_2ws7c,1730749836.393292
165,r/Cmmg,1923,Mature Themes and Adult Content,t5_3d2rd,1730749836.4142442
166,r/CursedSpongebob,1923,Internet Culture and Memes,t5_w6750,1730749836.434528
167,r/EDV,1923,Technology,t5_53adz7,1730749836.455137
168,r/GMO,1923,Welcome to GMO,t5_2s7ab,1730749836.475026
169,r/GoldenVentureFolding,1923,Crafts and DIY,t5_2v0jm,1730749836.494603
170,r/LondonandDragons,1923,Tabletop Games,t5_13pafb,1730749836.514719
171,r/MLBMemes,1923,"All memes, all the time.",t5_2ui7i,1730749836.5338051
172,r/ParasyteTheGrey,1923,Television,t5_awqq2f,1730749836.553675
173,r/shqip,1923,"Culture, Race, and Ethnicity",t5_2qi34,1730749836.572693
174,r/triggeredmemes,1923,Memes with the triggered format.,t5_3fowp,1730749836.591997
175,r/westpoint,1923,Learning and Education,t5_2sd9r,1730749836.6116312
176,r/wheresgeorge,1923,Hobbies,t5_2rb47,1730749836.631186
177,r/JojoMemeTemplates,1922,"Any interesting Jojo meme templates or funny images.You can post but I will have to personally prove the post before it shows so subreddit doesn't get spammed and maintains a certain standard. Search by entering a characters name. e.g. Write Doppio if you want a template with Doppio and If i have something relating to Doppio, it should show up.",t5_220ffi,1730749836.651083
178,r/MallyMouse,1922,Welcome to MallyMouse,t5_6kc4q3,1730749836.671335
179,r/MathBuddies,1922,Science,t5_3dobm9,1730749836.690891
180,r/meghanking,1922,Celebrity,t5_7ssjhz,1730749836.710051
181,r/MFMhometowns,1922,"Reading, Writing, and Literature",t5_3e25tt,1730749836.7298481
182,r/MysteryRanch,1922,Fashion,t5_3ajtl,1730749836.75016
183,r/picopresso,1922,Food and Drink,t5_5il6mu,1730749836.769747
184,r/Toribash,1922,Gaming,t5_2ru1s,1730749836.7898712
185,r/watchfacebuilder,1922,Technology,t5_5vg0jo,1730749836.8093061
186,r/AubreighWyattCase,1921,A subreddit dedicated to remembering the legacy of Aubreigh Wyatt and keeping up to date with Heather Wyatt’s legal battle.,t5_bwglhr,1730749836.828183
187,r/bdofficial,1921,Gaming,t5_953ayb,1730749836.848716
188,r/berlinstartups,1921,"This subreddit is dedicated to all startup enthusiasts in Berlin. Ask questions, pitch your startups, help each other and create a small yet powerful group to boost the Berlin startup scene.",t5_33adv,1730749836.868147
189,r/Catalina,1921,Place,t5_361zk,1730749836.888476
190,r/Celebridades_LO,1921,Comunidad dedicada a Celebridades e Influencer. Lee las reglas antes de enviar tu post,t5_b9o615,1730749836.907556
191,r/CommonApp,1921,Learning and Education,t5_2zsto,1730749836.9277241
192,r/FishingMinnesota,1921,Outdoors and Nature,t5_2u5qj,1730749836.9471848
193,r/PesoPluma,1921,Music,t5_83jblg,1730749836.967357
194,r/SoloMaxLevelNewbie,1921,Anime,t5_4trbxf,1730749836.9882271
195,r/steampunkforsale,1921,Welcome to steampunkforsale,t5_2tetf,1730749837.010847
196,r/Streamlit,1921,Programming,t5_2ob8kh,1730749837.0336971
197,r/SuperMechs,1921,Gaming,t5_2w855,1730749837.0565262
198,r/Unexpectedhololive,1921,Anime,t5_2x0er6,1730749837.0797818
199,r/VintageWomenAds,1921,Internet Culture and Memes,t5_7fl66x,1730749837.102592
200,r/WagInHeaven,1921,Hobbies,t5_zfhiy,1730749837.124911
201,r/zeldah,1921,Mature Themes and Adult Content,t5_35q97u,1730749837.150269
202,r/Adoptmegiveaways,1920,Gaming,t5_2lfkim,1730749837.174794
203,r/AfroCuban,1920,Music,t5_4qbpw0,1730749837.19689
204,r/AnycubicPhotonMono,1920,Crafts and DIY,t5_30ctu7,1730749837.2187688
205,r/attitudinalpsyche,1920,Religion and Spirituality,t5_2o92bb,1730749837.238991
206,r/DesireCordero,1920,Fashion,t5_23gm3j,1730749837.260556
207,r/IG_InfluencerMH,1920,Podcasts and Streamers,t5_4ritil,1730749837.2837682
208,r/mummysflippinhouse,1920,Podcasts and Streamers,t5_7u6ze5,1730749837.308186
209,r/PlaneChaos,1920,A sub dedicated to air travel related chaos - anything abnormal from weird events to arguments.,t5_511ar4,1730749837.3327549
210,r/thrembo,1920,Religion and Spirituality,t5_5byv8e,1730749837.357204
211,r/watchinganime,1920,Welcome to watchinganime,t5_33old,1730749837.379902
212,r/3meirl5meirl,1919,/r/meirl,t5_3ehmd,1730749837.40528
213,r/adictomarianaavila,1919,Subreddit dedicado a la influyencer mariana Ávila,t5_a3ar3u,1730749837.430969
214,r/BitcoinABC,1919,Technology,t5_3kdas,1730749837.4562602
215,r/CRKN_,1919,"Business, Economics, and Finance",t5_bjjvqb,1730749837.479216
216,r/EVP,1919,Hobbies,t5_2u9mr,1730749837.502326
217,r/GirlsInColors,1919,Fashion,t5_6ui76a,1730749837.5270689
218,r/SUKUecosystem,1919,Crypto,t5_ni6ul,1730749837.551766
219,r/titanicsub2023,1919,World News,t5_8nbtl3,1730749837.5740921
220,r/VictoriaVermeer,1919,Subreddit over Victoria Vermeer.,t5_4tfgqn,1730749837.5944571
221,r/BioMycologyLabs,1918,Mature Themes and Adult Content,t5_9btbx4,1730749837.6135092
222,r/canoe,1918,Hobbies,t5_3lugp,1730749837.632417
223,r/CitiesSkylinesNexus,1918,"A subreddit for Cities Skylines players who love detailing, seeing detailed builds, and create quality assets and mods.",t5_3uwi3w,1730749837.651735
224,r/SuperDBHeroes,1918,Gaming,t5_upc64,1730749837.6708858
225,r/TimRobinson,1918,Television,t5_12if4j,1730749837.690559
226,r/Twitchcon,1918,Podcasts and Streamers,t5_37ii6,1730749837.709784
227,r/AbortionPillsByPost,1917,Medical and Mental Health,t5_6hsfr3,1730749837.729352
228,r/BadlandsChugs,1917,Celebrity,t5_ug2re,1730749837.748493
229,r/brokencats,1917,Animals and Pets,t5_2yrkq,1730749837.7673469
230,r/EnscapeRendering,1917,Technology,t5_2nf9ot,1730749837.786222
231,r/GALAXIAS,1917,Anime,t5_6jwlz1,1730749837.8055449
232,r/icehockey,1917,Sports,t5_2u1wp,1730749837.824378
233,r/lastmanstanding,1917,Television,t5_2ta9x,1730749837.843561
234,r/Maggie_Rawlins,1917,Fashion,t5_2ylqfc,1730749837.862348
235,r/NightCityStories,1917,Tabletop Games,t5_3b34da,1730749837.881233
236,r/TemTemTrade,1917,Gaming,t5_2dlkih,1730749837.9007208
237,r/Waffle_council,1917,Food and Drink,t5_7ligrr,1730749837.919712
238,r/WellingtonParanormal,1917,"Two Wellington detectives, Mike Minogue and Karen O'Leary, patrol the streets in search of nefarious supernatural activity that seems to have taken root in the town.",t5_hbz0q,1730749838.0620391
239,r/AcapulcoTV,1916,Television,t5_55i6we,1730749838.2468648
240,r/AiChatGPT,1916,Technology,t5_7of7p3,1730749838.2689269
241,r/Ameli_Olivera,1916,Welcome to Ameli_Olivera,t5_7o4jvp,1730749838.288513
242,r/AquaSwapTX,1916,Marketplace and Deals,t5_2sj25p,1730749838.3077672
243,r/awwdlysatisfying,1916,Welcome to awwdlysatisfying,t5_35u4k,1730749838.3278809
244,r/BoardKingsTrading,1916,Gaming,t5_48wxdu,1730749838.356929
245,r/CatsWhoBeep,1916,Just a subreddit about our cute furry friends that have a meow that sounds like a beep,t5_29xena,1730749838.377215
246,r/humansbeingheroes,1916,Humans coming to the rescue,t5_hgqqb,1730749838.397481
247,r/learnphp,1916,Programming,t5_2sx7t,1730749838.416948
248,r/PuzzleCombat,1916,Gaming,t5_yzil2,1730749838.437443
249,r/reddmatch,1916,Family and Relationships,t5_c3dyru,1730749838.5114508
