,subreddit,subscribers,topic,subreddit_id,scraped_utc
0,r/TameraMowryworship,1916,"A place to worship Tia & Tamera Mowry, Sorry the name of this sub can not be changed to both....",t5_4dcadd,1730749852.1273532
1,r/TE_FOOD,1916,"TE-FOOD, the world’s largest publicly accessible, farm-to-table food traceability system. It is a successful food traceability solution, used by 6,000+ companies, managing more than 400,000 transactions each day, reaching 30 million people. We are dedicated to improve food safety, fight off corruption, support fair trade, and build trust between the food supply chain companies, consumers, and authorities in the emerging markets.",t5_4dim1,1730749852.151114
2,r/trashtreasures,1916,A sub dedicated to hidden treasures found in ordinary garbage. Credit to u/anxietyattacks77 and u/ocotebeach for the idea of this sub.,t5_45761y,1730749852.171277
3,r/warzonememes,1916,Internet Culture and Memes,t5_r2pkr,1730749852.1916852
4,r/wayhavenchronicles,1916,"Reading, Writing, and Literature",t5_3kli5v,1730749852.211488
5,r/99rideau,1915,"A place to share your memories, photos, videos, and even the odd police report from visits to that hidden little gem of our city, the McDonalds on Rideau in Ottawa. Trashy, Violent, Dirty, Slow, Loud, Drunk, Ill, and the just plain Quirky all come together to help make this the best McDonald's in Canada.",t5_3g55k,1730749852.241299
6,r/Alanya,1915,Place,t5_318an,1730749852.2610822
7,r/brfc,1915,Sports,t5_2safh,1730749852.2810361
8,r/Casisdead,1915,Music,t5_298173,1730749852.30026
9,r/counciloftherings,1915,Television,t5_623c96,1730749852.319306
10,r/GayCruiseVacations,1915,Travel,t5_wilnz,1730749852.394701
11,r/PummelParty,1915,Gaming,t5_ozc58,1730749852.414718
12,r/RGBP,1915,"Business, Economics, and Finance",t5_48bs9c,1730749852.45597
13,r/topsecretgwok,1915,Welcome to topsecretgwok,t5_b7don8,1730749852.475244
14,r/Udemies,1915,Marketplace and Deals,t5_397am4,1730749852.496321
15,r/UKraps,1915,Music,t5_3joe5,1730749852.518357
16,r/AcrossProtocol,1914,The fast and secure L1 - L2 and back bridging solution that you need to be using. Powered By UMA's Optimistic Oracle and audited by OpenZeppelin. Come bridge for less with Across Protocol! https://linktr.ee/AcrossProtocol,t5_5u4564,1730749852.5374541
17,r/AICoverSongs,1914,Music,t5_8561y5,1730749852.556274
18,r/DPD,1914,Medical and Mental Health,t5_fzuxb,1730749852.575098
19,r/MinecraftHentai,1914,Mature Themes and Adult Content,t5_m86wo,1730749852.593888
20,r/MLS_CLS,1914,Learning and Education,t5_c2y5g7,1730749852.6126919
21,r/Soultreewitddds,1914,We post anything by Soultreewitddds OF / TreeJay01 IG,t5_95vh7a,1730749852.6316202
22,r/tryceratops,1914,Podcasts and Streamers,t5_7l88k2,1730749852.651715
23,r/webgeeks,1914,"A place to ask question and find answers about web tools. Get inspired, educated and guided to manage your web tools!",t5_27k9no,1730749852.6708548
24,r/100yearclub,1913,"This is a subreddit for everyone who wants to meet up in 100 years from this particular comment chain. Chances are most of us won't make it, but fuck it, let's try.",t5_3ip69,1730749852.690136
25,r/Actionfigurephotos,1913,Hobbies,t5_292kwn,1730749852.7092202
26,r/Akiya,1913,"Business, Economics, and Finance",t5_2ra2jz,1730749852.728162
27,r/bkcomics,1913,"Reading, Writing, and Literature",t5_5eo5sl,1730749852.747029
28,r/BoxLacrosse,1913,Sports,t5_2w14k,1730749852.76605
29,r/gkbarry_pics,1913,Welcome to gkbarry_pics,t5_ahzerv,1730749852.784926
30,r/Imagenes,1913,Art,t5_2saj4,1730749852.80372
31,r/IndianRelationships,1913,Family and Relationships,t5_513q0u,1730749852.822958
32,r/MadisonClassifieds,1913,Marketplace and Deals,t5_37rp4,1730749852.842599
33,r/Midair,1913,Gaming,t5_37zfa,1730749852.863314
34,r/RiskItForTheBiscuits,1913,"Business, Economics, and Finance",t5_30z3ho,1730749852.883473
35,r/sith,1913,Movies,t5_2s5lj,1730749852.9033868
36,r/SteelToeBoringShow,1913,Celebrity,t5_7w7dqb,1730749852.923619
37,r/thaiforest,1913,Religion and Spirituality,t5_32bv2,1730749852.943779
38,r/time_travel,1913,All things to do with time travel and time travellers.,t5_2x32e,1730749852.963902
39,r/VolcaSamples,1913,Music,t5_280l8x,1730749852.9837399
40,r/WoodstockGA,1913,Place,t5_2xw3n,1730749853.004473
41,r/YTIndustries,1913,Sports,t5_10oleo,1730749853.0247848
42,r/Armadillo,1912,"This is your home for Armadillo content on Reddit! Armadillos are New World placental mammals in the order Cingulata with a leathery armor shell and sharp claws for digging. Their habitat ranges through South America, Central America, and North America.",t5_2wad1,1730749853.044328
43,r/brosaemvmeste,1912,Addiction Support,t5_2pxvtp,1730749853.0633311
44,r/CoolPictures1,1912,Funny/Humor,t5_5xaty8,1730749853.0820868
45,r/DropfleetCommander,1912,Tabletop Games,t5_3ako4,1730749853.101127
46,r/fc24,1912,Gaming,t5_6clfqw,1730749853.119781
47,r/FDM_TonerTransfer,1912,Technology,t5_73mgic,1730749853.139594
48,r/gameloop,1912,Gaming,t5_27ubur,1730749853.1592379
49,r/LITGFanFiction,1912,"Reading, Writing, and Literature",t5_2l9bkf,1730749853.1786869
50,r/LycheeSlicer,1912,Technology,t5_37z77l,1730749853.1976252
51,r/reginaecarter,1912,Please Visit r/LilWayne for the Official Subreddit,t5_35pnr9,1730749853.215355
52,r/SavannahDexter,1912,Music,t5_3ffqlx,1730749853.233245
53,r/TowerHeroesTheGame,1912,Gaming,t5_2m1w6t,1730749853.251009
54,r/CCNY,1911,Learning and Education,t5_2st6q,1730749853.2685912
55,r/DaisyRidleyBum,1911,Celebrity,t5_4b7m8b,1730749853.286143
56,r/Dish5G,1911,Technology,t5_5zivtk,1730749853.303819
57,r/DJScrew,1911,Music,t5_3a6el,1730749853.321599
58,r/FibroSupport4Adults,1911,Learning and Education,t5_4rkktf,1730749853.339808
59,r/freyjavandenbroucke,1911,Sub dedicated to the beautiful Freyja,t5_31grj,1730749853.358197
60,r/FutureCanoe,1911,Celebrity,t5_8m25r9,1730749853.375954
61,r/goonies,1911,Movies,t5_2uqz0,1730749853.393631
62,r/psychiatryquestion,1911,Welcome to psychiatryquestion,t5_2risz,1730749853.411285
63,r/ShioriNovella,1911,Welcome to the Archive. A place to discuss and share things all about Shiori Novella from Hololive EN Advent!,t5_8ypday,1730749853.428983
64,r/WellsFargoBank,1911,"Business, Economics, and Finance",t5_y7rwr,1730749853.446754
65,r/Aliens_UFOs_Reptiles,1910,Internet Culture and Memes,t5_9jc0pf,1730749853.4654331
66,r/dualcitizenshipnerds,1910,Law,t5_4snovp,1730749853.483498
67,r/EmotionalEating,1910,"Emotions matter, as they underlie our choices and actions. Yet most of us could stand to be more skillful with emotions. Most importantly if people deal with and manage emotions as they arise, they can make better choices and changes. Needs define what feelings mean; feelings and needs are closely linked. See Marshall Rosenberg's NVC feelings and needs tool in the sidebar.",t5_i9l7u,1730749853.501046
68,r/fanfix_reviews,1910,"Fan fix/OF reviews, leave your honest reviews. This is not meant for hateful posts or bashing. I know the name suggests we’re only looking for FF reviews but Fansly, Patreon, and OnlyFans reviews are also acceptable here.",t5_b9t5aj,1730749853.51885
69,r/FineArtCompilations,1910,Art,t5_qhe2z,1730749853.536556
70,r/JewishMatchmakerTV,1910,Television,t5_8c8dac,1730749853.554257
71,r/Missing411Discussions,1910,A sub where M411 is openly discussed.,t5_500f77,1730749853.571872
72,r/Nokia7Plus,1910,Technology,t5_inkfq,1730749853.589513
73,r/StarWarsFunkoPops,1910,Hobbies,t5_40yy0h,1730749853.6074371
74,r/Stundenglass,1910,Mature Themes and Adult Content,t5_2m8crz,1730749853.627869
75,r/TheNews,1910,"Welcome to r/TheNews. All news reporting from credible sources around the World is welcome. Posts from non-credible sources will be deleted. Non-credible sources include, but are not limited to blogs, sites/articles with unclear ownership/authorship, and advocacy groups.",t5_2vx6z,1730749853.650503
76,r/trapcityuncgang,1910,Music,t5_bu560g,1730749853.673598
77,r/2centralasia4u,1909,Internet Culture and Memes,t5_52tcws,1730749853.6922948
78,r/AGGGTMSeries,1909,"Reading, Writing, and Literature",t5_6e76y7,1730749853.7100852
79,r/alexturner,1909,Welcome to alexturner,t5_2zmyd,1730749853.7278929
80,r/BigMountain,1909,"Dedicated to snowboarders, skiers and anyone else who enjoys a majestic peak covered in snow.",t5_2y3yn,1730749853.7467132
81,r/Centuria,1909,Anime,t5_b7b24b,1730749853.765739
82,r/chugs,1909,Animals and Pets,t5_2yrt3,1730749853.785541
83,r/e38,1909,Cars and Motor Vehicles,t5_2z3gr,1730749853.804684
84,r/IvanaBaquero,1909,Celebrity,t5_2wipq,1730749853.8236039
85,r/JenniferLopezGW,1909,A community for anyone who appreciates JLO's beauty,t5_a0ckdk,1730749853.842964
86,r/lateralthinking,1909,Hobbies,t5_2r5m4,1730749853.861672
87,r/LewisvilleTX,1909,Place,t5_2v1v4,1730749853.8805609
88,r/ovh,1909,Technology,t5_2vrp1,1730749853.899374
89,r/Promoteyourclothing,1909,Are you having a hard time promoting your clothing brand with no budget? Join our community and promote your clothing brand for free! Because who doesn't love free marketing?,t5_5ezgro,1730749853.918435
90,r/PSBF,1909,Gaming,t5_2xi8z,1730749853.938296
91,r/Rango,1909,Movies,t5_386tp,1730749853.957623
92,r/redditsreviewed,1909,"The Reddit Reviews is more than just a platform for reviews; it's a community-driven hub where every opinion matters and real reviews are given. In this SUB, users are not just passive consumers but active participants in giving reviews about products they have tested.",t5_az1d89,1730749853.976465
93,r/Rie_Takahashi,1909,Celebrity,t5_gydvm,1730749853.995113
94,r/RUMBLEvr,1909,Gaming,t5_2qkf1q,1730749854.014996
95,r/StadiumSuperTrucks,1909,Sports,t5_32gmp,1730749854.033663
96,r/Tcl,1909,Programming,t5_2qkgk,1730749854.0526772
97,r/UnaChicaGamermasUwU,1909,"Fans 🇲🇽 Sigan a UnaChicaGamerMas en Facebook,Twitch, Instagram y Twitter",t5_6uv7zl,1730749854.071993
98,r/alanresnick,1908,Art,t5_3d1hl,1730749854.0923069
99,r/AlienEncounters,1908,Post alien Stories/Encounters/Opinions. Add civil discussion related to the Stories/Encounters/Opinions.,t5_393fv,1730749854.112159
100,r/BiggBossUncensored,1908,Television,t5_7cnynf,1730749854.1328452
101,r/debpeifer,1908,Podcasts and Streamers,t5_93joxm,1730749854.152174
102,r/doomlings,1908,Tabletop Games,t5_5gxg48,1730749854.173536
103,r/FitnessTips88,1908,"This is a supportive and informative space dedicated to sharing fitness tips, workout routines, nutrition advice, and motivation for all levels. Our mission is to help each other achieve our fitness goals through evidence-based information and positive encouragement.",t5_twxyr,1730749854.191781
104,r/PelotonPowerZone,1908,Subreddit to discuss all things Peloton Power Zone Training!,t5_woyyy,1730749854.2093801
105,r/PutDownLines,1908,Funny/Humor,t5_t1tak,1730749854.227274
106,r/UniversityOfHull,1908,Learning and Education,t5_2e96vc,1730749854.2448251
107,r/whenguacisextra,1908,Internet Culture and Memes,t5_r1xbw,1730749854.2631302
108,r/Youtubevideo,1908,Welcome to Youtubevideo,t5_2r32s,1730749854.2816792
109,r/asianparents,1907,Family and Relationships,t5_2sh4z,1730749854.30053
110,r/Book_Recommendations,1907,"Book_Recommendations uses tags to help find new books from Redditors! Please contribute, or just browse for your next read. Booktok for reddit!",t5_3fn44,1730749854.319236
111,r/Hana_sooong,1907,Subreddit for fans of hana_sooong and other Asian girls,t5_6b07yf,1730749854.337653
112,r/IntrovertDating,1907,Family and Relationships,t5_31bcz,1730749854.355229
113,r/KanaoTsuyuri,1907,Anime,t5_25sgje,1730749854.373237
114,r/Mcbling,1907,Fashion,t5_32l3p9,1730749854.3917608
115,r/NCPedia,1907,Celebrity,t5_9385q1,1730749854.411219
116,r/OdeToHeroes,1907,Gaming,t5_12nrdn,1730749854.4300978
117,r/Pokemongonundo,1907,Gaming,t5_36590h,1730749854.447785
118,r/Savix,1907,Gaming,t5_iywyp,1730749854.466136
119,r/stocostumes,1907,Gaming,t5_guzlm,1730749854.483985
120,r/9arm,1906,Funny/Humor,t5_6ckq8f,1730749854.501647
121,r/AilishMorrisonFans,1906,Mature Themes and Adult Content,t5_7ddm7y,1730749854.519316
122,r/chinafunnies,1906,Internet Culture and Memes,t5_4x4hbx,1730749854.536882
123,r/FemboyFurryYiff,1906,Images with the subreddits name on it.,t5_6ka97v,1730749854.55476
124,r/okcoin,1906,"Business, Economics, and Finance",t5_31atz,1730749854.572254
125,r/scaries,1906,This is a subreddit in which people post scary stories. Stories can be about anything. Original stories only.,t5_336yt,1730749854.590226
126,r/Skydio,1906,Technology,t5_gpmqv,1730749854.608021
127,r/Undertimeslopper,1906,Funny/Humor,t5_7h5xeo,1730749854.625702
128,r/advancedcrochet,1905,Hobbies,t5_5u4psu,1730749854.643475
129,r/ArbiterApp,1905,"A community for discussing the Arbiter, The online mediation app",t5_ht218,1730749854.661493
130,r/lastminutetrips,1905,A subreddit for fans of Collin Duddy and Julien Solomita of Waffsicle.,t5_4bq0h,1730749854.67984
131,r/mokeycharity4memes,1905,Funny/Humor,t5_2ja7eg,1730749854.697809
132,r/SusumuHirasawa,1905,Music,t5_33y34,1730749854.715929
133,r/USPHS,1905,Careers,t5_3ldts,1730749854.733621
134,r/BoysArentReal,1904,Gender,t5_27lkoq,1730749854.751318
135,r/BTOUnderground,1904,Hobbies,t5_590v1w,1730749854.768971
136,r/Dex223,1904,Crypto,t5_bc1hnz,1730749854.786773
137,r/HoldMyReligion,1904,Internet Culture and Memes,t5_147lk6,1730749854.8049002
138,r/KarmaCoinASA,1904,More than just another crypto coin. A community for good. Algorand Standard Asset 414445607 karmacoinasa@outlook.com,t5_5cbxq9,1730749854.822765
139,r/LWLG,1904,"Business, Economics, and Finance",t5_4m29pg,1730749854.841268
140,r/mikailamurphycomp,1904,Welcome to mikailamurphycomp,t5_bffgxr,1730749854.860894
141,r/nmsu,1904,Learning and Education,t5_2sh5m,1730749854.879484
142,r/StephanieVaquerGW,1904,Celebrity,t5_bz4308,1730749854.897435
143,r/TheRestIsFootball,1904,Podcasts and Streamers,t5_ar97j9,1730749854.915148
144,r/venousinsufficiency,1904,Medical and Mental Health,t5_45x52j,1730749854.934299
145,r/ArpeggioofBlueSteel,1903,Anime,t5_2yyko,1730749854.953373
146,r/autocorREKT,1903,Welcome to autocorREKT,t5_37fiu,1730749854.9725142
147,r/crawl,1903,Gaming,t5_2skb7,1730749854.991313
148,r/ElizabethSimonenko,1903,Celebrity,t5_5qvo62,1730749855.010359
149,r/ImaginarySanctuary,1903,Art,t5_2ztz3,1730749855.029109
150,r/kansascitykink,1903,Welcome to kansascitykink,t5_4vat9b,1730749855.0480351
151,r/KiwiTech,1903,"A place for all New Zealand Technology Professionals. Anything related to Information and Computer Technology. Software developers or Software engineers, Network professionals, DevOps, SysOps, Sysadmins, Hardware or Embedded hardware, IOT, Software Testers or Test engineers, Web frontend and backend, Tech support or helpdesk. ICT related Project managers and Business analysts",t5_2thdd,1730749855.06689
152,r/PainScience,1903,"Most people will experience pain. This is a place for people of all backgrounds to come together to learn and discuss the science of pain. Share research, ask questions, discuss interventions. Our goal is to understand contemporary pain science.",t5_37sdg,1730749855.086275
153,r/rydercup,1903,Sports,t5_4z5ra4,1730749855.1052978
154,r/schnoodlesdoodles,1903,Animals and Pets,t5_2gx3jq,1730749855.124328
155,r/soytrek,1903,Internet Culture and Memes,t5_6u21h3,1730749855.1433878
156,r/wikipediamemes,1903,Funny/Humor,t5_3n3tr,1730749855.162733
157,r/Wooah,1903,Music,t5_qbn04,1730749855.182144
158,r/AIGirlfriend,1902,Technology,t5_4ue32s,1730749855.201355
159,r/AllAboutActress,1902,A Platform to Share about your favourite Actress,t5_37horn,1730749855.221867
160,r/BombayCat,1902,Animals and Pets,t5_2ylt53,1730749855.243969
161,r/canam_ryker,1902,Cars and Motor Vehicles,t5_zlyqa,1730749855.26578
162,r/DeshaeFrostTwitch,1902,Podcasts and Streamers,t5_als6y3,1730749855.286206
163,r/DontForgetTheHeat,1902,Sports,t5_lpa7s,1730749855.306988
164,r/Gaming_es,1902,Gaming,t5_al9vmb,1730749855.330007
165,r/GothBoots,1902,Fashion,t5_28dtjq,1730749855.351896
166,r/WildRoseCountry,1902,Place,t5_4x8pnf,1730749855.373455
167,r/AskGlaucoma,1901,Medical and Mental Health,t5_897kit,1730749855.395456
168,r/getdelta,1901,Crypto,t5_3pkge,1730749855.4171379
169,r/HullCity,1901,Sports,t5_2wdzz,1730749855.4372668
170,r/MundoFelizDelas,1901,Mature Themes and Adult Content,t5_c3wifu,1730749855.459522
171,r/packgoats,1901,"A subreddit for Pack Goat topics. Post questions about Pack Goats in general as well as packing tips, etiquette, advice and equipment you want to present to other members. Share photos/stories of your pack goat adventures.",t5_3c16f,1730749855.482035
172,r/ProdigyGame,1901,Gaming,t5_2xjmu,1730749855.5038772
173,r/qlab,1901,Technology,t5_2xmwm,1730749855.5261009
174,r/wanhaoi3,1901,Technology,t5_3cicy,1730749855.546722
175,r/AutumnSkyy,1900,Mature Themes and Adult Content,t5_rpz1n,1730749855.5660422
176,r/fitnyc,1900,Learning and Education,t5_2t4vg,1730749855.585234
177,r/jellycatbst,1900,Hobbies,t5_6u9h3x,1730749855.604179
178,r/JigglypuffMains,1900,Gaming,t5_39b8j,1730749855.623399
179,r/MaleMuscleGrowth,1900,Mature Themes and Adult Content,t5_31fjj,1730749855.643136
180,r/moonrocksxxx,1900,Welcome to moonrocksxxx,t5_7zk9v6,1730749855.662507
181,r/PAOK,1900,Sports,t5_2v38b,1730749855.681856
182,r/speech,1900,Learning and Education,t5_2rqd3,1730749855.701055
183,r/SplashHouse,1900,Music,t5_3els1,1730749855.72003
184,r/tokaygeckos,1900,Animals and Pets,t5_3pvsa,1730749855.739094
185,r/Toothfully,1900,Medical and Mental Health,t5_4wafps,1730749855.757905
186,r/WindblownGame,1900,Gaming,t5_aauzhw,1730749855.776736
187,r/Algogems,1899,Crypto,t5_4je0bv,1730749855.795584
188,r/cheshire,1899,Subreddit for the county of Cheshire in North West England.,t5_2rrc8,1730749855.8142998
189,r/DankSatanicMemes,1899,Funny/Humor,t5_7zpyz1,1730749855.833194
190,r/euroman,1899,Music,t5_6f31vm,1730749855.853251
191,r/ImaginaryTrains,1899,Art,t5_31a4d,1730749855.872563
192,r/Kangana_Ranaut,1899,Celebrity,t5_6f1jsq,1730749855.891629
193,r/lionsledbydonkeyspod,1899,Podcasts and Streamers,t5_6ea5wm,1730749855.910773
194,r/matchboxtwenty,1899,Music,t5_2v0zq,1730749855.9296918
195,r/NMS_QitanianEmpire,1899,Gaming,t5_yegcr,1730749855.9486258
196,r/PelotonPics,1899,Sports,t5_2wnjq,1730749855.967745
197,r/SFBayInfluencerSnark,1899,Welcome to SFBayInfluencerSnark,t5_8397r3,1730749855.98717
198,r/SquadOps,1899,Gaming,t5_3f8ve,1730749856.00611
199,r/Andrea_Botez_church,1898,Podcasts and Streamers,t5_bas6dg,1730749856.025413
200,r/AndTeam,1898,Music,t5_53m161,1730749856.044912
201,r/AuvelityMed,1898,Medical and Mental Health,t5_7jgpxw,1730749856.063661
202,r/blkmanloveswhitewoman,1898,Welcome to blkmanloveswhitewoman,t5_c5fgec,1730749856.082755
203,r/Ciupercari,1898,Outdoors and Nature,t5_81ratx,1730749856.101716
204,r/ColdWarPowers,1898,History,t5_33wgr,1730749856.12064
205,r/DrJosephMurphy,1898,Religion and Spirituality,t5_2fi5b4,1730749856.139919
206,r/EllieBamber,1898,Ellie Bamber,t5_37lwr,1730749856.159366
207,r/FromSoftwareSouls,1898,A place for lovers of From Software to discuss all things souls.,t5_3dv2e,1730749856.1787388
208,r/isbook3outyet,1898,"Reading, Writing, and Literature",t5_i9yz5,1730749856.198393
209,r/motorstorm,1898,Gaming,t5_2v82f,1730749856.2176
210,r/peggyannx,1898,Blonde BBL Goddess peggy_annx on IG,t5_bq3wir,1730749856.237786
211,r/StrobistSetups,1898,"/r/StrobistSetups is about building a visual database of proven light setups for their intended use. This sub is open for studio lighting and on location lighting whether from speedlights or studio strobes. We do have a list of requirements for posts which include: 1. Must have setup shot or diagram from one of many online ""builders"". NO EXCEPTIONS! 2. Must have example photo whether self portrait or model shot.",t5_34gxe,1730749856.257261
212,r/teensuicide,1898,Music,t5_3abpa,1730749856.2776132
213,r/UpliftingConservation,1898,Science,t5_92m6uc,1730749856.296443
214,r/whatareyagonnado,1898,Law,t5_43xd1j,1730749856.315213
215,r/ArkansasOutdoors,1897,Place,t5_3f6bn,1730749856.335237
216,r/caiques,1897,Animals and Pets,t5_3frm4,1730749856.354323
217,r/exLutheran,1897,Religion and Spirituality,t5_h7plz,1730749856.3732228
218,r/filmriot,1897,Movies,t5_2udv7,1730749856.392447
219,r/FO76roleplay,1897,Gaming,t5_rm5nz,1730749856.4115462
220,r/GuitarBeginners,1897,Music,t5_341sz,1730749856.4304042
221,r/hike,1897,Outdoors and Nature,t5_2qqle,1730749856.449858
222,r/indepthsports,1897,Welcome to indepthsports,t5_2sh65,1730749856.469131
223,r/liziqi,1897,Podcasts and Streamers,t5_v5337,1730749856.489208
224,r/nickynaple1,1897,Welcome to nickynaple1,t5_6w2vi3,1730749856.5084019
225,r/NissanKicks,1897,Cars and Motor Vehicles,t5_3oj6qi,1730749856.528748
226,r/polkadex,1897,Crypto,t5_48o20g,1730749856.5478091
227,r/randomfactsofhistory,1897,Random facts of history,t5_2x3ja,1730749856.568241
228,r/solaris,1897,Welcome to solaris,t5_2qhwj,1730749856.588819
229,r/TransView,1897,Gender,t5_akx2jp,1730749856.609605
230,r/WomboArt,1897,Art,t5_5dy3lj,1730749856.630522
231,r/AmiInTheWrong,1896,A place to ask if you were wrong in things not as grand as asshole status,t5_28yrqh,1730749856.651488
232,r/chapmanuniversity,1896,Learning and Education,t5_2sphr,1730749856.673624
233,r/Chiara_Nasti,1896,Celebrity,t5_6iqg26,1730749856.6946251
234,r/corejourney,1896,Gaming,t5_2gysbf,1730749856.7146912
235,r/exspacs,1896,"Business, Economics, and Finance",t5_36gnpk,1730749856.733716
236,r/LinksysOfficial,1896,Technology,t5_7fuusg,1730749856.7531729
237,r/LoLcustom,1896,Gaming,t5_2xf6w,1730749856.7720819
238,r/ncgardening,1896,Home and Garden,t5_3jxh7,1730749856.792704
239,r/Searx,1896,Technology,t5_3nv6w,1730749856.8124669
240,r/SpaceXNow,1896,"A small subreddit for news, questions and support for the SpaceXNow app",t5_3hu6d,1730749856.833657
241,r/USCensus2020,1896,Politics,t5_3jvja,1730749857.1187682
242,r/VictoriaJusticeHQ,1896,Celebrity,t5_nxw24,1730749857.138318
243,r/animusic,1895,Music,t5_2wph3,1730749857.157761
244,r/arcticcooling,1895,Technology,t5_13s6lt,1730749857.1779652
245,r/fun4usall,1895,just a Page we can share thoughts ideas and Tips,t5_50meut,1730749857.198936
246,r/ISKCON,1895,Religion and Spirituality,t5_2uw9x,1730749857.218372
247,r/pokemonplushies,1895,Hobbies,t5_24qkjh,1730749857.236324
248,r/expectedlyunexpected,1894,Funny/Humor,t5_24pynb,1730749857.254386
249,r/HonkaiWallpaper,1894,Gaming,t5_5p9gn3,1730749857.272387
