,subreddit,subscribers,topic,subreddit_id,scraped_utc
0,r/FemaleoftheSpecies,1831,Mature Themes and Adult Content,t5_2rf4e,1730749934.4524958
1,r/FoundFelt389,1831,Meta/Reddit,t5_ci2qki,1730749934.47753
2,r/Jev,1831,Podcasts and Streamers,t5_31v1f,1730749934.498901
3,r/LearningASL,1831,Welcome to LearningASL,t5_2qwb1,1730749934.52054
4,r/LosAngelesPreserved,1831,Place,t5_4j1sof,1730749934.542057
5,r/MiCommunity,1831,Subreddit for Xiaomi Community Technical Support and Device Suggestions,t5_r4pu5,1730749934.5762408
6,r/RachelSantana,1831,Subreddit dedicated to Rachel Santana,t5_2zxn92,1730749934.598428
7,r/Sgxbets,1831,"Business, Economics, and Finance",t5_3thh3c,1730749934.6205719
8,r/SIUE,1831,Learning and Education,t5_2s2rr,1730749934.642317
9,r/swiggy,1831,Food and Drink,t5_q64u2,1730749934.6661701
10,r/Swordigo,1831,Gaming,t5_4bm51,1730749934.7937632
11,r/TheInnerSelf,1831,Religion and Spirituality,t5_2s7p9n,1730749934.815541
12,r/ardupilot,1830,"Open Source Drone Software. Versatile, Trusted, Open. https://ardupilot.org/",t5_32v5k,1730749934.8572302
13,r/bowlingforsoup,1830,Music,t5_2u6b4,1730749934.879135
14,r/DadAdvice,1830,Family and Relationships,t5_2yqge,1730749934.900844
15,r/EmilyJeanStone,1830,Celebrity,t5_blj18t,1730749934.921536
16,r/hotelmemes,1830,It's a sub for hotel memes,t5_3319vx,1730749934.942924
17,r/Jupyter,1830,Programming,t5_32igg,1730749934.963992
18,r/Kant,1830,Ethics and Philosophy,t5_4uwp69,1730749934.983596
19,r/kimminji,1830,Music,t5_afdl1z,1730749935.002851
20,r/KonnoJunko,1830,Anime,t5_s1nse,1730749935.021817
21,r/labradoodle,1830,labradoodle,t5_3gy92,1730749935.0407
22,r/ProvenceFrance,1830,Place,t5_2g8fyx,1730749935.0606878
23,r/SamsungS23,1830,Technology,t5_5v9k00,1730749935.0799842
24,r/bradybunch,1829,Television,t5_2wnnr,1730749935.099085
25,r/dashiegames,1829,Celebrity,t5_3529c,1730749935.1181388
26,r/FilipinosStudyAbroad,1829,Learning and Education,t5_50hi6b,1730749935.136956
27,r/leena_xu1,1829,A place to worship and appreciate the beautiful asian Leena.,t5_bynalb,1730749935.155833
28,r/ParasiteCleanse,1829,Medical and Mental Health,t5_5djkce,1730749935.174739
29,r/petermckinnon,1829,Podcasts and Streamers,t5_3lsap,1730749935.193653
30,r/ppgodgang,1829,Gaming,t5_2q6zrz,1730749935.212529
31,r/prestonandsteve,1829,Podcasts and Streamers,t5_2u5an,1730749935.231333
32,r/ProLifeTip,1829,Learning and Education,t5_g14im,1730749935.249983
33,r/ratemydeparture,1829,Family and Relationships,t5_cb1eo7,1730749935.268991
34,r/reculture,1829,"We're all now well aware that our global society is in the midst of collapse and upheaval. A subculture of seekers, stoics and creators discussing the next phase of humanity is beginning to emerge. The digital manifestation of this culture has been called the Metatribe, the Emergentsia, the Liminal Web and the Intellectual Deep Web. This subreddit seeks to help coalesce this subculture into action IRL. Help us design and build the future.",t5_5oiju5,1730749935.288067
35,r/rudyfariasfound,1829,Law,t5_8rfv5x,1730749935.308019
36,r/waydroid,1829,Technology,t5_5chxuk,1730749935.326598
37,r/WheelDecide,1829,Hobbies,t5_2wmzc,1730749935.345332
38,r/AvaMaxWorship,1828,Celebrity,t5_6rkt9o,1730749935.363899
39,r/BackcountryKitchen,1828,"Backcountry recipes, cooking, foodies, creations, experiences (good or bad), and backpacking light!",t5_394d7,1730749935.382866
40,r/ChevyTraverse,1828,Cars and Motor Vehicles,t5_3jl6o,1730749935.4020102
41,r/comicquotes,1828,Post quotes from comic books here!,t5_3a69z,1730749935.420748
42,r/doowop,1828,Music,t5_2tbka,1730749935.4396749
43,r/DreadDelusion,1828,Gaming,t5_506yah,1730749935.4583402
44,r/FantasyComedy,1828,Television,t5_7zx281,1730749935.4772701
45,r/GakuenBabysitters,1828,Anime,t5_m2khf,1730749935.49791
46,r/Kabuni,1828,Crypto,t5_9womnp,1730749935.519727
47,r/psbattleroyale,1828,Gaming,t5_2u04g,1730749935.542155
48,r/QuadCortex,1828,Technology,t5_2f1tiz,1730749935.563762
49,r/RegulatoryClinWriting,1828,Careers,t5_6ocpo4,1730749935.584403
50,r/RTLsimps,1828,Gaming,t5_bwaczd,1730749935.6051898
51,r/TheGreatestEstateDev,1828,Anime,t5_chmbos,1730749935.627776
52,r/whatever,1828,Podcasts and Streamers,t5_2qhal,1730749935.6497998
53,r/XratedPicsandVids,1828,Rated pics and vids,t5_ca6u0h,1730749935.669325
54,r/YarnDyeing,1828,"A place to share yarns that you have dyed, dyed yarns you love, and ask questions for the yarn dyeing community.",t5_x91o6,1730749935.6909492
55,r/BedrockAddons,1827,Gaming,t5_28jubz,1730749935.713624
56,r/FLER,1827,Music,t5_canm51,1730749935.734792
57,r/FryUpPolice,1827,Food and Drink,t5_3g2ce,1730749935.755745
58,r/hotindiancelebs,1827,Celebrity,t5_ampsm6,1730749935.776795
59,r/Illinois4Sanders,1827,"r/Illinois4Sanders is a grassroots volunteer-led online hub designed to raise support in Illinois for Senator Bernie Sanders 2020 campaign for President of the United States and to highlight Our Revolution, and progressive policy.",t5_381e6,1730749935.798358
60,r/json,1827,Technology,t5_2sh4w,1730749935.819322
61,r/Ketovore,1827,Fitness and Nutrition,t5_3jbz4a,1730749935.8404312
62,r/LisaBuckwitz,1827,Dedicated to the unbelievably gorgeous German bobsledder Lisa Buckwitz,t5_8c4jq6,1730749935.8622239
63,r/literaturevideos,1827,"Reading, Writing, and Literature",t5_2y9nu,1730749935.882369
64,r/Meow,1827,Welcome to Meow,t5_2rnip,1730749935.9042602
65,r/MNCouplesOnly,1827,A page to meet others and share or post events related to the swinging community. Also a safe haven for couples to get away from the single males. To be fair no singles at all.,t5_75249v,1730749935.9255621
66,r/murderedbyscreenshots,1827,Photographic evidence is a beautiful thing.,t5_yw4oo,1730749935.946718
67,r/Suceava,1827,Aceasta comunitate este dedicata judetului Suceava,t5_2sf71,1730749935.968107
68,r/TyreReviews,1827,Cars and Motor Vehicles,t5_67lwp0,1730749935.987647
69,r/UnderModders,1827,Gaming,t5_3bs4p,1730749936.006764
70,r/Wayward,1827,Gaming,t5_2ukl6,1730749936.027591
71,r/AElfTrader,1826,"Ælf (Aelf, ELF), is a Blockchain based company developing a ‘Cloud Operating System’ designed to become a central hub for all Blockchains. Ælf believes the current challenge preventing large scale commercial adoption of Blockchain technology is its inability to meet the requirements of various business and industrial scenarios. Investors include: Alphabit (UK), BlockTower Capital (US), 1kx Capital (DE), #Hashed (KR), Signum Capital (SG), FBG Capital (SG), Galaxy Digital Assets (US), and more.",t5_9n97u,1730749936.048361
72,r/AlgerianFootball,1826,"A place to discuss matches, players, local league action as well as various other aspects of Algerian Football.",t5_333oz,1730749936.086185
73,r/capaldi,1826,Celebrity,t5_34jt1,1730749936.1066182
74,r/CivRealms,1826,Gaming,t5_2x3zt,1730749936.129243
75,r/CringyThoughts,1826,/r/CringyThoughts --- A Place To Post and Read All Kinds of Cringy Thoughts,t5_34brn,1730749936.1502259
76,r/devhumormemes,1826,Programming,t5_9hsg23,1730749936.16992
77,r/DuetTrolls,1826,Funny/Humor,t5_2rzvja,1730749936.189096
78,r/GuitarPicks,1826,Hobbies,t5_2ubac,1730749936.208405
79,r/HannaBarberaCU,1826,Television,t5_28v5ct,1730749936.2286232
80,r/HannahNyxism,1826,Podcasts and Streamers,t5_bg9006,1730749936.2485702
81,r/LearnHTML,1826,Asking/Answering questions about HTML.,t5_2uufg,1730749936.268445
82,r/maxima,1826,Cars and Motor Vehicles,t5_2t8d9,1730749936.28791
83,r/S9plus,1826,Technology,t5_ff7yj,1730749936.3073988
84,r/TetaArmy,1826,Funny/Humor,t5_4nm00b,1730749936.326397
85,r/Wera,1826,Crafts and DIY,t5_2wi0wp,1730749936.346884
86,r/ArmeniaNT,1825,Sports,t5_2vlqj,1730749936.366787
87,r/BabySignLanguage,1825,Learning and Education,t5_310sw,1730749936.386683
88,r/Bitspawn,1825,Gaming,t5_23mas1,1730749936.406081
89,r/DFWPets,1825,Live in DFW? Lost a pet? Trying to find a home for a pet? Want to adopt a pet? Just want to talk about your pet? Subscribe here!,t5_2zzzc,1730749936.425969
90,r/Narutoccg,1825,Tabletop Games,t5_2tkkg,1730749936.445482
91,r/NortheastLA,1825,Place,t5_2y7xk,1730749936.465454
92,r/ReynaFilipina,1825,Beauty and Makeup,t5_clib1x,1730749936.48454
93,r/XboxAmbassador,1825,Gaming,t5_2ht4cz,1730749936.503503
94,r/yaesu,1825,Yaesu is a leading manufacturer of ham radio and HF/VHF/UHF transceivers for amateur and marine communication.,t5_3a0xw,1730749936.522551
95,r/YUZUshader,1825,Gaming,t5_2ere0p,1730749936.5410361
96,r/1stGenTundras,1824,Cars and Motor Vehicles,t5_wo7lx,1730749936.560566
97,r/AcademicAid,1824,"The community provides a safe and supportive environment for students to connect with their tutors and peers. Students can engage in live chat sessions, or other communication tools to receive feedback and support. Tutors can provide feedback on assignments, help with test preparation, and guide students. For instant help: ✍️ DISCORD: Winner#0398 ✍️ EMAIL: excellentwins1@gmail.com ✍️ TEXT/WHATSAPP: +1 (985) 313-2531",t5_7xa0zb,1730749936.580236
98,r/assettocorsaevo,1824,Gaming,t5_b7nb0p,1730749936.60048
99,r/cinderspires,1824,This is the place for everything related to the Cinder Spires book series by Jim Butcher.,t5_3206a,1730749936.621294
100,r/DennisThaMenace,1824,Food and Drink,t5_38csef,1730749936.640513
101,r/DinosaurTattoos,1824,Animals and Pets,t5_l6joe,1730749936.659498
102,r/dividendsuk,1824,"Business, Economics, and Finance",t5_4l3caz,1730749936.678101
103,r/GalaxyRing,1824,Technology,t5_7zei6w,1730749936.696747
104,r/GrannyPantiesWedgies,1824,Community dedicated to wedgies in huge underwear and granny panties!,t5_7gro47,1730749936.7163641
105,r/highlyinfuriating,1824,Much more than mildly infuriating,t5_38enk,1730749936.7363899
106,r/MusicalTheater,1824,Music,t5_2sqvu,1730749936.75562
107,r/pic_programming,1824,Programming,t5_2wbyb,1730749936.774802
108,r/Ssbbw_JuicyJackie,1824,Mature Themes and Adult Content,t5_aipx5i,1730749936.794542
109,r/4caucasus6you,1823,Internet Culture and Memes,t5_7spepi,1730749936.8134332
110,r/annieagar5,1823,"Subreddit dedicated to Annie Agar, the Instagram and TikToker who make football content",t5_6sdh0s,1730749936.832648
111,r/compression,1823,Technology,t5_2rdzf,1730749936.853906
112,r/DeQuervains,1823,Medical and Mental Health,t5_27tdlq,1730749936.874063
113,r/devour,1823,Gaming,t5_tdo7p,1730749936.89445
114,r/FCX24,1823,Hobbies,t5_6n6qpu,1730749936.91507
115,r/goldenretrievergifs,1823,Animals and Pets,t5_38vio,1730749936.934879
116,r/HueyLewisAndTheNews,1823,A place where you can discuss Huey Lewis and The News.,t5_2sexc,1730749936.9536252
117,r/Lorefield,1823,Gaming,t5_2m8g71,1730749936.9723608
118,r/mikesmic,1823,Internet Culture and Memes,t5_2948xm,1730749936.991355
119,r/Pikminposting,1823,Internet Culture and Memes,t5_56tkfe,1730749937.010286
120,r/RadRockets,1823,"A place for spacecraft, launch systems, satellites, or any other vehicles related to real world space exploration or infrastructure.",t5_yfmph,1730749937.02922
121,r/ratemyessay,1823,This is a place where one can post an essay that they just wrote and have it get critiqued before turning it in.,t5_2zfuw,1730749937.04816
122,r/reflexology,1823,"**Reflexology** is a form of massage involving application of pressure to the feet and hands with specific thumb, finger, and hand techniques with or without the use of oil or lotion. It is gentle manipulation or pressing on certain parts of the foot, hand, face, or ears to produce an effect elsewhere in the body. Even if you do not believe in its alternative healing philosophy, it is a fun and relaxing massage which can be pleasurable to learn about or receive.",t5_3g2dz,1730749937.067102
123,r/SofaBaton,1823,Technology,t5_4rhx98,1730749937.086068
124,r/topmains,1823,Gaming,t5_5p8xa7,1730749937.106145
125,r/dragonvaleworld,1822,Gaming,t5_3gfgx,1730749937.376529
126,r/DUDmuffin,1822,Celebrity,t5_7r794w,1730749937.398881
127,r/floodcast,1822,Podcasts and Streamers,t5_2n5w4k,1730749937.4201689
128,r/GetMellow,1822,Music,t5_2w950,1730749937.4423602
129,r/Grafting,1822,Welcome to Grafting,t5_2u0uy,1730749937.463972
130,r/keene,1822,Place,t5_2sn42,1730749937.485495
131,r/KonaN_,1822,Cars and Motor Vehicles,t5_5w8x96,1730749937.505879
132,r/MarianaMartixShrine,1822,Subreddit dedicated to the Colombian Goddess Mariana Martix.,t5_aotizt,1730749937.5252302
133,r/PAForSanders,1822,"r/PAForSanders is a grassroots volunteer-led online hub designed to raise support in Pennsylvania for Senator Bernie Sanders 2020 campaign for President of the United States and to highlight Our Revolution, and progressive policy.",t5_3810t,1730749937.5448918
134,r/Pharmacy_UK,1822,Careers,t5_4warw7,1730749937.564725
135,r/PorshiaFurlowScammer,1822,Celebrity,t5_7zrx2q,1730749937.5850298
136,r/serigraphy,1822,Fine Art Screen Printing,t5_2rmg2,1730749937.605044
137,r/Shakti,1822,Religion and Spirituality,t5_2zisz,1730749937.62467
138,r/ShuichiSaihara,1822,Anime,t5_ocbt1,1730749937.643456
139,r/starblecch,1822,Internet Culture and Memes,t5_2x0fq,1730749937.66348
140,r/stefrp,1822,Welcome to stefrp,t5_c13vt9,1730749937.683747
141,r/testingground4bots,1822,Meta/Reddit,t5_2zqqr,1730749937.703744
142,r/ttojgame,1822,"The Tarnishing of Juxtia is a challenging 2D action-adventure game, set in a pair of divine kingdoms ripped apart by war and plague. Check it out on Steam here: https://tinyurl.com/yb8ygjd4",t5_254m5q,1730749937.722668
143,r/VanNeistat,1822,Podcasts and Streamers,t5_42ym9v,1730749937.741076
144,r/yugiohconceptart,1822,Anime,t5_725tvt,1730749937.759308
145,r/Fishingswap,1821,Outdoors and Nature,t5_35jx23,1730749937.7777028
146,r/FrencoinFrens,1821,Dis is abut Frens and making Frens threw POW mining and memes abut Apu Apustaja,t5_8er8ve,1730749937.7979362
147,r/Fuutarou,1821,Anime,t5_12jut5,1730749937.81716
148,r/MYOGbikebags,1821,Hobbies,t5_773wv5,1730749937.837696
149,r/Notesnook,1821,Technology,t5_49xyfl,1730749937.857056
150,r/partoftheproblem,1821,Podcasts and Streamers,t5_35fk4,1730749937.877046
151,r/S197Stangs,1821,Cars and Motor Vehicles,t5_3cpst,1730749937.896788
152,r/Shotastuff,1821,Art,t5_51de1k,1730749937.916692
153,r/StringofPearls,1821,Home and Garden,t5_2ub0d8,1730749937.936671
154,r/tiannathatgirl,1821,Celebrity,t5_7i5sr4,1730749937.9577532
155,r/WTF_Facts,1821,interesting facts and stories,t5_36mve,1730749937.9781382
156,r/Anamanaguchi,1820,Music,t5_2sedm,1730749937.997615
157,r/BetoORourke,1820,Politics,t5_3jm2h,1730749938.017846
158,r/Chatabix,1820,Podcasts and Streamers,t5_5pjysx,1730749938.037279
159,r/CoderRadio,1820,A weekly talk show taking a pragmatic look at the art and business of software development and related technologies.,t5_2u9rm,1730749938.0564961
160,r/CryingSuns,1820,Gaming,t5_le5hz,1730749938.075626
161,r/DeadCameraMan,1820,Justice for cameramen!,t5_m5vb2,1730749938.0948858
162,r/DOR,1820,Women's Health,t5_ax6olt,1730749938.116127
163,r/Hellion,1820,Gaming,t5_3ekms,1730749938.135612
164,r/kakasangi_army,1820,اهمیت نمی دم که این رو میخونی🗿 اینجا هر وقت گی تی لز آرمی میبینیم 🗿 رو میکنیم توی کونشون🗿👈🍑,t5_5p3dk1,1730749938.1553679
165,r/minecraftbedrockfarms,1820,A place to post and discuss the bedrock edition of Minecraft. Redstone and farms work differently on bedrock so this is where you can find things that actually work in bedrock.,t5_x9vz3,1730749938.174743
166,r/omgitsketo,1820,Celebrity,t5_7rmz36,1730749938.1956851
167,r/RPStrength,1820,Podcasts and Streamers,t5_4037ln,1730749938.215297
168,r/SparkMail,1820,Technology,t5_54mueh,1730749938.2354639
169,r/Twinnovation,1820,Podcasts and Streamers,t5_39ei0,1730749938.256782
170,r/Vinera,1820,Art,t5_32r7hy,1730749938.278492
171,r/AmandaBowden,1819,Celebrity,t5_96a7da,1730749938.300385
172,r/Bankera,1819,Crypto,t5_3nl19,1730749938.321565
173,r/BookStack,1819,Technology,t5_kpvyn,1730749938.343625
174,r/CozyArt,1819,Art,t5_288jnv,1730749938.36586
175,r/DogeVerse,1819,Crypto,t5_4pluln,1730749938.3873339
176,r/drawsteel,1819,Tabletop Games,t5_agrhtq,1730749938.409653
177,r/EiOleLehti,1819,Welcome to EiOleLehti,t5_2tuex,1730749938.431062
178,r/EmiOk,1819,Podcasts and Streamers,t5_2j4xoo,1730749938.453364
179,r/energetics,1819,Hobbies,t5_2sbfvz,1730749938.475795
180,r/ghettoengineering,1819,"Low budget, do-it-yourself, and duct tape is what holds the world together. Show us how you fit the square peg in the round hole.",t5_2utx9,1730749938.497016
181,r/HiddenDungeon,1819,Anime,t5_yljw0,1730749938.517806
182,r/isaidyes,1819,Family and Relationships,t5_3hzfd,1730749938.538374
183,r/sexualanhedonia,1819,Medical and Mental Health,t5_2wdp7,1730749938.55909
184,r/SGMFanPallettes,1819,Gaming,t5_2e6usj,1730749938.5802822
185,r/snowrunnerxbox,1819,Gaming,t5_2t1qwm,1730749938.6014678
186,r/StartingBusiness,1819,"The community to talk about starting businesses. Talk about your business ideas, seek advice, share insights, and have fun!",t5_x2f20,1730749938.62335
187,r/AustralianHistory,1818,This sub will be set to 'private' in support of the protest against the new Reddit policy on API access for third party apps.,t5_2tqkf,1730749938.645081
188,r/ItalianCitizenship,1818,Place,t5_10dh6u,1730749938.667087
189,r/juggalomemes,1818,Internet Culture and Memes,t5_44uqqc,1730749938.68914
190,r/Kathy_Drayton,1818,Celebrity,t5_b6kdj6,1730749938.7102458
191,r/lilhyper,1818,Mature Themes and Adult Content,t5_7tx28s,1730749938.7324438
192,r/NoBigDealNeil,1818,Photos and videos of things that seem major but aren't.,t5_132kk4,1730749938.752508
193,r/OutdoorSkills,1818,A place where you can share and learn about the skills you need to stay safe and enjoy yourself outdoors.,t5_2wxrx,1730749938.7730272
194,r/pkmntcgfinance,1818,Hobbies,t5_3hrcs,1730749938.793806
195,r/PriorityBicycles,1818,Sports,t5_3miix,1730749938.813219
196,r/RetailNostalgia,1818,Retail nostalgia is a subreddit for the sharing and discussion of retail-related memories from the distant and recent past.,t5_3409d,1730749938.831158
197,r/Sukinako,1818,Anime,t5_5zetv9,1730749938.849349
198,r/VanMoof,1818,Sports,t5_qg3ym,1730749938.86722
199,r/wasian,1818,"Culture, Race, and Ethnicity",t5_2c7mkg,1730749938.885112
200,r/arcticcircle,1817,Place,t5_2s7cf,1730749938.903386
201,r/avct,1817,"Business, Economics, and Finance",t5_2y7jab,1730749938.922598
202,r/CovalentHQ,1817,Crypto,t5_40f14b,1730749938.940852
203,r/hempColombia,1817,cannabis broker for products and farms located in colombia,t5_6mkp2w,1730749938.959881
204,r/hybrid,1817,Cars and Motor Vehicles,t5_2ra2v,1730749938.981172
205,r/nanjing,1817,Welcome to nanjing,t5_2tdv1,1730749938.999939
206,r/Oxhorn,1817,Television,t5_2tpnf,1730749939.0181959
207,r/PETH_Official,1817,PETH is 3rd generation of Ethereum(ETH3) which solves the performance bottleneck ultimately in a more innovative way at Layer 0 without compromising data security and decentralization by adding more nodes.,t5_72hd2b,1730749939.0382369
208,r/PisaPoses,1817,"From the Pisa ice cream cone, to kissing the Sphinx these are the most ""basic"" tourist photos ever.",t5_3p95f,1730749939.057179
209,r/thestonearmy,1817,Internet Culture and Memes,t5_6u7ua0,1730749939.076534
210,r/ApexClubs,1816,Gaming,t5_31wr0o,1730749939.096
211,r/BackSeatBert,1816,This is a sub dedicated to .gifs and images of bert in the back seat. Usually with a lack of context.,t5_2yhvr,1730749939.116239
212,r/FallRiver,1816,Place,t5_2svl7,1730749939.135453
213,r/GenesisMining,1816,Crypto,t5_3f23s,1730749939.155465
214,r/grovetokenofficial,1816,Crypto,t5_5ytbas,1730749939.174935
215,r/MattOrchard,1816,Podcasts and Streamers,t5_41yotu,1730749939.1947699
216,r/survivorzero,1816,Welcome to survivorzero,t5_2sn4h,1730749939.214201
217,r/UniOfHertfordshire,1816,Learning and Education,t5_33gqt,1730749939.233259
218,r/Wildcraft,1816,Gaming,t5_2qr8m,1730749939.253132
219,r/YellowcardRock,1816,Music,t5_2wegt,1730749939.272182
220,r/AbruptEnding,1815,Funny/Humor,t5_25150z,1730749939.291313
221,r/BlockmanGo,1815,Gaming,t5_12yvhe,1730749939.3109388
222,r/Bonzai,1815,Home and Garden,t5_2ud52,1730749939.330382
223,r/Enlightmenter,1815,A Subreddit Dedicated to Dank memes that are enlightening. Memes That Will Bring You To Eudaimonia.,t5_3umln5,1730749939.3503098
224,r/headphonesindia,1815,Technology,t5_3v5fwx,1730749939.369449
225,r/helloween,1815,Music,t5_2t0n7,1730749939.3884978
226,r/hrhcollectionUNHINGED,1815,Celebrity,t5_6wvy5i,1730749939.407487
227,r/IndoorCycling,1815,Sports,t5_2v8yz,1730749939.428822
228,r/NaturalTit,1815,Mature Themes and Adult Content,t5_2dnjdh,1730749939.448554
229,r/RoBody,1815,Fitness and Nutrition,t5_7zn6x2,1730749939.468744
230,r/XiaomiPad6,1815,Technology,t5_8o2qtc,1730749939.4889128
231,r/big3podcast,1814,Podcasts and Streamers,t5_2w2w5,1730749939.50971
232,r/brocourt,1814,"The settling of friendly disputes in a pub, now in Reddit form!",t5_2xto5,1730749939.53092
233,r/customrobo,1814,Gaming,t5_2unbb,1730749939.551311
234,r/DellG5SE,1814,Technology,t5_3b1o1r,1730749939.572204
235,r/DrunkLego,1814,"Drink and Build! Pour a glass, crack open a bottle, open a box, and start building!",t5_35lw8,1730749939.5942972
236,r/pathbrewer,1814,Tabletop Games,t5_3j4kf,1730749939.616626
237,r/renegades,1814,Sports,t5_321t0,1730749939.637504
238,r/ShanghaiDisneyland,1814,Place,t5_3aarf,1730749939.658495
239,r/5SecondsofSummer,1813,"All about Luke, Ashton, Michael & Callum. Subreddit launched on April 14, 2014, under new management on September 23, 2023.",t5_31dfh,1730749939.680928
240,r/AmyAndRoseLucillee,1813,Subreddit for sisters Amy and Rose Lucillee!,t5_55lh9l,1730749939.7031932
241,r/centraljersey,1813,Place,t5_2zqcn,1730749939.723972
242,r/EPP_addict,1813,Crafts and DIY,t5_54vrhw,1730749939.745468
243,r/Gitea,1813,Programming,t5_wx7rh,1730749939.766828
244,r/kclist,1813,This is a open forum Classified for the greater KCK and KCMO areas.,t5_2w450,1730749939.787727
245,r/KIZARU,1813,Anime,t5_avv7sm,1730749939.8087401
246,r/lilpeepleaks,1813,Music,t5_t5nem,1730749939.8311198
247,r/lostlove,1813,Family and Relationships,t5_2uxux,1730749939.852538
248,r/timmins,1813,Place,t5_2twky,1730749939.875732
249,r/TrippyScreenshots,1813,Art,t5_2u47qp,1730749939.898098
