,subreddit,subscribers,topic,subreddit_id,scraped_utc
0,r/MusicaBR,91213,Music,t5_3mhrz1,1730746084.324213
1,r/adorableoldpeople,91180,Internet Culture and Memes,t5_h8x9b,1730746084.347753
2,r/AdvancedFitness,91134,Fitness and Nutrition,t5_2s9km,1730746084.375933
3,r/AustralianCattleDog,91117,Animals and Pets,t5_2t5ou,1730746084.733342
4,r/batty,91084,Animals and Pets,t5_3571i,1730746084.7549
5,r/monkeyspaw,91006,Internet Culture and Memes,t5_3gy3c,1730746084.7742069
6,r/Bangkok,90967,Place,t5_2qknx,1730746084.7929778
7,r/Eesti,90929,Place,t5_2rffn,1730746084.8117719
8,r/laravel,90929,Programming,t5_2uakt,1730746084.838103
9,r/Dandadan,90890,Anime,t5_46tlcm,1730746084.856695
10,r/ElectricForest,90881,Music,t5_2sdfx,1730746084.8755531
11,r/misanthropy,90846,Ethics and Philosophy,t5_2qtl0,1730746084.894478
12,r/Chinesium,90794,Internet Culture and Memes,t5_3dcxm,1730746084.913333
13,r/ContraPoints,90775,Politics,t5_3hets,1730746084.982181
14,r/OnlyFaces,90766,Beauty and Makeup,t5_7sucbo,1730746085.001214
15,r/pokemoncards,90721,Tabletop Games,t5_2smwo,1730746085.0271418
16,r/AmazonDSPDrivers,90709,Careers,t5_1a9kw0,1730746085.045923
17,r/FifthWorldPics,90701,Art,t5_2sych,1730746085.065595
18,r/tasker,90592,Technology,t5_2s0ro,1730746085.088927
19,r/excgarated,90540,Internet Culture and Memes,t5_3127u,1730746085.1092858
20,r/astrophysics,90522,Science,t5_2rg22,1730746085.129931
21,r/picrequests,90487,Art,t5_2scp1,1730746085.149917
22,r/budgies,90479,Animals and Pets,t5_2tjtv,1730746085.170339
23,r/Cisco,90471,Technology,t5_2qizx,1730746085.190613
24,r/DolphinEmulator,90460,Gaming,t5_2y8n4,1730746085.2111192
25,r/PlusSizeFashion,90436,Fashion,t5_2rvbk,1730746085.23054
26,r/memphis,90355,Place,t5_2qpqw,1730746085.249768
27,r/cassetteculture,90306,Hobbies,t5_2sil0,1730746085.2687948
28,r/rusAskReddit,90305,Meta/Reddit,t5_4sq796,1730746085.288832
29,r/YoutubeMusic,90305,Music,t5_2sy6e,1730746085.308836
30,r/ThriftGrift,90270,Marketplace and Deals,t5_572rcs,1730746085.32999
31,r/signupsforpay,90246,Marketplace and Deals,t5_35lap,1730746085.3498628
32,r/healthcare,90239,Medical and Mental Health,t5_2qkih,1730746085.370238
33,r/DipPowderNails,90212,Beauty and Makeup,t5_y15vs,1730746085.390188
34,r/Simracingstewards,90189,Gaming,t5_id42i,1730746085.410272
35,r/IllegallySmol,90025,Animals and Pets,t5_29p703,1730746085.430191
36,r/seashanties,89932,Music,t5_2sjg8,1730746085.448865
37,r/koreanmusic,89915,Music,t5_2ud62,1730746085.4679391
38,r/catscarryingstuffies,89904,Animals and Pets,t5_10xp3q,1730746085.489843
39,r/IndianFoodPhotos,89893,Food and Drink,t5_3z8bc6,1730746085.511447
40,r/PokemonBDSP,89891,Gaming,t5_40vgcm,1730746085.532547
41,r/AnimalCrossingNewLeaf,89875,Gaming,t5_2xcev,1730746085.5528278
42,r/UKhiking,89824,Outdoors and Nature,t5_2wfnj,1730746085.5730739
43,r/OSU,89804,Learning and Education,t5_2qj3f,1730746085.593204
44,r/composer,89789,Music,t5_2sjib,1730746085.612654
45,r/notopbutok,89691,Internet Culture and Memes,t5_yxze4,1730746085.6319811
46,r/vintageobscura,89676,Music,t5_2tgzu,1730746085.651527
47,r/geocaching,89672,Outdoors and Nature,t5_2qyvl,1730746085.6711261
48,r/wewantcups,89641,Food and Drink,t5_3h5ay,1730746085.69061
49,r/Kingdom,89608,"Reading, Writing, and Literature",t5_2sl0d,1730746085.710227
50,r/AskMiddleEast,89600,"Culture, Race, and Ethnicity",t5_vkfjx,1730746085.729561
51,r/dunememes,89575,"Reading, Writing, and Literature",t5_3kh7c,1730746085.7492092
52,r/TheOrville,89546,Television,t5_3kggw,1730746085.768827
53,r/OLED,89540,Technology,t5_2r8y3,1730746085.787704
54,r/NetflixViaVPN,89524,Movies,t5_3fzk2,1730746085.807172
55,r/GERD,89471,Medical and Mental Health,t5_2qlaa,1730746085.827533
56,r/okbuddyphd,89459,Internet Culture and Memes,t5_2o4hl7,1730746085.847688
57,r/capetown,89417,Place,t5_2r3ap,1730746085.869955
58,r/ragdolls,89415,Animals and Pets,t5_2vgxd,1730746085.889925
59,r/birdstakingthetrain,89409,Animals and Pets,t5_2xgp6,1730746085.910144
60,r/Trymacs_Discord,89303,Podcasts and Streamers,t5_2e1yc0,1730746085.930261
61,r/whitegirlbeauty,89288,Mature Themes and Adult Content,t5_70oeah,1730746085.951125
62,r/USdefaultism,89220,Internet Culture and Memes,t5_2ns55u,1730746085.97083
63,r/PrepperIntel,89211,Hobbies,t5_2raoq8,1730746085.9903848
64,r/UCSD,89210,Place,t5_2r6sq,1730746086.009863
65,r/LawStudentsPH,89184,Learning and Education,t5_horsm,1730746086.0300438
66,r/CommercialsIHate,89145,Internet Culture and Memes,t5_2wyhe,1730746086.049054
67,r/PiratePets,89110,Animals and Pets,t5_tp0bm,1730746086.068
68,r/iran,89040,Place,t5_2qhzq,1730746086.086627
69,r/MoaiGreddit,89028,Internet Culture and Memes,t5_2rks8q,1730746086.105474
70,r/UnexpectedThanos,88980,Internet Culture and Memes,t5_irvp4,1730746086.124175
71,r/fallout76settlements,88975,Gaming,t5_n5nbl,1730746086.142856
72,r/ShowerOrange,88965,Internet Culture and Memes,t5_37u0u,1730746086.16227
73,r/trustapp,88911,Crypto,t5_9ldsc,1730746086.181895
74,r/holofractal,88878,Science,t5_33j70,1730746086.2019
75,r/vinted,88878,Fashion,t5_3fgso,1730746086.221811
76,r/startrekgifs,88856,Television,t5_2u6ut,1730746086.241823
77,r/CaptainSparklez,88837,Podcasts and Streamers,t5_2ugwy,1730746086.261329
78,r/thelongdark,88833,Gaming,t5_2ygr3,1730746086.280123
79,r/Jaharia,88770,Podcasts and Streamers,t5_3iqhz,1730746086.299045
80,r/kickstarter,88763,"Business, Economics, and Finance",t5_2rquu,1730746086.318042
81,r/gamemaker,88759,Programming,t5_2qw2g,1730746086.337944
82,r/Albuquerque,88740,Place,t5_2qxoe,1730746086.357004
83,r/taxPH,88733,"Business, Economics, and Finance",t5_2ac7gq,1730746086.375982
84,r/orks,88723,Tabletop Games,t5_2v7kn,1730746086.394667
85,r/debian,88710,Technology,t5_2qhkk,1730746086.413482
86,r/WeirdWings,88705,Cars and Motor Vehicles,t5_35fvr,1730746086.431957
87,r/SubsYouFellFor,88679,Internet Culture and Memes,t5_gu1ut,1730746086.450607
88,r/study,88640,Learning and Education,t5_2rcbr,1730746086.4692621
89,r/NameMyCat,88634,Animals and Pets,t5_3hjjf,1730746086.48773
90,r/ShaneGillis,88633,Podcasts and Streamers,t5_24t1yx,1730746086.506306
91,r/origami,88630,Art,t5_2qiul,1730746086.524941
92,r/customhearthstone,88571,Gaming,t5_30mve,1730746086.5435572
93,r/genderfluid,88546,Gender,t5_2u0nr,1730746086.5626082
94,r/TextingTheory,88458,Internet Culture and Memes,t5_4kth6i,1730746086.581509
95,r/KaijuNo8,88430,Anime,t5_2suphb,1730746086.6000881
96,r/memesopdidnotlike,88413,Internet Culture and Memes,t5_6kv7zd,1730746086.618712
97,r/clonewars,88404,Television,t5_2ruwd,1730746086.637609
98,r/WayOfTheBern,88396,Politics,t5_3ff8l,1730746086.657002
99,r/natureisbeautiful,88392,Outdoors and Nature,t5_2tnr7,1730746086.6756449
100,r/upholstery,88361,Crafts and DIY,t5_2rva0,1730746086.694413
101,r/mturk,88345,Careers,t5_2qmd7,1730746086.713164
102,r/ObviousPlant,88320,Internet Culture and Memes,t5_3c3oy,1730746086.735221
103,r/adhd_anxiety,88300,Medical and Mental Health,t5_3a09l,1730746086.756195
104,r/indianmemer,88300,Internet Culture and Memes,t5_2iyfuf,1730746086.7760792
105,r/Diesel,88267,Cars and Motor Vehicles,t5_2r107,1730746086.79592
106,r/finishing,88211,Crafts and DIY,t5_3c9xq,1730746086.816502
107,r/poshmark,88206,Marketplace and Deals,t5_34hq6,1730746086.8373618
108,r/eyes,88199,Beauty and Makeup,t5_2rbii,1730746086.8568041
109,r/DanTDM,88176,Podcasts and Streamers,t5_331ib,1730746086.876107
110,r/NFTExchange,88165,Crypto,t5_3yli2s,1730746086.895176
111,r/AmItheEx,88156,Meta/Reddit,t5_7t3p8f,1730746086.9144409
112,r/shortstories,88155,"Reading, Writing, and Literature",t5_2qhmi,1730746086.933696
113,r/Bulldogs,88143,Animals and Pets,t5_2sseo,1730746086.953355
114,r/archeologyworld,88075,History,t5_2msc9i,1730746086.9732978
115,r/HybridAnimalsGame,88017,Gaming,t5_1zgrv8,1730746086.994997
116,r/neurodiversity,88009,Medical and Mental Health,t5_2tzqe,1730746087.015581
117,r/ACCompetizione,87988,Gaming,t5_g4zuq,1730746087.036181
118,r/TheTraitors,87941,Television,t5_5xtu9a,1730746087.056274
119,r/HannibalTV,87932,Television,t5_2vs7z,1730746087.076498
120,r/SelfDrivingCars,87924,Cars and Motor Vehicles,t5_2udmw,1730746087.097641
121,r/CreepyAskReddit,87918,Meta/Reddit,t5_2yebo,1730746087.1185448
122,r/conselhodecarreira,87901,Careers,t5_614dvo,1730746087.1384692
123,r/boating,87882,Cars and Motor Vehicles,t5_2qm9s,1730746087.157784
124,r/textfriends,87846,Family and Relationships,t5_30a3q,1730746087.177865
125,r/LooksmaxingAdvice,87840,Beauty and Makeup,t5_3l18i,1730746087.197621
126,r/BabyYoda,87829,Internet Culture and Memes,t5_28hmqn,1730746087.312886
127,r/MedievalHistory,87824,History,t5_2sa8g,1730746087.333719
128,r/HuntsvilleAlabama,87801,Place,t5_2qq6o,1730746087.3528671
129,r/Wonderlands,87697,Gaming,t5_3a4la3,1730746087.3741271
130,r/PointyTailedKittens,87636,Animals and Pets,t5_3obin,1730746087.395925
131,r/goats,87621,Animals and Pets,t5_2qlyf,1730746087.414203
132,r/diyaudio,87619,Technology,t5_2tizz,1730746087.802824
133,r/mensfashionadvice,87615,Fashion,t5_2tk42,1730746087.825856
134,r/AFKJourney,87608,Gaming,t5_86dad0,1730746087.844052
135,r/BitcoinCA,87595,Crypto,t5_2wqe8,1730746087.862176
136,r/pcmods,87593,Technology,t5_2tj99,1730746087.880445
137,r/Vans,87498,Fashion,t5_2slt1,1730746087.906208
138,r/ledzeppelin,87493,Music,t5_2qtjg,1730746087.924065
139,r/Crypto_General,87487,Crypto,t5_2xgpi,1730746087.942038
140,r/climbergirls,87462,Sports,t5_2wrvu,1730746087.9596741
141,r/LowSodiumDestiny,87455,Gaming,t5_3c0tx,1730746087.97742
142,r/mildlycreepy,87421,Internet Culture and Memes,t5_2ua94,1730746087.996048
143,r/PokemonMasters,87408,Gaming,t5_31qu9,1730746088.0621262
144,r/Planetside,87398,Gaming,t5_2s48x,1730746088.079998
145,r/comicbookcollecting,87354,Hobbies,t5_2xxis,1730746088.103812
146,r/iceblockchain,87336,Crypto,t5_9hx5ye,1730746088.121589
147,r/acecombat,87321,Gaming,t5_2svt4,1730746088.139074
148,r/raisedbyborderlines,87317,Trauma Support,t5_33d8b,1730746088.156898
149,r/keyboards,87305,Technology,t5_2rm65,1730746088.1744692
150,r/SabrinaCarpenter,87277,Celebrity,t5_2v717,1730746088.192128
151,r/comingout,87254,Sexual Orientation,t5_2rw9q,1730746088.210121
152,r/Kotlin,87254,Programming,t5_2so2r,1730746088.227888
153,r/CoronavirusMa,87240,Medical and Mental Health,t5_2gqpy4,1730746088.245805
154,r/LivingAlone,87223,Home and Garden,t5_2tbsy,1730746088.263432
155,r/Polkadot,87187,Crypto,t5_2ublt,1730746088.282766
156,r/rstats,87133,Programming,t5_2r8n0,1730746088.301599
157,r/KnightsOfPineapple,87123,Food and Drink,t5_39h2c,1730746088.319147
158,r/catsinpants,87086,Animals and Pets,t5_2w8gt,1730746088.341172
159,r/Charity,87075,Activism,t5_2qhi2,1730746088.358827
160,r/Greenhouses,87066,Home and Garden,t5_2qt1m,1730746088.3765278
161,r/dogvideos,87045,Animals and Pets,t5_2u4hw,1730746088.395009
162,r/transgamers,87039,Gaming,t5_2scaw,1730746088.413053
163,r/OrganicChemistry,87001,Science,t5_2r0xb,1730746088.4307961
164,r/StainedGlass,86957,Art,t5_2r4xk,1730746088.448576
165,r/thesidehustle,86951,Careers,t5_11hzjf,1730746088.466092
166,r/summerhousebravo,86921,Television,t5_2epcsj,1730746088.4837399
167,r/PrizePicks,86913,Sports,t5_4bv8z0,1730746088.501195
168,r/howimetyourmother,86893,Television,t5_2qzj4,1730746088.51871
169,r/fightsticks,86876,Gaming,t5_2uvie,1730746088.536107
170,r/CatsWhoChirp,86865,Animals and Pets,t5_z9iyp,1730746088.553524
171,r/TBJZL,86848,Podcasts and Streamers,t5_xrdmg,1730746088.5709062
172,r/Scottsdale,86844,Place,t5_2qnfl,1730746088.5884202
173,r/WorldWar2,86842,History,t5_2r84j,1730746088.607408
174,r/RotMG,86743,Gaming,t5_2s505,1730746088.62507
175,r/Maya,86738,Art,t5_2qihn,1730746088.642393
176,r/ukulele,86718,Music,t5_2qltz,1730746088.659864
177,r/stepparents,86711,Family and Relationships,t5_2t08x,1730746088.677535
178,r/9anime,86699,Anime,t5_3gzjf,1730746088.694963
179,r/femboymemes,86692,Internet Culture and Memes,t5_120xk3,1730746088.712542
180,r/Stremio,86677,Technology,t5_3ahix,1730746088.730336
181,r/CryptoMarsShots,86673,Crypto,t5_46bnjs,1730746088.7480772
182,r/Oldhouses,86673,Home and Garden,t5_3atfs,1730746088.765623
183,r/Bestbuy,86635,"Business, Economics, and Finance",t5_2rofz,1730746088.7831612
184,r/BATProject,86633,Crypto,t5_3jmmc,1730746088.800606
185,r/IndiaTax,86517,"Business, Economics, and Finance",t5_2mvcfn,1730746088.819201
186,r/flask,86515,Programming,t5_2s1s3,1730746088.836994
187,r/wismichu,86514,Podcasts and Streamers,t5_i4nx8,1730746088.8548758
188,r/alpinism,86488,Outdoors and Nature,t5_2rjam,1730746088.872706
189,r/antivirus,86466,Technology,t5_2s869,1730746088.891118
190,r/MarioMaker,86401,Gaming,t5_324q9,1730746088.909439
191,r/woodstoving,86396,Home and Garden,t5_329i6,1730746088.928038
192,r/xcountryskiing,86393,Sports,t5_2s9a7,1730746088.946433
193,r/microgreens,86289,Home and Garden,t5_2vjyx,1730746088.965307
194,r/Bowling,86282,Hobbies,t5_2r3ex,1730746088.983513
195,r/Flooring,86280,Home and Garden,t5_2sm23,1730746089.002629
196,r/australian,86275,Place,t5_2qmdy,1730746089.020618
197,r/EldenRingBuilds,86262,Gaming,t5_46mtdk,1730746089.0389252
198,r/SAHP,86257,Family and Relationships,t5_2rsj9,1730746089.058058
199,r/thepromisedneverland,86231,"Reading, Writing, and Literature",t5_3fp9n,1730746089.0772228
200,r/shib,86227,Crypto,t5_29g0pl,1730746089.095114
201,r/ruby,86201,Programming,t5_2qh21,1730746089.112969
202,r/mitski,86192,Music,t5_3h89k,1730746089.130516
203,r/hardstyle,86158,Music,t5_2rluz,1730746089.148133
204,r/Calcio,86083,Sports,t5_2s6zb,1730746089.1657898
205,r/ancientegypt,86068,History,t5_2s3us,1730746089.183346
206,r/animalcrossingmeme,86008,Gaming,t5_15dker,1730746089.2007942
207,r/furniture,85955,Home and Garden,t5_2qir2,1730746089.218431
208,r/lifeguardkitties,85923,Animals and Pets,t5_3sb9i9,1730746089.2359
209,r/AlienBodies,85905,Internet Culture and Memes,t5_9czxap,1730746089.253628
210,r/DreamInterpretation,85891,Religion and Spirituality,t5_2s04x,1730746089.271521
211,r/TradingView,85885,"Business, Economics, and Finance",t5_31mp3,1730746089.2906308
212,r/Defenders,85879,Television,t5_30occ,1730746089.308613
213,r/DnD5e,85851,Tabletop Games,t5_2td4d,1730746089.326269
214,r/pandabuyfinds,85825,Fashion,t5_7jt2m3,1730746089.3437068
215,r/reclaimedbynature,85781,Outdoors and Nature,t5_2w1gr,1730746089.3622458
216,r/urbancarliving,85781,Cars and Motor Vehicles,t5_2vdsp,1730746089.380708
217,r/persoonlijkebonus,85776,Marketplace and Deals,t5_wpz2j,1730746089.398428
218,r/ucla,85773,Place,t5_2qscu,1730746089.41623
219,r/Alienware,85750,Technology,t5_2r5rg,1730746089.43385
220,r/TechnoProduction,85744,Music,t5_2v4k9,1730746089.451496
221,r/2visegrad4you,85739,"Culture, Race, and Ethnicity",t5_427he1,1730746089.468906
222,r/maybemaybemaybemaybe,85732,Internet Culture and Memes,t5_39fe5,1730746089.49578
223,r/entp,85727,Ethics and Philosophy,t5_2qoy3,1730746089.528662
224,r/venturebros,85712,Television,t5_2r8d8,1730746089.566278
225,r/truespotify,85648,Music,t5_38yhd,1730746089.604067
226,r/Tierzoo,85626,Podcasts and Streamers,t5_3ns27,1730746089.6288278
227,r/Popular_Science_Ru,85621,Science,t5_12653g,1730746089.6513002
228,r/Woodworkingplans,85619,Hobbies,t5_2vaev,1730746089.675002
229,r/CoronavirusUK,85579,Medical and Mental Health,t5_2f3oes,1730746089.70131
230,r/teslainvestorsclub,85522,"Business, Economics, and Finance",t5_n9evv,1730746089.722406
231,r/danglers,85499,Animals and Pets,t5_28klwa,1730746089.742239
232,r/Klussers,85493,Home and Garden,t5_3ms176,1730746089.761429
233,r/Halloween_Costumes,85489,Fashion,t5_2v1mh,1730746089.7811148
234,r/jordan,85376,Place,t5_2qkq7,1730746089.800988
235,r/TruckerCats,85363,Animals and Pets,t5_qez38,1730746089.82213
236,r/Iowa,85355,Place,t5_2qn1h,1730746089.870559
237,r/TaylorSwiftPictures,85340,Celebrity,t5_2wqat,1730746089.9064882
238,r/Rochester,85331,Place,t5_2qhkc,1730746089.935415
239,r/ambientmusic,85301,Music,t5_2rnoj,1730746089.9762518
240,r/cambridge,85293,Place,t5_2qh8u,1730746090.006882
241,r/FemboyFashion,85283,Gender,t5_22h29z,1730746090.033216
242,r/earlsweatshirt,85263,Music,t5_2ttc3,1730746090.058679
243,r/ProjectRunway,85221,Television,t5_2uin6,1730746090.082634
244,r/valencia,85211,Place,t5_2qn44,1730746090.1042318
245,r/vrising,85171,Gaming,t5_48zfnu,1730746090.125555
246,r/scotus,85160,Law,t5_2rfsw,1730746090.148874
247,r/earthbound,85146,Gaming,t5_2rkbz,1730746090.1725628
248,r/litrpg,85144,"Reading, Writing, and Literature",t5_3667v,1730746090.1952372
249,r/AnimalMemes,85134,Internet Culture and Memes,t5_2wynd,1730746090.214966
