,subreddit,subscribers,topic,subreddit_id,scraped_utc
0,r/the_denis,1725,Welcome to the_denis,t5_3idmt,1730750054.1240551
1,r/Ulichan_cosplay,1725,This is an official fan subreddit for cosplays of Ulichan!,t5_8celgh,1730750054.1502988
2,r/weirdspouses,1725,Funny/Humor,t5_263pi5,1730750054.1714659
3,r/ada_meme,1724,Crypto,t5_3aqozi,1730750054.193374
4,r/ConstructivismArt,1724,Art,t5_2qlbnu,1730750054.2153149
5,r/CruelWorldFest,1724,Music,t5_2f7w89,1730750054.246649
6,r/EthernityChain,1724,Redefining the future of entertainment with AI. The Ethernity Chain L2 is now live. Powered by $ERN,t5_40uws1,1730750054.267343
7,r/idiotsinspaceships,1724,Like idiots in cars but spaceships.,t5_236i93,1730750054.28635
8,r/JAMstack,1724,"JAMstack - Modern web development architecture based on client-side JavaScript, reusable APIs, and prebuilt Markup.",t5_qfzri,1730750054.305278
9,r/NavarreFlorida,1724,Place,t5_3cqzb,1730750054.3241558
10,r/NoLiveMatters,1724,Mature Themes and Adult Content,t5_7msoc5,1730750054.407093
11,r/Novara_Media,1724,Politics,t5_3geq5,1730750054.4277298
12,r/selfdestructivelogic,1724,"This is a place where you can share the stupid little things that make you want to cut, burn, punch or hurt yourself in any other way. Long posts about significant events such as break ups or abuse do not belong here. If you want to share an more in-depth story about a difficult time you're having head on over to r/selfharm or r/offmychest.",t5_3pmrj,1730750054.479649
13,r/slowresponders,1724,Fitness and Nutrition,t5_bi5qsu,1730750054.499306
14,r/towerclimbers,1724,Careers,t5_2ve19,1730750054.517368
15,r/xencrypto,1724,Crypto,t5_6zqms5,1730750054.535174
16,r/xKaren_Torresx,1724,Karen Torres 😍,t5_ag1pm6,1730750054.554625
17,r/CleanExpansions,1723,r/CleanExpansions: The middleground between r/ExpandDong and r/sbubby,t5_3puzw,1730750054.604311
18,r/ColorPink,1723,Post pictures of things that are the color pink.,t5_31nis,1730750054.623361
19,r/electrolysis,1723,Beauty and Makeup,t5_2v1q3,1730750054.665777
20,r/Gameinformer,1723,Gaming,t5_2usqw,1730750054.685301
21,r/GolfClashClans,1723,This sub is for clan recruitment for Golf Clash.,t5_p35d0,1730750054.7045271
22,r/LexusF,1723,Cars and Motor Vehicles,t5_k061p,1730750054.7237382
23,r/Littlesleepies,1723,Fashion,t5_4xhh99,1730750054.7431529
24,r/Lofree,1723,Technology,t5_6uqc6q,1730750054.762198
25,r/mrbeatgivfreemony,1723,Funny/Humor,t5_3o1b17,1730750054.782635
26,r/Musicbox,1723,Hobbies,t5_2qiv3,1730750054.802369
27,r/MWLL,1723,Gaming,t5_2t0pe,1730750054.8221838
28,r/olympicarchery,1723,"This is a community for Olympic Recurve shooters! This is a place to discuss the great sport of Archery, Olympic dreams, and the trials of competition. All skill and experience levels welcome. All questions about the sport are welcome. Show and tell of equipment and accomplishments is encouraged. Welcome!",t5_311la,1730750054.844678
29,r/rickastley,1723,Music,t5_2r8dt,1730750054.863946
30,r/tailenders,1723,Podcasts and Streamers,t5_o58sy,1730750054.883221
31,r/wurmonline,1723,Gaming,t5_2sne0,1730750054.902294
32,r/3dpixelart,1722,Art,t5_3i0vj,1730750054.922139
33,r/antiurban,1722,A community for those who do not fall for urban and mass transit indoctrination. Share your personal experiences or concerns about urban overpopulation and overdevelopment.,t5_6im4uc,1730750054.943984
34,r/Celebsatingloves,1722,Mature Themes and Adult Content,t5_2wspgg,1730750054.96375
35,r/DeathgripsFeverDreams,1722,"Dreams (ft. Death Grips). This is meant for posts about dreaming and Death Grips. It was created because the experience of having DG appear in dreams is unusually common, particularly for those suffering from a fever (aye aye). Due to the Orwellian moderation in the main DG sub, this is also a refuge for those deemed an enemy of their ‘moderation team’.",t5_f1yjj,1730750054.983219
36,r/ebaysucks,1722,Marketplace and Deals,t5_2tv5i,1730750055.002207
37,r/NeuronsToNirvana,1722,Religion and Spirituality,t5_62z43x,1730750055.020588
38,r/NoeRoa,1722,Comunidad de Morbo de la Tiktoker Noé Roa,t5_93m83j,1730750055.042112
39,r/RoadRacing,1722,Sports,t5_6abdcc,1730750055.060159
40,r/trendingcelebrities,1722,Celebrity,t5_3igdfa,1730750055.078505
41,r/usopencup,1722,Sports,t5_2xlmg,1730750055.09747
42,r/amberrlifts,1721,r/AmberrLifts - For everything about the IG Fitness Influencer & DarcSport Ambassador. (Not personally affiliated with Amber),t5_782i0i,1730750055.116433
43,r/ArkofWar,1721,Gaming,t5_3e7n1,1730750055.134816
44,r/basquecountry,1721,Place,t5_2u3sc,1730750055.152504
45,r/BillEvans,1721,A subreddit to honour and appreciate the jazz pianist Bill Evans.,t5_2qujb,1730750055.170312
46,r/biomebundle,1721,"Biome Bundle is a completely custom world generator containing a huge pack of over 400 original biomes with over 2000 structures including custom trees, rocks, caves, dungeons, villages and much more.",t5_3bepj,1730750055.18798
47,r/Carcano,1721,Mature Themes and Adult Content,t5_2y96jy,1730750055.2058082
48,r/DevastatingRevenge,1721,"Most of the ""Network of Retaliation"" insists on revenge that isn't illegal and isn't so horrifying. I say different! This sub was specifically created for tales of revenge that wouldn't be allowed anywhere else. So go ahead, post the most horrifying revenge that you've ever done!",t5_3b7nj,1730750055.223849
49,r/evillious,1721,Anime,t5_3hl4o,1730750055.24195
50,r/IWaniHugThatGator,1721,Gaming,t5_awhj4g,1730750055.2602282
51,r/liquidstranger,1721,"The unofficial subreddit for all things Liquid Stranger! Stay up to date with the latest news, and discussions for Liquid Stranger.",t5_35hcv,1730750055.301099
52,r/Monarchs,1721,Gaming,t5_2wocf,1730750055.322825
53,r/PhysicalGeography,1721,Science,t5_363we,1730750055.343586
54,r/rainbarrels,1721,"A subreddit for how-tos, FAQs, and creating rainbarrel systems",t5_3mg96,1730750055.365102
55,r/Rebecca_Parziale_,1721,Mature Themes and Adult Content,t5_9c83v7,1730750055.385673
56,r/Renai__Daikou,1721,Anime,t5_87z03z,1730750055.4063091
57,r/StarWarsEclipse,1721,Gaming,t5_5bl6gf,1730750055.427846
58,r/SuperAnimalRoyale,1721,@AnimalRoyale Unoffical Sub,t5_t6cfg,1730750055.44781
59,r/theGirlfromPlainville,1721,"Set to debut March 29, The Girl From Plainville is inspired by the true story of Michelle Carter’s controversial “texting-suicide” case. Based off the Esquire article of the same name by Jesse Barron, the limited series will explore Carter’s (Elle Fanning) relationship with Conrad Roy III (Colton Ryan) and the events that led to his death and, later, her controversial conviction of involuntary manslaughter. Only on Hulu.",t5_5tqjqr,1730750055.4671621
60,r/worldtop,1721,World News,t5_74alqh,1730750055.486277
61,r/ai_tomboy_hentai,1720,Mature Themes and Adult Content,t5_7lh5ac,1730750055.505565
62,r/AlfaRomeoGiulia,1720,Cars and Motor Vehicles,t5_25t8sg,1730750055.524645
63,r/AmazonLunaHub,1720,Gaming,t5_5v250d,1730750055.543906
64,r/AustinFishing,1720,Outdoors and Nature,t5_3i8tj,1730750055.5631459
65,r/GirlTakeThePotatoes,1720,Missed social cues.,t5_77o94y,1730750055.583922
66,r/JocelynZepeda,1720,A Subreddit dedicated to topic JocelynZepeda,t5_3n59r4,1730750055.601838
67,r/NPC,1720,"Hi, Open, but heavily moderated. Post about your favorite NPC's from **GAMES** such as D&D, SkyRim, WoW, ESO, FFXIV, etc.",t5_333f8,1730750055.6196978
68,r/PedalBoardBuilding,1720,Music,t5_32k80,1730750055.638489
69,r/PokemonHomeRooms,1720,Gaming,t5_2fg1g1,1730750055.656354
70,r/Punkt,1720,Technology,t5_t27hp,1730750055.6744242
71,r/slapchopchap,1720,"Business, Economics, and Finance",t5_2s5t6u,1730750055.692448
72,r/ukaccounting,1720,"Business, Economics, and Finance",t5_2y8ol,1730750055.710258
73,r/Belas_caminhoneiras,1719,🚫Proibido venda de conteúdo 🚫,t5_9r13xv,1730750055.727954
74,r/commentsleftopen,1719,"We collect promoted posts where the comments are left open. Sometimes, hilarity ensues",t5_7z2jae,1730750055.7458591
75,r/coverart,1719,Art,t5_2u5qt,1730750055.763642
76,r/crabgame,1719,Gaming,t5_599l4z,1730750055.781517
77,r/gifsyoucanfeel,1719,A sub for gifs that make you cringe in others' pain.,t5_hhsyl,1730750055.7994828
78,r/glofish,1719,Animals and Pets,t5_31sbc,1730750055.817604
79,r/jenpsaki,1719,"34th White House Press Secretary. Currently the host of ""Inside Jen Psaki"" on MSNBC, Sundays at 12 PM.",t5_3r99yi,1730750055.836235
80,r/Memphisology,1719,Music,t5_43ibgk,1730750055.854999
81,r/Neha_Sharma,1719,Celebrity,t5_4v869i,1730750055.8731132
82,r/PikachuMemes,1719,Internet Culture and Memes,t5_q4cpd,1730750055.891196
83,r/PoeticThesaurus,1719,Ethics and Philosophy,t5_5annq3,1730750055.908948
84,r/SedonaPrinceSnark,1719,Celebrity,t5_6t3bmu,1730750055.927281
85,r/SimoneAshleyP,1719,Celebrity,t5_4rjtz3,1730750055.945167
86,r/vrtlarenje,1719,Home and Garden,t5_82u6ly,1730750055.9637911
87,r/Apocalympics2020,1718,This is the subreddit of the darker side of the Tokyo 2020 Olympic Games.,t5_3fdjm,1730750055.981861
88,r/Assassins_creed,1718,Gaming,t5_2ut25,1730750056.0001369
89,r/Beaverknight,1718,Gaming,t5_32k8a,1730750056.020204
90,r/BobHickman,1718,Internet Culture and Memes,t5_k1ejb,1730750056.0385668
91,r/Boeing747s,1718,Cars and Motor Vehicles,t5_izq6i,1730750056.057517
92,r/Booptroop,1718,For all things RobertIDK Related.,t5_4btwct,1730750056.0761201
93,r/call_of_antia,1718,Gaming,t5_5a5moq,1730750056.094707
94,r/ChristinaHendricks18,1718,"The new server dedicated to Christina Hendricks, after the last one fell apart",t5_7ysqj6,1730750056.114506
95,r/DeathPact,1718,Music,t5_2zhsq,1730750056.1329129
96,r/FinalDraftResumes,1718,Careers,t5_4pq6ii,1730750056.151119
97,r/freefireIndia,1718,Gaming,t5_2ick0s,1730750056.169848
98,r/layloolaaaaaa,1718,Welcome to layloolaaaaaa,t5_9xmdcl,1730750056.18767
99,r/M60M60M60,1718,"M60s, Magachs, M60Ts, CM-11s, and any other variant you could imagine.",t5_6ymce0,1730750056.205499
100,r/MyEx,1718,Family and Relationships,t5_321ol,1730750056.223519
101,r/nichezero,1718,Food and Drink,t5_2moh8d,1730750056.24125
102,r/permaculturevideos,1718,"A collective playlist of permaculture, gardening, microfarming, and homesteading videos. Videos only. For discussions, please go to /r/permaculture, /r/permies, /r/gardening, /r/homestead",t5_3bfkd,1730750056.259488
103,r/plantednanotanks,1718,Post about fishes and such,t5_2hntxb,1730750056.277573
104,r/plumbingfails,1718,Crafts and DIY,t5_25pjog,1730750056.295208
105,r/PortalMaps,1718,Gaming,t5_2sj0t,1730750056.31275
106,r/SadlyNecessary,1718,A subreddit for pictures of signs and/or instructions that make you question why it's necessary to have the sign in the first place. How low can our society go?,t5_2g7ahp,1730750056.3303611
107,r/vintagetech,1718,Technology,t5_2uxgk,1730750056.348043
108,r/WarhammerConversion,1718,Hobbies,t5_4ot434,1730750056.36587
109,r/cherlloyd,1717,Subreddit about British singer Cher Lloyd,t5_2uz28,1730750056.384427
110,r/COclimbing,1717,Sports,t5_2u9jw,1730750056.403797
111,r/cupraborn,1717,Cars and Motor Vehicles,t5_52jfz3,1730750056.423659
112,r/etd,1717,Medical and Mental Health,t5_2rrr6,1730750056.4445271
113,r/litematica,1717,Gaming,t5_3a2mse,1730750056.4658391
114,r/Normapalafox_2022,1717,Norma Palafox 2023,t5_6y254n,1730750056.487442
115,r/Nugz,1717,Mature Themes and Adult Content,t5_b05ep5,1730750056.508655
116,r/officialpikamoon,1717,Crypto,t5_andmxj,1730750056.529871
117,r/PeakCONCACAF,1717,Sports,t5_6j0w63,1730750056.549759
118,r/peria,1717,Peria Chronicles Online subreddit!,t5_2z3fn,1730750056.570494
119,r/simpleplan,1717,Music,t5_2um1c,1730750056.592139
120,r/vancouverdating,1717,Welcome to vancouverdating,t5_2tctd,1730750056.6124392
121,r/zerotrust,1717,A subreddit for cybersecurity and DevOps experts to learn and exchange knowledge about zero trust networking and architecture.,t5_293bm6,1730750056.633225
122,r/aiken,1716,Place,t5_2r3mr,1730750056.654576
123,r/anxietyeveryloop,1716,anxietyeveryloop. It only gets worse,t5_jp2mq,1730750056.676416
124,r/Cristinysam,1716,Welcome to Cristinysam,t5_6myu8g,1730750056.698167
125,r/CrossDuel,1716,Gaming,t5_4s7w0d,1730750056.717045
126,r/CuteAnimalFluffFluffs,1716,Animals and Pets,t5_nlxzg,1730750056.737138
127,r/datarecoverysoftware,1716,Technology,t5_3l3ml,1730750056.757442
128,r/distance,1716,Gaming,t5_2vjek,1730750056.778469
129,r/electionfraud,1716,Welcome to electionfraud,t5_2tmtj,1730750056.799891
130,r/forgottenpowerade,1716,Pictures of stuff forgotten or left outside,t5_7v21hj,1730750056.821065
131,r/marketingagency,1716,"A promotion-free community for marketing agency owners (and aspiring marketers) to talk, ask, help, etc. No sales, no nonsense.",t5_345a5,1730750056.842598
132,r/NFLRedzone,1716,Welcome to NFLRedzone,t5_34c6e,1730750056.864483
133,r/probablybadrpgideas,1716,Tabletop Games,t5_354tm2,1730750056.884827
134,r/SheikMains,1716,Gaming,t5_38jyi,1730750056.905517
135,r/StarshipEVO,1716,Gaming,t5_2lbpj5,1730750056.928191
136,r/ThingsThatAreBadass,1716,"A place for all things badass, awesome, cool, etc.",t5_2vqbz,1730750056.953923
137,r/weightliftingmemes,1716,Sub to post Weightlifting memes,t5_v0lo3,1730750056.9750881
138,r/assassinscreed3,1715,Gaming,t5_2t1k1,1730750056.993429
139,r/chrispratt,1715,Celebrity,t5_32leo,1730750057.013727
140,r/dprian,1715,Music,t5_7e7dqs,1730750057.3051
141,r/LIRR,1715,Cars and Motor Vehicles,t5_2vpur,1730750057.327122
142,r/nakedtree,1715,Indie porn for all,t5_79li4r,1730750057.3460212
143,r/Race_Realism,1715,Sports,t5_2sdz9,1730750057.36517
144,r/azsiaexpress,1714,Television,t5_76o5xs,1730750057.384038
145,r/ChristianBooks,1714,Welcome to ChristianBooks,t5_2tj6z,1730750057.412626
146,r/CommunityOfChrist,1714,Religion and Spirituality,t5_2uzrz,1730750057.431659
147,r/eyMaxo,1714,Funny/Humor,t5_46x4mv,1730750057.451633
148,r/feedme,1714,Music,t5_2slzg,1730750057.47046
149,r/FirstWorldSolutions,1714,A place to share ridiculously fancy solutions to problems.,t5_2seuq,1730750057.489366
150,r/FriendlyAsheville,1714,Family and Relationships,t5_81830f,1730750057.5626812
151,r/iamverysmarter,1714,"A subreddit for very smart people on /r/iamverysmart Please don't try to act smart, or I'll have to create /r/iamtheverysmartest. **Don't let it happen.** ^^^^^^. ^^^^^^. ^^^^^^. ^^^^^^. It happened....",t5_3an7j,1730750057.581673
152,r/Illegallysmallcats,1714,Small cat,t5_2chj1s,1730750057.609865
153,r/LabOfLegends,1714,Gaming,t5_4ls1au,1730750057.629453
154,r/maybeinteractive,1714,Gaming,t5_2v7byu,1730750057.649151
155,r/MissmiafitHub,1714,Welcome to MissmiafitHub,t5_b9u6hv,1730750057.6690261
156,r/ohioforsanders,1714,"r/OhioForSanders is a grassroots volunteer-led online hub designed to raise support in Ohio for Senator Bernie Sanders 2020 campaign for President of the United States and to highlight Our Revolution, and progressive policy.",t5_380xe,1730750057.6897438
157,r/PandoraCollectors,1714,Fashion,t5_70cxnv,1730750057.7110631
158,r/PsychIRL,1714,"We gather knowledge about people and apply psychology to the world. Feel free to foster positive interactions, post questions about influence, and comment on your own life observations and experiences.",t5_3bkep,1730750057.732269
159,r/singularityrevenge,1714,"This is the pettiest of the petty. A whole new level of revenge. Death, destruction, all entails in the raw pursuit of revenge at it highest. An eye for a life.",t5_ycofi,1730750057.7528162
160,r/unexpectedracism,1714,"Culture, Race, and Ethnicity",t5_30ie9,1730750057.774146
161,r/balegang,1713,Gaming,t5_2l3rzs,1730750057.795902
162,r/Bulk,1713,Fitness and Nutrition,t5_2s0ba,1730750057.8175519
163,r/coinrings,1713,Crafts and DIY,t5_31uqx,1730750057.8386729
164,r/ElPrimoGang,1713,Gaming,t5_wbhos,1730750057.85984
165,r/fanpagesophieeoneill,1713,Worshipping the goddess Sophie Oneill,t5_7awwjf,1730750057.88195
166,r/ForexPriceAction,1713,"Trading Forex doesn't have to be complicated. In fact, it's best to keep things as simple as possible. That's why price action trading was a great fit for me and is becoming more popular every day. This community exists to discuss Forex price action trading to include, price action strategies, key market levels, trade setups or anything else related to price action trading. Feel free to join the conversation!",t5_31sc6,1730750057.904028
167,r/iconasty,1713,Music,t5_10aij3,1730750057.926642
168,r/indiefilms,1713,Movies,t5_3a4nm,1730750057.948692
169,r/KyrieIrving,1713,Celebrity,t5_2y8ac,1730750057.972256
170,r/MuscleParty,1713,Podcasts and Streamers,t5_2g2o2h,1730750057.996947
171,r/Shaila_Gatta,1713,Celebrity,t5_6yqtjs,1730750058.018742
172,r/sigmafp,1713,Technology,t5_27zx0z,1730750058.0399418
173,r/SmallStreams,1713,Podcasts and Streamers,t5_3j272,1730750058.061329
174,r/Applesilicon,1712,Technology,t5_2sdqel,1730750058.0823271
175,r/BeardedDragonHelp,1712,Animals and Pets,t5_2q2fcv,1730750058.104479
176,r/boombeachfrontlines,1712,Gaming,t5_3elvbi,1730750058.125758
177,r/finalfantasy11,1712,Gaming,t5_51iihm,1730750058.147997
178,r/FloggingMolly,1712,Music,t5_2vlk9,1730750058.168437
179,r/happyplants,1712,Home and Garden,t5_7q9zo7,1730750058.1892538
180,r/hardrockbets,1712,Mature Themes and Adult Content,t5_9wox6m,1730750058.210092
181,r/jordan_herseyy,1712,Subreddit for Jordan hersey Official discord: https://discord.gg/3RaR9a5S,t5_7sl0bw,1730750058.231136
182,r/marathimovies,1712,Movies,t5_32b0o,1730750058.2525172
183,r/morbidology,1712,Podcasts and Streamers,t5_ggc3w,1730750058.273794
184,r/oceangrunge,1712,"Oceangrunge is an electronic music genre that has emerged in 2014, influenced by early vaporwave, drone, grunge and nu-metal. Although still open to interpretation, it is said to be a reflection of the godlessness and hopelessness of contemporary western society. The vastness of the ocean serves as both a metaphor to allude to this concept, as well as alluding to the breadth of the dissonant droning sound of the music itself. Notable artists include SEA OF DOGS and POSEIDON IN CHAINS.",t5_32zbn,1730750058.2950668
185,r/PoojaHegdeDarling,1712,Celebrity,t5_5unubo,1730750058.315746
186,r/RedditInTheNews,1712,"Redditors can't deny that they are fascinated with how the site is doing in terms of the top sites in the world. And part of monitoring that is watching how various news organizations see Reddit. This subreddit is a clearinghouse for articles in the news and magazines that mention reddit, for good or bad.",t5_2v5ux,1730750058.335029
187,r/simonandgarfunkel,1712,Music,t5_2twse,1730750058.354156
188,r/USAJOBShelp,1712,"This community was created by a career FED to provide dialog and support for those seeking to enter federal service, those who are already serving, those who are seeking to re-enter the service, or those seeking information to decide whether federal service is for them or not. Once you join the community please chose a user flair to describe where you are in the federal job process (Permanent FED, TEMP Apt, TERM APT etc.). Welcome and we are happy you are interested in working for America 🇺🇸!",t5_8dth4o,1730750058.374035
189,r/wanderhome,1712,Tabletop Games,t5_3055m1,1730750058.393127
190,r/ClassicTrek,1711,Television,t5_97ghsl,1730750058.4119942
191,r/DeeDevlin,1711,Mature Themes and Adult Content,t5_33ilbc,1730750058.43127
192,r/FibonacciGore,1711,Funny/Humor,t5_350de1,1730750058.450148
193,r/HousePanther,1711,Animals and Pets,t5_wld50,1730750058.470504
194,r/karen_fukuhara,1711,Celebrity,t5_2vqbuc,1730750058.489994
195,r/supporters,1711,Welcome to supporters,t5_2t7dy,1730750058.50996
196,r/thorium,1711,Science,t5_2rg7v,1730750058.528529
197,r/3rdArt,1710,Mature Themes and Adult Content,t5_8vmha8,1730750058.547338
198,r/endzone,1710,Gaming,t5_25abqf,1730750058.566684
199,r/greyeminence,1710,Gaming,t5_2jem4c,1730750058.58549
200,r/KFC_Gang,1710,"Subreddit for fanart/memes/discussion/whatever about Kris, Frisk and Chara.",t5_2oan84,1730750058.604129
201,r/Killua,1710,Anime,t5_2w60v,1730750058.6228092
202,r/novelupdates,1710,"Reading, Writing, and Literature",t5_39q2q,1730750058.641624
203,r/Patlabor,1710,Anime,t5_2tskv,1730750058.66056
204,r/summrino,1710,Music,t5_77iq36,1730750058.6792629
205,r/TwinklyLights,1710,Home and Garden,t5_3j3pdb,1730750058.698093
206,r/ZeldaFanFiction,1710,"Reading, Writing, and Literature",t5_35jkb,1730750058.717238
207,r/CampFlogGnawBST,1709,Marketplace and Deals,t5_8immjh,1730750058.736049
208,r/ETCbets,1709,Crypto,t5_4eu4er,1730750058.7550058
209,r/HouseOfTheDragonTR,1709,Television,t5_6ydhfr,1730750058.774442
210,r/InfrastructureGore,1709,"This subreddit is exclusively for pictures or news of infrastructure that is falling down or failing. Roads, railways, tunnels and bridges. If it's decrepit, dying or debilitated infrastructure then post about it here.",t5_3cplb,1730750058.79317
211,r/Lindseystirlingopen,1709,Music,t5_2bk93t,1730750058.8131032
212,r/OppositionalDefiant,1709,Learning and Education,t5_3yvvz9,1730750058.8319712
213,r/PHSapphics,1709,Gender,t5_c8pmw2,1730750058.851081
214,r/Postboxes,1709,Art,t5_23kzz3,1730750058.869118
215,r/SpyTech,1709,A place to read about and discuss different types of spy gadgets and spy tech.,t5_qwxl1,1730750058.8891578
216,r/asciiart,1708,Art,t5_2qki7,1730750058.909744
217,r/CallofDutyMWIII,1708,Gaming,t5_91z3ay,1730750058.93202
218,r/CleanCubensis,1708,Hobbies,t5_7jvv8t,1730750058.953217
219,r/DarkUniverse,1708,"Welcome to a r/DarkUniverse, a New World of Gods and Monsters. This subreddit is dedicated to discussing Universal Pictures's Dark Universe, the shared universe of monster films produced by Universal Pictures, which currently includes The Mummy (2017) and Bride of Frankenstein (2019), and the classic Universal monster films that the new film universe is based on.",t5_3l2ml,1730750058.975424
220,r/DesertEagle,1708,Mature Themes and Adult Content,t5_32v0j,1730750058.9972181
221,r/expos,1708,Sports,t5_2t28s,1730750059.017596
222,r/indianapolismusic,1708,Music,t5_3y13gt,1730750059.0383549
223,r/laybank,1708,Welcome to laybank,t5_8308v0,1730750059.0593631
224,r/ssh,1708,Programming,t5_2rkg8,1730750059.080888
225,r/Starliner,1708,Science,t5_vr5hj,1730750059.101856
226,r/theletterR,1708,R,t5_2wmyv,1730750059.122846
227,r/UK420_,1708,Hobbies,t5_4zho7s,1730750059.1446102
228,r/WifiPineapple,1708,Technology,t5_2x3lq,1730750059.1654882
229,r/BoyfriendDungeon,1707,Gaming,t5_2a6fnz,1730750059.186004
230,r/cadyebssnark,1707,What do you think of Catherine Ebs?,t5_8vxn8j,1730750059.207134
231,r/constructionsim,1707,Gaming,t5_6ksaut,1730750059.22948
232,r/countdown_to_burger,1707,"If you’re here from my move-out post from /entitledparents, hi!! I have successfully escaped, gotten my burger, and am currently living my best life. This is a collection of post updates and also general life updates, there are so many that I made a subreddit so those poor mods can rest lol. Go grab yourself a burger and enjoy your stay! Also, just have fun and post whatever you want. This place is for the homies now! 🪱🍔",t5_88vw6u,1730750059.2512991
233,r/cscoop,1707,Podcasts and Streamers,t5_2zxf6,1730750059.2729
234,r/environmentallaw,1707,Law,t5_2yj0w,1730750059.2945988
235,r/Famosas_Colombia,1707,"¡Bienvenidos a ""Famosas Colombiana""! En este canal, exploraremos la vida y logros de las mujeres más destacadas de Colombia. Desde talentosas actrices, cantantes y emprendedoras exitosas, descubriremos cómo estas mujeres han dejado huella en la historia de Colombia y el mundo. Acompáñanos en un emocionante viaje.",t5_98p0kd,1730750059.3150961
236,r/FraminghamMA,1707,Place,t5_2vv7n,1730750059.3352761
237,r/HotAirBallooning,1707,Hobbies,t5_2vmhm,1730750059.3548539
238,r/hubchargen,1707,Gaming,t5_35llh,1730750059.374989
239,r/Learn_Finnish,1707,Learning and Education,t5_8lvkfi,1730750059.394849
240,r/LumixS5,1707,Technology,t5_32zm84,1730750059.4145799
241,r/MHGen,1707,Gaming,t5_3czb3,1730750059.435272
242,r/multitrampling,1707,Sports,t5_4sfj5m,1730750059.454447
243,r/OWBEnclave,1707,Gaming,t5_6c6nmd,1730750059.4737291
244,r/RKRoyalKludge,1707,Technology,t5_4x1n1a,1730750059.494978
245,r/5thGenRams,1706,Cars and Motor Vehicles,t5_k8t42,1730750059.5149992
246,r/animalhaters,1706,Activism,t5_btepvg,1730750059.535012
247,r/ChooChoo21,1706,Animals and Pets,t5_5749xl,1730750059.554674
248,r/ClawsTV,1706,Television,t5_3lkvx,1730750059.573489
249,r/esolangs,1706,Welcome to esolangs,t5_2qilq,1730750059.5923588
