,subreddit,subscribers,topic,subreddit_id,scraped_utc
0,r/greatwolflodge,1706,Travel,t5_36a3e,1730750075.114196
1,r/iOS17Beta_2023,1706,Technology,t5_4klg8n,1730750075.141143
2,r/MastersFCCommunity,1706,Sports,t5_2mygpx,1730750075.160056
3,r/Miracleofsound,1706,Welcome to Miracleofsound,t5_2vfxt,1730750075.179743
4,r/paintbynumberkit,1706,Art,t5_2h5sm5,1730750075.19899
5,r/PhoneUnlocks,1706,Technology,t5_2gxhkt,1730750075.23106
6,r/Slim_Fit_or_Thick,1706,A repository of Beauty,t5_2ah8mv,1730750075.252722
7,r/vrmmo,1706,Gaming,t5_31io9,1730750075.2740428
8,r/AllMartialArts,1705,Sports,t5_2dcy4i,1730750075.296803
9,r/AndrewCamarata,1705,Podcasts and Streamers,t5_skpbx,1730750075.318251
10,r/Antonella_Fiordelisi,1705,Pagina dedicata alla FAVOLOSA Antonella Fiordelisi. Qui vengono pubblicati i suoi migliori contenuti.,t5_6q992r,1730750075.449219
11,r/arte,1705,Anime,t5_2r6dk,1730750075.470626
12,r/ATPfm,1705,Podcasts and Streamers,t5_367oh,1730750075.519273
13,r/BachelorCocktailParty,1705,Television,t5_4ay3x7,1730750075.5419352
14,r/CannabisCoin420,1705,Crypto,t5_5dfaww,1730750075.56361
15,r/didntgetaswitch,1705,Gaming,t5_tf7l1,1730750075.585365
16,r/factorio_irl,1705,factorio memes in real life,t5_3l8js,1730750075.6066298
17,r/feetqueengirls,1705,A place for all feet queens of reddit! All posts on here are about feet.,t5_8xl8u2,1730750075.6288042
18,r/HEXmemes,1705,Funny/Humor,t5_yiaie,1730750075.650773
19,r/KachinaMains,1705,Gaming,t5_bw5e0v,1730750075.6723359
20,r/minecraftyoutubers,1705,Gaming,t5_2v5pb,1730750075.69489
21,r/ometv,1705,Technology,t5_iq52v,1730750075.7168589
22,r/rangeroversport,1705,Cars and Motor Vehicles,t5_369vf,1730750075.738855
23,r/Rarespos,1705,Sports,t5_bvcc8,1730750075.7596958
24,r/SnotGirl,1705,"Reading, Writing, and Literature",t5_3fac1,1730750075.780863
25,r/Solitaria,1705,"Mert Günhan'ın yarattığı Solitaria evreninde geçen multimedya projelerinin subredditidir. Solitaria'nın Son Uçuşu - MIDLAND DESTANI Twitch'te Dungeons and Dragons 5E sistemi ile 15 bölüm oynanan bir masaüstü rol yapma oyunudur. Twitch Türkiye kapsamında oynanmış en çok izlenen DnD oyunu / yayını olup, DnD Beyond tarafından resmi olarak desteklenmiştir. Solitaria Günlükleri - GABRANTH Mert Günhan'ın yazdığı, Spotify'da haftalık yayınlanan bir podcast dramasıdır.",t5_23gckl,1730750075.802877
26,r/Szczecin,1705,Place,t5_2ssvo,1730750075.825351
27,r/Taapsee_Pannu,1705,Celebrity,t5_5gow17,1730750075.848421
28,r/BattlefrontClassic,1704,Gaming,t5_avwpc9,1730750075.8693278
29,r/Bohemian,1704,A chill and accepting sub to share modern bohemian style in your lifestyle and outlook.,t5_35sz3,1730750075.890352
30,r/CordeliaCouncil,1704,Gaming,t5_mmyax,1730750075.911346
31,r/creators,1704,"Business, Economics, and Finance",t5_2ro3z,1730750075.932477
32,r/Escooters,1704,Technology,t5_l6rcw,1730750075.9543371
33,r/existentialcrisiscats,1704,"A place to post your cats in existential crisis. While we encourage you to post two or more cats in shared crisis, a solo forlorn feline is just fine.",t5_9nvij9,1730750075.976706
34,r/FemboysHelpingFemboys,1704,"Welcome to r/FemboysHelpingFemboys, this subreddit is for people who are new to being a femboy or are questioning if they are one, so they can ask questions and get advice from other femboys, NSFW/18+ questions are allowed if they are properly labeled, NO NSFW PICS ALLOWED. Keep this community safe for everyone 🏳️‍🌈",t5_8i21e1,1730750075.998674
35,r/getmural,1704,We make software to help you make visual stories https://www.getmural.io/,t5_lfhn7,1730750076.02062
36,r/highlandcattle,1704,Animals and Pets,t5_3bnth,1730750076.043238
37,r/InuYashaSeries,1704,Anime,t5_11hkzi,1730750076.065161
38,r/loryez,1704,Podcasts and Streamers,t5_6xhgie,1730750076.086805
39,r/OFHERBSANDALTARS,1704,Celebrity,t5_4o5exo,1730750076.108875
40,r/PETKIT,1704,Animals and Pets,t5_3jir66,1730750076.130452
41,r/RealVRFishing,1704,Gaming,t5_2m66le,1730750076.1538718
42,r/rFactor,1704,Gaming,t5_2qvh0,1730750076.1748962
43,r/TheLemonTwigs,1704,Music,t5_3gzqj,1730750076.196788
44,r/UntaggedBeats,1704,Music,t5_py4hn,1730750076.2181919
45,r/AmazonWarehouse,1703,This subreddit is for all Amazon warehouse workers.,t5_1fztwk,1730750076.238987
46,r/AMCMOONPARTY,1703,AMC MOON PARTY Welcome to AMC MOON PARTY Welcome to AMC Moon Party a place where apes can hang out with one another with out the fears of a tyrant suppressing views or post. Twitter is doomed at this point. ALL APES WELCOME HERE.,t5_49p5ij,1730750076.2615302
47,r/brigador,1703,Gaming,t5_30zz0,1730750076.2830322
48,r/Brittanyjadesnark2,1703,"We’re here to snark about BrittanyJade and mutuals, if you’re a supporter probably not your place.",t5_76qsxa,1730750076.3041978
49,r/ChelseaWolfe,1703,Music,t5_3816c,1730750076.325362
50,r/dprk,1703,Politics,t5_2rpt0,1730750076.345462
51,r/GeorgianCollege,1703,Learning and Education,t5_36xrb,1730750076.365955
52,r/KissAsian,1703,Television,t5_3b02r,1730750076.385827
53,r/PaperReddit,1703,"Grab a pen or marker and join the conversation! use a notepad, newspaper, napkin or even your arm. we're not picky :) Happy Writing, and Stay Papery!",t5_37n0d,1730750076.406759
54,r/RealDMZ,1703,Gaming,t5_7wq68i,1730750076.42733
55,r/russianthingsonfire,1703,Things. That are Russian. And also on fire.,t5_79wael,1730750076.4476302
56,r/SecOpsDaily,1703,Technology,t5_3wne3d,1730750076.467038
57,r/stippling,1703,Art,t5_38xx0,1730750076.487147
58,r/SuchaDadThing,1703,Dad's doing dad things.,t5_hqgst,1730750076.5076602
59,r/suddenchaos,1703,"And suddenly, somehow... there was chaos",t5_2b6u9m,1730750076.528192
60,r/TheMongrelPunt,1703,Sports,t5_3zbvhz,1730750076.549421
61,r/UKG_Production_Hub,1703,Music,t5_6op52i,1730750076.569327
62,r/Victoria3leaks,1703,Gaming,t5_67hy3d,1730750076.59083
63,r/WatchShots,1703,Hobbies,t5_2wdfeb,1730750076.6107469
64,r/XiaoZhanWorld,1703,Celebrity,t5_2uzknr,1730750076.630826
65,r/XTale,1703,Music,t5_1bc2sr,1730750076.650645
66,r/ameinavan,1702,Podcasts and Streamers,t5_6rkn80,1730750076.672055
67,r/BangladeshEconomics,1702,"Business, Economics, and Finance",t5_4jlas3,1730750076.6923032
68,r/Bestagons,1702,Funny/Humor,t5_3d2jyo,1730750076.7137952
69,r/Dota2Memes,1702,Internet Culture and Memes,t5_2tffl,1730750076.7349088
70,r/Farlight84,1702,Gaming,t5_3h87vs,1730750076.7550468
71,r/massawakening,1702,Welcome to massawakening,t5_51134z,1730750076.776664
72,r/okbuddysabaton,1702,Celebrity,t5_2h5qfx,1730750076.7980218
73,r/PS4Smite,1702,"A place to talk about Smite the game on PS4. Join millions of players in Smite, the online battleground of the gods. Whether this is your first Multiplayer Online Battle Arena (MOBA) game or you're a seasoned veteran, the competitive action and irreverent mythology of SMITE will make you a believer.",t5_3f9tb,1730750076.819582
74,r/rnbvinyl,1702,Music,t5_232pgs,1730750076.841055
75,r/warlordgames,1702,Gaming,t5_3bs8u,1730750076.862058
76,r/washiaddict,1702,Art,t5_368i06,1730750076.882973
77,r/WowClassicDruid,1702,Gaming,t5_3psxf,1730750076.901331
78,r/ZealAndArdor,1702,Music,t5_3j8vz,1730750076.919316
79,r/BeastGames,1701,Podcasts and Streamers,t5_b1czf1,1730750076.93732
80,r/Hypocrisy,1701,A place to call out hypocrites and all sorts of hypocrisy- limited politics.,t5_2s2mr,1730750076.95566
81,r/KingdomMaker,1701,Gaming,t5_gtft0,1730750076.974431
82,r/LivlyIsland,1701,Gaming,t5_5xt5zs,1730750076.992979
83,r/philosophyself,1701,Self posts on philosophy go here.,t5_32n7s,1730750077.0120478
84,r/revoltchat,1701,Technology,t5_2kfpcl,1730750077.031156
85,r/snark_MtnDew_lyfe,1701,Celebrity,t5_7vatta,1730750077.04963
86,r/UtahHockey,1701,Sports,t5_bc4zsu,1730750077.067635
87,r/boykisserADULT,1700,Internet Culture and Memes,t5_c0d15u,1730750077.08607
88,r/Emergency_Food,1700,Art,t5_37mnas,1730750077.105029
89,r/ImDoneWithCovid,1700,Medical and Mental Health,t5_5qjtgz,1730750077.124021
90,r/jasonmolina,1700,Music,t5_3d2bo,1730750077.142036
91,r/OF_dulcesoltero,1700,Mature Themes and Adult Content,t5_9o8wbc,1730750077.160793
92,r/reelbigfish,1700,"Business, Economics, and Finance",t5_2trpq,1730750077.179255
93,r/TekTopia,1700,Gaming,t5_1201rz,1730750077.19805
94,r/anima,1699,Tabletop Games,t5_2tdon,1730750077.21587
95,r/AreYouBoredToo,1699,Let’s be bored together! Share your boring experience at the moment or just post something to watch while been bored⚡️,t5_6r6oec,1730750077.233855
96,r/CanadaPostCorp,1699,"Business, Economics, and Finance",t5_2u1ezn,1730750077.2514932
97,r/ContaminationOCD,1699,Medical and Mental Health,t5_2f5fe1,1730750077.2706969
98,r/DZPD,1699,"The Dark Zone Police Department is here to offer help to the players of The Division game by Ubisoft Massive... ""Always Help, Never Stop Fighting""",t5_3e3tm,1730750077.288207
99,r/EvieFrye,1699,Gaming,t5_3b0dt8,1730750077.3059368
100,r/HackEx,1699,Gaming,t5_2znpk,1730750077.323935
101,r/HairStylistTribe,1699,Beauty and Makeup,t5_2a0t7n,1730750077.3415098
102,r/IndigenousCanada,1699,"A place to share Indigenous content relevant to Canadians. Indigenous news, happenings, culture, politics, arts, community, etc. World wide Indigenous (First Nations, Inuit, Metis, etc.) content welcome! Respect and honesty expected by all posters.",t5_zx4ai,1730750077.359832
103,r/Informedgunowners,1699,Mature Themes and Adult Content,t5_31340i,1730750077.378592
104,r/iReadEveryDay,1699,"Reading, Writing, and Literature",t5_u1py5,1730750077.397734
105,r/KettlebellSport,1699,A community for anyone involved with or interested in Kettlebell/Girevoy sport!,t5_32la8,1730750077.415593
106,r/KineMaster,1699,Technology,t5_3ourh,1730750077.4337978
107,r/maiphammy,1699,Celebrity,t5_6e0f1a,1730750077.451875
108,r/mascots,1699,Hobbies,t5_2wg7k,1730750077.469687
109,r/meemit,1699,Internet Culture and Memes,t5_ko37q,1730750077.488157
110,r/melahomies,1699,Medical and Mental Health,t5_5bsphb,1730750077.506691
111,r/memulous,1699,Internet Culture and Memes,t5_148nyu,1730750077.525634
112,r/Milla_Jovovich,1699,Subreddit dedicated to Milla Jovovich,t5_6brreu,1730750077.5441139
113,r/nerdpokerpodcast,1699,Podcasts and Streamers,t5_2vvlu,1730750077.562739
114,r/Phillyriders,1699,Cars and Motor Vehicles,t5_2u9ni,1730750077.5812721
115,r/RussianFootball,1699,Sports,t5_3l0q6,1730750077.5990112
116,r/seapunk,1699,Welcome to seapunk,t5_2t6gb,1730750077.616596
117,r/SENPAI_IS_BESTPAI,1699,Gaming,t5_3x4iso,1730750077.634488
118,r/snapchatspamgroup,1699,"Find and join active Snapchat group chats with others in the community. Whether you're looking to meet new friends or lurk interesting conversations, this is the place to connect and spread some good vibes. Smash that join button to discover lit SNAP GCs and positive people!",t5_81xp41,1730750077.65255
119,r/thriveandgrow,1699,Ethics and Philosophy,t5_bvvv8k,1730750077.671284
120,r/Z3R0_ai,1699,"Welcome to the realm of algorithmic beauty. Where we will explore how we can convert bits into magnificent art through the fusion of technology and imagination, one bit-stroke per clock cycle.",t5_bckr1x,1730750077.690221
121,r/CollectingDragonBall,1698,Hobbies,t5_13ot0t,1730750077.709322
122,r/CrowdSec,1698,Technology,t5_2tjab5,1730750077.7307148
123,r/NUCLabs,1698,Technology,t5_2447kc,1730750077.7507882
124,r/SDGundamBattleA,1698,Gaming,t5_6xesmb,1730750077.7724538
125,r/TAFE,1698,Learning and Education,t5_3ceuj,1730750077.7928069
126,r/TheBassHaven,1698,"A haven for people who love BASS MUSIC to share and discuss what you’re listening to, but more importantly, a place for those that want to do and bring GOOD into your communities",t5_2tt56h,1730750077.814938
127,r/TheSerpentQueen,1698,Television,t5_70tiyt,1730750077.8362508
128,r/AntiJoJokes,1697,Like r/antimeme but for JoJo. This subreddit was made so that r/standhurtingjuice mods could lift the antimeme rule.,t5_23mdbs,1730750077.8570082
129,r/Benee,1697,Music,t5_11ro37,1730750077.87836
130,r/eitm,1697,Podcasts and Streamers,t5_2zozm,1730750077.8982139
131,r/GROWLR,1697,Technology,t5_39bg0,1730750077.919404
132,r/HeliumOne,1697,"Business, Economics, and Finance",t5_3z5dia,1730750077.939803
133,r/HowBigAreThey,1697,Internet Culture and Memes,t5_9u1beb,1730750077.960784
134,r/intermediate_sewing,1697,Crafts and DIY,t5_3w8l12,1730750077.9809742
135,r/LookismAnime,1697,Anime,t5_73ey4t,1730750078.000642
136,r/mildlyirritating,1697,Funny/Humor,t5_2v8k5,1730750078.020749
137,r/OrlandoApollos,1697,The official reddit community for fans of the AAF's Orlando Apollos football team.,t5_otffr,1730750078.040961
138,r/RepDesignersQC,1697,Fashion,t5_a98wns,1730750078.06174
139,r/Rhodytree,1697,Mature Themes and Adult Content,t5_7tc9b8,1730750078.083067
140,r/TealSwan,1697,Teal Swan aka Spiritual Catalyst,t5_2zq9w,1730750078.106194
141,r/Tomlinisms,1697,Sports,t5_3adzj7,1730750078.127103
142,r/ToveriLapset,1697,Funny/Humor,t5_3opqd,1730750078.148323
143,r/Veterents,1697,Military,t5_2tl43,1730750078.1690838
144,r/Archway,1696,Crypto,t5_5rpyco,1730750078.190624
145,r/Ciencia_Ficcion,1696,Welcome to Ciencia_Ficcion,t5_2rf14,1730750078.210572
146,r/civfanatics,1696,Gaming,t5_2sls8,1730750078.231489
147,r/CTFlearners,1696,A group of people people who want to understand computers more and compete in challenges,t5_3iywc,1730750078.252817
148,r/ExposingHeightism,1696,Heightism is everywhere. This subreddit aims to expose it. Feel free to add your own examples and spread awareness.,t5_9i27ep,1730750078.2733078
149,r/FreerCompliments,1696,Medical and Mental Health,t5_90wman,1730750078.2933671
150,r/MyHeroesSEA,1696,Gaming,t5_3ivxdx,1730750078.3137128
151,r/thefunctioningaddict,1696,Addiction Support,t5_2vho4s,1730750078.333083
152,r/WhyWhereTheyFilming,1696,Welcome to WhyWhereTheyFilming,t5_3h5ry,1730750078.35278
153,r/2MoS4MoS,1695,For styrofoam things that are too made of styrofoam for /r/madeofstyrofoam,t5_3ltx7,1730750078.3726468
154,r/Everything_QA,1695,Careers,t5_8zlnt8,1730750078.392478
155,r/KimPossibleHentai,1695,Mature Themes and Adult Content,t5_cc6e6x,1730750078.41228
156,r/klezmer,1695,Music,t5_2sm7t,1730750078.431953
157,r/nocensorindia,1695,Politics,t5_77h4dy,1730750078.451535
158,r/OrientalOrthodoxy,1695,Religion and Spirituality,t5_bdjjr,1730750078.4717
159,r/plantScience,1695,PLANT SCIENCE!,t5_2waup,1730750078.492552
160,r/precisionrimfire,1695,Mature Themes and Adult Content,t5_jgqus,1730750078.512547
161,r/Smashedits,1695,Super Smash Bros related edits of videos that are high quality,t5_13u1rj,1730750078.533199
162,r/SoCalFishing,1695,Hobbies,t5_34673,1730750078.554423
163,r/StrongholdCrusader,1695,Gaming,t5_33oby,1730750078.57509
164,r/Tallah,1695,Music,t5_21o3jw,1730750078.597148
165,r/TraumaAndPolitics,1695,This community is participating in the reddit blackout. Unfortunately due to unmet demands from the community we will be remaining blacked out. This is a space for Trauma's relation to Politics and was never meant to be a front-line support community for those in rough spots. If you are in urgent need of support - please see /r/CPTSD /r/MentalHealth or /r/MentalHealthSupport,t5_29d1d7,1730750078.618412
166,r/womenwithsmartwatches,1695,Mature Themes and Adult Content,t5_5ton37,1730750078.640085
167,r/AcharyaPrashant_AP,1694,Religion and Spirituality,t5_8siyvm,1730750078.661
168,r/BMWi3MODS,1694,Cars and Motor Vehicles,t5_3007nd,1730750078.683029
169,r/chopsticks,1694,Food and Drink,t5_2vbeu,1730750078.706536
170,r/DoodleFlops,1694,Animals and Pets,t5_ahccp6,1730750078.730696
171,r/LucinaMains,1694,Gaming,t5_39bb4,1730750078.754132
172,r/MichelleBorth,1694,Mature Themes and Adult Content,t5_2xd42,1730750078.7748952
173,r/nhsstaff,1694,Careers,t5_7z0bkv,1730750078.7971652
174,r/Part107,1694,"In here, we discuss everything about the Part 107 test including success stories, advice, and more",t5_3o47c,1730750078.818212
175,r/SmediumAss,1694,A sub for girls that have a perfect small or medium ass.,t5_12s721,1730750078.840418
176,r/AdultTheatreSyd,1693,Mature Themes and Adult Content,t5_ckwria,1730750078.86112
177,r/BROCODE,1693,Men's Health,t5_2qqyq,1730750078.88094
178,r/HighOnCricket,1693,Sports,t5_cke177,1730750078.900695
179,r/Hovercat,1693,Flying cats! Holy balls!,t5_2y3gn,1730750078.9206789
180,r/libra_astrology,1693,Religion and Spirituality,t5_88rgxe,1730750078.939926
181,r/LispMemes,1693,Internet Culture and Memes,t5_z53io,1730750078.958762
182,r/momiji,1693,Mature Themes and Adult Content,t5_2t9b0,1730750078.9773939
183,r/mystuff69420,1693,Pov clips and videos with sound,t5_c7gbsl,1730750078.996447
184,r/PittsburghList,1693,Welcome to PittsburghList,t5_2tcje,1730750079.015234
185,r/RisetIndonesia,1693,Science,t5_48f3xn,1730750079.0340202
186,r/Tantrasadhaks,1693,Religion and Spirituality,t5_adhzui,1730750079.052598
187,r/UIUC_CS,1693,Learning and Education,t5_319kh,1730750079.071598
188,r/xToolOfficial,1693,Technology,t5_akhc8h,1730750079.090486
189,r/ArgoCD,1692,Programming,t5_5zxzkw,1730750079.1092522
190,r/DoubleFeatures,1692,Movies,t5_q6jex,1730750079.127994
191,r/DuaLipaDiscussion,1692,Celebrity,t5_2j15ap,1730750079.146731
192,r/ECCC,1692,"Reading, Writing, and Literature",t5_2wh7z,1730750079.165592
193,r/Farcille,1692,"Reading, Writing, and Literature",t5_bp56ma,1730750079.184342
194,r/imsorryafton,1692,In this sub reddit resides a parody of imsorryjon with William Afton from the FNaF series.,t5_223mcj,1730750079.203042
195,r/joywave,1692,Music,t5_3180d,1730750079.221833
196,r/MarinaSquerciati,1692,Television,t5_11jrfq,1730750079.241707
197,r/MBTIPlus,1692,For typology discussion and more.,t5_38aq6,1730750079.260837
198,r/MomoCon,1692,Gaming,t5_2sr9c,1730750079.280119
199,r/OnePiecePodcast,1692,Podcasts and Streamers,t5_397l0,1730750079.298971
200,r/POETTechnologiesInc,1692,Technology,t5_4k2xw7,1730750079.318194
201,r/poltical,1692,Funny/Humor,t5_5vvvsn,1730750079.337662
202,r/pridecompassmemes,1692,PCM but the punchlines are replaced with pride flags,t5_71rqnr,1730750079.356721
203,r/TheVictoryGarden,1692,"A budding community harkening back to an older line of thinking to deal with a modern day crisis. We will focus on frugal Gardening Tips, History of Victory Gardens, and advice, discussions & help for starting your own in the spirit of the ""Do what you can, Where you are, With what you have"" mentality.",t5_2isawu,1730750079.3764238
204,r/TOBlogSnarkk,1692,Celebrity,t5_b9icsx,1730750079.395403
205,r/AldiAustralia,1691,Careers,t5_32rl4,1730750079.414092
206,r/aussie,1691,Place,t5_2ra6r,1730750079.432802
207,r/Boro,1691,Sports,t5_2vo6a,1730750079.451742
208,r/Jannat_Zubair,1691,Celebrity,t5_5kn1qc,1730750079.4706502
209,r/LegacyoftheBeast,1691,Gaming,t5_3fema,1730750079.489666
210,r/ManaWorks,1691,Gaming,t5_25vteo,1730750079.508669
211,r/MichellePfeiffer,1691,Celebrity,t5_2wdy0,1730750079.527294
212,r/moominmemes,1691,Funny/Humor,t5_2kfww0,1730750079.5459998
213,r/panchayat_tv_series,1691,Television,t5_af57cb,1730750079.565228
214,r/Sara_Malakul_Lane,1691,Sara Malakul Lane is a Thai-American actress and former supermodel. She has appeared in numerous Thai and Hollywood films. She most notably featured in the Jailbait film as the female lead. She is famous for her Big Breast and Small Nipples.,t5_7nxcnv,1730750079.583976
215,r/selahluper,1691,Welcome to selahluper,t5_bf95vk,1730750079.6028001
216,r/Setonjointhepack,1691,Anime,t5_2cax17,1730750079.621516
217,r/skill4ltu,1691,Podcasts and Streamers,t5_3iam0,1730750079.640377
218,r/torrentio,1691,Technology,t5_aot6ay,1730750079.659252
219,r/TripleScreenPlus,1691,Technology,t5_2vcb8,1730750079.6788201
220,r/wholesomeDMZ,1691,"A sub for people who love Call of Duty DMZ and the chances for positive interactions, fun and kindness. Let's get wholesome!",t5_8n0azm,1730750079.697751
221,r/beforeweleave,1690,Gaming,t5_113qs7,1730750079.717642
222,r/Cardiacs,1690,Music,t5_35pve,1730750079.736845
223,r/celeb_nude_videos,1690,Welcome to celeb_nude_videos,t5_c71npf,1730750079.756762
224,r/Comicstorian,1690,Podcasts and Streamers,t5_37jwl,1730750079.777812
225,r/CricketGroups,1690,Marketplace and Deals,t5_3aika,1730750079.798836
226,r/dogsWithHats,1690,A plethora of all things dogs and hats.,t5_3auxc,1730750079.841988
227,r/DoMyProgramming,1690,Get any programming done here!! ANY programming task (within reason - nothing illegal) can be completed here for money. PLEASE READ THE RULES BEFORE POSTING!,t5_29ogzc,1730750080.158619
228,r/GhostFootage,1690,Religion and Spirituality,t5_6392tx,1730750080.1817641
229,r/Promptography,1690,"A place to share your photos from FFXV. Scenery, food, cool battle photos, we welcome it all! Just make sure to tag spoilers!",t5_3h1xl,1730750080.200289
230,r/Q60,1690,Cars and Motor Vehicles,t5_2de4ds,1730750080.220124
231,r/RESS3D,1690,Gaming,t5_26amgg,1730750080.241601
232,r/ThunderboltFantasy,1690,Anime,t5_3fd5d,1730750080.2701561
233,r/urbancarlivingcooking,1690,"Cooking techniques, recipes, and tips for cooking in cars and other vehicles.",t5_4f8q2y,1730750080.290252
234,r/Wirehaired_pointers,1690,Animals and Pets,t5_3d0v9,1730750080.308368
235,r/2fed2glow,1689,Internet Culture and Memes,t5_9mvfog,1730750080.327395
236,r/ActualMainCharacter,1689,"Like r/ImTheMainCharacter, but for when the subject actually is the main character",t5_7s8dwr,1730750080.3473501
237,r/apero,1689,Food and Drink,t5_c62br3,1730750080.4280992
238,r/Biohacked,1689,"Providing tools for an upgraded body, mind, and life.",t5_3hqe8,1730750080.4481778
239,r/DemigodFiles,1689,"Reading, Writing, and Literature",t5_vsucz,1730750080.476141
240,r/GRIN,1689,Crypto,t5_2u6rw,1730750080.4958248
241,r/IExpectYouToDie,1689,Gaming,t5_3hyyp,1730750080.515862
242,r/JamaicanFood,1689,Everything about Food from Jamaica,t5_3frtn,1730750080.535221
243,r/Latinhotclub,1689,Comunidad latina 🔞,t5_c3ik0p,1730750080.5551271
244,r/musicmadefree,1689,Music,t5_ovopz,1730750080.5743759
245,r/SelectASet,1689,Music,t5_33k3xs,1730750080.5954208
246,r/Shroomok,1689,Hobbies,t5_3x4fgc,1730750080.6163058
247,r/SickSadWorld,1689,"Inspired by MTV's ""Daria"", /r/SickSadWorld is a collection of weird, unbelievable, and ridiculous news stories in the vein of Daria's favorite show, ""Sick, Sad World"".",t5_2unep,1730750080.6385229
248,r/Uselessskyrim,1689,Internet Culture and Memes,t5_2bj9x5,1730750080.6572568
249,r/WOWGO,1689,Hobbies,t5_jagqd,1730750080.6759129
