,subreddit,subscribers,topic,subreddit_id,scraped_utc
0,r/avadeblassie,1633,Welcome to avadeblassie,t5_6g6g2o,1730750154.6387231
1,r/Awoiaf,1633,Gaming,t5_34bx1,1730750154.664154
2,r/awwssistant,1633,"A subreddit for all of the times that your virtual assistant made you say ""Aww!""",t5_3h7b4,1730750154.6865861
3,r/Biggjass,1633,..,t5_3w8qtq,1730750154.7089028
4,r/CultofYamai,1633,Anime,t5_2np0ni,1730750154.732287
5,r/honco,1633,Cars and Motor Vehicles,t5_2vmv8j,1730750154.766625
6,r/KarmaDecay,1633,Meta/Reddit,t5_2u3y2,1730750154.7907012
7,r/Katherine_McNamara,1633,Celebrity,t5_340ps,1730750154.814215
8,r/KentuckyWildcats,1633,Sports,t5_2sqme,1730750154.838958
9,r/KuroMaid,1633,Anime,t5_3vs4k6,1730750154.860703
10,r/LoreValorant,1633,Gaming,t5_2la7gq,1730750154.948961
11,r/LyneyMains,1633,Gaming,t5_3mi2p8,1730750154.967045
12,r/navdy,1633,Technology,t5_3341z,1730750155.002778
13,r/Pezzy,1633,Gaming,t5_2p8p18,1730750155.020715
14,r/PlanetJupiter,1633,Articles and discussion about the planet Jupiter.,t5_3fqpg,1730750155.038275
15,r/rouxcubing,1633,Hobbies,t5_yb0ad,1730750155.0560389
16,r/TableauVisuals,1633,A place for all Tableau visuals!,t5_285bia,1730750155.073904
17,r/Tapped_Out_Friends,1633,Gaming,t5_q5lyi,1730750155.095946
18,r/yeezy_aali,1633,fanpage,t5_5wmj4c,1730750155.113795
19,r/YimMenu,1633,Gaming,t5_7adqc1,1730750155.131464
20,r/amsnaples___,1632,Subreddit for the redhead goddess Ashley Suarez!,t5_75wjqw,1730750155.149181
21,r/audiomismatch,1632,Any video that has mismatched audio (or vice-versa),t5_2z4i5,1730750155.166891
22,r/baseballstats,1632,baseballstats,t5_2vbhp,1730750155.1845329
23,r/Dying,1632,Medical and Mental Health,t5_2un8y,1730750155.202081
24,r/EarlyModernEurope,1632,This sub is for those interested in Early Modern European history.,t5_3edej,1730750155.2198882
25,r/GrowersCollective,1632,"A collective of growers interested in the cultivation of Cannabis. #Join our discord! https://discord.gg/Bt9JcJU We have a tight nit and active discord community, come say hi and chat and get quicker answers to any questions you may have!",t5_zxhlh,1730750155.2374568
26,r/interactivecinema,1632,"r/interactivecinema a subreddit for games of the genre of Interactive Cinema. These are games which focus on character development as well as the storyline and an ending which can be impacted based upon your decisions. These games are characterised by such features as; Quick time events, simple-moderate gameplay mechanics, choice making, minimal or no real-time combat, and other such features.",t5_308ds,1730750155.255023
27,r/melodichouse,1632,"Was /r/deephouse not what you expected? You were probably looking for a subreddit like this. A place for melodic, chill, tropical, and deep house music. --- Producers, feel free to share your own work with the [User Made](/r/melodichouse/wiki/faq/linkflair) link flair. Check out the wiki for more info. Questions, discussions, feedback, and suggestions are always welcome! --- **You can find similar music at:** * /r/soulhouse * /r/tropicalhouse * /r/shallowhouse",t5_30y7f,1730750155.272758
28,r/MistyIde,1632,Celebrity,t5_55ba7g,1730750155.290294
29,r/NotTheExpert,1632,Podcasts and Streamers,t5_3jbas,1730750155.30799
30,r/PascalsWagerGame,1632,Gaming,t5_24myxd,1730750155.32553
31,r/PrairieDogs,1632,"Everything to do with Prairie dogs! We welcome discussions, petitions, questions on care and photos/videos on this amazing keystone species.",t5_2xkjm,1730750155.343034
32,r/TheLetterQ,1632,Activism,t5_324q6,1730750155.3608892
33,r/YBNCordae,1632,Music,t5_jshwd,1730750155.378366
34,r/22star77,1631,Just have fun don’t start drama no telegram links or promos join the server.,t5_7jnjcl,1730750155.3960268
35,r/BriannaMaitland,1631,Law,t5_z6v21,1730750155.413696
36,r/camarillo,1631,Place,t5_2sbsz,1730750155.431335
37,r/chasse,1631,Hobbies,t5_3lp12,1730750155.449931
38,r/hudu,1631,Technology,t5_22z8ck,1730750155.4692302
39,r/Ibgame,1631,Gaming,t5_32uov,1730750155.488318
40,r/JonZherka,1631,Podcasts and Streamers,t5_uwm6e,1730750155.507444
41,r/jurassicparkog,1631,Jurassic Park Operation Genesis,t5_2z944,1730750155.5258958
42,r/katanainu,1631,Gaming,t5_5256ml,1730750155.546137
43,r/KenshiYonezu,1631,Music,t5_lf914,1730750155.5651891
44,r/LarryElder,1631,Politics,t5_4t33cp,1730750155.584317
45,r/LocationReddits,1631,Meta/Reddit,t5_2v565,1730750155.605881
46,r/petthedamnshark,1631,Animals and Pets,t5_2pqvgv,1730750155.6275258
47,r/piere,1631,Technology,t5_9zzj92,1730750155.64884
48,r/restingbettyface,1631,Animals and Pets,t5_5xamqp,1730750155.668928
49,r/SeattlePlantFiends,1631,Home and Garden,t5_5zmys0,1730750155.690479
50,r/StrangeSubs,1631,**Show us the strange and obscure side of Reddit.**,t5_2ybau,1730750155.7114959
51,r/Thepeachcrew,1631,Celebrity,t5_26lp6a,1730750155.732148
52,r/UCSB4Sale,1631,Welcome to UCSB4Sale,t5_2t5ir,1730750155.753372
53,r/VTES,1631,Tabletop Games,t5_2sp24,1730750155.7738612
54,r/antimlmcreators,1630,Podcasts and Streamers,t5_9drf2v,1730750155.7966871
55,r/ArcoLinux,1630,Technology,t5_2dvhd2,1730750155.8187652
56,r/AutoWorldDiecast,1630,Hobbies,t5_2a3d1j,1730750155.8420548
57,r/Awwnalog,1630,Animals and Pets,t5_4ip26d,1730750155.863947
58,r/Batwoman,1630,"Reading, Writing, and Literature",t5_2ujfb,1730750155.8853881
59,r/EmersonCollege,1630,Learning and Education,t5_2sda3,1730750155.907306
60,r/genshin_teapot,1630,Gaming,t5_4bn3ur,1730750155.928674
61,r/LuciferianWitchcraft,1630,"This is a community of Witches, Spiritualists and Seekers that work with Lucifer the Lightbringer as an archetype or deity. All who are interested in Luciferianism, witchcraft and the LHP are welcome.",t5_28y1q8,1730750155.948533
62,r/Okiehomegrowers,1630,Home and Garden,t5_49fjkg,1730750155.968242
63,r/PITAKA,1630,Technology,t5_41lbyq,1730750155.988079
64,r/PublicForumDebate,1630,A subreddit dedicated to discussion surrounding High School Public Forum (PF) Debate!,t5_2t66i,1730750156.009025
65,r/republicwireless,1630,Technology,t5_2t2sb,1730750156.028971
66,r/ultimatepokebattle,1630,Gaming,t5_nsaaj,1730750156.0493472
67,r/13KeysToTheWhiteHouse,1629,Politics,t5_abgj93,1730750156.070166
68,r/BitstampOfficial,1629,Crypto,t5_3np03,1730750156.091189
69,r/CAAPID,1629,Careers,t5_4ny2vk,1730750156.111665
70,r/cyberfm,1629,"CyberFM Reddit. We're not online radio, we're radio, online! Always free and full of variety.",t5_ijnia,1730750156.1326249
71,r/FinanceMommy,1629,Mature Themes and Adult Content,t5_71rmut,1730750156.152556
72,r/GifTutorials,1629,Welcome to GifTutorials,t5_3837v,1730750156.174103
73,r/Lastation,1629,Anime,t5_fzp6r,1730750156.1962612
74,r/PowerPC,1629,Technology,t5_2sogj,1730750156.2168262
75,r/skills,1629,Learning and Education,t5_2qxy9,1730750156.237258
76,r/starboundmods,1629,Modifications and tools for Chucklefish's new game /r/Starbound!,t5_2wxw0,1730750156.2586591
77,r/universalbaddies,1629,"Dedicated to the best and most beautiful women on IG, Twitter, etc…. Including usernames is optional (just make sure they aren’t from a stan page or fake page)",t5_bmy9z3,1730750156.278722
78,r/WalkingFish,1629,Gaming,t5_2ip6v0,1730750156.298542
79,r/1series,1628,Cars and Motor Vehicles,t5_3k4xw,1730750156.318422
80,r/Aeonsend,1628,Gaming,t5_3fcjp,1730750156.337055
81,r/BostonEDM,1628,Music,t5_2xm6d,1730750156.355076
82,r/BrawlhallaFashion,1628,"r/BrawlhallaFashion, a subreddit dedicated to your favorite Brawlhalla skin combos. Feel free to post any and all your favorite loadout combos here!",t5_ou22v,1730750156.373012
83,r/CelebsInBalletFlats,1628,Celebrity,t5_5j9t85,1730750156.390822
84,r/Creepypastastories,1628,r/Creepypastastories is a vibrant community dedicated to sharing and discovering original creepypasta stories.,t5_2wkuf,1730750156.409735
85,r/ErikaSexiga,1628,Welcome to ErikaSexiga,t5_ca84l9,1730750156.428195
86,r/Greekmythmemes,1628,Funny/Humor,t5_29lo4a,1730750156.4464462
87,r/Lilith,1628,Religion and Spirituality,t5_4rbyp9,1730750156.464436
88,r/MarkTwain,1628,Celebrity,t5_2smzi,1730750156.4824362
89,r/NewBeetle,1628,Cars and Motor Vehicles,t5_2znkh,1730750156.5004
90,r/OddlyCalming,1628,Internet Culture and Memes,t5_37ygw,1730750156.518069
91,r/ONProvincialParks,1628,Outdoors and Nature,t5_38z2y,1730750156.535972
92,r/PDXProtests,1628,Activism,t5_3rg7w1,1730750156.55366
93,r/TalesofErin,1628,Gaming,t5_ndwb1,1730750156.572694
94,r/windows12,1628,Technology,t5_4rp45g,1730750156.590615
95,r/WuWaHusbandos,1628,Gaming,t5_bkok5v,1730750156.6085372
96,r/4trancooking,1627,Food and Drink,t5_axcfsh,1730750156.6270049
97,r/advancedmg,1627,A place to discuss advanced cannabis growing techniques and for experienced growers and/or professionals to gather info from other peers and discuss experimental or new technology.,t5_2vqns,1730750156.6457658
98,r/AirfareHunting,1627,Travel,t5_23kk3a,1730750156.664276
99,r/ALevelPsychology,1627,Learning and Education,t5_2i7e8j,1730750156.682837
100,r/astralimages,1627,Gaming,t5_26cuzs,1730750156.701782
101,r/CapeGirardeau,1627,Place,t5_2t98z,1730750156.7203681
102,r/Czechoslovakia,1627,History,t5_32pv5,1730750156.73958
103,r/diabolo,1627,Welcome to diabolo,t5_2rq4n,1730750156.7578502
104,r/DnDRuneterra,1627,Gaming,t5_3eu5o6,1730750156.775638
105,r/FlexibleLesbians,1627,For lesbians that are flexible.,t5_22q7s4,1730750156.793531
106,r/indiandesigirll,1627,Welcome to indiandesigirll,t5_5qi2nv,1730750156.8118021
107,r/mamaclairesnark2,1627,Podcasts and Streamers,t5_722oyi,1730750156.830671
108,r/Markreignssupreme,1627,Celebrity,t5_7sqoy8,1730750156.849511
109,r/MarshallBrain,1627,Internet Culture and Memes,t5_32g14,1730750156.869688
110,r/octave,1627,Programming,t5_2v4u3,1730750156.891041
111,r/PainkillerAlreadyPod,1627,Podcasts and Streamers,t5_3c1qpk,1730750156.912638
112,r/Penpalsover50,1627,Hobbies,t5_z3vmt,1730750156.933723
113,r/PERONA,1627,"Community for the fans of ""Ghost Princess"" Perona from One Piece Manga/Anime.",t5_2btgpe,1730750156.954489
114,r/SirenSurviveTheIsland,1627,Television,t5_7yd1l4,1730750156.975563
115,r/SpaceNews,1627,Science,t5_4ydk01,1730750156.997442
116,r/speechtech,1627,Technology,t5_276kuq,1730750157.018819
117,r/SubrozaYT,1627,Podcasts and Streamers,t5_4956ic,1730750157.0390909
118,r/Torixn,1627,Welcome to Torixn,t5_89av5a,1730750157.0610712
119,r/vegweightloss,1627,Fitness and Nutrition,t5_3j024,1730750157.080863
120,r/Zigbee2MQTT,1627,Technology,t5_53jxsz,1730750157.10046
121,r/AgathaCovenOfChaos,1626,Television,t5_6r7jf8,1730750157.1202738
122,r/CBDstreetbeats,1626,"CBD oil for Export from colombia, Broker for produce massive cbd and thc products, Own farm with all license",t5_6mwvgp,1730750157.140834
123,r/CDLTruckDrivers,1626,Careers,t5_lc57u,1730750157.161042
124,r/DFrag,1626,Anime,t5_37hai,1730750157.182121
125,r/EnergyPolitics,1626,World News,t5_33hb4,1730750157.202052
126,r/Evergrande,1626,World News,t5_51nadl,1730750157.2232242
127,r/intellivision,1626,Gaming,t5_2uf0y,1730750157.2452009
128,r/NewZealandFilm,1626,"A forum featuring New Zealand Film from the Australasian region. News, updates, reviews and links to Kiwi Film.",t5_2vthm,1730750157.266763
129,r/Sara_Esposito_,1626,Podcasts and Streamers,t5_b4zl55,1730750157.287304
130,r/ShrineOfMiku,1626,Anime,t5_2rqpa7,1730750157.307188
131,r/uselessmaps,1626,Funny/Humor,t5_3lfep,1730750157.327379
132,r/xaviersobased1c,1626,Music,t5_8rbdtl,1730750157.347268
133,r/allthingsgoth,1625,"Welcome to r/allthingsgoth, the place where all things goth, macabre, occult, dark, or otherwise goth-friendly are welcomed and celebrated. Have a suggestion? Message us! We're always open to new ideas!",t5_rlrr8,1730750157.367499
134,r/battlegirlhighschool,1625,Anime,t5_387kl,1730750157.387465
135,r/BeasteaterSnark,1625,Snark page for influencers Steph & Marcus,t5_bcpro3,1730750157.408267
136,r/behindthestage,1625,Careers,t5_2p6ejo,1730750157.429653
137,r/calgaryrocks,1625,Cars and Motor Vehicles,t5_pts56,1730750157.450492
138,r/charlottejobs,1625,/r/CharlotteJobs is now private. Find out why we have gone dark: https://www.reddit.com/r/ModCoord/comments/148ks6u/indefinite_blackout_next_steps_polling_your/,t5_2sp6v,1730750157.4714649
139,r/damnthatshorrifying,1625,Welcome to damnthatshorrifying,t5_3b3vk,1730750157.491467
140,r/DesertTech,1625,Mature Themes and Adult Content,t5_31ncg,1730750157.5120819
141,r/FireEmblemCats,1625,A subreddit which combines the Fire Emblem game series and felines.,t5_3ibr7,1730750157.533157
142,r/HorionClient,1625,Gaming,t5_2npodx,1730750157.553807
143,r/Jennaleecole,1625,Mature Themes and Adult Content,t5_3hwjh7,1730750157.575562
144,r/KimLip,1625,"Fan subreddit dedicated to ARTMS Kim Lip. Kim Lip is a former member of the girl group LOOΠΔ, and was part of the sub-unit Odd Eye Circle.",t5_3ouin,1730750157.597473
145,r/LaptopDealsUK,1625,Marketplace and Deals,t5_9pie1,1730750157.617912
146,r/MarvelPosters,1625,"After the positive reception of a variety of posters, prints, and artwork over on r/MarvelStudios I thought it would be something that would be appreciated if we had a designated location in which we could share our posters regardless of quantity. We will be creating sale threads and places in which you can share posters you're looking for, this is a place to share and post your collection",t5_fy6e7,1730750157.637772
147,r/Monitoring,1625,Monitoring in technology tracks the performance and/ or health of systems providing services. Monitoring can be: • Application Performance Monitoring • Event Monitoring • Network Monitoring • Synthetic Monitoring • System Monitoring • Website Monitoring,t5_2rbn9,1730750157.657823
148,r/newfragrances,1625,Beauty and Makeup,t5_al0wf0,1730750157.677896
149,r/StreamCentral,1625,"StreamCentral, the central place for all stream clips.",t5_8lucwu,1730750157.6977751
150,r/Superboy,1625,"Discuss and share images, videos, and news related to the Boy of Steel: Superboy!",t5_2wma4,1730750157.7174132
151,r/uakron,1625,Learning and Education,t5_2spk8,1730750157.737778
152,r/WednesdayCampanella,1625,Music,t5_3ejd2,1730750157.756392
153,r/Yeonhee,1625,Celebrity,t5_220sjn,1730750157.7757492
154,r/Zeloswatches,1625,Fashion,t5_40qdno,1730750157.795052
155,r/asxc,1624,"Asensus Surgical's technology platform, Senhance Surgical System, is the first of its kind digital laparoscopic platform that leverages augmented intelligence to provide unmatched performance and patient outcomes through machine learning. Senhance goes beyond the typical surgical robotic systems, providing surgical assurance through haptic feedback, eye-tracking camera control, and 3D visualization, and is the first platform to offer 3 mm instruments (the smallest instrument available worldwide)",t5_40d20z,1730750157.815402
156,r/BaylenLevine,1624,Podcasts and Streamers,t5_2d6bkr,1730750157.833673
157,r/ClaireNorthfieldFANS,1624,Celebrity,t5_cixmld,1730750157.853038
158,r/DallasRenegades,1624,Sports,t5_23icie,1730750157.871546
159,r/flavorade,1624,Mature Themes and Adult Content,t5_9u41l9,1730750157.89049
160,r/Munchausensyndrome,1624,Medical and Mental Health,t5_2o3fsg,1730750157.908791
161,r/okaybuddycarson,1624,Internet Culture and Memes,t5_2mt23h,1730750157.927985
162,r/organ4universal,1624,Internet Culture and Memes,t5_69uloc,1730750157.946155
163,r/Valhelsia,1624,Gaming,t5_2ykjcz,1730750157.96494
164,r/WinonaStateUniversity,1624,Welcome to WinonaStateUniversity,t5_2spe3,1730750157.983089
165,r/BackyardAI,1623,Technology,t5_bbdayx,1730750158.001819
166,r/Caffeine_Use,1623,Food and Drink,t5_ajdz42,1730750158.019851
167,r/CampingWithSteve,1623,Outdoors and Nature,t5_2xf4em,1730750158.0388632
168,r/Cyberpunk2077_V,1623,Gaming,t5_72sazd,1730750158.05896
169,r/DetoxUnit,1623,Music,t5_254mfc,1730750158.077549
170,r/MinecraftScreams,1623,"THE place to post your Minecraft-related screeches, screams, and all around AAAAhs",t5_1rhpon,1730750158.095962
171,r/MyLittlePonyG3,1623,Hobbies,t5_56nz4t,1730750158.11392
172,r/nft_cryptos,1623,"News about bitcoin, blockchain technology and cryptocurrencies. This section is also intended for anyone interested in NFT projects and related services. NFT (Non-Fungible Tokens) is a non-fungible or unique token.",t5_6dtzyy,1730750158.132187
173,r/Ningning,1623,Celebrity,t5_3blqik,1730750158.1500192
174,r/NonogramsKatana,1623,Gaming,t5_398lbp,1730750158.167968
175,r/pepsiman,1623,Gaming,t5_37nbd,1730750158.185874
176,r/powertrip2023,1623,Music,t5_85sr5b,1730750158.204549
177,r/RobloxVR,1623,Gaming,t5_24jp86,1730750158.223954
178,r/thefreak971,1623,Podcasts and Streamers,t5_73jg3t,1730750158.2437131
179,r/tlaplus,1623,Programming,t5_3jq5g,1730750158.264537
180,r/TowerThoughts,1623,"This subreddit is about thoughts behind the lore, story, and anything in Destiny.",t5_35rmo,1730750158.284516
181,r/WorldWideNews,1623,Welcome to WorldWideNews,t5_2qiea,1730750158.304138
182,r/AzurLaneArt,1622,Welcome to AzurLaneArt,t5_9x4ve,1730750158.324
183,r/charliechaplingifs,1622,Celebrity,t5_p93b6,1730750158.3438652
184,r/Faradayfuture,1622,"Business, Economics, and Finance",t5_39695,1730750158.3641229
185,r/gameofthroneslegends,1622,Gaming,t5_ao12xd,1730750158.383554
186,r/IslamabadSocial,1622,Place,t5_c7b4gm,1730750158.4042208
187,r/JenessaBrazil,1622,For all things related to Jenessa Brazil,t5_5hkv5a,1730750158.4254909
188,r/JessicaJaymesTribute,1622,"Tribute to jaymes Jessica Redding (March 8, 1979 – September 17, 2019)",t5_8gqhqf,1730750158.44555
189,r/LesbianMetalheads,1622,Music,t5_98ef56,1730750158.466678
190,r/NYCGuns,1622,Mature Themes and Adult Content,t5_5td30r,1730750158.4878552
191,r/palletstoragegonewild,1622,Pallet porn for the palette,t5_2vpn8,1730750158.508132
192,r/PlayFlashParty,1622,Gaming,t5_5wsons,1730750158.529066
193,r/sickbeard,1622,A Sickbeard community for Sickbeard questions.,t5_2vpxu,1730750158.548897
194,r/ThePrepared,1622,World News,t5_x33ns,1730750158.5688572
195,r/abdl_mommy,1621,Welcome to abdl_mommy,t5_7chqlo,1730750158.5895019
196,r/addisonraebootycomm,1621,Welcome to addisonraebootycomm,t5_c34kn4,1730750158.609684
197,r/aliyah,1621,Religion and Spirituality,t5_2qzs2,1730750158.6308868
198,r/babushkacats,1621,Welcome to babushkacats,t5_3k8i9,1730750158.652041
199,r/beholder,1621,Gaming,t5_3hise,1730750158.673583
200,r/DCprime,1621,History,t5_1ohuqs,1730750158.6951108
201,r/DFWGardening,1621,Home and Garden,t5_3e79s,1730750158.7159748
202,r/Drunkcrochet,1621,A place for fellow hookers to post their WIPS and beverages (of any sort),t5_xhx6f,1730750158.737539
203,r/FemmeFatales,1621,Celebrity,t5_31jjo,1730750158.758754
204,r/girlgamersvent,1621,Gaming,t5_7l59em,1730750158.781012
205,r/Invincible_TV,1621,Television,t5_a33bjp,1730750158.8032908
206,r/LAhotgirlies,1621,Place,t5_aybqkg,1730750158.824664
207,r/natalie_aguilar2,1621,Welcome to natalie_aguilar2,t5_8v4vld,1730750158.845857
208,r/Natty,1621,Music,t5_2vw8l,1730750158.86546
209,r/PlasticModelKits,1621,"For all things related to plastic model kits. Whether it is about rambling on about the latest Tamiya model kit, talking nonsensically about Gundam kits, or just posting what model kits you've made, all things related to ""plamo"" are welcome!",t5_2yrn1,1730750158.8870568
210,r/takomapark,1621,Place,t5_2xg5o,1730750158.907582
211,r/TorontoArt,1621,"Let's do it up!! Let's have a community where Painters, DJ's, Musicians, Illustrators, Graphic Designers, Volunteers and Photographers, etc, can showcase their work specifically to get attention and critique in Toronto. I think it would be so great to emphasize the creative pulse in this city. Promote gallery openings, music show dates, and maybe even meetups away from the politics and transit drama of the Toronto sub. ~/u/cattttttttttt",t5_32rug,1730750158.9290738
212,r/VampireCat,1621,Animals and Pets,t5_3zemni,1730750158.9502668
213,r/whitehairredeyes,1621,Anime,t5_2b13x8,1730750158.971346
214,r/Zullyy_cs,1621,Welcome to Zullyy_cs,t5_9ilzim,1730750158.992366
215,r/bayareaartshows,1620,Art,t5_719bn2,1730750159.012985
216,r/BikingMad,1620,"This subreddit is for the Madison area's cycling community. Madison, Wisconsin primarily, but we accept wayward visitors from Madison, Alabama's cycling community too. We encourage questions, discussion, and input from cyclists of all ages and abilities.",t5_2ucrg,1730750159.032465
217,r/BorgBackup,1620,Technology,t5_2chrxd,1730750159.05326
218,r/DogfartWoof,1620,Crypto,t5_5al7ed,1730750159.073558
219,r/Microdose,1620,A community for people who microdose psilocybin & LSD & more,t5_wnpog,1730750159.0944178
220,r/OverheardAtPierpoint,1620,Careers,t5_ccr4g1,1730750159.1151822
221,r/SneksWithJobs,1620,"We believe it's about time people start appreciating the hard working snakes out there. No matter the occupation, vocation, or sensation of the creature, we want to see snakes out in the world doing their thing.",t5_hd0op,1730750159.136522
222,r/throatsinging,1620,Music,t5_2wa29,1730750159.1570492
223,r/1Night2Days,1619,Television,t5_3bpw3,1730750159.1786728
224,r/BladderCancer,1619,Medical and Mental Health,t5_oi34n,1730750159.1978428
225,r/Catholic_Orthodox,1619,Religion and Spirituality,t5_26lvz9,1730750159.216776
226,r/GangstalkingTruth,1619,Internet Culture and Memes,t5_7m23x6,1730750159.23486
227,r/h3h3gifs,1619,Gifs related to h3h3 productions,t5_3bdtq,1730750159.252674
228,r/I_am_the_first_one,1619,You have survived the apocalypse. You are alone. Bandits now run the streets. Mutants are keeping you awake. You need to find food. You need to find friendlies. What will you do next?,t5_2w1wx,1730750159.270527
229,r/JaneEyre,1619,"Reading, Writing, and Literature",t5_2te70,1730750159.288247
230,r/justgotghosted,1619,Family and Relationships,t5_yzmb3,1730750159.3064198
231,r/Kayleebryant,1619,Celebrity,t5_10vavs,1730750159.324476
232,r/Kiwix,1619,Technology,t5_2amxzv,1730750159.344471
233,r/megamanbattlenetwork,1619,Gaming,t5_38ow6,1730750159.364268
234,r/NightMusic,1619,music for the dark,t5_2xuvx,1730750159.3836648
235,r/peacocks,1619,Animals and Pets,t5_2tnyn,1730750159.401752
236,r/PPE,1619,"A place to discuss different types of PPE (Personal Protective Equipment), particularly PPE effective against coronavirus",t5_2vczh,1730750159.4207308
237,r/SailGP,1619,Sports,t5_wn10a,1730750159.43947
238,r/SpeechBubbleMemes,1619,Internet Culture and Memes,t5_63fgjn,1730750159.458449
239,r/threadripper,1619,Technology,t5_3lmm8,1730750159.477298
240,r/wholesomeopfb,1619,Welcome to wholesomeopfb,t5_3jiym,1730750159.49632
241,r/yahahaIRL,1619,Gaming,t5_3lcybh,1730750159.515262
242,r/Derbyshire,1618,Place,t5_2si9u,1730750159.5354419
243,r/DolbyAtmosMixing,1618,Music,t5_5390wj,1730750159.554549
244,r/FalloutCK,1618,Gaming,t5_3ed1k,1730750159.573471
245,r/ImportYeti,1618,"Business, Economics, and Finance",t5_2po82g,1730750159.592538
246,r/intuitivereadings,1618,Religion and Spirituality,t5_vly6c,1730750159.611449
247,r/magicfart69,1618,A place for u/magicfart69 enthusiasts. Post your favorite comments and stories. Ask the questions you have always wanted to.,t5_o8ci1,1730750159.630419
248,r/NascarPaintBooth,1618,Art,t5_33mxw,1730750159.649292
249,r/OnnStreamingTV,1618,Technology,t5_6jkdb8,1730750159.668303
