,subreddit,subscribers,topic,subreddit_id,scraped_utc
0,r/Asexualpartners,1569,Sexual Orientation,t5_31t80l,1730750241.1794748
1,r/beverlyhills,1569,Welcome to Beverly Hills,t5_2t3vt,1730750241.203839
2,r/birdsdontexist,1569,Internet Culture and Memes,t5_rbbt6,1730750241.223624
3,r/detanglemyyarn,1569,Crafts and DIY,t5_5fxsvo,1730750241.242805
4,r/DrugsMusic,1569,Music for drugs : drugs for music,t5_2y0bl,1730750241.26308
5,r/MediaCriticism,1569,World News,t5_3gp72,1730750241.295346
6,r/MemeCoinLounge,1569,Crypto,t5_bcfvfk,1730750241.315796
7,r/petercatrecordingco,1569,Music,t5_223fcl,1730750241.3350458
8,r/RaidShadowLegendsHelp,1569,Gaming,t5_29qacb,1730750241.354388
9,r/SmashConnect,1569,"The online play community subreddit for Smash Bros 4! Create and join rooms, meet new players, and compete in events and tournaments!",t5_32yfa,1730750241.3743832
10,r/South_Indian_Food,1569,Food and Drink,t5_7dnkot,1730750241.4452732
11,r/SugarAppleTV,1569,Television,t5_6i6qm6,1730750241.4642591
12,r/the_last_of_us,1569,Gaming,t5_5abtt1,1730750241.4906418
13,r/Toukiden,1569,Gaming,t5_2zueo,1730750241.51016
14,r/Amp,1568,Technology,t5_2rjge,1730750241.529836
15,r/Arryn,1568,Celebrity,t5_38ein,1730750241.549865
16,r/Conker,1568,Gaming,t5_2t3y1,1730750241.569538
17,r/CorrinMains,1568,Gaming,t5_3bcn3,1730750241.589664
18,r/damedol,1568,Anime,t5_7pihgf,1730750241.60944
19,r/decaturalabama,1568,Place,t5_2wyxh,1730750241.630075
20,r/Fraudsters,1568,"Here you can share your experiences about fraudsters, how they behaved, and what you recommend against them.",t5_3bhl9,1730750241.6505501
21,r/highlikegods,1568,I will fill this out soon.,t5_290uvv,1730750241.669591
22,r/HospitalBills,1568,Medical and Mental Health,t5_2yr2p,1730750241.689627
23,r/idiotsonbicycles,1568,"Stories or videos of idiots on bicycles. Did you see someone do something stupid on a bicycle, think they've got a magic power that makes them special so they don't need to follow the laws? Please share it with the community.",t5_3f22l,1730750241.709022
24,r/ok_jo14,1568,Podcasts and Streamers,t5_cc68db,1730750241.727819
25,r/OnlyThroatpies,1568,Only Throatpies,t5_btw917,1730750241.746977
26,r/Prospera,1568,"Unofficial discussion community for supporters of Prospera Honduras, a startup city that's the freest jurisdiction in the world. It's on Roatán, an English-speaking Caribbean island that's a former British colony. Próspera was set up under the special economic zone law of Honduras.",t5_2nwwb8,1730750241.7661529
27,r/SakuraKyouko,1568,The best Puella Magi.,t5_2vqam,1730750241.784919
28,r/XemPhim,1568,Movies,t5_6gy8g5,1730750241.8038578
29,r/ATeacherTV,1567,Television,t5_22bcxr,1730750241.822518
30,r/AtlantaReign,1567,Gaming,t5_q94ea,1730750241.841089
31,r/blockblast,1567,Gaming,t5_bk83ku,1730750241.860031
32,r/expecteditcrowd,1567,Internet Culture and Memes,t5_2hytnw,1730750241.878691
33,r/FUJIX100,1567,Art,t5_2yqni,1730750241.897831
34,r/GothamFC,1567,Sports,t5_47tbp7,1730750241.9173021
35,r/KidsSeeGhost,1567,Music,t5_i928n,1730750241.93734
36,r/MatayaSweeting__,1567,"Subreddit for Internet personality, model and actress, Mataya Sweeting.",t5_84qyck,1730750241.957063
37,r/ohwonder,1567,Music,t5_37dlr,1730750241.977095
38,r/Olivia_Sui,1567,Resurrected Subreddit after OliviaSui went down.,t5_6vdrx6,1730750241.996585
39,r/pluralsight,1567,Learning and Education,t5_320yx,1730750242.016747
40,r/RenaultZoe,1567,Cars and Motor Vehicles,t5_3o5cl,1730750242.035842
41,r/technnewshub,1567,Technology,t5_5zit5h,1730750242.055017
42,r/Below,1566,Gaming,t5_2xim9,1730750242.0746229
43,r/cakeguts,1566,Food and Drink,t5_2516fs,1730750242.093672
44,r/Camila_Giorgi,1566,This sub is for the beautiful Italian player Camila Giorgi Kinda new to reddit also so bear with me as I start this group.,t5_52hipb,1730750242.11451
45,r/CoinBay,1566,Marketplace and Deals,t5_30dfx,1730750242.136095
46,r/encasedrpg,1566,Gaming,t5_24qclh,1730750242.157399
47,r/hackmud,1566,Gaming,t5_3e6gp,1730750242.1803641
48,r/IndustriesofTitan,1566,Gaming,t5_3nxvg,1730750242.202386
49,r/JojoToBeContinued,1566,"A subreddit dedicated to the ""To Be Continued"" meme from jojos bizarre adventure.",t5_3de6l,1730750242.223228
50,r/JustOkBandNames,1566,Some band names are great. Some are terrible. And some are just... ok.,t5_3ply2,1730750242.2454169
51,r/larryfisherman,1566,Mac Miller subreddit in progress.,t5_39ro4,1730750242.2659688
52,r/LondonGrammar,1566,Music,t5_2y3r8,1730750242.287771
53,r/okbuddywtc,1566,Anime,t5_9k83ie,1730750242.309369
54,r/PlayAvengersHelp,1566,Gaming,t5_332fgu,1730750242.331247
55,r/skeletorfacts,1566,Funny/Humor,t5_4vypyi,1730750242.352225
56,r/TechTwo,1566,"Welcome to r/TechTwo! Your go-to hub for the latest insights and discussions at the intersection of business and technology. Whether you're a startup enthusiast, a tech industry professional, or just keen on staying ahead with the latest business trends and technological innovations, this is the place for you. Our mods won't ban you for posting just as long as you use common sense.",t5_bh19j2,1730750242.374586
57,r/thronelibertyguilds,1566,Gaming,t5_bg310f,1730750242.3967519
58,r/vlaemsch,1566,Place,t5_chp72y,1730750242.418462
59,r/ZoneoftheEnders,1566,Gaming,t5_2vg10,1730750242.4410188
60,r/ArchAngelToken,1565,Crypto,t5_4zokxz,1730750242.463705
61,r/blackandwhite2,1565,Gaming,t5_39l2x,1730750242.485425
62,r/capitalismlab,1565,Gaming,t5_3ozvv,1730750242.507953
63,r/Druidposting,1565,Hobbies,t5_8afyhb,1730750242.530545
64,r/Goodplace,1565,Television,t5_2vhlr,1730750242.5517728
65,r/GorillaMind,1565,Fitness and Nutrition,t5_3nzrzb,1730750242.574356
66,r/hammock,1565,Music,t5_2rnti,1730750242.595977
67,r/Miia,1565,Anime,t5_v0j9n,1730750242.617714
68,r/ModFighters,1565,Gaming,t5_3jrcf,1730750242.6395059
69,r/RicoTheGiant,1565,Funny/Humor,t5_2i06gi,1730750242.66221
70,r/SeparatistAlliance,1565,Movies,t5_2nv4a4,1730750242.684753
71,r/SimRacingAdvice,1565,Gaming,t5_4s4iv2,1730750242.7062678
72,r/SpeedrunSeeds,1565,Mature Themes and Adult Content,t5_87uif2,1730750242.729401
73,r/testdrivesolarcrown,1565,Gaming,t5_2nko2x,1730750242.75021
74,r/umidigi,1565,Technology,t5_weyf5,1730750242.771323
75,r/202,1564,196 but cooler put whatever the fuck you want here (but it has to be funny),t5_2tftb,1730750242.794954
76,r/AnimeRanks,1564,Welcome to AnimeRanks,t5_2sj0m,1730750242.816813
77,r/Astonishing,1564,Welcome to Astonishing,t5_2tzab,1730750242.838055
78,r/CE5Contact,1564,Human initiated contact with UFOS/UAPS. Share your story and post videos and pics. Our consciousness will guide the new humanity.,t5_4nhftr,1730750242.860013
79,r/Coinmagic,1564,Hobbies,t5_2uav1,1730750242.8798442
80,r/femboyfrancais,1564,Gender,t5_9a8lad,1730750242.9002151
81,r/HomeImprovementUK,1564,Home and Garden,t5_2yhrw,1730750242.921054
82,r/MagicSystems,1564,"Welcome to r/MagicSystems, a place to tinker, discuss and play with Logical Hard Magic Systems. If you're looking to talk about cool systems like Minecraft's Redstone, post it here. Enchantment type magic would be the most common.",t5_2y4uu,1730750242.941639
83,r/Pinguicula,1564,"For years, Pinguicula have stood in the shadows of the grandiose Nepenthes, Drosera, Sarracenia, and Dioneae, but now it is time they take the throne and rise for all to appreciate their magnificence!",t5_3ge9d,1730750242.962922
84,r/rockncock,1564,"Welcome to /r/rockncock, Reddit's home for pumps and other manually actuated paintball markers.",t5_2xrhs,1730750242.9831302
85,r/sakurakasugano,1564,Anime,t5_3xjlmv,1730750243.003084
86,r/Sudburyguiltfreesex,1564,Mature Themes and Adult Content,t5_6x5sr5,1730750243.023595
87,r/TattooFamily,1564,Art,t5_3lqbhq,1730750243.044777
88,r/TheDailyMuslimRage,1564,A Muslim version of the infamous f7u12 board on Reddit.,t5_2syub,1730750243.06498
89,r/TheLostBoys,1564,Movies,t5_2ukka,1730750243.08635
90,r/tradingpsychology,1564,🧠 Master your emotions; the markets will take care of the rest. This subreddit is dedicated to everything that is trading psychology.,t5_3785v,1730750243.108298
91,r/animalsthathatemagic,1563,Welcome to animalsthathatemagic,t5_fu54s,1730750243.137907
92,r/ClassicFord,1563,a sub for classic Ford owners and fans,t5_3lrvy,1730750243.1590369
93,r/damselettemains,1563,Gaming,t5_6mj0np,1730750243.180373
94,r/examplepacks,1563,Internet Culture and Memes,t5_3nl47,1730750243.200862
95,r/FrikandelVergrijp,1563,Food and Drink,t5_8nvo97,1730750243.22119
96,r/navalarchitecture,1563,Welcome to navalarchitecture,t5_2scr2,1730750243.241819
97,r/physicshomework,1563,Learning and Education,t5_3e0jj,1730750243.2632399
98,r/Poe_AI,1563,Technology,t5_8c3efd,1730750243.282146
99,r/365PhotoProject,1562,A place to share your photos from your photo project.,t5_35yr9,1730750243.303603
100,r/AnnaGunn,1562,Celebrity,t5_4y9jy0,1730750243.32208
101,r/cii,1562,Learning and Education,t5_379pj,1730750243.34013
102,r/citaonica,1562,"Reading, Writing, and Literature",t5_2fhhqv,1730750243.357576
103,r/entlawyer,1562,Mature Themes and Adult Content,t5_5rgoo,1730750243.375221
104,r/hoteldusk,1562,Gaming,t5_3b4td,1730750243.3927732
105,r/MothersMarch,1562,Activism,t5_8509di,1730750243.410542
106,r/NapoleonTotalWar,1562,Gaming,t5_2zrk2,1730750243.428139
107,r/only_rotopp,1562,Mature Themes and Adult Content,t5_afx7ks,1730750243.446613
108,r/ReiShin,1562,Anime,t5_2eguo3,1730750243.4654741
109,r/social_model,1562,Medical and Mental Health,t5_a03dza,1730750243.4842749
110,r/StutzToolkit,1562,Medical and Mental Health,t5_7ei1ih,1730750243.503176
111,r/ToddHoward,1562,Gaming,t5_2tda2,1730750243.521871
112,r/TotalSoccerShow,1562,Podcasts and Streamers,t5_3mxii,1730750243.540648
113,r/TraditionalChinese,1562,"Culture, Race, and Ethnicity",t5_1104l6,1730750243.559402
114,r/wako,1562,Television,t5_12bli0,1730750243.5782552
115,r/wallart,1562,Art,t5_2ryqi,1730750243.597381
116,r/WriteIvy,1562,"Step-by-step formulas for writing graduate SOPs that fill you with confidence, flood your inbox with admission offers, and launch your career as a high-achieving scholar.",t5_6ahg0e,1730750243.616769
117,r/yarg,1562,Gaming,t5_2t54x,1730750243.6386309
118,r/Amarah0t,1561,Grupo para hablar y subir fotos de Amara que linda y su hermoso culo,t5_7lqttv,1730750243.660135
119,r/ComicBookTV,1561,Television,t5_2y2dt,1730750243.6801338
120,r/CovetFashionGame,1561,Gaming,t5_2mayzs,1730750243.699591
121,r/crapeyofbrands,1561,"This subreddit example, a user pictures or video crappy product may submit or simply interesting deviation branded version of the forum. These embodiments may be from past and present. We also encourage some film and television designer more ridiculous examples submitted replace products. Also encourages good ranking (copy fake and shoddy products, rather than like the original vision is very clear and haha funny way)",t5_3akc8,1730750243.7188659
122,r/Daddys_toy,1561,Daddy’s toy- is a world where women are willing to be used as toys for their partners pleasure!!,t5_al0jpd,1730750243.739089
123,r/ExpectedMessi,1561,Sports,t5_ybgej,1730750243.7582579
124,r/GrotRevolushun,1561,Tabletop Games,t5_3oorib,1730750243.77827
125,r/JohnnyBravo,1561,Television,t5_2tcl2,1730750243.79761
126,r/lovehurts,1561,Family and Relationships,t5_2u240,1730750243.817108
127,r/obamaprism,1561,Internet Culture and Memes,t5_25y8nd,1730750243.837038
128,r/PalletWoodProjects,1561,Crafts and DIY,t5_4bvl5o,1730750243.8575711
129,r/randomactsofbirthday,1561,Welcome to randomactsofbirthday,t5_2t7gf,1730750243.876904
130,r/sadreminders,1561,Music,t5_qrtv5,1730750243.897145
131,r/TheNightAgent,1561,Television,t5_4sfdis,1730750243.916636
132,r/therock,1561,Anything and everything related to the following topics: 1. The 1996 Michael Bay film starring Nicolas Cage and Sean Connery 2. Dwayne Johnson,t5_2ssmh,1730750243.9357498
133,r/unexpectedpeepshow,1561,This is a place to post references to the British Comedy Peep Show.,t5_1140k7,1730750243.954676
134,r/Ammunition,1560,Hobbies,t5_2wjhp,1730750243.973587
135,r/architecturememes,1560,"Memes about architects, students, software, buildings, architecture",t5_wz3lj,1730750243.9926531
136,r/BABYMETALReactVideos,1560,Music,t5_3me1v,1730750244.011606
137,r/BeyLeaks,1560,Hobbies,t5_66nzq5,1730750244.0305831
138,r/dfpandas,1560,Welcome to dfpandas,t5_7og6ro,1730750244.0500228
139,r/Eartheater,1560,Music,t5_23hcse,1730750244.0702488
140,r/ENZYM_SocialGame,1560,Crypto,t5_5sirfq,1730750244.0923011
141,r/ExtremisUltimis,1560,Gaming,t5_258jjv,1730750244.136427
142,r/frenchzines,1560,"Reading, Writing, and Literature",t5_6nxv4p,1730750244.471183
143,r/GraphicDesign_History,1560,Art,t5_7sp3cq,1730750244.495865
144,r/KvltMemes,1560,Music,t5_27qery,1730750244.5179331
145,r/multistrada,1560,Cars and Motor Vehicles,t5_397wm,1730750244.5405161
146,r/Natalie_Sole,1560,Sub dedicated to the gorgeous Natalie Sole. Subscribe for updates!,t5_440ab4,1730750244.562783
147,r/PainkillerTVSeries,1560,Television,t5_8zyeik,1730750244.596385
148,r/PassportBrosHQ,1560,Family and Relationships,t5_9kddlh,1730750244.618167
149,r/Pixel4a5G,1560,Technology,t5_2ynfr7,1730750244.6401222
150,r/planebabies,1560,Welcome to planebabies,t5_34oja,1730750244.6632152
151,r/ShawLily4OF,1560,Welcome to ShawLily4OF,t5_6lodqx,1730750244.685138
152,r/swapdex,1560,Crypto,t5_3byfac,1730750244.7836301
153,r/303,1559,Music,t5_2s391,1730750244.802887
154,r/6music,1559,Podcasts and Streamers,t5_2u4lg,1730750244.8297868
155,r/CookingSimulator,1559,Gaming,t5_w47d0,1730750244.849133
156,r/CuratedReps,1559,Fashion,t5_49zqsa,1730750244.868187
157,r/debatemeateaters,1559,Ethics and Philosophy,t5_s3fah,1730750244.887949
158,r/HowardCountyMD,1559,Welcome to HowardCountyMD,t5_2t2b3,1730750244.9073632
159,r/HungryBear,1559,Crypto,t5_49385p,1730750244.9278212
160,r/IdleIktah,1559,Gaming,t5_72ipdg,1730750244.946937
161,r/Lareinasworld,1559,Everything around model Lareinasworld / LaReinaShaw,t5_634ur2,1730750244.9660559
162,r/meninblack,1559,Movies,t5_2togt,1730750244.9855628
163,r/ParanormalNews,1559,"Read, share, and discuss paranormal news stories.",t5_2z9hu,1730750245.005365
164,r/paulsimon,1559,Music,t5_2t9mt,1730750245.024802
165,r/UnityHelp,1559,Programming,t5_ldf8o,1730750245.044254
166,r/VaaniK,1559,Celebrity,t5_3yk3h2,1730750245.064225
167,r/watchpeoplebounce,1559,"Videos of people or certain parts of people bouncing in ways they shouldn't, such as: bouncing off the ground due to a failed chute, head bouncing off the ground after a massive face plant etc. STRICTLY NO DEATHS, SNUFFS, SCHOOL SHOOTINGS",t5_yxs3l,1730750245.0836558
168,r/wear_your_sneakers,1559,this subreddit for those who hate sneakerheads who holding their sneakers in boxes and barely wear them. if you wear/beat your sneakers this subreddit is for you,t5_83orha,1730750245.102763
169,r/workingclass,1559,Activism,t5_4v84ei,1730750245.1229
170,r/Yeojin,1559,A subreddit for YeoJin,t5_3ibca,1730750245.142472
171,r/zoroark,1559,Gaming,t5_37g68,1730750245.163679
172,r/angusmcsix,1558,Music,t5_6h6510,1730750245.185537
173,r/CruiseCrew,1558,Careers,t5_3fbrv,1730750245.204535
174,r/ETSU,1558,Learning and Education,t5_2sss7,1730750245.223567
175,r/FresherTechJobsIndia,1558,Technology,t5_3rai3e,1730750245.242704
176,r/Idle_Kingdom_Defense,1558,Gaming,t5_5peuac,1730750245.261496
177,r/Igorrr,1558,Music,t5_2uhyh,1730750245.2807019
178,r/JetBoats,1558,Hobbies,t5_3llvr,1730750245.299668
179,r/LizzyGreene__,1558,Subreddit dedicated to American actress Lizzy Greene,t5_7x4sc5,1730750245.3198001
180,r/mapswithoutalaska,1558,Maps without Alaska,t5_3glko,1730750245.340492
181,r/mobilelinux,1558,r/mobilelinux is the place for all things handheld running Linux.,t5_6cjcl9,1730750245.362984
182,r/praisethesun,1558,Gaming,t5_2t0qh,1730750245.384133
183,r/PTCruiser,1558,Cars and Motor Vehicles,t5_2wjzd,1730750245.406243
184,r/Sarracenia,1558,Home and Garden,t5_3gf0h,1730750245.427818
185,r/TheJediArchives,1558,Movies,t5_8c1ri5,1730750245.452229
186,r/TheUnitedNordics,1558,Politics,t5_2trgz3,1730750245.474626
187,r/Toronto_Walkers,1558,Outdoors and Nature,t5_6llt3q,1730750245.49506
188,r/AkaiForce,1557,Music,t5_yqnmg,1730750245.514325
189,r/BluechewFree,1557,Medical and Mental Health,t5_23zwcn,1730750245.533421
190,r/CableGirlsNetflix,1557,Television,t5_3k9i9,1730750245.552327
191,r/ChurchOfYuriJahad,1557,Anime,t5_2p6q6y,1730750245.571535
192,r/dankera,1557,Internet Culture and Memes,t5_717qkw,1730750245.590512
193,r/Jada_Facer,1557,Music,t5_3f56w,1730750245.60933
194,r/KwonYuri,1557,Music,t5_2ti01,1730750245.6288419
195,r/landman,1557,Careers,t5_2vbvh,1730750245.647716
196,r/misslupe,1557,Miss Lupe,t5_4p2ely,1730750245.669605
197,r/MoriahJadea2,1557,"A place for fans of model, tiktoker, and Challenge season 38 competitor Moriah Jadea.",t5_7coos1,1730750245.6887949
198,r/NxSwitchModding,1557,Gaming,t5_b9u2jy,1730750245.7087831
199,r/PriusC,1557,Cars and Motor Vehicles,t5_3nv9n,1730750245.728302
200,r/ProgrammingAndTech,1557,Technology,t5_quum5,1730750245.748121
201,r/ScryfallThemes,1557,Tabletop Games,t5_2uaxsh,1730750245.76674
202,r/Sullyoon,1557,"Subreddit for Sullyoon, member of the K-Pop girl group NMIXX",t5_52vm4p,1730750245.7854679
203,r/Volvo850,1557,Cars and Motor Vehicles,t5_1tuoe1,1730750245.804082
204,r/whyaliensdontcallus,1557,This is why the aliens keep ignoring us...,t5_23urss,1730750245.822885
205,r/201,1556,Mature Themes and Adult Content,t5_2t9kf,1730750245.841999
206,r/afl_23,1556,Gaming,t5_83t8ol,1730750245.861025
207,r/babybop_snark,1556,Podcasts and Streamers,t5_b8ubz0,1730750245.879648
208,r/backloggd,1556,Gaming,t5_2ozgsh,1730750245.8987021
209,r/bindingofcontext,1556,A collection of Binding of Isaac quotes out of context. Memorialize a quote today! Banner Credit: u/JPV_09 Icon Credit u/Gaztlygamer64 Icon Edit Credit u/JPV_09,t5_8a9n10,1730750245.9181051
210,r/CarnivoresLodge,1556,Gaming,t5_san40,1730750245.93714
211,r/JukeboxTheGhost,1556,Music,t5_2ug7u,1730750245.956438
212,r/KiniroMosaic,1556,"Reading, Writing, and Literature",t5_320tw,1730750245.976886
213,r/kundalini_yoga,1556,Welcome to kundalini_yoga,t5_33nwp,1730750245.9986172
214,r/megabots,1556,"[MegaBots, Inc.](https://www.kickstarter.com/projects/megabots/megabots-live-action-giant-robot-combat) is making the giant piloted robots and mechs of science fiction a reality, and fighting them in epic arena combat.",t5_349s1,1730750246.020077
215,r/ModelUnitedNations,1556,"r/ModelUN is for high school or college kids who are involved with their respective Model United Nations or International Affairs Societies. This subreddit is for sharing information about conferences, upcoming, present, or past, or just having fun with fellow MUN enthusiasts! Sub Keywords: MUN, Model UN, Model United Nations, MUNC, MUN Conference, UN, United Nations, Model UNC, Model UN C, Model United Nations Conference, Delegate, Best Delegate, Debate, Politics, Global Politics, News, Debate",t5_2wq0w,1730750246.0421708
216,r/nzgaming,1556,Gaming,t5_2trjz,1730750246.064265
217,r/ProgressiveVoice,1556,Podcasts and Streamers,t5_qcnjj,1730750246.085366
218,r/QueenlunaElijahsnark,1556,Podcasts and Streamers,t5_b9j1on,1730750246.10723
219,r/RockNRollMusic,1556,Music,t5_378m2,1730750246.1285892
220,r/ScottGalloway,1556,Podcasts and Streamers,t5_22um3b,1730750246.148483
221,r/Sharesies_nz,1556,"Business, Economics, and Finance",t5_3xet0x,1730750246.1708941
222,r/StreetFoodHQ,1556,Food and Drink,t5_6l4h27,1730750246.191631
223,r/Tapo,1556,Technology,t5_5uw3zi,1730750246.2127318
224,r/wpbagswtdi,1556,"Watch people being a good sport while they die inside. The wholesome, guilt-lite way to watch people die inside",t5_2cfwgf,1730750246.233546
225,r/ChinaMieville,1555,"Reading, Writing, and Literature",t5_2tcyd,1730750246.25465
226,r/COLOSSALCONSUMPTION,1555,Internet Culture and Memes,t5_az7pri,1730750246.275393
227,r/Darkfall,1555,Gaming,t5_2qzn6,1730750246.297069
228,r/formuladankbutbetter,1555,Internet Culture and Memes,t5_2zrwin,1730750246.318291
229,r/FreePress,1555,Politics,t5_58p8bo,1730750246.339096
230,r/Glorantha,1555,Tabletop Games,t5_2yoc2,1730750246.359756
231,r/HistoryOfArsenal,1555,Sports,t5_bc87mu,1730750246.3807192
232,r/HowNealFeel,1555,Podcasts and Streamers,t5_1qswkf,1730750246.4019651
233,r/LexusRX,1555,Cars and Motor Vehicles,t5_47rzft,1730750246.422508
234,r/milkyway,1555,Science,t5_2r1nx,1730750246.44336
235,r/riskuniversalis,1555,Gaming,t5_3fbtx,1730750246.4653811
236,r/sailfishos,1555,Technology,t5_2vkek,1730750246.4871821
237,r/SimoSubreddit,1555,Welcome to the official Simo Subreddit! Post your questions and memes here!,t5_ydl6y,1730750246.509331
238,r/spiritfilledbelievers,1555,Religion and Spirituality,t5_2wd4t,1730750246.53136
239,r/transmusic,1555,"Welcome to r/TransMusic! This is a community to discuss, share, and promote music made by trans people.",t5_2yrpe,1730750246.553388
240,r/USCIS_FORUM,1555,Law,t5_8l3i2q,1730750246.574255
241,r/CelineDion,1554,Celebrity,t5_2snvz,1730750246.596776
242,r/GraceMusic,1554,Music,t5_4n0x7v,1730750246.616391
243,r/lifesimulatorapp,1554,Gaming,t5_w73yk,1730750246.636041
244,r/smallestLucyLawless,1554,Animals and Pets,t5_ch50nl,1730750246.65584
245,r/Wintersun,1554,Music,t5_2tojy,1730750246.675926
246,r/workandtravel,1554,A place for travelers to find places to work during their journeys and for people that need an extra hand and meet new people.,t5_32sr7,1730750246.697641
247,r/YubaCity,1554,Place,t5_2szni,1730750246.718401
248,r/Adorablecreature,1553,Animals and Pets,t5_46s15q,1730750246.739825
249,r/aurateur,1553,Podcasts and Streamers,t5_3hhh7,1730750246.761076
