,subreddit,subscribers,topic,subreddit_id,scraped_utc
0,r/AnovaPrecisionOven,1459,Food and Drink,t5_3e9aqk,1730750394.7983968
1,r/Beamiller,1459,Music,t5_31n7a,1730750394.821075
2,r/comicbookgirl19,1459,Podcasts and Streamers,t5_35gjo,1730750394.840241
3,r/DadBloggers,1459,"Links to posts, podcasts, pictures, and whatevers from blogging dads",t5_309er,1730750394.85937
4,r/ImaginaryMaidens,1459,Sister sub to r/Medieval_Romanticism. A location for classic maidens illustrations unrestricted from historical periods.,t5_7c3p7z,1730750394.878618
5,r/MonikaPietrasinska,1459,"This is a subreddit dedicated to one of Poland's most beautiful women, Monika Pietrasinska.",t5_2wtfj,1730750394.9077811
6,r/Nihad_sdttt,1459,Canal sur Nihad_sdt !!! Interdit de poster sur d’autres ! Que son gros cul et ces gros seins ici N’hésites pas à le partager 🙃,t5_bryc98,1730750394.927861
7,r/NotForBroadcast,1459,Gaming,t5_2e8emv,1730750394.947016
8,r/plantadvice,1459,Outdoors and Nature,t5_2p3897,1730750394.966345
9,r/SchlockMercenary,1459,"Reading, Writing, and Literature",t5_2vk6h,1730750394.985611
10,r/stewhats,1459,That's no Pie!,t5_q2erf,1730750395.06768
11,r/tenderlybae,1459,Celebrity,t5_4wjqmy,1730750395.087863
12,r/therewasasuccess,1459,Welcome to therewasasuccess,t5_5hhv40,1730750395.1194339
13,r/thimbleweedpark,1459,Gaming,t5_35usd,1730750395.13822
14,r/TuningVerbrechen,1459,Cars and Motor Vehicles,t5_ccdf66,1730750395.156961
15,r/Visio,1459,Technology,t5_2sj7g,1730750395.175777
16,r/AngelaAguilar_New,1458,A PLACE TO POST PICTURES & VIDEOS OF ANGELA AGUILAR HAVE FUN & BE RESPECTFUL,t5_93xt95,1730750395.1948318
17,r/daemonology,1458,"Daemonology is the systematic study of Spiritual beings and beliefs about them: Daemons are supernatural/superhuman beings that are not gods, though depending on the religion they may be related to, or may serve underneath a deity. This include things such as Demons, Angels, Fae, and a number of other seemingly mythological creatures.",t5_2uvbk,1730750395.213731
18,r/FootballChairman,1458,Gaming,t5_2bi1ra,1730750395.232678
19,r/GamerVideos,1458,Podcasts and Streamers,t5_3552v,1730750395.251463
20,r/Gemstones_Buy_Sell,1458,"A subreddit to buy, sell and showcase natural gemstones! 💎 Only post with images and videos. Not allow any outside links. you can list your gemstones here. Feel free to ask a question or post a pictures/videos. No outside links please.",t5_5dz9ub,1730750395.2707012
21,r/learncss,1458,A place to learn CSS in a community!,t5_2slkf,1730750395.29025
22,r/Nakshatras,1458,Religion and Spirituality,t5_3v8uw0,1730750395.309255
23,r/ngage,1458,Gaming,t5_2skye,1730750395.328259
24,r/OurWorldOfPixels,1458,Art,t5_3hm2e,1730750395.34732
25,r/pearlnet,1458,Welcome to pearlnet,t5_a104w1,1730750395.3666902
26,r/shadownet,1458,Tabletop Games,t5_2tkxj,1730750395.385553
27,r/SnipingSoup,1458,Internet Culture and Memes,t5_29c1tf,1730750395.4047081
28,r/TalkSquad,1458,Meta/Reddit,t5_6wsda4,1730750395.4236412
29,r/thecreamofyoutube,1458,"The YouTube comment section has always been a low hanging fruit for subreddits like /r/comedycemetery. Edgelords, dumb people and other great members of society in one place. Now, you can dump all the YouTube comment section *wince* you find in one place, /r/thecreamofyoutube.",t5_3opfl,1730750395.4423869
30,r/TheTrench,1458,Funny/Humor,t5_4wr6y6,1730750395.4615932
31,r/ultimatealliance,1458,Gaming,t5_388ho,1730750395.481815
32,r/vendir,1458,Gaming,t5_5gbru7,1730750395.501537
33,r/AngelsWithScalyWings,1457,Gaming,t5_3ismg,1730750395.520243
34,r/DarceChokes,1457,"A subreddit for examples, discussion, instruction and troubleshooting for all things related to the D'arce choke (as well as other nogi chokes)",t5_3gk2h,1730750395.5394719
35,r/DnDBuilds,1457,Hobbies,t5_mszup,1730750395.558374
36,r/HealingPlants,1457,"A portal and destination for essential oils, plants and herbs and natural self healing. We have information on the distressed body, tips to help, blending techniques and so much more!",t5_3ho52,1730750395.577279
37,r/ididntknowineededthat,1457,Stuff that you didn’t know you needed. While browsing the internet you can find tons of cool things that you never knew you wanted. Feel free to post any of your findings!,t5_2nmgwy,1730750395.597399
38,r/jonboats,1457,Cars and Motor Vehicles,t5_59slmg,1730750395.616682
39,r/Meteorfall,1457,Gaming,t5_3oyku,1730750395.635704
40,r/plantmorgue,1457,Outdoors and Nature,t5_7juvp9,1730750395.6547651
41,r/sofiareyes,1457,"News, videos and pics of Sofia Reyes",t5_3d3fn,1730750395.67387
42,r/Stoffelwaffle,1457,"We all know our Stoffel Vandoorne is the best F1 driver in the history of F1. So he deserved a masterful sub, but got this instead.",t5_3ovj2,1730750395.693354
43,r/TacoPlanet,1457,Crypto,t5_9f6mna,1730750395.712998
44,r/xiaoventi,1457,"A place where people who ship and/or just love Xiao and Venti from Genshin Impact can come enjoy the two and have fun! ❤️ avatar: yeetoldy, banner: Maquesu1",t5_4sbtnz,1730750395.732115
45,r/XtremeG,1457,Technology,t5_2v6ce,1730750395.7519639
46,r/airportfreakout,1456,Internet Culture and Memes,t5_7pgc74,1730750395.770943
47,r/autostereograms,1456,Art,t5_2u2h1,1730750395.790797
48,r/ChinoHills,1456,Place,t5_2togw,1730750395.809904
49,r/CRAWLR,1456,Tabletop Games,t5_11odcy,1730750395.829431
50,r/jadeempire,1456,Gaming,t5_379ys,1730750395.847954
51,r/LongevityHub,1456,Science,t5_7xv3z2,1730750395.866451
52,r/nationaluniversity,1456,Learning and Education,t5_2wkb5,1730750395.885275
53,r/PalantirInvestorsClub,1456,"Business, Economics, and Finance",t5_3e8p5z,1730750395.9042208
54,r/TheAnimationCoven,1456,Television,t5_3aaqci,1730750395.923079
55,r/AccusedGoI,1455,Television,t5_2nq9r3,1730750395.942555
56,r/cattledecapitation,1455,Music,t5_2snd6,1730750395.962296
57,r/empireofthesun,1455,Music,t5_2xp3s,1730750395.982133
58,r/GardenersWorld,1455,Home and Garden,t5_2ct1mu,1730750396.00134
59,r/Gloomwood,1455,Gaming,t5_2ri91b,1730750396.020546
60,r/hannahmontana,1455,Television,t5_2upgy,1730750396.039768
61,r/Hornblower,1455,Movies,t5_2wno2,1730750396.0584629
62,r/ImaginaryStarcraft,1455,Imaginary Starcraft: A place for all Starcraft artwork! [](/imtrackinglink),t5_2zukz,1730750396.0789728
63,r/JennaOrtegaBABY,1455,Mature Themes and Adult Content,t5_a45s4f,1730750396.098249
64,r/Kapampangan,1455,"Culture, Race, and Ethnicity",t5_2zin1,1730750396.118077
65,r/MichaelMalice,1455,Podcasts and Streamers,t5_3l4x6,1730750396.137163
66,r/MurderByDeath,1455,Music,t5_2s4yq,1730750396.156259
67,r/PerCapitaBragging,1455,Welcome to PerCapitaBragging,t5_2vji1,1730750396.176053
68,r/PizzaIsNotWorking,1455,Furthering the Pharmacy Profession by promoting safe working environments and better pay for Retail Pharmacists and Technicians,t5_5eo5o6,1730750396.194955
69,r/RadiataStories,1455,Gaming,t5_3f6ul,1730750396.214874
70,r/redditblack,1455,#1 CoD Clan & Reddit's top gaming community.,t5_2v6le,1730750396.235295
71,r/ReviewOnly,1455,Mature Themes and Adult Content,t5_bllf02,1730750396.2555368
72,r/SaveCosmo,1455,Gaming,t5_35kpdk,1730750396.2761412
73,r/trsec,1455,"Siber güvenlik ile ilgili Türkçe paylaşım, duyuru ve sohbet alanı. / A subreddit for sharing things about cyber security in Turkish.",t5_271aqi,1730750396.296649
74,r/undergroundmusicpromo,1455,Music,t5_56bin6,1730750396.31688
75,r/USPE08,1455,Welcome to USPE08,t5_2qh2c,1730750396.3360388
76,r/ClosedEyeVision,1454,"Exploring vision while blindfolded, as taught by training programs around the world, as well as experiences of closed-eye seeing in meditation, altered states and blindness. Please read the stickied welcome post. Click 'Hot' if you don't see it.",t5_2bziu2,1730750396.356425
77,r/DogsBeingCarried,1454,A place to share pics or videos of dogs being carried by their human friends!,t5_mkjlp,1730750396.375911
78,r/exorthodox,1454,Religion and Spirituality,t5_3bx0x,1730750396.3961642
79,r/f1Academy,1454,Sports,t5_7wz1bt,1730750396.4156501
80,r/GenshinPilots,1454,Gaming,t5_7jiizq,1730750396.4355352
81,r/gw2esports,1454,"This is a subreddit dedicated to Guild Wars 2 PvP. Articles on teams, the business in relation to GW2, as well as upcoming tournaments will be only a few of the things focused on in this subreddit. Come for the theorycrafting, stay for the community.",t5_2u9uq,1730750396.454835
82,r/HouseDesign,1454,A place to discuss the style and design of our homes.,t5_2uh3w,1730750396.4740999
83,r/pissposting,1454,Funny/Humor,t5_3ofy06,1730750396.493123
84,r/propreplicas,1454,Crafts and DIY,t5_aajb48,1730750396.5129101
85,r/ThePokemonHub,1454,Gaming,t5_11pew0,1730750396.5324218
86,r/Waseda,1454,Learning and Education,t5_3m1rn,1730750396.552431
87,r/artificialneurons,1453,A subreddit for Artificial Intelligence and Deep Learning. ChatGPT Large Language Models Transformers,t5_3itxo,1730750396.572567
88,r/buddhist,1453,Religion and Spirituality,t5_33237,1730750396.591808
89,r/crappyarchitecture,1453,"This subreddit is dedicated to bad architecture, discussing everything from the exteriors of buildings to plumbing, electrical, bathrooms, doors, and so on. If it is part of a manmade structure and it was done poorly, then it is welcome here.",t5_30y7w,1730750396.610888
90,r/datasatanism,1453,Internet Culture and Memes,t5_7uy8ml,1730750396.629924
91,r/Eelam,1453,"Culture, Race, and Ethnicity",t5_2zra6,1730750396.6488361
92,r/Goldador,1453,Animals and Pets,t5_3kgpw,1730750396.667935
93,r/immutablexAds,1453,This community is to advertise your projects that are on ImmutableX Marketplace.,t5_54g7eo,1730750396.6868532
94,r/indiancricketcrowd,1453,Sports,t5_bb133z,1730750396.705628
95,r/Lightworks,1453,Technology,t5_2vi2g,1730750396.7245529
96,r/Milliebobbiebrown11,1453,Celebrity,t5_39z9pt,1730750396.743283
97,r/powerlifters,1453,Fitness and Nutrition,t5_38zo0,1730750396.7622652
98,r/pulumi,1453,Programming,t5_s43b2,1730750396.781947
99,r/RooTV,1453,Television,t5_6g2ahr,1730750396.802409
100,r/shawtgal49snark,1453,Snark page for shawtgal49 and her family,t5_9ikrtp,1730750396.822859
101,r/StandAtlantic,1453,Music,t5_mu7kk,1730750396.842825
102,r/Steamship,1453,We moved to r/TuxedoGaming https://new.reddit.com/r/TuxedoGaming/,t5_2w02d,1730750396.861873
103,r/sweddpolitik,1453,Politics,t5_5muird,1730750396.881545
104,r/tabs6,1453,Technology,t5_23yzbf,1730750396.90065
105,r/TheHOTReport,1453,Mature Themes and Adult Content,t5_7bgqpn,1730750396.9205709
106,r/vaeter,1453,Family and Relationships,t5_5yp8bf,1730750396.9400342
107,r/wiremod,1453,Gaming,t5_2rr6u,1730750396.960474
108,r/AIMControllers,1452,Gaming,t5_poe0q,1730750396.980748
109,r/AskRedditKpop,1452,Music,t5_2w9ut1,1730750397.0004952
110,r/BNWOsissypersonals,1452,"A dedicated personals subreddit, for sissy loving BBC kings, and BNWO dedicated sissies, to find each other.",t5_bw9rn8,1730750397.019419
111,r/cbaduk,1452,Everything related to the usage of computers for the game of Go: from game databases to development of Go-playing AI.,t5_4bia9,1730750397.038529
112,r/Chengxiao,1452,"Subreddit dedicated to Chengxiao, our favourite member of WJSN!",t5_3jvnz,1730750397.059114
113,r/comicbookgrading,1452,"Reading, Writing, and Literature",t5_3ompcs,1730750397.078665
114,r/DallasSocialLife,1452,Place,t5_3nb93o,1730750397.098201
115,r/DigitalProductKey,1452,"Welcome to r/digitalproductkey! This community is dedicated to discussions about buying, selling, and using digital software keys, including Windows, Office, and more. Share your experiences, get advice on activation and troubleshooting, and stay updated on the latest deals. Please follow our rules, avoid sharing illegal content, and let's keep this a helpful space for all software enthusiasts.",t5_7bl2dq,1730750397.117256
116,r/ExJwPIMOandPOMO,1452,Religion and Spirituality,t5_2y6153,1730750397.136082
117,r/fakeFoods,1452,Food and Drink,t5_4aprny,1730750397.1550138
118,r/HomerDuBois,1452,Art,t5_5ggpi7,1730750397.174017
119,r/jimhenson,1452,Art,t5_2t5m5,1730750397.1928692
120,r/MOGuns,1452,Mature Themes and Adult Content,t5_32yej,1730750397.212097
121,r/Owlsinhats,1452,We're here to fulfill your inevitable need for pictures of owls in hats,t5_3alwl,1730750397.230927
122,r/PerfectTower,1452,Gaming,t5_3dcus,1730750397.2512069
123,r/projectcarbuilds,1452,Post up a build thread for your project car! LOTS of pictures along the way are encouraged. Where did you start? What did you do? Where is your car now? I love to see the build of any/all cars so this is a sub for those of you who share the enjoyment of seeing a build that was documented from start until finish. Please don't post a new thread ever single step of the way... but once you reach a milestone? I'm sure folks would be glad to hear about it!,t5_2wi5i,1730750397.271845
124,r/sebastopol,1452,Place,t5_2tubp,1730750397.2915452
125,r/StatenIslandPulse,1452,Place,t5_9am3ku,1730750397.313071
126,r/TheGreatSteppe,1452,History,t5_2g5erv,1730750397.334497
127,r/TikiRoom,1452,"Videos, news, and photographs of the famous attraction located at multiple Disney parks.",t5_3e6vc,1730750397.356677
128,r/zork,1452,Gaming,t5_2ry3p,1730750397.377569
129,r/AkirayassIG,1451,Welcome to AkirayassIG,t5_agplhy,1730750397.399429
130,r/CavalryFC,1451,Sports,t5_ih7mi,1730750397.420444
131,r/freshwaterfish,1451,Animals and Pets,t5_2uc2f,1730750397.442573
132,r/JadeLaui,1451,Technology,t5_b5i9bu,1730750397.463916
133,r/Jessiegang,1451,Gaming,t5_wljyw,1730750397.4855108
134,r/Kofi,1451,Technology,t5_5drsr5,1730750397.507422
135,r/LithiumMemes,1451,A we have memes dedicated to 3rd element of the periodic table.,t5_x56lm,1730750397.5287838
136,r/LoveOnTourTix,1451,Music,t5_53j66x,1730750397.549315
137,r/MichaelJacksonLegacy,1451,Celebrity,t5_7uylke,1730750397.5722492
138,r/nunamillionn,1451,We back,t5_80tp5h,1730750397.592159
139,r/parentsruiningkids,1451,Ethics and Philosophy,t5_3nxj2w,1730750397.611265
140,r/Suomipelit,1451,Gaming,t5_2st1i,1730750397.6299121
141,r/thedexcult,1451,Activism,t5_4nzgra,1730750397.647925
142,r/thePenelopeFord,1451,A subreddit for current AEW star Penelope Ford. Mrs. Sabian is an incredibly talented and physically gifted performer who deserves a subreddit to call her own. - Crossposting Welcomed -,t5_6zc8g4,1730750397.666805
143,r/Wooper,1451,Gaming,t5_2u3ch,1730750397.685258
144,r/BMW2Series,1450,Cars and Motor Vehicles,t5_3ifny,1730750397.7030761
145,r/BostonComedy,1450,This community promotes the Boston comedy scene.,t5_2s88c,1730750397.721132
146,r/FatFireAU,1450,"Business, Economics, and Finance",t5_51quhu,1730750397.7409768
147,r/HikingAustralia,1450,Outdoors and Nature,t5_3f5mdj,1730750397.7591648
148,r/HudsonCounty,1450,"North Bergen, Union City, Guttenberg, West New York, Weehawken, Hoboken, Jersey City, Bayonne, Kearny, Harrison, East Newark, Secaucus",t5_2uaps,1730750397.778605
149,r/Jayda_AndFriends,1450,Celebrity,t5_budkaa,1730750397.797801
150,r/Karlson3D,1450,Gaming,t5_2d4ist,1730750397.8160799
151,r/KriselleFanclub,1450,Gaming,t5_3jpb2l,1730750397.833889
152,r/mammamia,1450,Art,t5_lqssy,1730750397.8516312
153,r/MichaelFassbender,1450,"Michael Fassbender was born April 2nd, 1977. He is known for his calm demeanour and borderline-dangerous portrayal of villains and/or dark, complex characters. His father is German and his mother Irish. Born in Germany but raised in Killarney.",t5_2u2um,1730750397.87143
154,r/MountainWest,1450,Sports,t5_2w1yk,1730750397.889499
155,r/MsBreezy,1450,Podcasts and Streamers,t5_hx42k,1730750397.907862
156,r/nellyfurtado,1450,Music,t5_2z4br,1730750397.9263449
157,r/persuasion,1450,Welcome to persuasion,t5_2r9ib,1730750397.945188
158,r/PokemonROM,1450,Gaming,t5_68d7sr,1730750397.963957
159,r/ShiftingToTheMCU,1450,Hobbies,t5_4r3w12,1730750397.982636
160,r/TheSunDevils,1450,Sports,t5_ql78a,1730750398.0019011
161,r/tryintomakeachange,1450,Welcome to /r/tryintomakeachange Tryin to make a change :-\,t5_39aq3,1730750398.020736
162,r/VeganLA,1450,Food and Drink,t5_39l1q,1730750398.040829
163,r/yurimanga,1450,Share and discuss yuri (girl x girl) manga or manhua.,t5_25dhmx,1730750398.0596669
164,r/BlackMenWithBeards,1449,Men's Health,t5_6a3dbg,1730750398.082129
165,r/centralflorida,1449,"This is a subreddit to discuss some things related to the Central Florida area. This is not a subreddit to attempt to monetize your social media channel. As we are reopening this group, we will be limited to text posts only. Please do not post anything not safe for work.",t5_2s57n,1730750398.104032
166,r/CentralPark_,1449,Funny/Humor,t5_2jrx4t,1730750398.123533
167,r/ChinaNoCensorship,1449,Politics,t5_7hu3i0,1730750398.143347
168,r/climatetown,1449,Activism,t5_3renov,1730750398.163288
169,r/DevilMightCry,1449,Internet Culture and Memes,t5_7aa78i,1730750398.183784
170,r/EverydayAstronaut,1449,Welcome to EverydayAstronaut,t5_3p9ap,1730750398.203157
171,r/FemBoydatingsub,1449,Gender,t5_bf9cw7,1730750398.223458
172,r/Gaming_Geek,1449,Gaming,t5_2sdyr,1730750398.246121
173,r/HearingVoicesNetwork,1449,"The Hearing Voices Network spans over 40 countries, all involved are experiencers. 1-10% of the world’s population report this and similar phenomena. >85% of experiencers participating in this Open Dialogue method of peer led community report wellness into full recovery within 5 years. This is with <10% taking any medications, generally no anti-psychotics are involved. See our FREE 7-DAY CALENDAR to join us. We do not tell others what to believe or do, an illness framework is not necessary.",t5_9dskeo,1730750398.265878
174,r/overdoseGrief,1449,Family and Relationships,t5_w8tb4,1730750398.286558
175,r/paypigsupportforum,1449,"A place for finsubs/cash subs/paypigs to be able to come for support. Dommes and Doms can post in here, but no promotion and it needs to be done with respect those posting here to get support.",t5_90yi4i,1730750398.306921
176,r/SimSync,1449,Gaming,t5_vhoon,1730750398.326236
177,r/Squirtle_Squad,1449,"Solo baddies masturbating, squirting, playing with 😻 and playing with toys 💦💦💦",t5_co3owq,1730750398.3445609
178,r/TeddyFreshMarketplace,1449,Fashion,t5_5fjx3j,1730750398.362905
179,r/travisscottmerch,1449,Fashion,t5_2ca1wy,1730750398.380544
180,r/UltimateFrisbee,1449,Welcome to UltimateFrisbee,t5_2sgb7,1730750398.398278
181,r/WeLoveWomenAlllllDay,1449,Mature Themes and Adult Content,t5_booaiu,1730750398.415775
182,r/whitecastle,1449,Food and Drink,t5_2t3wh,1730750398.433407
183,r/Wodehouse,1449,"A community for people who enjoy the works of Sir Pelham ""Plum"" Grenville Wodehouse.",t5_2tpph,1730750398.45103
184,r/worldconqueror3,1449,Gaming,t5_lgiw7,1730750398.468833
185,r/FloridaTrueCrime,1448,All things True Crime in Florida,t5_230c38,1730750398.488055
186,r/GoblinReincarnation,1448,Gaming,t5_3jdo1,1730750398.506592
187,r/ImSorryKids,1448,"Sam has transcended beyond his corporeal form of stick figures and MS paint. Embrace this new form, or be divided in his sight.",t5_24dtos,1730750398.5255208
188,r/Mickstape,1448,Podcasts and Streamers,t5_fzk3k,1730750398.5435898
189,r/Montages,1448,Gaming,t5_2s91m,1730750398.5613508
190,r/NDERF,1448,"A place to discuss nderf.org, created by Dr. Jeffrey Long, where people who experienced the phenomena of a Near Death Experience post descriptions of what happened to them. Discussion of his other sites welcome is welcome, too; OBERF.org and ACDRF.org. This sub has no affiliation with Dr. Long or his websites, this is fan run.",t5_3lierx,1730750398.579177
191,r/NissanMaxima,1448,This subreddit is for all things having to do with the Nissan Maxima. Post pictures and and feel free to ask any questions you may have.,t5_3luho,1730750398.596726
192,r/StarWarsLife,1448,Movies,t5_2h20gb,1730750398.614377
193,r/StraightTransLadies,1448,Gender,t5_b3nqxk,1730750398.631958
194,r/TavernofTrinkets,1448,"Illustrated Magic Items for the world's greatest roleplaying game, created weekly.",t5_26c0ik,1730750398.649643
195,r/technicalwriting101,1448,Careers,t5_820i5q,1730750398.669027
196,r/tumblrhappened,1448,A sub for tumblr stories that probably never happened.,t5_235rks,1730750398.686831
197,r/ultracycling,1448,Ultracycling is dedicated to the discussion of ultra-distance bike races. This can be anything from the Arrowhead 135 to the RAAM. As we grow there'll be links to popular races here in the sidebar.,t5_39tyy,1730750398.7049549
198,r/GirlProblems,1447,Welcome to GirlProblems,t5_2tajt,1730750398.722951
199,r/Hekate101,1447,"Information and Resources for learning about the goddess Hekate within the contexts of Witchcraft, Magick, Sorcery, and Devotion. If you're a beginner looking for information, books, and educational resources, you're in the right place! This is an Occult subreddit with an emphasis on Historical Documentation and Practical Methods. NO SPAM OR ADVERTISEMENTS FOR PERSONAL SERVICES.",t5_94qe7j,1730750398.7408488
200,r/Love_Without_Borders,1447,Television,t5_7hsykj,1730750398.759615
201,r/MC707,1447,Music,t5_253u3m,1730750398.778698
202,r/MetalAniMemes,1447,Internet Culture and Memes,t5_2i97o5,1730750398.798166
203,r/MissMichelleyGGGG_GGG,1447,"RULES: This is mean to be a fun group where we all can take about a fun person we all love to watch. So, any Harassment will result in a ban from said group. Secondly, no selling of any sort without express permission from me. Will also result a permanent ban from this group and any further groups I may create.",t5_bxvwhd,1730750398.817617
204,r/newmemes,1447,Internet Culture and Memes,t5_2rwgy,1730750398.837148
205,r/norskmusikk,1447,En subreddit for musikk med norske artister og band. Gjerne også på norsk,t5_2vp7h,1730750398.859234
206,r/opz,1447,Music,t5_334y1,1730750398.8795462
207,r/pinkiepie,1447,"Pinkie Pie, aka Best Pony.",t5_2so83,1730750398.9032152
208,r/Rakingthemuck,1447,Politics,t5_3vj2ew,1730750398.9238951
209,r/SexyNN,1447,"Posts of clothed but sexy women in the public spotlight, including: actresses, models, singers, athletes or other sexy celebs",t5_36vrl,1730750398.945059
210,r/stagemanagement,1447,Welcome to stagemanagement,t5_2tv1c,1730750398.9661388
211,r/UofIdahoMurders,1447,Law,t5_7evffu,1730750398.9880059
212,r/25DimensionalSeduct,1446,Anime,t5_7i6cej,1730750399.009635
213,r/AnneCarstenssenn,1446,Sexy girl from denmark 🇩🇰 @Annecarstensennn on instagram!,t5_3oz5g1,1730750399.029571
214,r/AYearOfLesMiserables,1446,"Reading, Writing, and Literature",t5_setbv,1730750399.049973
215,r/CatsWMasks,1446,Animals and Pets,t5_6i9vg3,1730750399.068467
216,r/DavidSedaris,1446,All things related to that marvel of letters: David Sedaris,t5_3jd6p,1730750399.086876
217,r/foundlennon_lenin,1446,Internet Culture and Memes,t5_8qmmzu,1730750399.105143
218,r/hunactors,1446,"Magyar színészek, színésznők",t5_637x4o,1730750399.124665
219,r/IPFS_Hashes,1446,Technology,t5_37oqg,1730750399.143584
220,r/ITCerts4Vets,1446,This community is for Veterans who are interested in getting into Tech as a career field.,t5_820fy7,1730750399.161547
221,r/jotchua,1446,Funny/Humor,t5_4aopb7,1730750399.1793642
222,r/melbournestorm,1446,Sports,t5_2vzbm,1730750399.1969652
223,r/MochiSwap,1446,Crypto,t5_42xkwn,1730750399.214653
224,r/nekojishigame,1446,Gaming,t5_4bopb,1730750399.232214
225,r/scienceforhire,1446,Jobs and career guidance for scientists!,t5_2srke,1730750399.2512798
226,r/StevieWonder,1446,Music,t5_2u6oh,1730750399.270741
227,r/Sturniolotripletsnark,1446,Celebrity,t5_af6dom,1730750399.290009
228,r/TravelProperly,1446,Travel,t5_akkiyb,1730750399.3082821
229,r/UgliesBooks,1446,"Reading, Writing, and Literature",t5_6yn2ke,1730750399.326231
230,r/WeLikeTheStonks,1446,Don’t let meme stonks be dream stonks.,t5_3t0o8j,1730750399.3445601
231,r/whywasthisrecommended,1446,When something particularly odd pops up on your feed...,t5_zqwws,1730750399.362282
232,r/WoodFiredOvens,1446,Welcome to WoodFiredOvens,t5_313vd,1730750399.3807008
233,r/Baddieviral_3,1445,Teamwork makes the dream work (+18),t5_715nf8,1730750399.398649
234,r/BouncyBootyNation,1445,Welcome to BouncyBootyNation,t5_c21fgu,1730750399.416466
235,r/celebrityblender,1445,celebrity face swaps/morphs,t5_zl658,1730750399.435057
236,r/EdenSher,1445,Celebrity,t5_2u48w,1730750399.454342
237,r/Eitr,1445,Gaming,t5_38sfy,1730750399.47387
238,r/factor75,1445,Food and Drink,t5_4g7ugm,1730750399.49566
239,r/GalaxyA70,1445,Technology,t5_102tr5,1730750399.517635
240,r/GonkDroid,1445,Movies,t5_h2r50,1730750399.53743
241,r/Gorefield,1445,Internet Culture and Memes,t5_kch2f,1730750399.557515
242,r/GreenleafTV,1445,Television,t5_ks8lx,1730750399.5773041
243,r/IFerg,1445,Gaming,t5_28y9mc,1730750399.597138
244,r/PokemonPearl,1445,Gaming,t5_2btmjo,1730750399.6167061
245,r/republicanjesusNFT,1445,Crypto,t5_5h9e7w,1730750399.635259
246,r/RickyBerwick,1445,Internet Culture and Memes,t5_3hetu,1730750399.653224
247,r/slotslv,1445,"An unofficial Reddit forum where Slots LV online casino can be discussed. Chat about anything related to Slots.LV, such as Slots LV bonuses and offers, Slots LV casino games and slots, Slots LV deposit and cashouts, and Slots LV customer support. Users are encouraged to share big wins from Slots LV! Gamble responsibly.",t5_2uhtow,1730750399.671318
248,r/unexpectedpinkfloyd,1445,"When you find Pink Floyd in an unexpected place, come here.",t5_3ja6z,1730750399.6890519
249,r/WestCoastTrail,1445,Outdoors and Nature,t5_3incm,1730750399.70661
