,subreddit,subscribers,topic,subreddit_id,scraped_utc
0,r/ForgottenTV,80452,Television,t5_3avoz,1730746123.9114082
1,r/modular,80413,Music,t5_2qzdf,1730746123.942593
2,r/Makeup101,80388,Beauty and Makeup,t5_38dux,1730746123.9702458
3,r/GalaxyFold,80387,Technology,t5_stiwr,1730746123.999085
4,r/FearAndHunger,80378,Gaming,t5_uoe16,1730746124.025713
5,r/throneandliberty,80360,Gaming,t5_59294v,1730746124.06579
6,r/UniSwap,80339,Crypto,t5_2xd5z,1730746124.091153
7,r/haskell,80233,Programming,t5_2qh36,1730746124.1162
8,r/NBATalk,80226,Sports,t5_4tzb0i,1730746124.1412108
9,r/Pokemongiveaway,80203,Gaming,t5_2ub11,1730746124.168972
10,r/Poems,80169,"Reading, Writing, and Literature",t5_2qt6v,1730746124.26596
11,r/Blessed_Images,80142,Internet Culture and Memes,t5_3nchd,1730746124.294324
12,r/ViratKohli,80120,Sports,t5_35lr4,1730746124.365443
13,r/PostMalone,80112,Music,t5_3acc3,1730746124.399413
14,r/ScottishFootball,80073,Sports,t5_2sba4,1730746124.4345229
15,r/Omaha,80071,Place,t5_2qihb,1730746124.470419
16,r/Emuwarflashbacks,80059,Internet Culture and Memes,t5_3box8,1730746124.501963
17,r/ShuumatsuNoValkyrie,80047,Anime,t5_vzop7,1730746124.534127
18,r/CodingHelp,80014,Programming,t5_39s7p,1730746124.563793
19,r/foodbutforbabies,79961,Food and Drink,t5_8fry7f,1730746124.5927901
20,r/MotionDesign,79916,Art,t5_2rsyx,1730746124.6206279
21,r/pinoy,79903,Place,t5_2qk7x,1730746124.6470342
22,r/casualknitting,79858,Crafts and DIY,t5_2wdrw,1730746124.671498
23,r/Fish,79841,Animals and Pets,t5_2qq7p,1730746124.693471
24,r/deusasbrazil,79809,Mature Themes and Adult Content,t5_4wa9v6,1730746124.714706
25,r/MB2Bannerlord,79778,Gaming,t5_2vey8,1730746124.736247
26,r/Autobody,79761,Cars and Motor Vehicles,t5_2r7jk,1730746124.75776
27,r/CreateMod,79727,Gaming,t5_2rxvxr,1730746124.7793689
28,r/Defeat_Project_2025,79719,Politics,t5_awm0du,1730746124.798896
29,r/RareHouseplants,79711,Home and Garden,t5_28f8wf,1730746124.817919
30,r/aphextwin,79708,Music,t5_2si2q,1730746124.836948
31,r/DMDadJokes,79664,Tabletop Games,t5_33jx8,1730746124.855946
32,r/SVU,79664,Television,t5_2t476,1730746124.875356
33,r/soundcloud,79649,Music,t5_2rny1,1730746124.8969312
34,r/consciousness,79643,Ethics and Philosophy,t5_2qktt,1730746124.9163141
35,r/algorand,79629,Crypto,t5_3k6uh,1730746124.937655
36,r/Chandigarh,79618,Place,t5_2sh02,1730746124.961801
37,r/VEDC,79606,Cars and Motor Vehicles,t5_2x2h6,1730746124.98403
38,r/AskMec,79591,Learning and Education,t5_8bbar3,1730746125.0060768
39,r/KamalaHarris,79590,Politics,t5_39xih,1730746125.0292249
40,r/HomePod,79578,Technology,t5_3lmx3,1730746125.05351
41,r/Portuguese,79564,Learning and Education,t5_2sqn7,1730746125.075365
42,r/rav4club,79563,Cars and Motor Vehicles,t5_360rn,1730746125.0972302
43,r/NMSGalacticHub,79558,Gaming,t5_3ha7e,1730746125.11848
44,r/abovethenormnews,79510,Internet Culture and Memes,t5_8ppmnc,1730746125.140191
45,r/PHJobs,79494,Careers,t5_7sdlb,1730746125.1626759
46,r/unRAID,79494,Technology,t5_2sn94,1730746125.185398
47,r/YangForPresidentHQ,79483,Politics,t5_j1rvz,1730746125.206646
48,r/dykesgonemild,79477,Gender,t5_2tpgb,1730746125.2291079
49,r/Intelligence,79446,Military,t5_2qugo,1730746125.25146
50,r/GoodPizzaGreatPizza,79429,Gaming,t5_dyera,1730746125.273551
51,r/mechanics,79383,Careers,t5_2rqxu,1730746125.2961988
52,r/custommagic,79347,Tabletop Games,t5_2sbcz,1730746125.3188212
53,r/onlyfanzzzUnleashed,79311,Mature Themes and Adult Content,t5_8os2hf,1730746125.340808
54,r/homesecurity,79304,Home and Garden,t5_2rs99,1730746125.388361
55,r/BossfightUniverse,79251,"Reading, Writing, and Literature",t5_3ppz5,1730746125.413994
56,r/PacificCrestTrail,79251,Outdoors and Nature,t5_2vm9c,1730746125.439445
57,r/digitalminimalism,79244,Technology,t5_2uaw0,1730746125.466563
58,r/whenwomenrefuse,79229,Activism,t5_2994co,1730746125.493163
59,r/BmwTech,79201,Cars and Motor Vehicles,t5_30c6x,1730746125.519121
60,r/dbxv,79201,Anime,t5_36228,1730746125.54447
61,r/CloneHero,79194,Gaming,t5_3o3es,1730746125.5701818
62,r/IndianTeenagers,79188,Internet Culture and Memes,t5_2zhzn,1730746125.59565
63,r/seventeen,79176,Music,t5_2spu6,1730746125.6223428
64,r/Megaman,79170,Gaming,t5_2rq0l,1730746125.648918
65,r/oompasubs,79162,Podcasts and Streamers,t5_x8w0y,1730746125.675615
66,r/systemofadown,79161,Music,t5_2so35,1730746125.703337
67,r/replika,79140,Technology,t5_3jj0x,1730746125.730411
68,r/EmoStyle,79130,Fashion,t5_25g9c8,1730746125.7522619
69,r/AmerExit,79054,Travel,t5_5b1mph,1730746125.774773
70,r/DMZ,79032,Gaming,t5_53le6o,1730746125.79613
71,r/Carola,78997,Podcasts and Streamers,t5_2xb5dz,1730746125.817045
72,r/Nest,78994,Technology,t5_2trj7,1730746125.837889
73,r/saskatchewan,78986,Place,t5_2r4dl,1730746125.858828
74,r/MAFS_AU,78975,Television,t5_x6gah,1730746125.879937
75,r/toradora,78973,Anime,t5_2uquc,1730746125.9001741
76,r/MinecraftFR,78968,Gaming,t5_2ssce,1730746125.91913
77,r/SleepToken,78967,Music,t5_i1p5d,1730746125.937637
78,r/MonsterHigh,78965,Hobbies,t5_2soly,1730746125.956409
79,r/Wrangler,78950,Cars and Motor Vehicles,t5_2u1rr,1730746125.975561
80,r/Metamask,78872,Crypto,t5_3o95k,1730746125.9944918
81,r/Ask_Lawyers,78868,Law,t5_3m13w,1730746126.014567
82,r/XDefiant,78856,Gaming,t5_4q39u2,1730746126.034815
83,r/auslaw,78847,Law,t5_2stjv,1730746126.055069
84,r/SatisfIcing,78845,Food and Drink,t5_hmint,1730746126.073938
85,r/widm,78832,Television,t5_2vxzu,1730746126.0927439
86,r/berlinsocialclub,78813,Place,t5_2sjnp,1730746126.1116061
87,r/hotones,78807,Podcasts and Streamers,t5_3fqzn,1730746126.1304262
88,r/DhGateReps,78792,Fashion,t5_ylcoo,1730746126.150911
89,r/queen,78787,Music,t5_2s4ze,1730746126.172408
90,r/iphonexwallpapers,78753,Art,t5_3pv18,1730746126.1951518
91,r/RPGdesign,78752,Tabletop Games,t5_31cnk,1730746126.2179961
92,r/qotsa,78732,Music,t5_2sbyp,1730746126.239413
93,r/spooktober,78728,Internet Culture and Memes,t5_3p2sk,1730746126.263822
94,r/doge,78725,Internet Culture and Memes,t5_2vzn6,1730746126.285728
95,r/CatsInBusinessAttire,78710,Animals and Pets,t5_2ubm3,1730746126.3080902
96,r/pmp,78682,Learning and Education,t5_2rcb3,1730746126.330953
97,r/KOTORmemes,78617,Internet Culture and Memes,t5_3jjbr,1730746126.353566
98,r/postrock,78608,Music,t5_2qvaq,1730746126.374966
99,r/homebridge,78558,Technology,t5_3bqbe,1730746126.396739
100,r/RebornDollCringe,78535,Internet Culture and Memes,t5_htj14,1730746126.418813
101,r/hotas,78528,Technology,t5_32txt,1730746126.43981
102,r/candlemaking,78516,Crafts and DIY,t5_2sw59,1730746126.46261
103,r/FortniteDE,78506,Gaming,t5_jiuwl,1730746126.4858072
104,r/vegansnacks,78479,Food and Drink,t5_13sez1,1730746126.507741
105,r/Leeds,78472,Place,t5_2sklh,1730746126.529641
106,r/ColoradoAvalanche,78461,Sports,t5_2rqi4,1730746126.587691
107,r/wallstreetbets2,78454,"Business, Economics, and Finance",t5_39vg8,1730746126.9985511
108,r/noita,78452,Gaming,t5_3n1wp,1730746127.02269
109,r/thisisus,78419,Television,t5_30dlx,1730746127.044377
110,r/Fit_babes,78360,Mature Themes and Adult Content,t5_6bxwtw,1730746127.066165
111,r/tableau,78360,Programming,t5_2uolo,1730746127.088064
112,r/BookOfBobaFett,78281,Television,t5_3kxenn,1730746127.119819
113,r/Scoobydoo,78265,Movies,t5_2s431,1730746127.142546
114,r/ForFashion,78260,Gaming,t5_3j37v,1730746127.162252
115,r/MultiVersusTheGame,78247,Gaming,t5_58epme,1730746127.1829739
116,r/JanitorAI_Official,78226,Technology,t5_8jfy3h,1730746127.2026858
117,r/medschoolph,78199,Learning and Education,t5_2osuhy,1730746127.2663481
118,r/MurderDrones,78194,Television,t5_4o056g,1730746127.285136
119,r/GarminWatches,78179,Technology,t5_3yt9w9,1730746127.3181188
120,r/CostcoCanada,78175,"Business, Economics, and Finance",t5_2arq1m,1730746127.336896
121,r/okc,78168,Place,t5_2r053,1730746127.3559308
122,r/Rich,78134,"Business, Economics, and Finance",t5_2qkjq,1730746127.374439
123,r/Pixar,78132,Movies,t5_2r2w3,1730746127.393912
124,r/CoronavirusNewYork,78126,Medical and Mental Health,t5_2gq13z,1730746127.41287
125,r/GuardianTales,78122,Gaming,t5_2gj2tg,1730746127.4316201
126,r/carbonsteel,78078,Food and Drink,t5_3iar1,1730746127.450342
127,r/ATT,78063,Technology,t5_2rqvm,1730746127.468958
128,r/AMG,78047,Cars and Motor Vehicles,t5_2t1cr,1730746127.487453
129,r/premiosESLAND,78036,Podcasts and Streamers,t5_5qb5fc,1730746127.506748
130,r/LawPH,78033,Law,t5_33xg7h,1730746127.525441
131,r/HellYeahIdEatThat,78032,Food and Drink,t5_84yr05,1730746127.5452359
132,r/funfacts,78025,Internet Culture and Memes,t5_2sitj,1730746127.5645928
133,r/FormerPizzaHuts,78017,Internet Culture and Memes,t5_3f02u,1730746127.584552
134,r/NintendoMemes,78001,Internet Culture and Memes,t5_3jct1,1730746127.603549
135,r/setups,78000,Technology,t5_2rx7i,1730746127.622188
136,r/progressive,77999,Politics,t5_2qlqk,1730746127.6422038
137,r/DnDart,77945,Art,t5_305yv,1730746127.662252
138,r/coilerayy,77935,Celebrity,t5_42zfmv,1730746127.681796
139,r/HamRadio,77930,Hobbies,t5_2r1db,1730746127.700556
140,r/Netflixfr,77920,Television,t5_n5dt8,1730746127.719866
141,r/ScammerPayback,77896,Technology,t5_36tau0,1730746127.7386181
142,r/drivingUK,77856,Cars and Motor Vehicles,t5_38vt9,1730746127.757691
143,r/OmniscientReader,77826,Anime,t5_2fmodd,1730746127.778792
144,r/JamesHoffmann,77821,Podcasts and Streamers,t5_qy8qe,1730746127.800128
145,r/Rajasthan,77818,Place,t5_2s9v8,1730746127.822304
146,r/yoga_shorts,77783,Mature Themes and Adult Content,t5_6gm71z,1730746127.844991
147,r/Sculpture,77771,Art,t5_2r8oj,1730746127.868515
148,r/ExpatFIRE,77751,"Business, Economics, and Finance",t5_2zniwo,1730746127.889672
149,r/terraluna,77733,Crypto,t5_2y4t5,1730746127.9116108
150,r/oddlymesmerizing,77732,Internet Culture and Memes,t5_33ul7,1730746127.933077
151,r/tabletopgamedesign,77680,Tabletop Games,t5_2szh7,1730746127.9549708
152,r/AirRage,77665,Travel,t5_57i403,1730746127.978793
153,r/CDrama,77664,Movies,t5_34fkz,1730746128.000685
154,r/InfluencergossipDK,77603,Celebrity,t5_2p14av,1730746128.0223308
155,r/TumblrDraws,77593,Art,t5_2xplep,1730746128.04513
156,r/TerrariaMemes,77577,Gaming,t5_2wuxf,1730746128.066835
157,r/EdSheeran,77546,Music,t5_2ty7u,1730746128.0894048
158,r/SingaporeRaw,77487,Place,t5_xnx04,1730746128.111318
159,r/diypedals,77437,Music,t5_2t9o4,1730746128.134121
160,r/karnataka,77428,Place,t5_2qx2t,1730746128.1554298
161,r/originalxbox,77410,Gaming,t5_2rww7,1730746128.18007
162,r/diving,77396,Outdoors and Nature,t5_2qr9w,1730746128.202979
163,r/AnimalsBeingFunny,77378,Animals and Pets,t5_34opf,1730746128.2253509
164,r/misophonia,77305,Medical and Mental Health,t5_2sd5e,1730746128.2486331
165,r/sanpedrocactus,77254,Home and Garden,t5_3ad6c,1730746128.2711868
166,r/NewIran,77195,Politics,t5_76mmwm,1730746128.293775
167,r/Journalism,77188,Careers,t5_2qhym,1730746128.31672
168,r/Granblue_en,77183,Anime,t5_3e3se,1730746128.3379788
169,r/bookbinding,77171,Crafts and DIY,t5_2smpy,1730746128.359693
170,r/nyu,77152,Learning and Education,t5_2rbpf,1730746128.382785
171,r/remoteviewing,77151,Religion and Spirituality,t5_2vefl,1730746128.405153
172,r/AwardSpeechEdits,77143,Meta/Reddit,t5_37pt7,1730746128.42842
173,r/memecoins,77138,Crypto,t5_338fx,1730746128.45221
174,r/LandCruisers,77059,Cars and Motor Vehicles,t5_2so8z,1730746128.473981
175,r/gameideas,77057,Gaming,t5_2rh2b,1730746128.496774
176,r/boykisser,77046,Internet Culture and Memes,t5_4bbk2i,1730746128.517602
177,r/Philza,77011,Podcasts and Streamers,t5_12csa6,1730746128.538808
178,r/pokemonshowdown,77007,Gaming,t5_2tqnl,1730746128.5619252
179,r/macarons,76972,Food and Drink,t5_2uv6t,1730746128.583533
180,r/ponds,76956,Home and Garden,t5_2t8rh,1730746128.6053681
181,r/KittyPupperLove,76921,Animals and Pets,t5_3jzar,1730746128.6266398
182,r/CURRENCY,76894,Hobbies,t5_2rcy9,1730746128.647066
183,r/couriersofreddit,76888,Careers,t5_3h91l,1730746128.667003
184,r/programare,76841,Programming,t5_2hltmv,1730746128.686917
185,r/AdviceForTeens,76789,Meta/Reddit,t5_2tyrc,1730746128.706746
186,r/azerbaijan,76784,Place,t5_2s8kv,1730746128.7285619
187,r/UniversalOrlando,76774,Travel,t5_2uwju,1730746128.7480881
188,r/MildlyStartledCats,76759,Animals and Pets,t5_30gtg,1730746128.767658
189,r/RealDayTrading,76640,"Business, Economics, and Finance",t5_4ll3n0,1730746128.787724
190,r/pop_os,76629,Technology,t5_3m5eg,1730746128.806323
191,r/blues,76615,Music,t5_2qmzd,1730746128.824949
192,r/Rosacea,76572,Medical and Mental Health,t5_2qwbh,1730746128.844513
193,r/cheesemaking,76570,Food and Drink,t5_2sz5r,1730746128.863211
194,r/Arrowheads,76555,Hobbies,t5_2x0pf,1730746128.8828921
195,r/malcolminthemiddle,76525,Television,t5_2t9hp,1730746128.901593
196,r/hentai_sex_videos_hub,76512,Mature Themes and Adult Content,t5_7nnjxa,1730746128.920481
197,r/ImaginaryJedi,76494,Art,t5_2ye51,1730746128.9398358
198,r/WeirdEggs,76489,Food and Drink,t5_36azs,1730746128.959265
199,r/GypsyRoseBlanchard,76478,Law,t5_1yrciw,1730746128.9786031
200,r/hajimenoippo,76474,Anime,t5_2tru3,1730746128.997269
201,r/papermario,76453,Gaming,t5_2tn1s,1730746129.0163891
202,r/MelanieMartinez,76442,Music,t5_2vuqt,1730746129.03526
203,r/BuyCanadian,76422,Marketplace and Deals,t5_l6q04,1730746129.0542002
204,r/oldbabies,76390,Family and Relationships,t5_32z9w,1730746129.073008
205,r/albania,76360,Place,t5_2sc6w,1730746129.092001
206,r/Soda,76343,Food and Drink,t5_2s6d3,1730746129.111147
207,r/oslo,76338,Place,t5_2r7a9,1730746129.130183
208,r/Paramore,76337,Music,t5_2renz,1730746129.150285
209,r/DarkBRANDON,76324,Politics,t5_6e4maj,1730746129.171893
210,r/VindictaRateCelebs,76289,Beauty and Makeup,t5_458lb9,1730746129.193491
211,r/LesbianGamers,76274,Gaming,t5_2rhx6,1730746129.217242
212,r/hogwartslegacyJKR,76268,Gaming,t5_7ugbjt,1730746129.238587
213,r/VaporwaveArt,76263,Art,t5_348oo,1730746129.2624419
214,r/OliviaRodrigo,76234,Celebrity,t5_3hmgt,1730746129.283778
215,r/ChargeYourPhone,76222,Internet Culture and Memes,t5_3293n,1730746129.305888
216,r/SolarDIY,76219,Crafts and DIY,t5_2yh9y,1730746129.329323
217,r/AcousticGuitar,76191,Music,t5_2rc6a,1730746129.350815
218,r/EASPORTSWRC,76178,Gaming,t5_2xfu8,1730746129.374882
219,r/Angular2,76177,Programming,t5_36qrt,1730746129.396311
220,r/psychedelicartwork,76169,Art,t5_31zco,1730746129.417941
221,r/UKfood,76148,Food and Drink,t5_34l1a,1730746129.440751
222,r/IDAP,76134,Art,t5_2rbki,1730746129.463827
223,r/Torontology,76127,Music,t5_vbkcx,1730746129.48711
224,r/Revolut,76099,"Business, Economics, and Finance",t5_3fexm,1730746129.5104032
225,r/whoop,76090,Technology,t5_2se4h,1730746129.532809
226,r/greatdanes,76083,Animals and Pets,t5_2ssqy,1730746129.554377
227,r/Magicdeckbuilding,76076,Gaming,t5_2sv87,1730746129.57708
228,r/Bitwarden,76073,Technology,t5_3imub,1730746129.59871
229,r/namesoundalikes,76046,Internet Culture and Memes,t5_6xaxeq,1730746129.621274
230,r/tortoise,76016,Animals and Pets,t5_2sd1c,1730746129.6437938
231,r/whole30,76005,Fitness and Nutrition,t5_2ufp5,1730746129.666152
232,r/amogus,76002,Internet Culture and Memes,t5_3jr362,1730746129.688156
233,r/rangers,75973,Sports,t5_2rnpb,1730746129.7097442
234,r/whatplantisthis,75922,Outdoors and Nature,t5_3gr96,1730746129.732548
235,r/frenchrap,75913,Music,t5_2tgto,1730746129.753761
236,r/LeftTheBurnerOn,75881,Funny/Humor,t5_siuhl,1730746129.777198
237,r/outofcontextcomics,75859,Internet Culture and Memes,t5_32q13,1730746129.798744
238,r/kustom,75851,Technology,t5_37c31,1730746129.820729
239,r/redditdev,75801,Programming,t5_2qizd,1730746129.844667
240,r/akalimains,75774,Gaming,t5_38pr2,1730746129.866142
241,r/borussiadortmund,75763,Sports,t5_2svdo,1730746129.8886569
242,r/PrehistoricMemes,75754,Internet Culture and Memes,t5_3j7wt,1730746129.909813
243,r/satisfactory,75753,Gaming,t5_3fvpq,1730746129.931735
244,r/bologna,75751,Place,t5_2tms9,1730746129.9555929
245,r/git,75741,Programming,t5_2qhv1,1730746129.977154
246,r/respectthreads,75736,Internet Culture and Memes,t5_2yfqs,1730746129.9976478
247,r/BusinessFashion,75684,Fashion,t5_31l2u,1730746130.0183702
248,r/ThereIsnoCat,75649,Animals and Pets,t5_5oug0g,1730746130.0386088
249,r/catswhotrill,75635,Animals and Pets,t5_114do7,1730746130.058194
