,subreddit,subscribers,topic,subreddit_id,scraped_utc
0,r/NecessaryComma,1373,"Sometimes people forget to use commas, and it turns out fine. Other times it completely doesn’t, this subreddit cherishes those hilarious moments.",t5_29ksft,1730750516.752117
1,r/OpenTelemetry,1373,Programming,t5_29x2wu,1730750516.774383
2,r/Trail70,1373,Cars and Motor Vehicles,t5_2xnzq,1730750516.793304
3,r/Wiltshire,1373,Place,t5_2sld1,1730750516.812033
4,r/WorldChaseTag,1373,Sports,t5_11zqdf,1730750516.831907
5,r/ZodiacRoasts,1373,Funny/Humor,t5_2clal6,1730750516.8605409
6,r/activatewindows,1372,Technology,t5_k03d1,1730750516.879446
7,r/cheatsheets,1372,Welcome to cheatsheets,t5_2sgad,1730750516.898346
8,r/Flirtwithme,1372,Welcome to Flirtwithme,t5_6bb28k,1730750516.917194
9,r/Ilovecooking,1372,Food and Drink,t5_atz4gu,1730750516.9360142
10,r/NoPoop,1372,Funny/Humor,t5_2uipq,1730750517.011861
11,r/PetRat,1372,Animals and Pets,t5_3lwk08,1730750517.03089
12,r/StrangeHorticulture,1372,Gaming,t5_5qxfiq,1730750517.064492
13,r/sturgisrally,1372,Cars and Motor Vehicles,t5_2dpvlh,1730750517.087314
14,r/thingshomuradidwrong,1372,Movies,t5_3k9kh,1730750517.106446
15,r/Weevilswithshoes,1372,We like weevils that have shoes,t5_73lpdu,1730750517.125281
16,r/ArmchairExplorers,1371,Welcome to ArmchairExplorers,t5_2tsgh,1730750517.144533
17,r/BadBusinessROBLOX,1371,Gaming,t5_22vzrs,1730750517.164157
18,r/BetterMetalMemes,1371,Music,t5_5jyi85,1730750517.184625
19,r/classicbattlefield,1371,Gaming,t5_2rp6y,1730750517.205311
20,r/dmgincs,1371,Gaming,t5_xtwuo,1730750517.22593
21,r/Dorbol,1371,The best drawing to start a revolution with,t5_mneg8,1730750517.247442
22,r/endangeredlanguages,1371,Learning and Education,t5_2rn79,1730750517.2690508
23,r/Facultyofhorror,1371,"Tackling all things horror with a slash of analysis and research, horror journalists and occasional academics Andrea Subissati and Alexandra West are your hosts for brain-plumping discussions on all things that go bump in the night. This subreddit is intended as a discussion forum for **Faculty of Horror** listeners to interact with one another on show-related content (or other stuff with a horror/academic bent).",t5_38z9i,1730750517.2915342
24,r/GarageGymCompetition,1371,Sports,t5_3s8ktq,1730750517.3130188
25,r/Hot_Women_Pics,1371,Mature Themes and Adult Content,t5_8pksbv,1730750517.334327
26,r/HotCelebsGermany,1371,Mature Themes and Adult Content,t5_55ov0d,1730750517.35521
27,r/MSDAMNOF,1371,Welcome to MSDAMNOF,t5_95hex3,1730750517.376369
28,r/MyWifesADemonQueen,1371,Anime,t5_y6xrr,1730750517.397064
29,r/Oozora_Subaru,1371,Anime,t5_3lrg17,1730750517.4189749
30,r/Paul,1371,"Aweswome Pauls: Rand Paul, Paul McCartney, Vinnie Paul, & others",t5_2qinb,1730750517.440663
31,r/Strukki,1371,"Hier ist die Anlaufstelle bei euren Erfahrungen mit all den selbsternannten ""Beratern"" der Finanzwelt. Hier findet ihr Hilfe, Unterstützung und könnt euch untereinander austauschen.",t5_c4f3ll,1730750517.4625611
32,r/StylizedArt,1371,StylizedArt fits in a less well defined area. What it isn't: * It isn't usually realistic. * It isn't usually cartoony. * It isn't necessarily low poly. * It isn't necessarily flat shaded. What it has: * It usually has less detail than realistic. * It sometimes has hand-painted textures. * It sometimes has minimalist or flat shaded textures. You are welcome and encouraged to crosspost from other subreddits to /r/StylizedArt if you see something that you think fits this subreddit.,t5_24xjxn,1730750517.485655
33,r/totalnoobwoodworking,1371,Crafts and DIY,t5_2w5xuo,1730750517.50716
34,r/Veganic,1371,Food and Drink,t5_351l5,1730750517.528985
35,r/Woacbofficial,1371,A place to connect with ex-followers and critics of PUBLIC FIGURE Without a Crystal Ball 🔮- #WOACB please feel free to post what you want... (UNDER NEW MANAGEMENT),t5_4mzu99,1730750517.5499241
36,r/conceptualart,1370,"This sub is private, why not join https://lemmy.world",t5_2yini,1730750517.572374
37,r/DiEM25,1370,"Europe will be democratized, once the oligarchy is overthrown! | We're a pan-european movement advocating for a more democratic European Union — Founded in 2016 by Yanis Varoufakis and Srećko Horvat, our goal is to achieve a democratic revolution to overthrow the current oligarchy that exists in Europe. We can defeat them, and we will not stop until our vision of a deep democracy spreads into the corporate system, our economy, our local councils, our parliaments and all our institutions.",t5_3cf0d,1730750517.5944362
38,r/DkS2Builds,1370,Dark Souls 2 Builds subreddit!,t5_30uhd,1730750517.61592
39,r/DragonVillageCollectr,1370,Gaming,t5_90h32z,1730750517.63682
40,r/HistoryOnPaper,1370,History,t5_ix6d1,1730750517.6580899
41,r/IkeMains,1370,Gaming,t5_393i0,1730750517.677514
42,r/IsraelIranWarReport,1370,Military,t5_bafg3p,1730750517.697574
43,r/Jojotemplates,1370,A place to put all the Jojo meme templates you find,t5_1q8n70,1730750517.717793
44,r/Lesbian_Kiss_BR,1370,From fur hood fetishes to lesbian kissing it’s all here!,t5_b54hcm,1730750517.737615
45,r/LondonOntarioJobs,1370,Real jobs in London Ontario without the flood of Temp Agencies.,t5_3bkc1,1730750517.7564852
46,r/makeupaddictionlux,1370,Beauty and Makeup,t5_7thk3i,1730750517.775349
47,r/RYANAndersonside,1370,Podcasts and Streamers,t5_btw6bz,1730750517.79407
48,r/SocialistWallpapers,1370,Art,t5_31anu,1730750517.813162
49,r/TamakoMarket,1370,Anime,t5_2w5rb,1730750517.832951
50,r/weaponizedincompetent,1370,"If you have had an experience with someone using weaponized incompetence to get away with not doing their responsibilities as a parent or human, you are in the right place.",t5_5824my,1730750517.852055
51,r/welshterrier,1370,Animals and Pets,t5_2sx1o,1730750517.8709052
52,r/BricksByMind,1369,Podcasts and Streamers,t5_2pwihx,1730750517.889801
53,r/c4d,1369,The perfect community to show off your C4D projects and together learn new skills.,t5_2v1e0,1730750517.908768
54,r/Chicanos,1369,"Culture, Race, and Ethnicity",t5_2wv5p,1730750517.928278
55,r/contemplativekitties,1369,Photos of cats who seem deep in thought.,t5_27xykn,1730750517.948214
56,r/CrazyDefenseHeroes,1369,Gaming,t5_hldg2,1730750517.968487
57,r/DrJohnVervaeke,1369,Religion and Spirituality,t5_26yzip,1730750517.989999
58,r/GwynethPaltrowFeet,1369,Subreddit for feet and legs pictures of Gwyneth Paltrow.,t5_3zcjvt,1730750518.0132961
59,r/HeavyHits,1369,For those fights that are just a little more intense than others,t5_uk4sn,1730750518.035028
60,r/ICEnetwork,1369,Crypto,t5_5wo0vq,1730750518.0575721
61,r/ImagineDragonsTeens,1369,Music,t5_3pfmc,1730750518.081135
62,r/KayFlock,1369,Music,t5_4rixs4,1730750518.103724
63,r/LOTR_Shireposting,1369,Internet Culture and Memes,t5_405ko6,1730750518.126295
64,r/MajorLazer,1369,Music,t5_2trkz,1730750518.1482592
65,r/Mokushirokunoyonkishi,1369,Anime,t5_2ia61g,1730750518.1711202
66,r/NorthCarolina4Sanders,1369,"r/NorthCarolina4Sanders is a grassroots volunteer-led online hub designed to raise support in North Carolina for Senator Bernie Sanders 2020 campaign for President of the United States and to highlight Our Revolution, and progressive policy.",t5_380vz,1730750518.1940491
67,r/Pangasinan,1369,Place,t5_zq974,1730750518.215743
68,r/RamanaMaharshi,1369,A Sub devoted to explore and share the teachings of Bhagavan Sri Ramana Maharshi,t5_3ns25,1730750518.236319
69,r/Scarjolove,1369,Sub reddit dedicated to the beautiful sexy and talented Scarlett Johansson,t5_349pq7,1730750518.257109
70,r/voile,1369,Outdoors and Nature,t5_69n9kn,1730750518.277913
71,r/Worstverse,1369,"Where listeners and readers of the Worstverse stories can come together, share, and discuss. Pay no attention to that man behind the curtain.",t5_3bjh5t,1730750518.299173
72,r/AdvLiterateRP,1368,Mature Themes and Adult Content,t5_5yrj8c,1730750518.320045
73,r/alishamariesnark,1368,A place to discuss the self proclaimed “OG YouTuber” and others in her life,t5_7m0fjt,1730750518.340399
74,r/AMC_Union,1368,Movies,t5_44b6pc,1730750518.360524
75,r/BJDRecastPositive,1368,Hobbies,t5_22e6eg,1730750518.380435
76,r/blackmetalTR,1368,Music,t5_b8y2su,1730750518.3991308
77,r/CubingEncoded,1368,Hobbies,t5_2b7xvz,1730750518.418028
78,r/Kimlee,1368,Celebrity,t5_3vairr,1730750518.436706
79,r/LiveSteam,1368,"A subreddit for those interested in live steam toys, models, locomotives, or any other form, to discuss and show various engines and improvements or modifications.",t5_2v98u,1730750518.4555159
80,r/metrobytmobile,1368,Technology,t5_ozso1,1730750518.474315
81,r/NCAAVB,1368,Sports,t5_nncuo,1730750518.4935098
82,r/PseudoTV,1368,Television,t5_30mp6,1730750518.514745
83,r/RandomactsofAmazon2,1368,Technology,t5_as5bmn,1730750518.5349078
84,r/Serializd,1368,Television,t5_5liwzg,1730750518.5548968
85,r/sexual_assault,1368,We are a community of sexual assult survivors and allies supporting eachothers' healing journeys.,t5_3h54g,1730750518.5756538
86,r/Spaceducks,1368,Welcome to Spaceducks,t5_2t0g6,1730750518.596854
87,r/StrangeMusic,1368,Visit /r/TechN9ne.,t5_2r40s,1730750518.618447
88,r/theydidtheexperiment,1368,Welcome to theydidtheexperiment,t5_508w9w,1730750518.640262
89,r/WidebodyEverything,1368,Cars and Motor Vehicles,t5_2q7h99,1730750518.662289
90,r/YoutubersCSGO,1368,Gaming,t5_3667w,1730750518.6837828
91,r/allisonscagliotti,1367,Celebrity,t5_2sp11,1730750518.704795
92,r/azurlanememes,1367,meme community for real ones,t5_12u5o5,1730750518.726161
93,r/BibleVerseCommentary,1367,Religion and Spirituality,t5_5dp1bg,1730750518.746309
94,r/CBDabbers,1367,"Cannabidiol, or CBD, is a cannabis compound that has significant medical benefits, but does not make people feel “stoned” and can actually counteract the psychoactivity of THC. The fact that CBD-rich cannabis is non-psychoactive or less psychoactive than THC-dominant strains makes it an appealing option for patients looking for relief from inflammation, pain, anxiety, psychosis, seizures, spasms, and other conditions without disconcerting feelings of lethargy or dysphoria.",t5_3jl5e,1730750518.767793
95,r/citybeautiful,1367,The subreddit for the Youtube channel City Beautiful. All about cities and city planning!,t5_3lkr9,1730750518.789875
96,r/copypastaTH,1367,Funny/Humor,t5_4bapg4,1730750518.811436
97,r/DNO,1367,Gaming,t5_504wqu,1730750518.8324962
98,r/Earlybirds,1367,"This community is designed for those who wish to be morning people or who are already morning people. The community will be able to share tips with one another to learn about the habit of waking up early and how to maximize the effectiveness of the early morning hours. Plus, if you're lonely in those early hours, here's some people to talk to.",t5_2wf89,1730750518.852628
99,r/epicmusic,1367,Music,t5_2taze,1730750518.872479
100,r/forfeiture,1367,"A community intended to raise awareness of the gross civil rights violations being committed under the guise of ""asset forfeiture,"" or state confiscation of property without due process.",t5_2u4w1,1730750518.890923
101,r/IllegallySmolFopes,1367,Animals and Pets,t5_66uq3k,1730750518.908767
102,r/incestGW,1367,"Welcome to IncestGW – A space for adults (18+) to explore and share real and fantasy-driven, consensual content about taboo family dynamics. Consent is key. Any illegal content, including child pornography (CP) or non-consensual material, is strictly prohibited. Keep it respectful and within legal boundaries.",t5_corzq4,1730750518.926642
103,r/joyland_ai,1367,Technology,t5_8aikju,1730750518.944442
104,r/PaisosCatalans,1367,Place,t5_9ci75,1730750518.962226
105,r/RG556,1367,Gaming,t5_azt03d,1730750518.980321
106,r/Sapienism,1367,Sapienism is a philosophy whereby Sapienists recognize that all humanity is one species. Humanity behaves as if we cannot go extinct but biologist know this is wrong. Sapienists want to defend our species from all threats.,t5_3avp1,1730750518.9986901
107,r/terrariaservers,1367,"Dig, fight, explore, build, connect! Share and collaborate with users from across the world in this action packed game!",t5_2shz8,1730750519.0177438
108,r/textmode,1367,Art,t5_3ozfr,1730750519.03722
109,r/UCC,1367,Learning and Education,t5_2s96c,1730750519.05502
110,r/Canada_Strong,1366,Place,t5_bc3i7j,1730750519.07299
111,r/CarrionGame,1366,Gaming,t5_gf8c2,1730750519.091151
112,r/celebritydeaths,1366,We have the sources...,t5_3bzgf,1730750519.110781
113,r/CryptoGlobalUnited,1366,"Creating and empowering a global community with skills and income via play, learn and work to earn.",t5_74hdks,1730750519.130608
114,r/dongerlounge,1366,ヽ༼ຈل͜ຈ༽ﾉ ヽ༼ຈل͜ຈ༽ﾉ ヽ༼ຈل͜ຈ༽ﾉ ヽ༼ຈل͜ຈ༽ﾉ ヽ༼ຈل͜ຈ༽ﾉ ヽ༼ຈل͜ຈ༽ﾉ ヽ༼ຈل͜ຈ༽ﾉ ヽ༼ຈل͜ຈ༽ﾉ ヽ༼ຈل͜ຈ༽ﾉ ヽ༼ຈل͜ຈ༽ﾉ ヽ༼ຈل͜ຈ༽ﾉ ヽ༼ຈل͜ຈ༽ﾉ ヽ༼ຈل͜ຈ༽ﾉ ヽ༼ຈل͜ຈ༽ﾉ ヽ༼ຈل͜ຈ༽ﾉ ヽ༼ຈل͜ຈ༽ﾉ ヽ༼ຈل͜ຈ༽ﾉ ヽ༼ຈل͜ຈ༽ﾉ ヽ༼ຈل͜ຈ༽ﾉ ヽ༼ຈل͜ຈ༽ﾉ ヽ༼ຈل͜ຈ༽ﾉ ヽ༼ຈل͜ຈ༽ﾉ ヽ༼ຈل͜ຈ༽ﾉ ヽ༼ຈل͜ຈ༽ﾉ ヽ༼ຈل͜ຈ༽ﾉ ヽ༼ຈل͜ຈ༽ﾉ ヽ༼ຈل͜ຈ༽ﾉ ヽ༼ຈل͜ຈ༽ﾉ ヽ༼ຈل͜ຈ༽ﾉ ヽ༼ຈل͜ຈ༽ﾉ ヽ༼ຈل͜ຈ༽ﾉ ヽ༼ຈل͜ຈ༽ﾉ ヽ༼ຈل͜ຈ༽ﾉ ヽ༼ຈل͜ຈ༽ﾉ ヽ༼ຈل͜ຈ༽ﾉ ヽ༼ຈل͜ຈ༽ﾉ ヽ༼ຈل͜ຈ༽ﾉ ヽ༼ຈل͜ຈ༽ﾉ ヽ༼ຈل͜ຈ༽ﾉ ヽ༼ຈل͜ຈ༽ﾉ ヽ༼ຈل͜ຈ༽ﾉ ヽ༼ຈل͜ຈ༽ﾉ ヽ༼ຈل͜ຈ༽ﾉ ヽ༼ຈل͜ຈ༽ﾉ ヽ༼ຈل͜ຈ༽ﾉ ヽ༼ຈل͜ຈ༽ﾉ ヽ༼ຈل͜ຈ༽ﾉ ヽ༼ຈل͜ຈ༽ﾉ ヽ༼ຈل͜ຈ༽ﾉ ヽ༼ຈل͜ຈ༽ﾉ ヽ༼ຈل͜ຈ༽ﾉ,t5_2yu8x,1730750519.149687
115,r/Erhu,1366,Music,t5_2vwnh,1730750519.168687
116,r/H1Z1LFG,1366,Recruit for your clan or find a buddy to play with!,t5_31ewh,1730750519.1863391
117,r/itsfrass,1366,Home and Garden,t5_2el948,1730750519.2041118
118,r/kidsforclout,1366,"Hello! Welcome to the sub. This is a place to show people using kids for internet clout. Similar to r/parentsarefuckingstupid this showcases examples specifically of people getting points, profit, or likes in ways that are obviously not acceptable or respectable.",t5_7fx470,1730750519.221729
119,r/Marylandcamping,1366,Outdoors and Nature,t5_3atp1h,1730750519.239284
120,r/MedStudentsShareToo,1366,Learning and Education,t5_2svkw,1730750519.2569768
121,r/Mugs,1366,"A community for people who collect, love, or just drink from MUGS! Whether you're drink coffee, tea, water, or beer, come here to post your impressive drinking vessel! If you would like to promote your own (or an other person's) mugs for sale, please message the mods for approval.",t5_2scsw,1730750519.274532
122,r/MySoCalledLife,1366,Television,t5_2svdd,1730750519.292316
123,r/Operaoftheday,1366,Music,t5_4r9i4j,1730750519.309922
124,r/Pristin,1366,A Korean Girl Group from Pledis.,t5_3ic9s,1730750519.327509
125,r/Satoshi_Kon,1366,Anime,t5_3f09r,1730750519.345402
126,r/steambox,1366,"News, rumors and opinion about Valve's upcoming '~~Steam Box~~' Steam Machine gaming console.",t5_2to01,1730750519.363195
127,r/TacticalAssaultVR,1366,Gaming,t5_82jat5,1730750519.3814762
128,r/Workproblems,1366,"This is a subreddit for posting about dumb things you've been forced to deal with, had a co-worker/boss tell you to do, or any other problems you've had at work. Vent to your heart's content! (Note: This sub is not anti-work, only anti-BS at work)",t5_2uid8,1730750519.399273
129,r/alexagrasso,1365,"Appreciate the UFC Female Flyweight Champion of the World, Alexa Grasso!",t5_3ih9x,1730750519.4168909
130,r/AlexVerus,1365,"Reading, Writing, and Literature",t5_366lz,1730750519.4348001
131,r/AlphaCast,1365,Podcasts and Streamers,t5_6u0rn0,1730750519.453372
132,r/ARKLore,1365,Gaming,t5_2g8e7t,1730750519.47244
133,r/ATNF,1365,"Business, Economics, and Finance",t5_3y9v2z,1730750519.490506
134,r/buckleinboys,1365,A subreddit for the game glubbus war commonly moderated by epic.mac,t5_7riy93,1730750519.508348
135,r/centuryageofashes,1365,Gaming,t5_3jjhsm,1730750519.5259662
136,r/dufferscorner,1365,Duffer's Corner - A sub for learning golf!,t5_15ftsz,1730750519.544232
137,r/GroupME,1365,Technology,t5_32bjw,1730750519.562929
138,r/IndiaFragMarketplace,1365,Marketplace and Deals,t5_bo1l3n,1730750519.5818849
139,r/KarmineCorp,1365,Gaming,t5_49bz34,1730750519.601207
140,r/ninimusic,1365,🇹🇼 Official Sub of Nini Music the multi instrumentalist from Taiwan 🇹🇼,t5_4z5609,1730750519.619592
141,r/numberblocks,1365,Television,t5_225fin,1730750519.638471
142,r/okbuddyreiner2,1365,Internet Culture and Memes,t5_8fggrg,1730750519.656778
143,r/Omegaversebooks,1365,"Reading, Writing, and Literature",t5_5ho38o,1730750519.675694
144,r/PGATOURGolfShootout,1365,Gaming,t5_zwwpm,1730750519.693751
145,r/PsychotherapyHelp,1365,Medical and Mental Health,t5_48ja3c,1730750519.712686
146,r/RadicallyOpenDBT,1365,Medical and Mental Health,t5_3hflw,1730750519.730509
147,r/SentinelOneXDR,1365,Technology,t5_5sritg,1730750519.748193
148,r/Tourguide,1365,"Community for those working in the tourism industry to share stories, tools, learnings, ask questions, and more. Also a great place to get connected with local guides in places you're looking to travel to or looking for partners in.",t5_2uk1y,1730750519.765867
149,r/WholesomeSiege,1365,For those Siege moments when players set their differences aside and appreciate each other's SASG,t5_opn81,1730750519.783691
150,r/Abigail_Cowen,1364,Subreddit dedicated to the American Actress Abigail Cowen and the Star of Fate the Winx Saga,t5_5f26j0,1730750519.801435
151,r/AITechTips,1364,Technology,t5_87qj4g,1730750519.819137
152,r/ArkPS4_PvP,1364,Gaming,t5_3jfrf,1730750519.836782
153,r/CSUDH,1364,Learning and Education,t5_2sgfx,1730750519.85451
154,r/DCEU_Memes,1364,Internet Culture and Memes,t5_3j38m,1730750519.872682
155,r/Furdis,1364,Podcasts and Streamers,t5_aqsb0a,1730750519.891683
156,r/gainesvillega,1364,Place,t5_37chn,1730750519.911168
157,r/girlmom,1364,Family and Relationships,t5_3hiree,1730750519.931253
158,r/HotChristinaAguilera,1364,Welcome to HotChristinaAguilera,t5_7wom3a,1730750519.951106
159,r/ItsukiHirata,1364,"Fighting Agent War Tournament Champion Itsuki Hirata first fell in love with martial arts at the age of 6 after she followed her older brother to judo training. She took to the mats instantly, placing third nationally as an elementary school student before winning a prefectural judo championship in high school.",t5_4ra9fg,1730750519.970403
160,r/MovieMachine,1364,Movies,t5_7owz4m,1730750519.9897249
161,r/PHONEHOM,1364,Gaming,t5_id5m3,1730750520.007721
162,r/PovertyPolitics,1364,"Poverty and politics often find themselves crossing or walking hand in hand. This sub is dedicated to the politics of poverty, and those who live it, work in it or strive to see it improve for the better or the worse.",t5_4rlftz,1730750520.027031
163,r/royalpains,1364,Television,t5_2sl3n,1730750520.0460851
164,r/SuddenlyDepressed,1364,When the happiness of the day is ripped from you.,t5_3bo7v,1730750520.065074
165,r/surrendered_wife,1364,Family and Relationships,t5_7y8v4c,1730750520.0846772
166,r/DwightTheSadCat,1363,Animals and Pets,t5_7z8i6v,1730750520.103761
167,r/femboy_croptop,1363,A place to show off your femboy side :),t5_5ltsyp,1730750520.1228118
168,r/floorweed,1363,Mature Themes and Adult Content,t5_c9ktb1,1730750520.1424189
169,r/foxyshazam,1363,Music,t5_2tckb,1730750520.1610649
170,r/jocelyndavis419_xx,1363,Welcome to jocelyndavis419_xx,t5_8glmrv,1730750520.180869
171,r/justbrozz,1363,Funny/Humor,t5_y0gmh,1730750520.20031
172,r/ketogifrecipes,1363,Post your keto gif recipes,t5_3bngy,1730750520.218074
173,r/LastThingYouBought,1363,"On this subreddit you can post a picture of what is the last thing you bought. Small or large, new or not expensive or not. Pictures only (You can post toys, items, clothes and even foods!)",t5_5mlmhv,1730750520.236031
174,r/malefoodadvice,1363,Welcome to malefoodadvice,t5_2vkpb,1730750520.253757
175,r/Musixmatch,1363,Music,t5_33jbf,1730750520.2718332
176,r/paige_mackenzie,1363,This is a place to see and share the beautiful Paige Mackenzie.,t5_82sl5i,1730750520.289663
177,r/RecoveryOptions,1363,"Criminals have used the complexity of the real thing to provide cover for a variety of scams, luring victims with the promise of extraordinary returns on investment. We found a number of these rings, operating primarily from China and using a mixture of fraudulent blockchain contracts, websites and applications to raid victims’ crypto wallets while making them believe they were making daily profits. We started this community to share our finding and hopefully help someone with it.",t5_71mtua,1730750520.3076391
178,r/Sneakerrepsbase,1363,Here we created this community to talk about famous batches reps sneakers. Make sure all buyers get correct batch or version as they want. No mix no confuse!,t5_62y2xk,1730750520.325352
179,r/yizhuoning,1363,Music,t5_4o44jm,1730750520.345438
180,r/DenverBourbonHunt,1362,Food and Drink,t5_4zpjk0,1730750520.365032
181,r/dubairealestate,1362,"Forum discussing real estate in Dubai. Buying, Selling, Renting, Property Management, Consultancy, NOC (No Objection Certificate) Market Research, Valuation and Conveyancing in Dubai, United Arab Emirates NO LISTINGS ALLOWED.",t5_39l9q,1730750520.38309
182,r/EasternEuropeanWomen,1362,Mature Themes and Adult Content,t5_att9w9,1730750520.404705
183,r/EtsyHelp,1362,"Here at EtsyHelp we want to create a community where we can help each other grow and achieve our Etsy shop dreams. Ask questions, request a shop critique or highlight cool features and tips for the community. Etsyhelp is not affiliated with Etsy in any way and is instead community run.",t5_2z651,1730750520.4230568
184,r/FGFS,1362,Welcome to FGFS,t5_2t238,1730750520.441029
185,r/G2CryptoGaming,1362,Crypto,t5_5424os,1730750520.458743
186,r/hometownchachacha,1362,Fan subreddit for Korean show Hometown Cha-Cha-Cha. New episode every saturday and sunday on tvN 21:00KST and Netflix Indonesia 21:00WIB.,t5_4zvf7a,1730750520.476483
187,r/Humbl,1362,"Business, Economics, and Finance",t5_327lai,1730750520.494962
188,r/LatexCraftersCorner,1362,Crafts and DIY,t5_394b4,1730750520.5140731
189,r/mishelleyasmr,1362,Welcome to mishelleyasmr,t5_7gg2f9,1730750520.532131
190,r/oxen_io,1362,Crypto,t5_3pfo1d,1730750520.5529542
191,r/PacificCoastSR,1362,"Welcome to the Pacific Coast region of the Silph Road! We cover Alaska, Washington, Oregon, California, and Hawai'i.",t5_3d5mv,1730750520.5745122
192,r/peaasi,1362,Medical and Mental Health,t5_8905h7,1730750520.59602
193,r/PTSDmemes,1362,Internet Culture and Memes,t5_c85ped,1730750520.615377
194,r/werewolftheapocalypse,1362,Welcome to werewolftheapocalypse,t5_3iojf,1730750520.633429
195,r/wheredoibegin,1362,"Strive to make your life more interesting! Do you want to start something new and exciting, but are at a loss as to how? Ask for advice here, or jump in and give some of your own.",t5_2xq3x,1730750520.651337
196,r/AnnaAkana_Hot,1361,Welcome to AnnaAkana_Hot,t5_95m1lp,1730750520.668968
197,r/AntifaLogos,1361,Politics,t5_apl24a,1730750520.686644
198,r/BardsTale,1361,Gaming,t5_38os8,1730750520.7041862
199,r/borderhands,1361,"A place for those sweet, sweet borders.",t5_p51v8,1730750520.7219899
200,r/comedyoverheaven,1361,comedy that has ascended past heaven,t5_ssw2t,1730750520.7746549
201,r/cshighschoolers,1361,Programming,t5_4h0eiq,1730750520.7942579
202,r/Dysdelics,1361,"This is a community dedicated to dysdelics (or salvinoids), the class of hallucinogens with action mediated by kappa opioid receptor agonism. The prototypical member of this class is salvinorin A from Salvia divinorum, but there are many other compounds with closely similar activity, such as pentazocine, nalorphine, asimadoline, tifluadom, various analogues of salvinorin, and possibly even menthol. Feel free to discuss anything related to dysdelics here, from chemistry to psychonautics.",t5_4xxtp7,1730750520.814249
203,r/fakeinflation,1361,"A subreddit for documenting, tracking and calling out fake inflation and profiteering.",t5_68oe2m,1730750520.833388
204,r/gradle,1361,Programming,t5_2y67l,1730750520.852832
205,r/GrimsThemedBuilds,1361,"This Reddit Page has all of my themed builds to present to the world. There are many ways to play Minecraft Dungeons (not just the default way). One of the most fun ways is with Themed Builds. So, I hope you all enjoy!",t5_72rt9d,1730750520.87038
206,r/HALPGTA,1361,Gaming,t5_n2y4a,1730750520.887977
207,r/KalashnikovUSAowners,1361,Hobbies,t5_4ps1kc,1730750520.905571
208,r/LegionofSuperheroes,1361,"Reading, Writing, and Literature",t5_3nob6,1730750520.9250612
209,r/ocdwomen,1361,Medical and Mental Health,t5_bzws38,1730750520.9427352
210,r/OneGameAMonth,1361,"Make games not excuses. Make a game a month, every month! Join the ongoing challenge and write the games you always wanted. There is a growing community to support, and motivate you along the way. This challenge is meant to help you on a personal level. There are no prizes, signup fees or rules. Just for fun there will be achievements.",t5_2vu1w,1730750520.960726
211,r/pokerrrr,1361,Unofficial community sub-reddit of the Pokerrrr2 app! Good luck and gamble responsibly!,t5_mg7si,1730750520.9783921
212,r/rond,1361,Because I can,t5_jlobz,1730750520.996012
213,r/SportsDocumentaries,1361,Sports,t5_31si0,1730750521.0135958
214,r/TLCGypsySisters,1361,Television,t5_2qan41,1730750521.031363
215,r/UnexpectedDannyDevito,1361,RUM HAM!,t5_p8w4o,1730750521.049263
216,r/agroecology,1360,Welcome to agroecology,t5_2rcu5,1730750521.067633
217,r/BitoqueCaralho,1360,Food and Drink,t5_39fej,1730750521.0871732
218,r/BlackPowderRedEarth,1360,"The unofficial subreddit for the graphic novel series Black Powder Red Earth, a fictional series depicting private military contractors in the Middle East.",t5_wluz4,1730750521.1065679
219,r/Burien,1360,"Welcome to r/Burien. Burien, Washington is a 100-year-old waterfront community with six miles of Puget Sound shoreline and expansive mountain views. Residents take pride in their neighborhood, actively preserving their saltwater accesses and protecting the appearance of their streets and public spaces.",t5_2v3sf,1730750521.12584
220,r/Eyeshield21,1360,"A subreddit for fans of the manga and anime series, ""Eyeshield 21""",t5_2y5q9,1730750521.143954
221,r/generictranssubreddit,1360,Gender,t5_7u3lko,1730750521.161776
222,r/greenwashing,1360,Welcome to greenwashing,t5_2tleg,1730750521.179659
223,r/kamisaki,1360,Anime,t5_2mitjj,1730750521.197356
224,r/nuclearphysics,1360,Science,t5_577qfq,1730750521.215206
225,r/PeepingPuss,1360,Animals and Pets,t5_gnepa,1730750521.233305
226,r/sparkmastertape,1360,Music,t5_2y9du,1730750521.251323
227,r/Tripti_Dimri,1360,Celebrity,t5_7mexj1,1730750521.269522
228,r/2X__INTP,1359,This subreddit is for women INTPs. We are one of the least represented types among women. We are ~1% of women. Some people have said that the typical expectations for a woman conform to the ESFJ type and we are exactly the opposite of that.,t5_3g02g,1730750521.2876642
229,r/AstralStories,1359,A community dedicated to Astral Projectors sharing their spiritual/paranormal experiences!,t5_2v43me,1730750521.3063848
230,r/catrolls,1359,Ever have your cat do crazy acrobatics or roll around for no reason? Post them here.,t5_2zsdr,1730750521.324651
231,r/childless,1359,Welcome to childless,t5_2v2lt,1730750521.343389
232,r/DanceForHoursADay,1359,Music,t5_9vjmkj,1730750521.36323
233,r/epicor,1359,Technology,t5_2v58x,1730750521.381871
234,r/fboxzto,1359,Television,t5_cajqwc,1730750521.3999748
235,r/GLGuitars,1359,Music,t5_7op2hq,1730750521.418873
236,r/Jamescagewhite,1359,Celebrity,t5_2aykyc,1730750521.4371798
237,r/jewelryCAD,1359,"A community for jewelry CAD techs to share designs, ask questions, link inspiration and tutorials, job hunt, and generally share their experiences.",t5_pg4vd,1730750521.4560902
238,r/Microfiber,1359,"A subreddit for users to discuss all things Microfiber! Whether you're detailing your car, exfoliating skin, or cleaning a screen, chances are you're using it!",t5_31v5d,1730750521.473829
239,r/navimumbaimeetups,1359,Place,t5_bcc1po,1730750521.491591
240,r/OspreyPacks,1359,Fashion,t5_68q8ot,1730750521.5093288
241,r/pointandshoot,1359,"A place to share images taken with analog point and shoot cameras, from the cheapest of disposables to the fanciest of Yashicas.",t5_2raeg,1730750521.527466
242,r/prolewiki,1359,Ethics and Philosophy,t5_5adk1u,1730750521.545156
243,r/sheincodeshares,1359,Marketplace and Deals,t5_8yvear,1730750521.5641348
244,r/sportscontests,1359,Sports,t5_3k0ko,1730750521.5848901
245,r/TheatreNews,1359,"News about live Theatre and relevant news from the entertainment industry as a whole, created to serve as a way to keep up with what is happening in the industry!",t5_3gbmz,1730750521.603779
246,r/theoryonepilots,1359,A subreddit for twenty one pilots theories,t5_i0tcd,1730750521.62172
247,r/thepurge,1359,Movies,t5_2wtvd,1730750521.639387
248,r/TokuBabes,1359,Mature Themes and Adult Content,t5_38loke,1730750521.657469
249,r/zeroplastic,1359,Activism,t5_bmjx5g,1730750521.67519
