,subreddit,subscribers,topic,subreddit_id,scraped_utc
0,r/Aerochrome,1319,Art,t5_38mw1,1730750597.625515
1,r/AlchoholicsAnonymous,1319,Welcome to AlchoholicsAnonymous,t5_5iujlf,1730750597.646278
2,r/angelaortegagomez,1319,Mature Themes and Adult Content,t5_66rxhp,1730750597.66505
3,r/colombianbeauties,1319,Pictures of the beautiful women of Colombia. An effort to foment the latin beauty in this network.,t5_4i1iox,1730750597.6829739
4,r/dupixent,1319,Medical and Mental Health,t5_8tk873,1730750597.700811
5,r/Entlantis,1319,Welcome to Entlantis,t5_2s3nz,1730750597.727784
6,r/hannahcheramy,1319,Welcome to hannahcheramy,t5_6ion08,1730750597.745546
7,r/iconrpg,1319,Tabletop Games,t5_4tfqx2,1730750597.763285
8,r/itscrystalwright,1319,Welcome to itscrystalwright,t5_7k5jc2,1730750597.780834
9,r/NewEsc,1319,"Comunidad oficial de NewEsc en Reddit. En este subreddit escribimos en español y hablamos sobre tecnología, ya sean móviles, apps o componentes de PC.",t5_2mkiwg,1730750597.798403
10,r/NewMediaArts,1319,"New media art refers to artworks created with new media technologies, including digital art, computer graphics, computer animation, virtual art, Internet art, interactive art, video games, computer robotics, 3D printing, cyborg art and art as biotechnology.",t5_2zs14,1730750597.8677702
11,r/OtsuHimari,1319,Pictures and Videos of gravure idol Otsu Himari,t5_5n1sh4,1730750597.885386
12,r/sammyjoluxton,1319,Mature Themes and Adult Content,t5_7xvm3l,1730750597.92883
13,r/SojournMains,1319,Gaming,t5_zv0cb,1730750597.948498
14,r/TheGoldenVault,1319,Tabletop Games,t5_7wkb6v,1730750597.967834
15,r/toolprotips,1319,Welcome to toolprotips,t5_9jncku,1730750597.986732
16,r/TrapThighs,1319,Subreddit dedicated to posting cute boy thighs,t5_2f4kh0,1730750598.006458
17,r/unexpectedTOOL,1319,unexpectedTOOL,t5_3oago,1730750598.025165
18,r/YdeGaming,1319,Podcasts and Streamers,t5_254l9q,1730750598.043827
19,r/ymirxhistoria,1319,Anime,t5_38uh6,1730750598.063093
20,r/ALLISMINDCOMMUNITY,1318,Religion and Spirituality,t5_3fxjwc,1730750598.0862029
21,r/amulet,1318,"Reading, Writing, and Literature",t5_38rxz,1730750598.105528
22,r/Anacortes,1318,Place,t5_2tuji,1730750598.1244092
23,r/aXpire,1318,"aXpire is an ERP SaaS company offering a suite of products to increase efficiency of service spend and general profit margins. We are a real company, with real revenues. Our business is a spinoff from LSG, LLC, an insurtech SaaS company. Our object-oriented core technology was developed at the request of our first client; one of the largest hedge funds in the world within the top ten of AUM.",t5_9zg4i,1730750598.143271
24,r/BitBoxWallet,1318,Crypto,t5_4anwzk,1730750598.1626391
25,r/CelebsInTightTops,1318,"Female Celebs wearing the tightest tops and dresses (Some AI), less skin the better to be able to show off their curves in clothes Basically anything skin tight will do",t5_to4e8,1730750598.1814961
26,r/CloudpunkGame,1318,Gaming,t5_2lid0e,1730750598.20052
27,r/coronavirusDC,1318,Place,t5_2gqww6,1730750598.219394
28,r/EmilieAutumn,1318,Music,t5_2tjoj,1730750598.23793
29,r/EqualMemes,1318,Television,t5_3jpvl,1730750598.2573462
30,r/gme_meltdown_meltdown,1318,Internet Culture and Memes,t5_40l0ll,1730750598.27582
31,r/hypnotizable,1318,"A subreddit for those who struggle to be hypnotized, and those who think they can help",t5_3ljc7n,1730750598.294361
32,r/OddWebsites,1318,Internet Culture and Memes,t5_35yex,1730750598.314125
33,r/penileimplants,1318,Men's Health,t5_68au69,1730750598.332934
34,r/quiltro,1318,Animals and Pets,t5_2y0vnb,1730750598.353205
35,r/RepublicOfPics,1318,"The Republic of Pics focuses on serious photography and visual art. If you would like to submit a humorous image, please consider submitting it to The Republic of Funny instead.",t5_2stky,1730750598.3725471
36,r/Rolling_Line,1318,Gaming,t5_jl9wx,1730750598.391417
37,r/SFWBodySwaps,1318,"Reading, Writing, and Literature",t5_tbroe,1730750598.410806
38,r/ShintoReligion,1318,Religion and Spirituality,t5_3i78dr,1730750598.431881
39,r/whopperpics,1318,Food and Drink,t5_fnm6q,1730750598.450901
40,r/wooshception,1318,Funny/Humor,t5_ndtae,1730750598.469698
41,r/ainbowOz,1317,Sexual Orientation,t5_5xmfbw,1730750598.488641
42,r/allisarose,1317,Celebrity,t5_6pn6s9,1730750598.5072389
43,r/Atiesh,1317,Gaming,t5_22utca,1730750598.5266712
44,r/BalkanHub,1317,Internet Culture and Memes,t5_289i06,1730750598.545407
45,r/BASEchain,1317,Crypto,t5_910423,1730750598.564642
46,r/bulsu,1317,Learning and Education,t5_3lzt8,1730750598.584063
47,r/Caseys,1317,Marketplace and Deals,t5_32etn,1730750598.6035042
48,r/humboldtcsi,1317,A fan subreddit for Humboldt CSI’s gear. CSI Humboldt does not read this subreddit. If you want to communicate with him directly please go to his forum at thecannacabana.com.,t5_5zb4nj,1730750598.623384
49,r/iansomerhalder,1317,Celebrity,t5_2vqts,1730750598.641995
50,r/idiotsbehinddashcam,1317,Cars and Motor Vehicles,t5_41wfxt,1730750598.661846
51,r/LegionForJusticeFam,1317,Legion Family,t5_4m35zp,1730750598.681067
52,r/NicolasWindingRefn,1317,Celebrity,t5_30nq3,1730750598.701062
53,r/OnlyFangsArt,1317,Art,t5_bjm0kd,1730750598.719892
54,r/QWER_Band,1317,Music,t5_bfg3pv,1730750598.738579
55,r/RogueLands,1317,Gaming,t5_32s0e,1730750598.757653
56,r/SigmaVideos,1317,Movies,t5_78ruor,1730750598.7764869
57,r/SistersofMercy,1317,Music,t5_xlqpm,1730750598.795299
58,r/TalesOfLuminaria,1317,Gaming,t5_39f87j,1730750598.8142972
59,r/TheLetterS,1317,S,t5_332u2,1730750598.833015
60,r/2HourTrackSundays,1316,"Every Sunday @ BST/GMT 20:00 we put up a topic, usually in video form, over at our Discord channel (https://discord.gg/YU6HdTB). Enjoy food, fun, and company. Food not included. Competitors have 2 hours to create, and then 15 minutes to upload their tracks. We use ThaSauce to collect the tracks and vote on them - so create an account at http://compo.thasauce.net first.",t5_31ajm,1730750598.8536708
61,r/AILinksandTools,1316,Technology,t5_80mkji,1730750598.873354
62,r/BassCoast,1316,Music,t5_3f643,1730750598.893194
63,r/chevymalibu,1316,"A place to ask questions and share pictures, information and tips about Chevy Malibu cars.",t5_1dwp05,1730750598.9124181
64,r/ChildLoss,1316,Trauma Support,t5_30h4c,1730750598.9323552
65,r/ChurchOfCasey,1316,"A subreddit dedicated to the Casey, the best weapon in the excellent game Enter the Gungeon. Post anything related to that glorious bat.",t5_n2zfq,1730750598.952267
66,r/FloorMadeOfFloor,1316,"Welcome to ""The Floor is Made Out of Floor"". This subreddit is for Posts/Comments/News articles that make obvious and often general statements.",t5_221k6f,1730750598.9721549
67,r/Foundthetimetraveler,1316,A sub for the time travelers of reddit. This isn’t new well at least for the time travelers because you’ve already seen this,t5_rotx9,1730750598.991176
68,r/galaxygenome,1316,Gaming,t5_3q28l9,1730750599.010731
69,r/GothBabe,1316,Music,t5_2qbz45,1730750599.029988
70,r/ImmortalityGame,1316,Gaming,t5_60iwuj,1730750599.048716
71,r/Jesmonite,1316,Crafts and DIY,t5_29sgdw,1730750599.068463
72,r/Musashi_AL,1316,Yamato-class battleship number two – Musashi.,t5_71rts2,1730750599.088277
73,r/onthemedia,1316,This is a subreddit for discussions about the WNYC podcast On The Media. This subreddit is also for meta discussions about the media in general and is not limited to just American media but media all over the world and how they cover the issues of the day and how it helps to shape the world around us.,t5_2xovu,1730750599.108514
74,r/penpaws,1316,A place to help your pet find a pen-paw,t5_9wzhj,1730750599.1280608
75,r/remotivejobs,1316,Careers,t5_7uyean,1730750599.147563
76,r/RotmgRWT,1316,Marketplace and Deals,t5_kys13,1730750599.166201
77,r/sciencepolicy,1316,Welcome to sciencepolicy,t5_2sbbk,1730750599.184874
78,r/shibuyakei,1316,"**Shibuya-Kei** a sub-genre of Japanese pop music which originated in the Shibuya district of Tokyo. It is best described as a mix between jazz, pop, and synthpop.",t5_2wkgq,1730750599.203684
79,r/TheCancerPatient,1316,Medical and Mental Health,t5_4yjz2y,1730750599.2223842
80,r/Tribe_Of_Men,1316,"The Subreddit focused on being the reddit Community for the fans of ""Tribe of Men,"" ""Tribe Report,"" and ""Tribecast"" YouTube Channels. We welcome men looking for a space to learn, talk, develop and Improve who we are as Men. Our Goal is to become the Best version of ourselves. This not an RP or MGTOW oriented group. We are focused on the Personal Development of Men and all the Benefits that yields everyone. Discord https://discord.gg/tribeofmen",t5_6g0m6i,1730750599.241083
81,r/UnicornAcademy,1316,Television,t5_90vz6r,1730750599.2596679
82,r/WageWar,1316,Music,t5_3k9ud,1730750599.278301
83,r/awards,1315,Meta/Reddit,t5_2qht6,1730750599.297028
84,r/badgearcade,1315,Welcome to badgearcade,t5_3aqzn,1730750599.316363
85,r/BadSubHub,1315,"/r/BadSubHub, or the Badpire for short, is a subreddit simply meant to keep track of the many /r/badsubs in the growing empire. Although its primary use is to act as a way of cataloging subreddits that fall under the bad subs category, it can also be use to share ideas, and thoughts about the state of the badpire, and ways of improving our collection of subreddits.",t5_2zsxg,1730750599.335168
86,r/CreateServers,1315,Gaming,t5_5t8b9c,1730750599.354384
87,r/Cryptozoologist,1315,"Cryptozoology is the study of animals that haven't yet been proven to exist. Here we discuss cases, sightings and possible evidence of these creatures",t5_6aywn1,1730750599.372916
88,r/HBOGO,1315,Television,t5_2un48,1730750599.392166
89,r/JocelynNickel,1315,This sub is dedicated to the beautiful Californian model Jocelyn Nickel.,t5_3ueceu,1730750599.413304
90,r/JokoundKlaas,1315,Podcasts and Streamers,t5_57g315,1730750599.431885
91,r/Maiara_Rebelo,1315,Follow Mai on Instagram @mai_rebelo.,t5_4x5df8,1730750599.451091
92,r/Manipur_,1315,Place,t5_8t8jmz,1730750599.470708
93,r/Mk12Mod0,1315,Mature Themes and Adult Content,t5_7ieqhe,1730750599.489464
94,r/NervBridgeCrew,1315,Anime,t5_scigd,1730750599.508076
95,r/NOS4A2,1315,"Reading, Writing, and Literature",t5_3b96t,1730750599.5271199
96,r/playstarmancer,1315,Gaming,t5_39di3,1730750599.5457642
97,r/SlimBlackAndStacked,1315,The place for posting Black Women who are Slim and Stacked,t5_br38t6,1730750599.564729
98,r/SpeakUpBPSU,1315,Learning and Education,t5_cis5fv,1730750599.5842571
99,r/thelettert,1315,"Culture, Race, and Ethnicity",t5_30anp,1730750599.604835
100,r/ThemTheScareTVSeries,1315,Television,t5_bdehdj,1730750599.623869
101,r/bratzcommunity,1314,"Welcome to r/bratzcommunity!! This is a place for collectors to share and bond over their dolls, and for anyone with a general interest in Bratz to have a good time! This sub has no affiliation to MGA.",t5_5x8z6p,1730750599.642716
102,r/discordadvertisehere,1314,Technology,t5_71h2lt,1730750599.6616168
103,r/F4F,1314,Hobbies,t5_2vxaq,1730750599.680249
104,r/gamedevtutorials,1314,"Game development is a very complicated hobby, and sometimes the documentation of the various methods of video game creation are somewhat lacking - therefore this is a subreddit dedicated to the asking and releasing of tutorials relating to game development.",t5_2usip,1730750599.6989849
105,r/Helen_ivy,1314,Mature Themes and Adult Content,t5_6o7kh5,1730750599.71792
106,r/Lowfodmaprecipes,1314,Food and Drink,t5_6wfy4o,1730750599.736525
107,r/MagiQuest,1314,Tabletop Games,t5_2slx0,1730750599.7558668
108,r/PsychedelicCrisisHelp,1314,Medical and Mental Health,t5_41gloq,1730750599.775508
109,r/StThomasUSVI,1314,Place,t5_2xzsd,1730750599.7950919
110,r/ttcjerk,1314,Mature Themes and Adult Content,t5_2cd4pc,1730750599.814306
111,r/unexpectedLDS,1314,Religion and Spirituality,t5_4siexz,1730750599.833121
112,r/WoWMacros,1314,Gaming,t5_30pid,1730750599.8531258
113,r/AcheUmSubreddit,1313,Meta/Reddit,t5_6n3cez,1730750599.872254
114,r/AnarchyBTD6,1313,Gaming,t5_7nslet,1730750599.891925
115,r/bcachefs,1313,Technology,t5_3jkp4,1730750599.911285
116,r/Cohousing,1313,Affordable community—collaborative housing in which residents actively participate in the design and operation of their neighborhoods. Cohousing communities allow residents to create their own neighborhood and foster much more than a sense of community. Residents own their homes and share ownership of community features and needs.,t5_2qjri,1730750599.931215
117,r/EllanaBryanNew,1313,A sub dedicated to her photos and discussion,t5_8o7ma7,1730750599.9500532
118,r/EnderCommonSense,1313,"Welcome to The EnderCommonSense. ('End of Common Sense?' or 'Ender. Common Sense' you choose). Created to help users understand some 3d printer related things better. Replies, Tips, Additions and corrections are always welcome but please do not start new threads. I am trying to keep it in an easy to scroll through layout.",t5_5nfvzb,1730750599.9690082
119,r/GodofBlackfield,1313,Anime,t5_2k286w,1730750599.987991
120,r/MiyuEdelfelt,1313,Anime,t5_3f8wo,1730750600.0069041
121,r/Mysticat,1313,Subreddit for the Minecraft YouTuber Mysticat!,t5_2ptv2r,1730750600.02621
122,r/The_Donek,1313,Subreddit dla Króla Europy i Zbawiciela Polski JE Donalda Tuska.,t5_3ixgi,1730750600.044985
123,r/wiki,1313,Know of any cool or interesting wiki software? Want to run a wiki on your own server? Want a turnkey wiki hosted by a provider? Then /r/wiki is for you! Wiki-related technical queries are also welcome.,t5_2qjm8,1730750600.0639858
124,r/auction,1312,Post your own auctions and have Redditors bid on them!,t5_2r9qb,1730750600.083261
125,r/Counterparts,1312,Music,t5_30ek8,1730750600.102242
126,r/CuriousCosmos,1312,Outdoors and Nature,t5_7m1jv7,1730750600.1213
127,r/eacc,1312,Ethics and Philosophy,t5_6uz1jr,1730750600.140259
128,r/EnergonUniverse,1312,"Reading, Writing, and Literature",t5_8r7ztu,1730750600.1589272
129,r/flatearth_polite,1312,Internet Culture and Memes,t5_6ovqrl,1730750600.177749
130,r/ItalianRecipes,1312,Food and Drink,t5_2uim8,1730750600.196328
131,r/ScorpiaSheRa,1312,Television,t5_2jq66y,1730750600.215154
132,r/shonenjump,1312,Anime,t5_312ur,1730750600.233842
133,r/southerncalifornia,1312,This is a subredddit for all things Southern California,t5_2s4l9,1730750600.252436
134,r/SustainableValley,1312,Activism,t5_2k22ry,1730750600.271436
135,r/theerastour,1312,Music,t5_7bh8i3,1730750600.290633
136,r/trillek,1312,Programming,t5_2tuvi,1730750600.3105128
137,r/TTCHormoneCharts,1312,Family and Relationships,t5_8hlxcv,1730750600.329293
138,r/UCCS,1312,Learning and Education,t5_2st9k,1730750600.349231
139,r/CharlieAustin,1311,Welcome to the community dedicated to all things Charlie Austin.,t5_3ltim,1730750600.369268
140,r/ExAlgeria,1311,Religion and Spirituality,t5_7jco3u,1730750600.388174
141,r/foxesinlove,1311,unofficial subreddit of the wholesome gay foxes.💙💚,t5_4kmu68,1730750600.407049
142,r/GIGIDOLINBOOTY,1311,Welcome to GIGIDOLINBOOTY,t5_8slwqc,1730750600.425987
143,r/invention,1311,Welcome to invention,t5_2r9vb,1730750600.4446971
144,r/JusticeForPapito,1311,Activism,t5_3fqh9q,1730750600.463423
145,r/motorcyclecamping,1311,motorcycle camping,t5_3ma5z,1730750600.482053
146,r/Nepalbikes,1311,Cars and Motor Vehicles,t5_c4rbdz,1730750600.500858
147,r/shirts,1311,Fashion,t5_2qkic,1730750600.5204868
148,r/SpiralDynamics,1311,Discord: https://discord.gg/5VspBApgJQ,t5_syup7,1730750600.5392058
149,r/TexasSolar,1311,Home and Garden,t5_6pjpuv,1730750600.5585878
150,r/twmusic,1311,This is a subreddit for discovering and sharing smaller lesser known artists of Taiwan. All genres of music are allowed.,t5_354ts,1730750600.5790138
151,r/Yanderes,1311,Anime,t5_2wdcn,1730750600.599266
152,r/bengalurufc,1310,Sports,t5_2yoay,1730750600.619404
153,r/CarsEU,1310,Cars and Motor Vehicles,t5_mqz58,1730750600.6388412
154,r/CASPerTest,1310,Learning and Education,t5_3f8nr,1730750600.6573682
155,r/EldoradoGG,1310,Gaming,t5_28ci07,1730750600.675947
156,r/FlaxNetwork,1310,Crypto,t5_4m2dgd,1730750600.694792
157,r/floridarockcommunity,1310,Music,t5_76z8co,1730750600.713452
158,r/HMTWatchEnthusiasts,1310,A sub for HMT watch enthusiasts! To collectively enjoy our love towards HMT watches. Official HMT's website: www.hmtwatches.in,t5_7qcua9,1730750600.732125
159,r/Howie2020,1310,Politics,t5_2k9ve1,1730750600.7512
160,r/IVIMHEALTH,1310,Fitness and Nutrition,t5_a13u4g,1730750600.7697768
161,r/Nathan,1310,Welcome to Nathan,t5_2qjtp,1730750600.788824
162,r/okbuddypakled,1310,Movies,t5_40g33m,1730750600.8073559
163,r/purahiscute,1310,Gaming,t5_8ey8au,1730750600.826761
164,r/ScaledAgile,1310,Learning and Education,t5_i5z8a,1730750600.8467772
165,r/shooter,1310,Gaming,t5_2zyfm,1730750600.865696
166,r/swainbowl,1310,Subreddit for the 2021 Josh Swain tournament,t5_2m4g3u,1730750600.884758
167,r/tasyiu18,1310,Welcome to tasyiu18,t5_9gh22p,1730750600.9033659
168,r/TheExoplanetsChannel,1310,"News on Habitable exoplanets, Extraterrestrial intelligence and Interstellar travel",t5_w3u3h,1730750600.922925
169,r/TheTeamHouse,1310,"The subreddit for The Team House. A weekly podcast and live stream hosted by Jack Murphy ( Author, former U.S Army Ranger, & Special Forces vet ) & Dave Parke ( Actor, former Navy hardhat diver, & U.S Army Ranger ). https://www.youtube.com/channel/UCXFKXo5oRUJp2jMqlmEHU3Q Support the stream on Patreon: https://www.patreon.com/MurphysLawstream The podcast version of the stream is here: https://soundcloud.com/user-796052562... The Team Room Reading Room (Amazon Affiliate links): https://jack",t5_26gz8w,1730750600.941825
170,r/WeWantFood,1310,The Inverse OF We Want Plates,t5_3k8lz,1730750600.961559
171,r/WriteStreakCN,1310,"Reading, Writing, and Literature",t5_4q7bjh,1730750600.980735
172,r/abdldiaperhypnosis,1309,"ABDL community for all ABDL and diaper lovers who love hypnosis! 18+ Only! NO SPAM, ADVERTISING, ASKING FOR DM's, or OUTSIDE LINKS with the exception of posts by the moderators. These rules are to protect you from mommy scams. Thank you!",t5_6ss0jy,1730750600.99949
173,r/criminal_defense,1309,"A subreddit for legal ""help"" in the face of prosecution. This sub is similar to /r/legaladvice, but not run by cops pretending to be lawyers.",t5_32bef,1730750601.0192928
174,r/dodgelore,1309,tell some dodge stories if you please,t5_10i3bg,1730750601.037857
175,r/fiji,1309,"The Fraternity of Phi Gamma Delta, also known as FIJI or PhiGam.",t5_2sbp7,1730750601.05664
176,r/gallopfrey,1309,**RUN!**,t5_2t28q,1730750601.0757592
177,r/HorsesArentReal,1309,Discuss the conspiracy that has caused a large portion of the world to mistakenly believe that such a creature as a horse walks on this Earth.,t5_yl2mt,1730750601.096242
178,r/IndeedJobs,1309,Careers,t5_42cep1,1730750601.1157
179,r/JADAM,1309,Home and Garden,t5_3jwmm,1730750601.1354449
180,r/KhloeKardashianBody,1309,Khloé Kardashian fan subreddit,t5_2epmpt,1730750601.1549902
181,r/LarsVonTrier,1309,This guy,t5_310do,1730750601.174928
182,r/LithiumAmerica,1309,"Business, Economics, and Finance",t5_5pf4e8,1730750601.195203
183,r/LiveRescue,1309,Television,t5_y3j8s,1730750601.214509
184,r/mantiskeeping,1309,Animals and Pets,t5_2wvd66,1730750601.2342532
185,r/NaomiSchiff,1309,Cars and Motor Vehicles,t5_5vk58o,1730750601.254414
186,r/RepublicanHypocrisy,1309,Politics,t5_31qd5,1730750601.2759922
187,r/riskmanager,1309,"Discussions, questions, advice and news relating to risk management and its applications.",t5_38gal,1730750601.296169
188,r/TaylorSwiftHot,1309,Yeet,t5_3gwv1,1730750601.315385
189,r/torah,1309,"A subreddit for discussion and sharing of all things Torah! This is the place to share Torah-related articles and Shiurim, and to have discussions and debates about Torah topics. Torah refers to the five original Books of Moses written in Hebrew.",t5_2sgiq,1730750601.3358011
190,r/wolframalpha,1309,Learning and Education,t5_2qxwv,1730750601.355804
191,r/CarParkingBuySellSwap,1308,Gaming,t5_6gzhun,1730750601.37465
192,r/CausalInference,1308,Topics and questions about causality and practical means of estimating causal effects.,t5_gkxdi,1730750601.393356
193,r/CityOfLA,1308,Welcome to CityOfLA,t5_2sdwl,1730750601.412086
194,r/ClimateCrisis,1308,Welcome to ClimateCrisis,t5_2rbfb,1730750601.432111
195,r/DeepIntoReddit,1308,Meta/Reddit,t5_2zdw7,1730750601.4515688
196,r/fost,1308,Funny/Humor,t5_ci7fml,1730750601.4706838
197,r/HellLetLooseLFG,1308,A subreddit dedicated to helping people find other friends who play Hell Let Loose!,t5_1ix3ve,1730750601.490458
198,r/inspectelement,1308,"Show your creative ways of using ""Inspect Element"" (URL Bar Javascript Hacks also allowed)",t5_2w6wr,1730750601.5093539
199,r/KemonomimiCheerUpBot,1308,Subreddit for a potential bot.,t5_3o50u,1730750601.529036
200,r/LanaAnalise,1308,Everything about Pornstar Lana Analise - Multi Nominated Performer | Booty Crazed | Bottomless Throat,t5_3x5vyq,1730750601.548107
201,r/loljs,1308,"lol, JavaScript In the spirit for /r/lolphp",t5_2uwtx,1730750601.567987
202,r/poppunkjerk,1308,We're so sick of this town. These kids don't wear khakis and they listen to ICP.,t5_30mug,1730750601.5878232
203,r/rekkyousensen,1308,Anime,t5_9x2tl7,1730750601.608567
204,r/SaudiLounge,1308,Religion and Spirituality,t5_bbc7fc,1730750601.627594
205,r/shirtlessinpublic,1308,Hobbies,t5_3fnd8n,1730750601.647409
206,r/wallE,1308,Movies,t5_4uwhcm,1730750601.666296
207,r/yearofannakarenina,1308,"Reading, Writing, and Literature",t5_3le458,1730750601.685054
208,r/All_TheJennifers,1307,Celebrity,t5_a4761u,1730750601.7036328
209,r/Astellia,1307,Gaming,t5_3gy18,1730750601.722316
210,r/banime,1307,Addiction Support,t5_39mxr,1730750601.7413938
211,r/civfund,1307,Crypto,t5_4vsh4n,1730750601.760225
212,r/ColetteSimps,1307,Gaming,t5_33t8zu,1730750601.779975
213,r/doors,1307,Home and Garden,t5_2qtcv,1730750601.798826
214,r/FordThunderbird,1307,Cars and Motor Vehicles,t5_2vxue,1730750601.8198998
215,r/francephobia,1307,Activism,t5_4ls4di,1730750601.8398411
216,r/FunnyGamingMoments,1307,Gaming,t5_2xvme,1730750601.8595798
217,r/HMart,1307,Food and Drink,t5_2clz6k,1730750601.878486
218,r/honeyhunchoo,1307,"@honeyhunchoo content, tiktok girl",t5_4hiofc,1730750601.8973298
219,r/MalloyPanda,1307,Internet Culture and Memes,t5_37qtt9,1730750601.916797
220,r/MichelleRyan,1307,The British actress Michelle Ryan. Anything related to her goes here.,t5_2zvrf,1730750601.937191
221,r/MoeFeet,1307,Anime,t5_558kum,1730750601.9559538
222,r/mydiscbag,1307,Sports,t5_2r8h84,1730750601.974715
223,r/ObscurestVinyl,1307,Music,t5_ba31og,1730750601.993995
224,r/oldschoolbmx,1307,Hobbies,t5_397af,1730750602.012639
225,r/PaulinaPorizkova,1307,Welcome to PaulinaPorizkova,t5_6zdogh,1730750602.032674
226,r/RiseOfThePinkLadies,1307,Television,t5_85lcgt,1730750602.051616
227,r/Socialstudies,1307,"For Social Studies teachers, pre-service teachers, teacher educators, and candidates to discuss pedagogy, curriculum, content, issues, and innovations.",t5_2u1x6,1730750602.07025
228,r/SwissFemboy,1307,Gender,t5_7zer9y,1730750602.089258
229,r/tecnoarg,1307,Technology,t5_c7vi1x,1730750602.1087518
230,r/TorontoDefiant,1307,Gaming,t5_qbxyj,1730750602.1277518
231,r/valkyrie,1307,Gaming,t5_2qrax,1730750602.147022
232,r/wuhmper,1307,Funny/Humor,t5_84wozb,1730750602.1661031
233,r/allegiant,1306,Travel,t5_3bz7f,1730750602.185855
234,r/BitDegree,1306,"We're the world's first free, blockchain-powered online platform dedicated to Web3 education 🚀",t5_3o0q5,1730750602.204808
235,r/buschgardens,1306,Travel,t5_2tia1,1730750602.2233658
236,r/CircuitsofValue,1306,Crypto,t5_27nfwx,1730750602.242187
237,r/DataEngineeringPH,1306,Careers,t5_am2z20,1730750602.26146
238,r/DifferentRealityDream,1306,Sub about people who experience dreams/visions about different realities and want to share and learn more about this phenomenon.You can share your experiences no matter how crazy or weird they sound :) Just please don't insult anyone for no reason.Is reality you experienced real?Doesn't matter.Share what you want about this topic.Is this life real?Doesn't matter :) I think everything and nothing is real.,t5_2tex95,1730750602.28036
239,r/Ely,1306,Place,t5_2rkb0,1730750602.300939
240,r/FeetMemes,1306,Art,t5_z98rs,1730750602.321093
241,r/HowToEntrepreneur,1306,"This is a community created to be a discussion board for legitimate entrepreneurs already taking action in their business. Our aim is to share advice about managing employees, marketing, sales, and running an enterprise.",t5_2cxzrx,1730750602.340788
242,r/LuiseJenisch,1306,✨ everything about luise jenisch ✨,t5_42j86b,1730750602.3598452
243,r/OccultServices,1306,Religion and Spirituality,t5_2x548v,1730750602.37901
244,r/SoyouKpop,1306,Music,t5_b7eqc1,1730750602.398177
245,r/tangledeep,1306,Gaming,t5_3kbmt,1730750602.418271
246,r/Untangle,1306,Technology,t5_2vfxb,1730750602.43756
247,r/westofloathingguide,1306,Gaming,t5_3nma0,1730750602.456152
248,r/12ozmouse,1305,Television,t5_2v3ak,1730750602.474974
249,r/AtlantisTheLostEmpire,1305,Movies,t5_29uiv9,1730750602.4935942
