,subreddit,subscribers,topic,subreddit_id,scraped_utc
0,r/besiktas,71344,Sports,t5_2u2mv,1730746161.488435
1,r/LeoAstrology,71343,Religion and Spirituality,t5_282jy9,1730746161.507683
2,r/NoJumper,71293,Podcasts and Streamers,t5_3c1lr,1730746161.526782
3,r/vegangifrecipes,71278,Food and Drink,t5_3cnqa,1730746161.9354439
4,r/ManjaroLinux,71267,Technology,t5_2xk2p,1730746161.955188
5,r/technicalminecraft,71267,Gaming,t5_2wfxg,1730746161.975389
6,r/banano,71232,Crypto,t5_35ts9,1730746161.995903
7,r/4kbluray,71208,Movies,t5_3flg4,1730746162.0149372
8,r/bangladesh,71191,Place,t5_2qixf,1730746162.033757
9,r/Endo,71183,Women's Health,t5_2s8ot,1730746162.052624
10,r/MINI,71069,Cars and Motor Vehicles,t5_2rutj,1730746162.0712
11,r/CatTraining,71022,Animals and Pets,t5_2w4gn,1730746162.0902789
12,r/Reaper,70964,Music,t5_2rm0e,1730746162.134681
13,r/NUFC,70945,Sports,t5_2s6ya,1730746162.153249
14,r/it,70939,Technology,t5_247c,1730746162.171909
15,r/TheBatmanFilm,70917,Movies,t5_2c5lze,1730746162.1903832
16,r/gamingmemes,70895,Gaming,t5_2ts2c,1730746162.208975
17,r/anno,70878,Gaming,t5_2sy3z,1730746162.227835
18,r/redrising,70870,"Reading, Writing, and Literature",t5_309qi,1730746162.246434
19,r/fixingmovies,70833,Movies,t5_3bqjz,1730746162.265249
20,r/CountOnceADay,70825,Internet Culture and Memes,t5_3ognm,1730746162.283793
21,r/budget,70808,"Business, Economics, and Finance",t5_2r1zs,1730746162.302531
22,r/ppnojutsu,70787,Internet Culture and Memes,t5_5gug25,1730746162.321217
23,r/SDSGrandCross,70784,Gaming,t5_xpfq5,1730746162.3397608
24,r/harvestmoon,70751,Gaming,t5_2s3kr,1730746162.3583
25,r/PeopleLiveInCities,70749,Internet Culture and Memes,t5_27i25u,1730746162.3771489
26,r/SplitDepthGIFS,70735,Internet Culture and Memes,t5_2yzq1,1730746162.395888
27,r/CrestedGecko,70723,Animals and Pets,t5_2vwdx,1730746162.414554
28,r/Totaldrama,70681,Television,t5_2u6ph,1730746162.433336
29,r/POTS,70634,Medical and Mental Health,t5_2saq9,1730746162.452506
30,r/The48LawsOfPower,70624,Ethics and Philosophy,t5_34km0,1730746162.472888
31,r/CharliDamelio654,70618,Celebrity,t5_4hl2ql,1730746162.491595
32,r/TheOrdinarySkincare,70618,Beauty and Makeup,t5_27y1dc,1730746162.510176
33,r/BraidsNBooty,70589,Mature Themes and Adult Content,t5_79bbls,1730746162.5291278
34,r/MillieBobbyBrownPics,70567,Celebrity,t5_piimp,1730746162.547652
35,r/VintageMenus,70563,History,t5_3fk9a,1730746162.5663202
36,r/ZyadaKuchNai,70563,Internet Culture and Memes,t5_a29wjs,1730746162.5851378
37,r/goodomens,70529,"Reading, Writing, and Literature",t5_2v7cb,1730746162.603945
38,r/studyAbroad,70524,Learning and Education,t5_2s8bd,1730746162.622517
39,r/Adoption,70520,Family and Relationships,t5_2qr1s,1730746162.641155
40,r/imOnlyFans,70495,Mature Themes and Adult Content,t5_7ib8ko,1730746162.6606798
41,r/ElSalvador,70480,Place,t5_2qs3c,1730746162.680303
42,r/RubeGoldbergFails,70461,Internet Culture and Memes,t5_3i600,1730746162.699179
43,r/sixwordstories,70421,"Reading, Writing, and Literature",t5_2rfom,1730746162.71892
44,r/DermatologyQuestions,70401,Medical and Mental Health,t5_2ihy50,1730746162.73751
45,r/Prague,70398,Place,t5_2qiss,1730746162.75606
46,r/Lenovo,70381,Technology,t5_2r0pw,1730746162.774862
47,r/Kuwait,70350,Place,t5_2qzc1,1730746162.793366
48,r/stonerrock,70342,Music,t5_2quxq,1730746162.81229
49,r/fotosmexico,70328,Art,t5_2zdly,1730746162.8311229
50,r/churningcanada,70311,"Business, Economics, and Finance",t5_30hws,1730746162.850943
51,r/Muse,70296,Music,t5_2qz0k,1730746162.869928
52,r/OptionsMillionaire,70292,"Business, Economics, and Finance",t5_45t5wn,1730746162.889477
53,r/avengedsevenfold,70277,Music,t5_2shpy,1730746162.908022
54,r/LoveNikki,70274,Fashion,t5_3l0ds,1730746162.926852
55,r/artbusiness,70257,Art,t5_2xl6w,1730746162.947396
56,r/karate,70216,Sports,t5_2qo6l,1730746162.966677
57,r/Nevada,70182,Place,t5_2rqwi,1730746162.985993
58,r/TheBoysChannel,70177,Podcasts and Streamers,t5_322b2g,1730746163.004842
59,r/lastfm,70147,Music,t5_2rov3,1730746163.023366
60,r/starbucksbaristas,70135,Careers,t5_2z2nq,1730746163.042175
61,r/AmazonSeller,70089,Careers,t5_2xfek,1730746163.0609071
62,r/Atlantology,70073,Music,t5_2wlawa,1730746163.079662
63,r/MakeMeSmile,70071,Internet Culture and Memes,t5_2t8hd,1730746163.098326
64,r/nerdfighters,70058,Podcasts and Streamers,t5_2rocp,1730746163.117037
65,r/CustomPlayerCutscene,70025,Funny/Humor,t5_8xm8g,1730746163.1355991
66,r/spreen,70011,Podcasts and Streamers,t5_44gund,1730746163.1547542
67,r/BeachCity,70009,Television,t5_3c6zb,1730746163.174182
68,r/nonononoyesno,69954,Internet Culture and Memes,t5_2xy61,1730746163.193794
69,r/ft86,69944,Cars and Motor Vehicles,t5_2t4rq,1730746163.213701
70,r/KUWTKsnark,69944,Celebrity,t5_5mhcrd,1730746163.2332559
71,r/toebeans,69938,Animals and Pets,t5_32h5z,1730746163.252506
72,r/Learnmusic,69922,Music,t5_2rgto,1730746163.271138
73,r/streaming,69918,Gaming,t5_2qtbr,1730746163.290276
74,r/HaloOnline,69906,Gaming,t5_37js8,1730746163.309993
75,r/MetalForTheMasses,69895,Music,t5_6ymgkh,1730746163.329754
76,r/bestofpositiveupdates,69869,Meta/Reddit,t5_6cazos,1730746163.3492322
77,r/AskFoodHistorians,69837,History,t5_2w1a8,1730746163.367914
78,r/santacruz,69813,Place,t5_2qonf,1730746163.3874822
79,r/computerforensics,69773,Science,t5_2rubs,1730746163.4076722
80,r/Shark_Park,69769,Internet Culture and Memes,t5_3sc2l0,1730746163.4368598
81,r/TerrariaDesign,69760,Gaming,t5_398f2,1730746163.4691799
82,r/worstof,69720,Meta/Reddit,t5_2qh3y,1730746163.51014
83,r/psychologyofsex,69700,Science,t5_2tjh0,1730746163.540396
84,r/GoogleMaps,69649,Technology,t5_2qqv1,1730746163.566918
85,r/mutualfunds,69645,"Business, Economics, and Finance",t5_2za4m,1730746163.656395
86,r/ClarksonsFarm,69617,Television,t5_4gh56u,1730746163.6977558
87,r/VHS,69575,Movies,t5_2sauc,1730746163.748616
88,r/Zwift,69531,Fitness and Nutrition,t5_33t8j,1730746163.801331
89,r/askportland,69527,Place,t5_2u82k,1730746163.848453
90,r/DarkFuturology,69511,Politics,t5_2vva3,1730746163.894827
91,r/Alonetv,69499,Television,t5_38trs,1730746163.946615
92,r/Vilnius,69482,Place,t5_2t0nq,1730746163.995175
93,r/poutine,69456,Food and Drink,t5_2r3dd,1730746164.0298371
94,r/HogwartsLegacyGaming,69453,Gaming,t5_7tj7li,1730746164.062953
95,r/ultimate,69446,Sports,t5_2qnym,1730746164.0987651
96,r/SeikoMods,69436,Fashion,t5_oib0w,1730746164.129985
97,r/battlebots,69428,Television,t5_2ts52,1730746164.162833
98,r/threebodyproblem,69427,"Reading, Writing, and Literature",t5_35clc,1730746164.190799
99,r/DDLCMods,69418,Gaming,t5_3pozq,1730746164.220871
100,r/MousepadReview,69416,Technology,t5_360i9,1730746164.253013
101,r/InternationalNews,69402,Politics,t5_2qjk6,1730746164.2874272
102,r/entitledkids,69385,Family and Relationships,t5_vjcwa,1730746164.329171
103,r/Nanny,69366,Careers,t5_33toc,1730746164.363626
104,r/AshesofCreation,69355,Gaming,t5_3hu3k,1730746164.443972
105,r/Gemstones,69321,Hobbies,t5_2sjz7,1730746164.872326
106,r/MotorsportsReplays,69320,Sports,t5_3jmc3,1730746164.909204
107,r/hotdogs,69301,Food and Drink,t5_2qtuw,1730746164.938488
108,r/ThreadsApp,69294,Technology,t5_8i6jzx,1730746164.9680698
109,r/Cookierun,69287,Gaming,t5_30vl9,1730746164.9951859
110,r/callofcthulhu,69283,Tabletop Games,t5_2sdez,1730746165.0426738
111,r/MXRplays,69275,Podcasts and Streamers,t5_1s1wak,1730746165.086965
112,r/v8supercars,69248,Cars and Motor Vehicles,t5_2syt8,1730746165.122627
113,r/Celiac,69234,Medical and Mental Health,t5_2tnai,1730746165.14925
114,r/ElPaso,69211,Place,t5_2rp61,1730746165.174422
115,r/DoggyDNA,69177,Animals and Pets,t5_2wl6d,1730746165.233014
116,r/okbuddyreiner,69172,Anime,t5_10jfn5,1730746165.2683241
117,r/propagation,69127,Home and Garden,t5_2x70e,1730746165.301569
118,r/freestickers,69123,Hobbies,t5_2ufxa,1730746165.332822
119,r/Wealthsimple,69109,"Business, Economics, and Finance",t5_4sb4no,1730746165.365888
120,r/repweidiansneakers,69108,Fashion,t5_5sppi5,1730746165.392388
121,r/booknooks,69105,Crafts and DIY,t5_2a8v85,1730746165.419996
122,r/moon,69054,Art,t5_2qlwf,1730746165.451166
123,r/StressFreeSeason,69039,Medical and Mental Health,t5_u9fky,1730746165.481925
124,r/macdemarco,69035,Music,t5_2xk6n,1730746165.5179892
125,r/Cebu,69034,Place,t5_2s92t,1730746165.555399
126,r/unexpectedpawnee,69034,Funny/Humor,t5_3hzjx,1730746165.587769
127,r/NLCelebs,69023,Celebrity,t5_1dfp2w,1730746165.62377
128,r/PancakeswapICO,69018,Crypto,t5_4qxl8v,1730746165.6564941
129,r/LDR,69014,Family and Relationships,t5_2rx8p,1730746165.683546
130,r/feetpicsbuyerandsell,69007,Mature Themes and Adult Content,t5_729ghx,1730746165.71398
131,r/numetal,68990,Music,t5_2sgqr,1730746165.7417212
132,r/bernesemountaindogs,68968,Animals and Pets,t5_2sx7v,1730746165.768565
133,r/SNDL,68956,"Business, Economics, and Finance",t5_396anz,1730746165.795539
134,r/TrendingReddits,68956,Meta/Reddit,t5_2xvvr,1730746165.8255591
135,r/coralisland,68951,Gaming,t5_2m8bjj,1730746165.853504
136,r/INJUSTICE,68932,Gaming,t5_2rkvc,1730746165.882926
137,r/liberta,68928,Politics,t5_38s9u,1730746165.906115
138,r/Shinyleggings,68886,Mature Themes and Adult Content,t5_2gdh66,1730746165.9307919
139,r/ValorantMemes,68840,Gaming,t5_2g7njp,1730746165.957865
140,r/McDonaldsEmployees,68828,Careers,t5_gg468,1730746165.982851
141,r/SpiritualAwakening,68828,Religion and Spirituality,t5_31579,1730746166.005839
142,r/sillygirlclub,68827,Internet Culture and Memes,t5_8wyae5,1730746166.034189
143,r/machinesinaction,68822,Cars and Motor Vehicles,t5_7onhze,1730746166.059941
144,r/asianeats,68798,Food and Drink,t5_2sysy,1730746166.0851269
145,r/SkyrimTogether,68796,Gaming,t5_3bmxv,1730746166.112564
146,r/PunishingGrayRaven,68763,Gaming,t5_1cx848,1730746166.1350222
147,r/AndroidWear,68753,Technology,t5_30zvj,1730746166.156683
148,r/PirateKitties,68730,Animals and Pets,t5_m9fgu,1730746166.1778219
149,r/billsimmons,68724,Podcasts and Streamers,t5_2yb1h,1730746166.19871
150,r/yeat_,68724,Celebrity,t5_4odw1y,1730746166.21963
151,r/RateMyPlate,68706,Food and Drink,t5_lzfx0,1730746166.2415411
152,r/WhiskerFireworks,68679,Animals and Pets,t5_2hloju,1730746166.2623029
153,r/okkolegauposledzony,68659,Internet Culture and Memes,t5_28tbj4,1730746166.28159
154,r/BBBY,68656,"Business, Economics, and Finance",t5_3q5hel,1730746166.300441
155,r/Barbie,68649,Hobbies,t5_2r31h,1730746166.319253
156,r/BecomingTheIceman,68638,Fitness and Nutrition,t5_2x9u1,1730746166.3789408
157,r/predaddit,68636,Family and Relationships,t5_2t9z7,1730746166.498744
158,r/youngjustice,68626,Television,t5_2t3l1,1730746166.5320792
159,r/HistoricalCostuming,68596,Fashion,t5_2ubp5,1730746166.569098
160,r/Pmsforsale,68566,Marketplace and Deals,t5_2uqgs,1730746166.6093829
161,r/Fusion360,68487,Technology,t5_35qxp,1730746166.660817
162,r/UncleRoger,68480,Celebrity,t5_2x5gzd,1730746166.75732
163,r/DisneyPlusHotstar,68469,Television,t5_2hgbvi,1730746166.8366668
164,r/BringMeTheHorizon,68466,Music,t5_2xz4h,1730746166.8870988
165,r/mechanicalpencils,68454,Hobbies,t5_2tri5,1730746166.9390888
166,r/bullcity,68450,Place,t5_2sv0n,1730746166.985836
167,r/hrvatska,68450,Place,t5_2qyq1,1730746167.02763
168,r/AsianTikTokGirls,68445,Mature Themes and Adult Content,t5_37r6tx,1730746167.0775082
169,r/RustConsole,68428,Gaming,t5_28h1wz,1730746167.118319
170,r/orthotropics,68416,Medical and Mental Health,t5_32xps,1730746167.180127
171,r/phmigrate,68397,Careers,t5_7mdrln,1730746167.232288
172,r/union,68384,Careers,t5_2qolh,1730746167.286062
173,r/strange,68379,Internet Culture and Memes,t5_2qsxp,1730746167.3280902
174,r/AreTheCisOk,68373,Gender,t5_2g8yh6,1730746167.3741162
175,r/SMG4,68358,Podcasts and Streamers,t5_32t50,1730746167.455391
176,r/fragranceswap,68349,Marketplace and Deals,t5_2vmr7,1730746167.52531
177,r/narcissism,68310,Medical and Mental Health,t5_2rluy,1730746167.583176
178,r/Diablo_2_Resurrected,68302,Gaming,t5_403kab,1730746167.645631
179,r/TikTok_Innuendo,68287,Mature Themes and Adult Content,t5_8gtv20,1730746167.6923661
180,r/AskMarketing,68274,"Business, Economics, and Finance",t5_2vqfw,1730746167.738351
181,r/Kitler,68257,Animals and Pets,t5_2v9x6,1730746167.786751
182,r/fireTV,68253,Technology,t5_316vr,1730746167.8281689
183,r/badmathematics,68251,Science,t5_2wsyp,1730746167.868204
184,r/Veterinary,68246,Careers,t5_2rcd1,1730746167.909239
185,r/cheeseburgers,68230,Food and Drink,t5_2sf3h,1730746167.9412951
186,r/lifehack,68227,Internet Culture and Memes,t5_2rmgp,1730746167.973581
187,r/dresdenfiles,68211,"Reading, Writing, and Literature",t5_2s64c,1730746168.007155
188,r/Indians_StudyAbroad,68197,Learning and Education,t5_57pm9g,1730746168.0366662
189,r/eBaySellerAdvice,68180,"Business, Economics, and Finance",t5_3bopf,1730746168.066066
190,r/FigureSkating,68163,Sports,t5_2rld6,1730746168.092596
191,r/CanadaSoccer,68145,Sports,t5_2sf14,1730746168.118407
192,r/leanbeefpatty,68117,Mature Themes and Adult Content,t5_48m9j5,1730746168.1425211
193,r/Thisissosatisfying,68113,Internet Culture and Memes,t5_8gjqad,1730746168.164294
194,r/IdentityV,68077,Gaming,t5_j95dd,1730746168.1855621
195,r/youdontmattergiveup,68064,Internet Culture and Memes,t5_3nt3b,1730746168.2071822
196,r/UtterlyInteresting,68060,Internet Culture and Memes,t5_7fz4xn,1730746168.228415
197,r/Emailmarketing,68054,"Business, Economics, and Finance",t5_2r1yx,1730746168.252089
198,r/letshugotv,68046,Podcasts and Streamers,t5_650kt3,1730746168.281173
199,r/disability,68042,Medical and Mental Health,t5_2qhe8,1730746168.309551
200,r/bonjour,68031,Meta/Reddit,t5_53atzi,1730746168.338039
201,r/DecodingTheGurus,68011,Podcasts and Streamers,t5_400gsf,1730746168.368743
202,r/nathanwpyle,67997,Funny/Humor,t5_mo9yi,1730746168.404425
203,r/agile,67986,Technology,t5_2qhp0,1730746168.435416
204,r/sharditkeepit,67954,Gaming,t5_389nk,1730746168.466356
205,r/PSO2,67951,Gaming,t5_2sjei,1730746168.4982898
206,r/EmilyInParis,67948,Television,t5_z6zda,1730746168.5284789
207,r/GuerrillaGardening,67948,Home and Garden,t5_2s8v5,1730746168.5561001
208,r/OpTicGaming,67913,Gaming,t5_2xpuo,1730746168.5945191
209,r/musicanova,67891,Music,t5_3ck60,1730746168.6291049
210,r/foundthemobileuser,67871,Meta/Reddit,t5_ln625,1730746168.667642
211,r/CatsOnPizza,67842,Animals and Pets,t5_38b59,1730746168.706153
212,r/DragRacePhilippines,67812,Television,t5_4wr0x2,1730746168.739331
213,r/GetOutOfBed,67793,Medical and Mental Health,t5_2tant,1730746168.775088
214,r/MotivationalPics,67775,Ethics and Philosophy,t5_2t73u,1730746168.804482
215,r/commandandconquer,67744,Gaming,t5_2stve,1730746168.834717
216,r/folk,67735,Music,t5_2qi21,1730746168.866656
217,r/barelegs,67728,Mature Themes and Adult Content,t5_39qg4k,1730746168.894463
218,r/DataArt,67728,Art,t5_3pilg,1730746168.928873
219,r/Aphantasia,67726,Medical and Mental Health,t5_39pql,1730746168.958733
220,r/fujix,67724,Art,t5_2vjfp,1730746168.990738
221,r/wonderdraft,67721,Tabletop Games,t5_mslz2,1730746169.027006
222,r/polymerclay,67699,Crafts and DIY,t5_2s48h,1730746169.059005
223,r/Back4Blood,67680,Gaming,t5_vomes,1730746169.090934
224,r/Corridor,67679,Podcasts and Streamers,t5_3f9jo,1730746169.116679
225,r/theumbrellaacademy,67679,Television,t5_3ckmm,1730746169.141357
226,r/Nietzsche,67672,Ethics and Philosophy,t5_2qxbg,1730746169.16844
227,r/ElectricSkateboarding,67657,Technology,t5_32hd6,1730746169.19381
228,r/introvertmemes,67655,Internet Culture and Memes,t5_xju7d,1730746169.217006
229,r/whichbike,67639,Hobbies,t5_2s37j,1730746169.238244
230,r/conseilboulot,67602,Careers,t5_967yv9,1730746169.2594838
231,r/bash,67597,Programming,t5_2qh2d,1730746169.280513
232,r/ACMilan,67595,Sports,t5_2rnmt,1730746169.301996
233,r/lewishamilton,67585,Sports,t5_2vmby,1730746169.362808
234,r/thebindingofisaac,67582,Gaming,t5_2tb8f,1730746169.395958
235,r/plantsandpots,67560,Home and Garden,t5_yxvso,1730746169.4219022
236,r/fanduel,67531,Mature Themes and Adult Content,t5_2vhn0,1730746169.4488661
237,r/Monstercat,67528,Music,t5_2se72,1730746169.47739
238,r/Flyers,67527,Sports,t5_2ribt,1730746169.506857
239,r/McDonalds,67503,Food and Drink,t5_2qwwn,1730746169.5491588
240,r/MillieBobbyBrownHQ,67499,Celebrity,t5_5vpxk2,1730746169.577398
241,r/AlignmentCharts,67399,Internet Culture and Memes,t5_2rc7z,1730746169.599387
242,r/F1TV,67363,Sports,t5_h3krw,1730746169.6208751
243,r/GeorgeNotFound,67351,Celebrity,t5_2ckzrx,1730746169.642277
244,r/voiture,67351,Cars and Motor Vehicles,t5_2wx7z,1730746169.663431
245,r/YuYuHakusho,67347,Anime,t5_2sanu,1730746169.684549
246,r/SubaruForester,67324,Cars and Motor Vehicles,t5_2y78a,1730746169.705927
247,r/lotro,67295,Gaming,t5_2rfus,1730746169.727218
248,r/LeaksAndRumors,67254,Gaming,t5_4izfkp,1730746169.8048158
249,r/DalalStreetTalks,67231,"Business, Economics, and Finance",t5_44qvzw,1730746169.869767
