,subreddit,subscribers,topic,subreddit_id,scraped_utc
0,r/herpes_dating,1141,Family and Relationships,t5_8b0izw,1730750914.799156
1,r/Kodalminerals,1141,"Business, Economics, and Finance",t5_43etjp,1730750914.823692
2,r/Loop_Hero,1141,"The Lich has thrown the world into a timeless loop and plunged its inhabitants into never ending chaos. Wield an expanding deck of mystical cards to place enemies, buildings, and terrain along each unique expedition loop for the brave hero. Recover and equip powerful loot for each class of hero for their battles and expand the survivors' camp to reinforce each adventure through the loop. Unlock new classes, new cards, and devious guardians on your quest to shatter the endless cycle of despair.",t5_3woted,1730750914.844078
3,r/NotionDeutsch,1141,Technology,t5_734kld,1730750914.863505
4,r/relationship_thoughts,1141,Welcome to relationship_thoughts,t5_2z91d,1730750914.88308
5,r/RoxannePerez2,1141,Subreddit for the NXT Superstar Roxanne Perez,t5_80xiun,1730750914.913362
6,r/SCQueens,1141,Mature Themes and Adult Content,t5_boqnix,1730750914.9330208
7,r/shopkick,1141,The unofficial subreddit for the Shopkick app. Discuss anything about Shopkick!,t5_2sdko,1730750914.951288
8,r/stopandshop,1141,Marketplace and Deals,t5_2xi1g,1730750914.969298
9,r/sussex,1141,Place,t5_2s109,1730750914.987144
10,r/themaxx,1141,i'm surprised to see that there wasn't a sub-Reddit for Sam Keith's The Maxx.,t5_2vv4r,1730750915.061792
11,r/adultballetdancers,1140,Art,t5_btbpsk,1730750915.0798662
12,r/AntonioBrown,1140,Celebrity,t5_3coiv,1730750915.122733
13,r/avantgardemetal,1140,Welcome to avantgardemetal,t5_2t09l,1730750915.141838
14,r/barnsley,1140,Place,t5_2wfbd,1730750915.161532
15,r/Chorkies,1140,Animals and Pets,t5_2z6js,1730750915.1802838
16,r/cravity,1140,Music,t5_2hsg5j,1730750915.200727
17,r/damian_ojeda,1140,Music,t5_3rikdz,1730750915.220191
18,r/EmporiaEnergy,1140,Home and Garden,t5_5q0g2q,1730750915.239887
19,r/foodgif,1140,Just a place for food gifs! Non-food gifs need not apply here.,t5_2y4xg,1730750915.2634602
20,r/harpsichord,1140,Music,t5_2t5gk,1730750915.283592
21,r/HomeDecoratingUK,1140,Home and Garden,t5_5qbmf3,1730750915.322537
22,r/KoldKaseSkyy,1140,A subreddit about Skylin Marie Also known as @Koldkasesky on instagram or her any of her friends,t5_31akjz,1730750915.342091
23,r/LongIslandFishing,1140,Outdoors and Nature,t5_fb0h8,1730750915.3620539
24,r/LoveSickStories,1140,Gaming,t5_28qakg,1730750915.385398
25,r/nudegirlfromItaly,1140,Welcome to nudegirlfromItaly,t5_9a4kt9,1730750915.408703
26,r/OkSpezlRindvieh,1140,Funny/Humor,t5_30cb1o,1730750915.429791
27,r/OnlineDatingReviews,1140,Online Dating Reviews provides you with reviews of almost all well known Online Dating Sites. We invested months of research and reviews to show you which Online Dating Site is worth joining.,t5_3m3x8,1730750915.451398
28,r/OrchestralMusicMixing,1140,Music,t5_3ohrh,1730750915.472806
29,r/performer,1140,Welcome to performer,t5_2sozj,1730750915.492686
30,r/Physicianassociate,1140,Careers,t5_jhucg,1730750915.5120971
31,r/pompeii,1140,Place,t5_2wl2l,1730750915.531717
32,r/putdotio,1140,Technology,t5_2ye8h,1730750915.564325
33,r/RangerRaptor,1140,Cars and Motor Vehicles,t5_61lgia,1730750915.5841951
34,r/RocMarciano,1140,Music,t5_i2c8b,1730750915.604748
35,r/spacebulls,1140,"Business, Economics, and Finance",t5_39fa7c,1730750915.6383
36,r/TSAPreCheck,1140,Law,t5_6202dc,1730750915.6620128
37,r/twosentencebadass,1140,"Reading, Writing, and Literature",t5_2th99l,1730750915.6818519
38,r/BatDogs,1139,Animals and Pets,t5_244kj7,1730750915.701752
39,r/blurrypicturesofarat,1139,Animals and Pets,t5_74mnog,1730750915.7233548
40,r/BlyatSova,1139,Insane Sova Arrows/Shock darts or BAN - NO MERCY ----------------- ALL LOW SETTINGS AND 1920 X 1080 RESOLUTION IN VIDEO SETTINGS OR DELETE POST,t5_2nfrkt,1730750915.745444
41,r/BSG_Deadlock,1139,"A place for the discussion of Battlestar Galactica: Deadlock. Share your thoughts, stategies, battleclips, and memes.",t5_3o7bv,1730750915.7648
42,r/civrev,1139,Gaming,t5_2wqln,1730750915.7863941
43,r/ControlZonNetflix,1139,Television,t5_2nnrds,1730750915.806401
44,r/darwinawardbywords,1139,"For accidental self depreciating comments. Basically: r/suicidebywords, but accidental",t5_11d0yw,1730750915.826544
45,r/EveEchoesWiki,1139,Gaming,t5_2ggecb,1730750915.8468301
46,r/freemasonrymemes,1139,Because Freemasonry cannot be complete without memes.,t5_34mjj,1730750915.866028
47,r/GeorgiaTwinnSexy,1139,new sub for the og tiktok crush,t5_6zicf4,1730750915.8849542
48,r/HorrorsOfStaniforth,1139,"Reading, Writing, and Literature",t5_3fs1xh,1730750915.903738
49,r/LibDemMemes,1139,Politics,t5_21z26z,1730750915.923449
50,r/monerochan,1139,Crypto,t5_45zqb8,1730750915.94292
51,r/Plutosphere,1139,Gaming,t5_4c233s,1730750915.963954
52,r/postofficehorizon,1139,Law,t5_ah1jt2,1730750915.98321
53,r/removetankies,1139,we are here to mock tankies. be sure to censor all usernames in posts in the future.,t5_704nvm,1730750916.002765
54,r/Shroobs,1139,Gaming,t5_n8cu7,1730750916.021683
55,r/SohelpmeTodd,1139,Television,t5_745r6e,1730750916.0405781
56,r/StevenSpielbergMemes,1139,Movies,t5_2gjy8a,1730750916.062847
57,r/SyndraXZed,1139,A subreddit containing all the current and future translations of the comic series Syndra & Zed's Everyday Life.,t5_3nr08,1730750916.08344
58,r/Tabou,1139,Gaming,t5_2g4cin,1730750916.108028
59,r/TexasWine,1139,Food and Drink,t5_mtche,1730750916.130197
60,r/tmro,1139,The official sub-reddit of TMRO. Have stories you would like to see featured? Have guests you would like to see us bring on? How about questions you want answered? This is the place to ask!,t5_3174g,1730750916.150039
61,r/WreathMaking,1139,Crafts and DIY,t5_2i96g5,1730750916.1805718
62,r/afrohousemusic,1138,"Afro House King, Afro House Music, Deep House, Soulful House, Afro Tech, Deep Tech, Afro Beat, Dj Mix, Club Music,Latest House Music.",t5_pugi3,1730750916.205169
63,r/AHWOL,1138,Podcasts and Streamers,t5_77krog,1730750916.228689
64,r/AstralAcademy,1138,Astral Projection Education and Teaching - Learn to Project!,t5_6ana3x,1730750916.257382
65,r/bannedMinecraft,1138,Gaming,t5_35myc,1730750916.279907
66,r/benxeen,1138,"Stay updated on the latest in AI and tech with Benxeen. Join us for discussions on cutting-edge research, industry news, practical applications, and more. Connect with fellow enthusiasts and professionals passionate about the future of AI.",t5_76wx2d,1730750916.300236
67,r/Biofuel,1138,A reddit dedicated to articles and posts relating to biofuels. Civil discussions and comments aren't just welcome but wanted to help advance our the common understanding of this growing necessity.,t5_2w7qp,1730750916.323266
68,r/BreedingThick2BBWS,1138,"We are all about breeding kink, hucow, and impregnation here. If you are a woman who wants to be bred post your pics and fellas NO SOLO DICK PICS. *ALSO READ ALL THE RULES* We are still new so I will be getting the rules up soon.",t5_bbwoig,1730750916.34334
69,r/CFE,1138,Learning and Education,t5_6jbx87,1730750916.363335
70,r/CircadianRhythm,1138,"Welcome to r/CircadianRhythm, a subreddit dedicated to exploring the fascinating world of circadian rhythms and how they can be harnessed to enhance deep sleep, daytime wakefulness, and overall health. In this subreddit, we discuss the latest research on circadian rhythms, share tips and strategies for optimizing sleep and wakefulness, and support each other in our journey towards better health.",t5_5mqk44,1730750916.383571
71,r/GastricBypassQandA,1138,Welcome to GastricBypassQandA,t5_2r60m,1730750916.40345
72,r/Historygore,1138,Welcome to Historygore,t5_31bxb,1730750916.42608
73,r/KmartAustralia,1138,Careers,t5_pf0v5,1730750916.4462552
74,r/MIBFU,1138,Internet Culture and Memes,t5_7thz2n,1730750916.466044
75,r/MusicTherapists,1138,A subreddit for the discussion of music therapy. Music Therapy is the clinical and evidence-based use of music interventions to accomplish individualized goals within a therapeutic relationship by a credentialed professional who has completed an approved music therapy program (American Association of Music Therapy).,t5_3jkn8,1730750916.4861262
76,r/PlaystationStuff,1138,Gaming,t5_75fwd1,1730750916.508468
77,r/PokemongoAdults,1138,Gaming,t5_45dsw6,1730750916.528926
78,r/Satan_Is_Fum,1138,"For our wonderful dark lord Satan, let us praise his mighty ways. If you have any questions about our dark lord, feel free to message the mods; or take a number and ask the dark lord himself",t5_37zb8,1730750916.548723
79,r/SpanishEmpire,1138,History,t5_3z1m06,1730750916.569495
80,r/SuLee,1138,Music,t5_2ndhwn,1730750916.588951
81,r/vitathemes,1138,Custom Themes for PS Vita,t5_3frnq,1730750916.609086
82,r/BCPhantomKnights,1137,Gaming,t5_29trpw,1730750916.633116
83,r/Costa,1137,Food and Drink,t5_2rmyh,1730750916.653772
84,r/DrakeHollow,1137,Gaming,t5_2okbon,1730750916.673476
85,r/fashionstartup,1137,Helping Reddit's emerging fashion brands get off the ground.,t5_nufaa,1730750916.693862
86,r/GTAOnlinePS4,1137,Gaming,t5_2rdh6c,1730750916.713669
87,r/hannahkepplepics,1137,This community is for pictures of the beautiful Hannah kepple,t5_bc6pls,1730750916.733304
88,r/JEEAdv24dailyupdates,1137,Learning and Education,t5_b98sok,1730750916.753685
89,r/jokepuzzles,1137,"Post your joke/inside joke punchlines without explanation and others will have to try and guess what could have possibly started them, what they mean, or what the set-up is!",t5_ttojd,1730750916.777656
90,r/MyGodTheDescription,1137,Dedicated to the wonderful world of overly elaborate and massively inflated product descriptions which overshadow the final product. Inspired by the one-day infamous table-top balloon holder (bit.ly/3hteN4E),t5_5xm6hj,1730750916.79791
91,r/NaturesTemper,1137,"Reading, Writing, and Literature",t5_26bssu,1730750916.816583
92,r/NOAACorps,1137,Careers,t5_nfq1r,1730750916.836756
93,r/open,1137,Mature Themes and Adult Content,t5_2rty8,1730750916.8558311
94,r/plusword,1137,Hobbies,t5_6ua4g7,1730750916.875401
95,r/ShibaDoge,1137,"Business, Economics, and Finance",t5_4evkrw,1730750916.8951108
96,r/TheSimpleKenPodcast,1137,Podcasts and Streamers,t5_4jhrsj,1730750916.914298
97,r/ToughBuilt,1137,Crafts and DIY,t5_48ybk6,1730750916.9334311
98,r/UMCU,1137,"Universal Monsters Universe. Home of The Mummy, The Wolfman, The Invisible Man, Dracula, Frankenstein, Bride of Frankenstein, Creature from The Black Lagoon, and more.",t5_3e19m,1730750916.953324
99,r/vilagkonfliktusok,1137,Military,t5_9meaow,1730750916.972393
100,r/wonderlandsystem,1137,Funny/Humor,t5_5mjd02,1730750916.991403
101,r/abitoftotty,1136,Celebrity,t5_87z16h,1730750917.012073
102,r/AccidentalOffice,1136,Office references in the wild,t5_fa8op,1730750917.034145
103,r/australianmusic,1136,Music,t5_2t2d0,1730750917.05441
104,r/BackyardigansMemes,1136,Television,t5_iawdb,1730750917.074997
105,r/BulgariaPics,1136,Welcome to BulgariaPics,t5_35ra0,1730750917.09711
106,r/CatsDoingAnything,1136,Welcome to CatsDoingAnything,t5_g3p0j,1730750917.118546
107,r/daddyduncan,1136,Gaming,t5_2rudyi,1730750917.1399932
108,r/endometriosis_corner,1136,Medical and Mental Health,t5_ahwzvd,1730750917.159708
109,r/GMetaOne,1136,"GMeta.One is a new-found innovation within the Metaverse. The project has a variety of aims both B2B and B2C, underpinned by the mission to bring together multiple Metaverse environments and users – via the ultimate Metaverse company/b2b marketplace. The GMeta.One Token is designed to be a metaverse coin, as utility has been established prior to presale surrounding the metaverse/web3 environment.",t5_5ixkow,1730750917.182257
110,r/HamCasters,1136,Hobbies,t5_3iygh,1730750917.203386
111,r/Holdmyneckbrace,1136,A place to watch people come to the neck-breaking realization that somebody is gonna have to hold their neck brace.,t5_ml45q,1730750917.223903
112,r/hyzon,1136,Cars and Motor Vehicles,t5_3q36nk,1730750917.244173
113,r/IndiaMarketNews,1136,"Business, Economics, and Finance",t5_7xun3o,1730750917.263774
114,r/Lavader_,1136,Podcasts and Streamers,t5_ao6eyt,1730750917.285504
115,r/Ludovica_Bizzaglia,1136,Pagina dedicata alla FAVOLOSA Ludovica Bizzaglia. Qui vengono pubblicati i suoi migliori contenuti.,t5_6yqmv4,1730750917.305602
116,r/mehfaketexts,1136,"If it's a text, fake, and meh...",t5_g9gh9,1730750917.32515
117,r/ModernMoo,1136,Yeah woo cow posting,t5_68i5zq,1730750917.344956
118,r/MuayThaiBoran,1136,Sports,t5_3bm9hv,1730750917.3665779
119,r/MumeiLewds,1136,All lewd things Mumei!,t5_54cu86,1730750917.386454
120,r/okbuddysuisex,1136,Anime,t5_55o0io,1730750917.406014
121,r/RootBoardGame,1136,Tabletop Games,t5_2gfwhz,1730750917.42753
122,r/tashigi,1136,Welcome to tashigi,t5_4wj49x,1730750917.4471092
123,r/uselesspurplecircle,1136,come for purple circles,t5_vi5jo,1730750917.468483
124,r/x3bar,1136,Fitness and Nutrition,t5_21okjw,1730750917.487808
125,r/Allon4ImplantDentures,1135,Medical and Mental Health,t5_6kuvvl,1730750917.507607
126,r/Amdreyoung,1135,Internet Culture and Memes,t5_2oybc5,1730750917.528318
127,r/animalsjumping,1135,You know what this is,t5_37oei,1730750917.548434
128,r/BudokaiTenkaichi4,1135,Gaming,t5_80k54t,1730750917.5684538
129,r/chemiball,1135,Internet Culture and Memes,t5_36b9i5,1730750917.5876522
130,r/coreos,1135,CoreOS is a new Linux distribution that has been rearchitected to provide features needed to run modern infrastructure stacks.,t5_2yt6z,1730750917.607326
131,r/CySA_Plus_Exam_Prep,1135,Careers,t5_4u8eo9,1730750917.628844
132,r/DisneylandTips,1135,"**A community to help answer YOUR questions about the Happiest Place on Earth, Disneyland! Post tips, advice, questions, you name it!**",t5_37ev1,1730750917.650537
133,r/everydollar,1135,"Business, Economics, and Finance",t5_37izl,1730750917.694388
134,r/HackedRaids,1135,Gaming,t5_2iet9w,1730750917.713872
135,r/MarijaIgnjatovicnew,1135,Mature Themes and Adult Content,t5_bfna1q,1730750917.733832
136,r/moonhunters,1135,Gaming,t5_37fce,1730750917.7560189
137,r/NYCopera,1135,Discuss happenings in the opera/classical music world that are taking place here in NYC.,t5_3egkf,1730750917.7753541
138,r/OGAvatarTrading,1135,Crypto,t5_79eikw,1730750917.795871
139,r/Paganachd,1135,"Paganachd is the Scottish Gaelic word for 'paganism,' and the term Scottish Reconstructionists use to describe their faith system. Paganachd is a complicated syncretism of Pictish, Brythonic, Irish, and Norse lore, with significant ties to each. Sources include ancient lore, surviving folk practices and tales, and the archaeological record as we try to live the old ways as historically accurately as possible. We are a Reconstructionist board.",t5_4ncoo2,1730750917.8182101
140,r/repsfrench,1135,Fashion,t5_bc929r,1730750917.84027
141,r/sakuraMemoryKey,1135,Gaming,t5_cglpkp,1730750917.860214
142,r/sleeplessdomain,1135,"Reading, Writing, and Literature",t5_3alwk,1730750917.879174
143,r/solofemaletravel,1135,Travel,t5_r3g9g,1730750917.8980129
144,r/SpinTheWheelApp,1135,Technology,t5_vtos7,1730750917.9181151
145,r/starfieldphotography,1135,Gaming,t5_8lgemv,1730750917.9372318
146,r/StockAddictionHelp,1135,"Business, Economics, and Finance",t5_byqskn,1730750917.956647
147,r/suddenlybros,1135,A subreddit about strangers becoming bros,t5_od70t,1730750917.976973
148,r/ThePlotAgainstAmerica,1135,"Subreddit for the HBO miniseries ""The Plot Against America"" from David Simon The Plot Against America imagines an alternate American history told through the eyes of a working-class Jewish family in New Jersey as they watch the political rise of Charles Lindbergh, an aviator-hero and xenophobic populist, who becomes president and turns the nation toward fascism.",t5_r04q0,1730750917.996299
149,r/UnfollowCelebs,1135,"A place for people who don’t want to contribute to the rich any more. We support unfollowing celebrities, big businesses, and anyone else that doesn’t deserve your time and attention.",t5_3ujmrp,1730750918.015229
150,r/annna_am,1134,"Ana Maria Caldararu （  ͜•人 ͜•）aka Ana Am, Annna.maria13, Anna.am13, Annna.am, Annnnna.am, Anna.m13062, Annaa.am13, Romanian 🇷🇴",t5_9ru8up,1730750918.03592
151,r/BingeWatchingJunkies,1134,Television,t5_mzwe0,1730750918.056663
152,r/BrightlineDeaths,1134,World News,t5_5gh109,1730750918.076412
153,r/colorizebot,1134,Testing limits of AI artist by whatimadetoday,t5_3flre,1730750918.095794
154,r/foundthepolitical,1134,Funny/Humor,t5_3d2xff,1730750918.115198
155,r/Geniusbrands,1134,"Business, Economics, and Finance",t5_2prn5a,1730750918.135967
156,r/HappsNews,1134,Podcasts and Streamers,t5_2s2438,1730750918.1561558
157,r/HomeAssistantGear,1134,A subreddit to discuss Smart Home devices to use in Home Assistant,t5_53uajc,1730750918.175754
158,r/HowGodWorks,1134,Religion and Spirituality,t5_32nki,1730750918.195092
159,r/IamNumberFour,1134,"Reading, Writing, and Literature",t5_2vykh,1730750918.214952
160,r/Instacancel,1134,A community for Instacart Shoppers and consumers alike to rant about everything they go through… especially canceled orders (or ones they wished they did cancel).,t5_4ob9id,1730750918.234807
161,r/MaineCannabis,1134,Welcome to MaineCannabis,t5_3iai6,1730750918.2545228
162,r/maitland,1134,Place,t5_31mrs,1730750918.2736452
163,r/MexFemboy,1134,Gender,t5_8ftlcm,1730750918.292971
164,r/MoroccoLGBT,1134,Gender,t5_28tyo5,1730750918.3126478
165,r/Mugi,1134,Anime,t5_32rus,1730750918.336119
166,r/NelASA,1134,"Business, Economics, and Finance",t5_41tidi,1730750918.3558989
167,r/neuromemes,1134,Neuroscience memes for all the intellectuals.,t5_uu00i,1730750918.376102
168,r/NissanSkylines,1134,Hobbies,t5_2yw7o,1730750918.395221
169,r/NolaTwerkStars,1134,For all the people who love watching women twerk to New Orleans Bounce,t5_b4idao,1730750918.415106
170,r/PrettyGuardians,1134,Anime,t5_7igedm,1730750918.43471
171,r/SharksRugby,1134,Sports,t5_4vjbpa,1730750918.454175
172,r/shigarakisload,1134,Anime,t5_55x97o,1730750918.473418
173,r/SkullpandaArtDolls,1134,Hobbies,t5_9m715y,1730750918.4931479
174,r/thesimscontests,1134,A place to post your Sims contests!,t5_2vdqe,1730750918.512253
175,r/urxvt,1134,Technology,t5_385vy,1730750918.53141
176,r/videoconferencing,1134,Technology,t5_2syu2,1730750918.550934
177,r/worldcorp,1134,Internet Culture and Memes,t5_2cp9pb,1730750918.5700428
178,r/493,1133,Internet Culture and Memes,t5_39moss,1730750918.588982
179,r/AimeeJaihallthaixbrit,1133,Welcome to AimeeJaihallthaixbrit,t5_bc71vt,1730750918.6092072
180,r/BrettOnBase,1133,Crypto,t5_bn7tu5,1730750918.6284008
181,r/Chefknivestogo,1133,"Chefknivestogo is a seller of mostly Japanese kitchen knives and sharpening stones. Please post your questions, comments or photos of your new knives!",t5_5nowm0,1730750918.648111
182,r/ChozoLanguage,1133,Gaming,t5_57g9pz,1730750918.668065
183,r/CompetitiveSquadrons,1133,Gaming,t5_35006h,1730750918.687071
184,r/Copydog,1133,Animals and Pets,t5_111avs,1730750918.706316
185,r/CrossSections,1133,High quality images of things that have been cut in half or had sections removed to show the inside of the object.,t5_2xtjn,1730750918.726439
186,r/destroymyapp,1133,Technology,t5_4p0hgk,1730750918.745473
187,r/ErickRowan,1133,Erick Rowan may have his doubters. He may have his haters. But Erick Rowan is a goddamn legend. This is the home of the Rowan Empire.,t5_3bclu,1730750918.765412
188,r/EtherealLacquer,1133,Beauty and Makeup,t5_98etq0,1730750918.784827
189,r/HatCovetingPutin,1133,"A showcase for Vladimir Putin, his hoard of hats, and his other crazy adventures. He travels all around the world, occasionally through time, other dimensions, and even spends time in the kitchen. Follow along on his adventures and see how covetous and competitive he can really be. Where will he go next? Any questions? [Message the mods!](http://www.reddit.com/message/compose?to=%2Fr%2FHatCovetingPutin)",t5_3239j,1730750918.808361
190,r/IslasFilipinas,1133,Learning and Education,t5_7oq8f2,1730750918.831444
191,r/jitsi,1133,Technology,t5_35phu,1730750918.851687
192,r/lexic,1133,Celebrity,t5_3fapjy,1730750918.871156
193,r/mylittleconspiracy,1133,"My Little Conspiracy is a community for bronies and pegasisters to come together to discuss Pony lore and theories regarding the characters, the show, the toys, or anything else related to My Little Pony: Friendship is Magic. Questions, hypothesis, predictions, and rumors are all welcome!",t5_2tnxj,1730750918.890681
194,r/NetGalleyCommunity,1133,"Reading, Writing, and Literature",t5_466t6z,1730750918.9102058
195,r/ParagonLFG,1133,/r/ParagonLFG is a subreddit dedicated to finding people to play Paragon with!,t5_3clxx,1730750918.9294322
196,r/RandallCarlson,1133,Place to talk about history and stuff,t5_5trean,1730750918.94853
197,r/Sayuki,1133,For art depicting Sayori x Natsuki.,t5_h277m,1730750918.966573
198,r/TheHallsOfSagan,1133,Sail the cosmic oceans of logic and reason.,t5_2u5bw,1730750918.9846542
199,r/ytu,1133,Learning and Education,t5_3652o,1730750919.002303
200,r/adhd_accountability,1132,Medical and Mental Health,t5_5x50bf,1730750919.02001
201,r/CBDDSTOCK,1132,"Business, Economics, and Finance",t5_3v9axf,1730750919.037688
202,r/CheeksFeetCootyMeat,1132,Welcome to CheeksFeetCootyMeat,t5_ao6h1y,1730750919.055111
203,r/cnfans_reps,1132,Fashion,t5_bfa7d9,1730750919.0724962
204,r/CombatPatrol40k,1132,Tabletop Games,t5_44mqxj,1730750919.0901928
205,r/DesiActressHot,1132,Welcome to DesiActressHot,t5_8nrobu,1730750919.107834
206,r/hannahxxrose,1132,Gaming,t5_2w7alt,1730750919.125925
207,r/ifilikefood,1132,"There is a wonderful subreddit called /r/ifyoulikeblank which is dedicated to helping people find books/shows/movies/etc that they might enjoy. But what about food, cheeses, wine, or beer?",t5_2viv2,1730750919.143896
208,r/iiitn,1132,Careers,t5_5htaxg,1730750919.161665
209,r/InfoparkKochi,1132,Careers,t5_7v9aau,1730750919.180695
210,r/joytactics,1132,Podcasts and Streamers,t5_7tm5af,1730750919.201686
211,r/KirbyLore,1132,Gaming,t5_vi5l2,1730750919.221178
212,r/MalayalamCinema,1132,Movies,t5_6w7ken,1730750919.2435358
213,r/melodichousetechno,1132,Music,t5_nmsm9,1730750919.262826
214,r/onedrawingdaily,1132,"Learn to draw - the only thing you need to do, is do it a lot. Commit to drawing something every day - No one cares what it looks like, eventually it'll get good. - *It's the consistency that counts*",t5_35x58,1730750919.2839098
215,r/RevPit,1132,"Reading, Writing, and Literature",t5_7a4n7u,1730750919.303306
216,r/Savate,1132,"A place for savateur's and savateuse's to share tips, stories and anything else Savate and Savate Defense related.",t5_2v18d,1730750919.322633
217,r/sentdex,1132,Programming,t5_3952h,1730750919.3421729
218,r/TheFrights,1132,Music,t5_3c439,1730750919.3620858
219,r/Trendmicro,1132,Technology,t5_ac9xb,1730750919.381422
220,r/TromboneMemes,1132,Its time to get funky,t5_2987kj,1730750919.401737
221,r/WrestlingKisses,1132,A place to post kisses in pro wrestling from any company (only girls),t5_905hk9,1730750919.4221902
222,r/509damnshesfineSnark,1131,Podcasts and Streamers,t5_9djoqs,1730750919.442253
223,r/aminatyakubova,1131,Content about the stunning Aminat Yakubova ! IG : aminatyakubova_ Tiktok : aminatyakubova_,t5_4svvx9,1730750919.462168
224,r/blackromancenovels,1131,Welcome to blackromancenovels,t5_88mw7u,1730750919.4812071
225,r/bootygain,1131,Highlighting women with nice glute gains,t5_cn9346,1730750919.50129
226,r/childlesscatladies,1131,Ethics and Philosophy,t5_c1exh3,1730750919.520538
227,r/EpikHigh,1131,Music,t5_2vfgh,1730750919.5385458
228,r/Gamewinners,1131,Gaming,t5_2vh1l,1730750919.5564039
229,r/GoFundMePets,1131,This is an opportunity for people to post their gofundme links for their pets without any hassles. Donors are always welcome.,t5_1194cu,1730750919.57801
230,r/goodsticks,1131,Outdoors and Nature,t5_2k3fmk,1730750919.597863
231,r/ImBrandonFarris,1131,Funny/Humor,t5_2h4sao,1730750919.6174212
232,r/Italian_Vips,1131,"Comunità nata per pubblicare e divertirsi con le vip Italiane e straniere solo vip no amiche Per wank o RP impostare 18+ primo passa secondo ban 1 giorno al terzo ban definitivo schiavi post 18+ primo passa secondo ban 1 giorno al terzo ban definitivo Si prega di utilizzare categorie adatte, specialmente RP per i role play",t5_bnfg6z,1730750919.636693
233,r/JDMreelclub,1131,"This is a subreddit dedicated to Japanese Domestic Market fishing reels, rods and lines.",t5_2e4koy,1730750919.654867
234,r/JesMacallan,1131,Celebrity,t5_2fqwf5,1730750919.673124
235,r/KickassMallCop,1131,"Videos, pictures, and articles from Darien Long, the kickass mall cop from Atlanta.",t5_2w7ss,1730750919.694098
236,r/kikpalswithnames,1131,Since r/kikpals started getting stricter and banning people for putting their own username in their own posts I have created this subreddit where you can do what you want. #Sexting #GW #Hookup,t5_3e2f5,1730750919.7145011
237,r/krispychicken,1131,Gaming,t5_585lke,1730750919.734221
238,r/MurAll,1131,Crypto,t5_3wbeua,1730750919.754161
239,r/openrightsgroup,1131,Activism,t5_2xzkt,1730750919.775195
240,r/Oxy,1131,Learning and Education,t5_2spfm,1730750919.797971
241,r/SarUSA,1131,"Dedicated to discussion of firearms made by Sarsilmaz (https://sarsilmaz.com), a weapons factory in Turkey. Sarsilmaz is imported to the USA by SARUSA (https://sarusa.com). Sarsilmaz produces the SAR9, an original design striker fired handgun, and a variety of CZ75 reproductions.",t5_5hx9p9,1730750919.818492
242,r/serenay_sarikaya,1131,Celebrity,t5_2ey8ln,1730750919.84025
243,r/ssl,1131,Programming,t5_2s455,1730750919.862707
244,r/strainedzipper,1131,Mature Themes and Adult Content,t5_44xfws,1730750919.883163
245,r/StreamingAddons,1131,"Open discussion of streaming addons for Kodi. Piracy addons, paid addons, free addons...its all good.",t5_3g6ms,1730750919.9028108
246,r/Titoism,1131,History,t5_37cte,1730750919.923074
247,r/transcendentalism,1131,"Transcendentalism is a philosophical, spiritual, and literary movement that developed in the late 1820s and 1830s in the New England region of the United States. A core belief is in the inherent goodness of people and nature, and while society and its institutions have corrupted the purity of the individual, people are at their best when truly ""self-reliant"" and independent. Transcendentalists saw divine experience inherent in the everyday, rather than believing in a distant heaven. -Wikipedia",t5_2sioc,1730750919.948013
248,r/unexpectednewvegas,1131,Welcome to unexpectednewvegas,t5_o9g5t,1730750919.967893
