,subreddit,subscribers,topic,subreddit_id,scraped_utc
0,r/s4t,1007,The official subreddit for the Students for Trump organization.,t5_3e4dt,1730751190.079446
1,r/sacredart,1007,Religious art or sacred art is artistic imagery using religious inspiration and motifs and is often intended to uplift the mind to the spiritual. Sacred art involves the ritual and cultic practices and practical and operative aspects of the path of the spiritual realization within the artist's religious tradition.,t5_347m1,1730751190.1118
2,r/SummerSalt,1007,Music,t5_3k1he,1730751190.140557
3,r/TeacherCrushes,1007,Ethics and Philosophy,t5_4xrxp6,1730751190.1706219
4,r/TheMechanisms,1007,Music,t5_2sbp4q,1730751190.201334
5,r/UrbanForestry,1007,Outdoors and Nature,t5_36piyn,1730751190.2433221
6,r/USDA,1007,News and Information concerning the United States Department of Agriculture,t5_3g3c5,1730751190.273994
7,r/VtuberCommission,1007,"r/VtuberCommission/ is a place for people who is looking for Vtuber related commissions. Looking for mods, please dm.",t5_3ghm4p,1730751190.3027132
8,r/WorkAchievements,1007,"Here’s the game: title a mundane task (such as “changing a lightbulb”) and watch as the comments devise a way to make it sound brilliant on a resume! Such as “Single-handedly managed the successful upgrade and deployment of new environmental illumination system with zero cost overruns and zero safety incidents”! Please join, it’s very lonely here 🙃",t5_31bgzs,1730751190.3331041
9,r/ZelinaVegaWWE,1007,"Dedicated to WWE Superstar Zelina Vega, who is also known as Thea Trinidad and Rosita.",t5_8vpkwr,1730751190.374152
10,r/Alevalerof,1006,Welcome to Alevalerof,t5_5hcd30,1730751190.481477
11,r/antiquesurprise,1006,Dedicated to videos of people getting unexpected pleasant surprises when taking their item on to shows like Antique Roadshow.,t5_3nr71,1730751190.511543
12,r/atascadero,1006,Welcome to atascadero,t5_2stks,1730751190.553358
13,r/Average_Abilities,1006,Anime,t5_23bg14,1730751190.586157
14,r/bossladyshruti,1006,Shruti Iyer better know as bossladyshruti fan page you call call it,t5_91umyg,1730751190.615694
15,r/Brandenburg,1006,Place,t5_2s04l,1730751190.64401
16,r/CanadaVisitorVisa,1006,Travel,t5_6icksf,1730751190.6793642
17,r/ChronicIllnessTips,1006,Medical and Mental Health,t5_4ea1ks,1730751190.71215
18,r/CosyGames,1006,Gaming,t5_4yd1mu,1730751190.743022
19,r/countOnceADay2,1006,Internet Culture and Memes,t5_89wlcg,1730751190.771455
20,r/EasyWeddings,1006,Family and Relationships,t5_2yc6v,1730751190.803773
21,r/ENGinProgram,1006,"ENGin is a nonprofit organization changing the world one conversation at a time. We connect English-speaking volunteers aged 13+ with motivated Ukrainians for online speaking practice and cross-cultural exchange. Through simple weekly videochat conversations, our volunteers make a huge impact - helping Ukrainians break the language barrier, offering friendship and emotional support, and introducing them to a new culture. Check out www.enginprogram.org to learn more.",t5_7asdgh,1730751190.8375711
22,r/Flsun_official,1006,Technology,t5_8uct5r,1730751190.870093
23,r/HilaryRhoda,1006,Hilary Rhoda,t5_2w1oq,1730751190.901152
24,r/hyperdash,1006,Gaming,t5_wc7eh,1730751190.93402
25,r/LCSW,1006,A space for Licensed Clinical Social Workers and those aspiring to be :),t5_721508,1730751190.9976761
26,r/MobileGamer,1006,"The Official subreddit for MobileGamer. Feel free to use this place to discuss MG's videos, post memes and make fun of AhnaldT101. PS. Buy Nobu from the War Store!",t5_4v614x,1730751191.034726
27,r/Mora,1006,"For Sub Morakniv Users & Enthusiasts Everywhere: Modding Your Mora, Recommendations, Advice, Tips, Show Us Your Mora - Post Pictures:",t5_347fz,1730751191.070039
28,r/RadioApple,1006,Television,t5_ase926,1730751191.103785
29,r/schoolbusquotes,1006,a subreddit for all kinds of unusual things you heard on a bus.,t5_73p381,1730751191.1380749
30,r/Semantlegameplayers,1006,Gaming,t5_7ud8z4,1730751191.1717591
31,r/squirrelgirl,1006,Hobbies,t5_31mqm,1730751191.2167182
32,r/vinylvibes,1006,Music,t5_alzef0,1730751191.249847
33,r/Amaranthe,1005,Music,t5_2un4l,1730751191.282165
34,r/AskContractors,1005,Home and Garden,t5_akzu5g,1730751191.3106282
35,r/BetterCommentThanPost,1005,Meta/Reddit,t5_51p40b,1730751191.337811
36,r/BiblicalUnitarian,1005,Religion and Spirituality,t5_32zk8,1730751191.365891
37,r/bozarking,1005,Welcome to bozarking,t5_2renh,1730751191.393686
38,r/frenchfilms,1005,"A subreddit dedicated to the discussion of French film, cinema, and the like.",t5_2xsg7,1730751191.423848
39,r/GaryAndHisDemons,1005,"For fans of Mark Little's ""Gary and His Demons"" (Free on FreeVee in the US, Amazon Prime in Canada/Aus/NZ).",t5_j4py9,1730751191.45154
40,r/gbay,1005,This is a place for those who prefer to interact with gbay without needing to do it through Facebook or... *shudders* the Youtube comment section.,t5_3579h,1730751191.479433
41,r/HomesteadArcana,1005,Gaming,t5_89l3yu,1730751191.5088902
42,r/Honkai3rd,1005,Gaming,t5_4vpvhg,1730751191.5361412
43,r/HoodedHorse,1005,Gaming,t5_231l4l,1730751191.563755
44,r/immortalChessForum,1005,Tabletop Games,t5_7qmifw,1730751191.5923488
45,r/IQST,1005,"Business, Economics, and Finance",t5_3z8jzj,1730751191.6218612
46,r/nikeairmax,1005,Fashion,t5_3fwz1,1730751191.650849
47,r/P365X,1005,This sub is to discuss anything related to Sig Sauer P365X handgun.,t5_4m16t4,1730751191.681998
48,r/RedotGameEngineMain,1005,Gaming,t5_ckhyr3,1730751191.710882
49,r/Regiments,1005,Gaming,t5_3j7z7t,1730751191.738643
50,r/remixrun,1005,Technology,t5_5famth,1730751191.768699
51,r/rethinkdns,1005,Technology,t5_6ubjt5,1730751191.7993221
52,r/skimo,1005,Running around in the mountains,t5_393ct,1730751191.834013
53,r/TurningPointSwadia,1005,Funny/Humor,t5_2644tj,1730751191.864695
54,r/wearethelightmakers,1005,Welcome to wearethelightmakers,t5_2sc72,1730751191.8941739
55,r/youngpeopleJSAL,1005,Podcasts and Streamers,t5_ae4r6i,1730751191.92273
56,r/aloaf,1004,Alondralejandro Cumszn Selling=banned,t5_9sermx,1730751191.9531782
57,r/americancars,1004,Cars and Motor Vehicles,t5_305n8,1730751191.983758
58,r/AnimaTechnologies,1004,07588 733 111,t5_13b15w,1730751192.019518
59,r/AntjeTraue,1004,Antje Traue,t5_2wje6,1730751192.053489
60,r/AudiusPlaylists,1004,Music,t5_2azlis,1730751192.0895019
61,r/Beat_the_benchmark,1004,Crypto,t5_4swokl,1730751192.121674
62,r/elbledavulvarde,1004,Anime,t5_3r2hoz,1730751192.154529
63,r/FairuzaBalk,1004,Celebrity,t5_2vtvm,1730751192.185204
64,r/Furry_Comics,1004,Art,t5_28tu2n,1730751192.219187
65,r/LorenaFlota,1004,Subreddit dedicated to Lorena Flota,t5_5oy69t,1730751192.253314
66,r/NorthCarolinaJobs,1004,Careers,t5_2crh2r,1730751192.314691
67,r/Prodeus,1004,Welcome to Prodeus,t5_shtkf,1730751192.3512452
68,r/RoadTrips,1004,Welcome to RoadTrips,t5_2rxzb,1730751192.386552
69,r/sovlgame,1004,Gaming,t5_5lpr2a,1730751192.419522
70,r/talkfreebies,1004,"Discuss freebies you received in the mail, show them off and help each other find more freebies.",t5_8pvln3,1730751192.45397
71,r/Tbcclassicwow,1004,Gaming,t5_2j5ju7,1730751192.493258
72,r/adultadhdindia,1003,Medical and Mental Health,t5_6yow36,1730751192.527763
73,r/ASO,1003,"Business, Economics, and Finance",t5_2rt6x,1730751192.561837
74,r/AzerbaijaniMusic,1003,Music from Azerbaijan. Music of Azerbaijan. Music created by the Azerbaijani people.,t5_3f9yi,1730751192.5920482
75,r/BOOM,1003,Funny/Humor,t5_2qq9o,1730751192.6251578
76,r/Colleen_Wolfe,1003,"Welcome to the subreddit for Colleen Wolfe. Colleen Wolfe (born January 2, 1985) is an on-air talent for the NFL Network.",t5_8brrji,1730751192.654845
77,r/DDLVUncensored,1003,"Welcome to our Disney Dreamlight Valley community! This is a space for community members to have open discussions about everything related to DDLV. Come share your valleys, selfies, game mechanic thoughts, and more! We welcome all opinions and just ask for everyone to be respectful.",t5_8n65me,1730751192.69036
78,r/explainlikeimcaveman,1003,For when layman's terms just ain't simple enough.,t5_2vu6j,1730751192.7275488
79,r/fairfax,1003,"🌟 Discover the Heart of Fairfax and Beyond! 🌟 Whether you're a long-time resident, a new neighbor, or just passing through, our subreddit is the perfect place to connect with everything the greater Fairfax area has to offer. From bustling city life to tranquil suburban charm, we embrace Fairfax and its surrounding cities in all their vibrant diversity.",t5_30diu,1730751192.760749
80,r/Felogy,1003,The goal of this subreddit is to either post definition for imaginary words that you've generated. Nowns need to feel at home in a normal sentence—they need to feel like real words and be convincing enough that you wouldn't skip over them in a sentence.,t5_3ncx5,1730751192.7945201
81,r/fortitude,1003,Television,t5_30gwm,1730751192.847991
82,r/GamingDeskSetups,1003,Gaming,t5_5x4wts,1730751192.880028
83,r/GBL,1003,This is a subreddit about the ways that games are being used in educational applications,t5_2tfc0,1730751192.91872
84,r/Gorenoise,1003,Music,t5_3k869,1730751192.952488
85,r/GundamModels,1003,"A place to share your Gunpla collections, and your modeling skills.",t5_8igua8,1730751192.984957
86,r/Isla_Dawn,1003,Celebrity,t5_7n6866,1730751193.016248
87,r/LocolLove,1003,"This sub is for information about Locol Love, strains, pictures and other communication. Please feel free to DM us anytime. Please keep it positive. Any harassment or negativity will be removed per mods. You must be 21 plus to join. To win any contest you must be 21 plus, have a legally acceptable ID and be able pick up prizes from a legal dispensary here in CO of our choice.",t5_4wml1f,1730751193.045044
88,r/momreflexes,1003,momreflexes,t5_4yhax5,1730751193.075646
89,r/NextUpSounds,1003,The official Next Up Sounds Subreddit.,t5_3pj35,1730751193.105641
90,r/OfficialFN3631,1003,The official sub of fn3631 the wonderful storm trooper NO ONLYFANS,t5_4t4ffd,1730751193.134519
91,r/RankedChoiceVoting,1003,"Many Americans, Democrats and Republicans, are filled with despair about how their popular will is often denied by a voting system that mangles their intent. Ironically, the solution is the destruction of the Democratic and Republican parties in the USA that deny the popular will. How?",t5_3hhe3,1730751193.16338
92,r/Seacospheres,1003,Outdoors and Nature,t5_5s7fvo,1730751193.19216
93,r/SmallEngineMotorcycle,1003,Cars and Motor Vehicles,t5_44n2ne,1730751193.224075
94,r/SWGB,1003,Gaming,t5_2xd2k,1730751193.2546759
95,r/the_ninth_age,1003,"Subreddit for discussion of and content about Fantasy Battles: The Ninth Age, a community created tabletop wargame.",t5_3cm8j,1730751193.284369
96,r/ToTheMoon1,1003,"Business, Economics, and Finance",t5_3t2b5c,1730751193.319541
97,r/WomenpostingtheirLs,1003,Funny/Humor,t5_3knoke,1730751193.351752
98,r/airstrip_one,1002,Internet Culture and Memes,t5_bxjrng,1730751193.384738
99,r/Aliucord,1002,Technology,t5_4f5jqd,1730751193.4174259
100,r/ARKXboxServers,1002,Gaming,t5_gg4bh,1730751193.453805
101,r/Asterigos,1002,Gaming,t5_519ols,1730751193.49414
102,r/BattleRun,1002,Gaming,t5_2y9te,1730751193.555083
103,r/bestfeetsoles,1002,Welcome to bestfeetsoles,t5_aisc66,1730751193.5900931
104,r/BestFkingAssAward,1002,Mature Themes and Adult Content,t5_7hdl2t,1730751193.62039
105,r/CarahsoftTruths,1002,Careers,t5_bb5nou,1730751193.650604
106,r/DanielRadcliffe,1002,A community to glorify & the continuing the legacy of Daniel Radcliffe.,t5_2umiz,1730751193.678942
107,r/dashingnepali,1002,Mature Themes and Adult Content,t5_bi8mak,1730751193.704751
108,r/Extremadura,1002,Place,t5_4ypytr,1730751193.731642
109,r/Gloom,1002,Podcasts and Streamers,t5_318ms,1730751193.7579389
110,r/HancockBoa,1002,"Sub dedicated to Boa Hancock, the Pirate Empress",t5_8dq2iz,1730751193.784634
111,r/HumanResourcesRemote,1002,HRJobsRemote official reddit community. post HR jobs every day.,t5_arivak,1730751193.808876
112,r/HunterSchafer_LO,1002,Celebrity,t5_c5qoxu,1730751193.833066
113,r/IOTAMemes,1002,Crypto,t5_4bp7s,1730751193.856014
114,r/IsraelDefenseForces,1002,Welcome to IsraelDefenseForces,t5_2v9he,1730751193.879523
115,r/itsahousecentipede,1002,"What could it be, running across your screen?? Don't be scared, it's a house centipede!",t5_6wnuit,1730751193.9022431
116,r/misspelledsubs,1002,Welcome to misspelledsubs,t5_msl8k,1730751193.9254458
117,r/MLB_Rivals,1002,Gaming,t5_8rcsbz,1730751193.9486709
118,r/NathanielRateliff,1002,Welcome to NathanielRateliff,t5_2tuze,1730751193.972394
119,r/NintendoSteelBooks,1002,Hobbies,t5_5knw0n,1730751193.99782
120,r/PulangAraw,1002,Television,t5_bxeyku,1730751194.0209658
121,r/RegularFeatures,1002,Podcasts and Streamers,t5_34d7h,1730751194.0454679
122,r/Snowball_Analytics,1002,"Business, Economics, and Finance",t5_6tz1qd,1730751194.070529
123,r/SonyBravia,1002,Technology,t5_57gh6g,1730751194.094791
124,r/thereseutdfans,1002,Nr. 1 community for fans of ThereseUtd. Only post Therese-related content,t5_6o6x4l,1730751194.119266
125,r/Tibb12,1002,Podcasts and Streamers,t5_2b7tpn,1730751194.143578
126,r/tokyosocial,1002,"Welcome to Tokyo Social - a place to connect with people in and around Tokyo. Whether you're living here or visiting, this is where you can find meetups, plan hangouts, and explore the city together. Feel free to jump in, share your ideas, and start making memories with the Tokyo community!",t5_cgsxvl,1730751194.167401
127,r/Vaterwitze,1002,Ein Unterlases für Vaterwitze,t5_330xu,1730751194.191585
128,r/watchpixelsdie,1002,"Video game characters die and this is the place to see it. They have many lives, so it's not a big deal if you make the mistakes seen here.",t5_3a6t9,1730751194.215827
129,r/woodprojects,1002,Crafts and DIY,t5_6zzhxx,1730751194.2409978
130,r/Amador18,1001,Celebrity,t5_bgmk8v,1730751194.2655191
131,r/Azhiking,1001,Hiking Everything Arizona,t5_2umrh,1730751194.289672
132,r/Babson,1001,Learning and Education,t5_2smdv,1730751194.3132548
133,r/becky_snark,1001,Hi welcome to Becky snark where we discuss Amberlynn Reid’s ex turned grifter! If you’re a Becky fan please do not interact here. No hate about looks we judge actions here.,t5_ajk81w,1730751194.338996
134,r/BugHunter,1001,Music,t5_268yhz,1730751194.363671
135,r/bussimulator21,1001,Gaming,t5_35zgm3,1730751194.390356
136,r/Cylance,1001,Technology,t5_3aae2,1730751194.414622
137,r/dappradar,1001,Crypto,t5_fg0kl,1730751194.436397
138,r/DieOfLaughterDnD,1001,Funny/Humor,t5_6pqxry,1730751194.48287
139,r/DragRaceExchange,1001,"****We are a community for domestic/international fans of RuPaul's Drag Race who are looking to buy/sell/trade show tickets, meet & greet passes, and exclusive art/merchandise. ****A community created for fans to connect and not let RuGirl tickets go to waste. We are not financially or legally liable for any transactions/losses experienced through the subreddit. We are also not directly affiliated with VIACOM, Vh1, LOGOTV, /r/rupaulsdragrace, or WOWPresents.",t5_jn1wu,1730751194.506068
140,r/ElektraLopez,1001,Celebrity,t5_4ne5t2,1730751194.527452
141,r/fctwente,1001,Sports,t5_360k8,1730751194.548685
142,r/feetpicsBR,1001,Welcome to feetpicsBR,t5_5z8zkx,1730751194.569338
143,r/HairTransplantReviews,1001,Beauty and Makeup,t5_3i3f6,1730751194.591048
144,r/HBMNuclearTechMod,1001,Gaming,t5_54glt3,1730751194.6119418
145,r/Hijabi2france,1001,Groupe parlant exclusivement de nos magnifique hijabi de France,t5_cefxa7,1730751194.632604
146,r/JobsUSA,1001,This is a subreddit for people that are looking for work or working in the United States of America.,t5_3eqwz,1730751194.653697
147,r/KenyaNews,1001,"All news relevant to Kenya. Photos, news articles, debate. All is welcome. But keep it clean and spam free - Articles, links and items about Kenya only!",t5_3d1ao,1730751194.6747751
148,r/Mangaeffect,1001,Anime,t5_2yurhg,1730751194.695717
149,r/MissRageHot,1001,Mature Themes and Adult Content,t5_3d1ln2,1730751194.7287738
150,r/Mt10,1001,Cars and Motor Vehicles,t5_3au7y,1730751194.75365
151,r/NoteBlockMusic,1001,Gaming,t5_10ic2h,1730751194.777565
152,r/OculusHomeObjects,1001,Technology,t5_kv18i,1730751194.7998788
153,r/oldhouse,1001,A place to talk about old houses.,t5_2sw7i,1730751194.822763
154,r/Rishloo,1001,Welcome to Rishloo,t5_2t616,1730751194.848618
155,r/RokkrApp,1001,Movies,t5_3spf2z,1730751194.8713841
156,r/soupmemes,1001,Funny/Humor,t5_xtc3q,1730751194.8941061
157,r/themoth,1001,"Hear an episode of The Moth and just have the need to discuss? Want to meet other interesting people? You've found the place. In this subreddit we share with each other on the funny, thoughtful, sad, amazing stories of The Moth.",t5_2zhzt,1730751194.9148622
158,r/VoidTyrant,1001,Gaming,t5_1ctt47,1730751194.938464
159,r/williamblake,1001,William Blake,t5_2vh09,1730751194.965315
160,r/badmath,1000,Math so bad it is funny.,t5_31196,1730751194.990271
161,r/blurb_help,1000,"Reading, Writing, and Literature",t5_n696w,1730751195.014518
162,r/carer,1000,Careers,t5_2t7v7,1730751195.038454
163,r/CaribbeanCuisine,1000,Food and Drink,t5_4p61cc,1730751195.062331
164,r/CassidyFreeman,1000,Cassidy Freeman,t5_2w3uw,1730751195.086019
165,r/CatsBetweenKeyboards,1000,Animals and Pets,t5_3anc0t,1730751195.109828
166,r/CristinaScabbia,1000,Celebrity,t5_41zrd7,1730751195.1345012
167,r/csuci,1000,Learning and Education,t5_2skiy,1730751195.158985
168,r/DarkAngel,1000,Movies,t5_2ul6j,1730751195.1840918
169,r/disagreeable,1000,Welcome to disagreeable,t5_2rkyn,1730751195.2100239
170,r/DisneyWeddings,1000,Family and Relationships,t5_3humi,1730751195.234036
171,r/FitnessGuidesReviews,1000,Fitness and Nutrition,t5_273rop,1730751195.2612622
172,r/GuinnessWorldRecords,1000,"To gather all fans and friends of record-breaking around the world together, share as many superlative facts and feats as possible with them, and assist them in realising their dream of becoming a world record holder!",t5_3684t,1730751195.289053
173,r/HailPorkorate,1000,"A place to highlight examples of cops, cop apologists, etc. astroturfing on Reddit.",t5_ton3l,1730751195.319121
174,r/Jaeger_bomb,1000,Anime,t5_3yptao,1730751195.349529
175,r/JewishEnts,1000,"If you have ever: - Wondered what kind of bush Moses was burning - Had to do a Yom Kippur fast with the munchies - Smoked out a sukkah - Looked for kosher munchies on r/Trees Well, then r/JewishEnts is for you!",t5_2yjy4,1730751195.380841
176,r/KansasPolitics,1000,Politics,t5_2vckq,1730751195.413098
177,r/LiarsBar,1000,Gaming,t5_cj4qwu,1730751195.44474
178,r/LupusMicrobiome,1000,Information about connections between lupus and the microbiome. A place to collect and discuss research and wellness strategies. Ruminococcus Gnavus overgrowth beware!,t5_10te1c,1730751195.499062
179,r/NexusBlitz,1000,"League of Legends is creating a new gamemode, Nexus Blitz, here we can discuss all things related.",t5_mlg4z,1730751195.527155
180,r/ShadowrunLFG,1000,"Shadowrun LFG is a dedicated subreddit for advertising and organizing Shadowrun tabletop games of any edition, including fan made hacks.",t5_3a07se,1730751195.554118
181,r/SwordsofDitto,1000,Gaming,t5_3lrlr,1730751195.580865
182,r/Th3Birdman,1000,Internet Culture and Memes,t5_24lfyl,1730751195.608408
183,r/TheElderSisterLikeOne,1000,"A subreddit all about the popular doujin and manga series, The Elder Sister-Like One, or more commonly reffered to as, Ane Naru Mono (The Sister of the Woods with a Thousand Young)",t5_n65u5,1730751195.635527
184,r/Umbreon,1000,"Umbreon, the moonlight Pokemon",t5_2u3v6,1730751195.661149
185,r/Vanderpump_Rules,1000,Television,t5_89pzhi,1730751195.6866372
186,r/Wechatverificatione,1000,Welcome to Wechatverificatione,t5_a97dzp,1730751195.711732
187,r/WOWVegas,1000,Mature Themes and Adult Content,t5_7wx362,1730751195.736866
188,r/YeyaAsmrOF,1000,Si quieres entrar al VIP de Yeya donde se sube todo su onlyfans mándame mensaje en telegram: @Elmisterioso96 o por este link 👉 https://t.me/latinasyasmr,t5_bb4u53,1730751195.7614112
189,r/AlexaBlissBoots,999,A place to share the love of wwe superstar Alexa Bliss’s beautiful boots,t5_4f9g32,1730751195.7846642
190,r/BarrysBootUncensored,999,Fitness and Nutrition,t5_4pg5jz,1730751195.8074849
191,r/BiBookClub,999,"Reading, Writing, and Literature",t5_89xvbh,1730751195.831272
192,r/BuscandoElNombre,999,Meta/Reddit,t5_ash1eq,1730751195.853674
193,r/Checkmk,999,Technology,t5_3nrmp,1730751195.875859
194,r/DC801,999,"DC801 is the Salt Lake City chapter of Defcon Groups; it serves as a way for SLC hackers, modders, makers, and tech enthusiasts to connect and share ideas. #dc801 on libra.chat",t5_2t39k,1730751195.900087
195,r/FeetInAds,999,Internet Culture and Memes,t5_89i2bx,1730751195.926143
196,r/FitizenStories,999,Tales of /Fit/ness greentext stories of fitizens worldwide,t5_2y8nu,1730751195.951496
197,r/FlightOfNova,999,Gaming,t5_3cl515,1730751195.978851
198,r/Kaiserball,999,Art,t5_nuvf1,1730751196.003427
199,r/LearnChess,999,"Here at /r/LearnChess, We provide a community to learn chess and improve your chess game.",t5_2xf2g,1730751196.027725
200,r/LogresMMO,999,Gaming,t5_3jgj9,1730751196.05151
201,r/mahamudra,999,"Mahamudra, the nature of mind",t5_2ri0d,1730751196.075142
202,r/NFTartists,999,Art,t5_3zeidn,1730751196.097929
203,r/notsofunfacts,999,A place to post your not so fun facts.,t5_34m0r,1730751196.119682
204,r/PixelFed,999,Federated Image Sharing. Powered by ActivityPub and the fediverse.,t5_jw1d6,1730751196.142147
205,r/powerlineio,999,Gaming,t5_3paaa,1730751196.164064
206,r/Samsung_GoodLock,999,Technology,t5_acy9zp,1730751196.1871412
207,r/SunflowerOmori,999,Welcome to the Sunflower Sub! Here you can post fanart and fanfiction about the two little Omori Gay People.,t5_74nglo,1730751196.2111979
208,r/tarhasztorik,999,Celebrity,t5_cahqr5,1730751196.232845
209,r/Tattrx,999,Art,t5_3hu8r,1730751196.2534678
210,r/Tekton,999,For reviews and discussion of Tekton tools.,t5_3mys6,1730751196.273914
211,r/Traditionalknives,999,This sub has been created to be a home for those who have an interest in more traditional pocket knives. You know the kind your grandfather carried. We have a love for all types of knives but there are already several subs that gear more towards the tactical side of things. So here we welcome all who want to share what you have that doesn't lean that way. Welcome everyone to /r/Traditionalknives,t5_32o3t,1730751196.2942111
212,r/webaccess,999,Technology,t5_2scwu,1730751196.315307
213,r/ActualStreetPhotos,998,Art,t5_5tit1u,1730751196.335778
214,r/amazondailyfinds,998,Marketplace and Deals,t5_c7wtke,1730751196.3570611
215,r/ancientmemes,998,ancientmemes,t5_3h93p,1730751196.376812
216,r/atari5200,998,"The forgotten Atari console, with some awesome games, the 5200 SuperSystem! Released in 1982, its main rival was thought to be Intellivison, but ended up being ColecoVision. Atari sold over 1 million 5200 consoles from 1982 until 1984.",t5_2yx2a,1730751196.395961
217,r/AtlantaGraffiti,998,"Atlanta graffiti and street art. City sights/sounds, also.",t5_3j9pd,1730751196.4149702
218,r/Battlejack,998,A blackjack-themed RPG made by Grand Cru. Available on iOS and Android.,t5_3h9fn,1730751196.487774
219,r/BNers_in_panty,998,Mature Themes and Adult Content,t5_828t9e,1730751196.749341
220,r/Bobicraft,998,Podcasts and Streamers,t5_46zfyt,1730751196.771743
221,r/cah,998,The worst combinations of the worst kind of words.,t5_2sezy,1730751196.791324
222,r/ClubGwyndolinRE,998,Mature Themes and Adult Content,t5_6oojf5,1730751196.812041
223,r/CultStories,998,Share your crazy cult stories here!,t5_2b7sjg,1730751196.8335302
224,r/darkamericana,998,"From the dark side of country music. A place to discuss gothic country, murderfolk, dark americana, and anything related to all of these sounds.",t5_3m962,1730751196.8642108
225,r/DavidAustinRoses,998,"David Austin roses, English roses and all David Austin roses.",t5_3ed5m,1730751196.8851788
226,r/FishID,998,Outdoors and Nature,t5_3iotld,1730751196.907625
227,r/FosterCity,998,Place,t5_2yzta,1730751196.9289238
228,r/jillianward18,998,this subreddit dedicates to jillian ward TG CHANNEL: https://t.me/rjillianward18,t5_7yf9fg,1730751196.950248
229,r/JoschaBach,998,Science,t5_2tdzvr,1730751197.06127
230,r/LegoMocHelp,998,Hobbies,t5_4arif2,1730751197.082243
231,r/macebell,998,"for macebell training, technique, and bell swingers",t5_xqtcq,1730751197.112704
232,r/makingitpodcast,998,"Making It is a weekly audio podcast hosted by Jimmy Diresta, Bob Clagett and David Picciuto. Three different makers with different backgrounds talking about creativity, design and making things with your bare hands. To subscribe to this podcast, visit: http://makingitpodcast.com/ To get updates as they happen, check out: https://twitter.com/makingitpodcast",t5_3lwb2,1730751197.132759
233,r/MASK,998,Television,t5_2sz33,1730751197.153744
234,r/melbournementalhealth,998,Medical and Mental Health,t5_2xxor1,1730751197.174231
235,r/Rc_Stims,998,"#A Place to talk about stimulant research chemicals... pretty simple. But no sourcing of any kind. If your post makes it easier for someone to get drugs then it’s not allowed. Bans are permanent. [This does no include harm reduction related paraphernalia like clean needles, test kits, etc]",t5_3j677q,1730751197.194345
236,r/SayuriPrivacy,998,@sayurimattar,t5_cjhm57,1730751197.2161942
237,r/startrek_fans,998,Television,t5_24wexu,1730751197.236923
238,r/Syndications,998,"Business, Economics, and Finance",t5_3xzctv,1730751197.258095
239,r/WhatTheGolf,998,Gaming,t5_flpm9,1730751197.279387
240,r/aeni,997,"Aeni, Korean animation.",t5_mlunl,1730751197.3004758
241,r/basicbros,997,A subreddit where guys try to replicate girls selfies,t5_yq4a9,1730751197.321263
242,r/BayAreaPlantExchange,997,Home and Garden,t5_35qbqx,1730751197.34176
243,r/bun,997,Programming,t5_2ug38,1730751197.3624582
244,r/Chiara_Stile,997,Celebrity,t5_7gww7j,1730751197.382357
245,r/CleanCannables,997,Mature Themes and Adult Content,t5_37rn19,1730751197.4024801
246,r/Divisive_Babble,997,Politics,t5_483mxu,1730751197.422407
247,r/EditasMedicine,997,World News,t5_26ehtj,1730751197.441452
248,r/egx,997,Egyptian stock market. People control markets We put strict rules here for spreading rumors and nonsense news****,t5_axziri,1730751197.4868429
249,r/esk8builders,997,A place to build electric skateboards. For all general purpose talk please visit r/ElectricSkateboarding - they have a much larger and active community This sub is for the DIYers who love to build their own esk8s. Many of us may moonlight on www.electric-skateboard.builders,t5_3ps3f,1730751197.508884
