,subreddit,subscribers,topic,subreddit_id,scraped_utc
0,r/Hackysack,997,Welcome to Hackysack,t5_2tt4r,1730751211.793243
1,r/houseproduction,997,Welcome to houseproduction,t5_32ewb,1730751211.8153229
2,r/khoomei,997,Music,t5_2vab6,1730751211.83459
3,r/LetterH,997,Internet Culture and Memes,t5_ibtwz,1730751211.854039
4,r/LT_dirty_Reddit_Chat,997,"This subreddit is for finding your long term dirty chat friends. The people you want to talk to not just today but for weeks, months, even years.",t5_ahp6e4,1730751211.8733282
5,r/macclesfield,997,Place,t5_2srlk,1730751211.9035158
6,r/namenerdsworldwide,997,"Culture, Race, and Ethnicity",t5_4naag4,1730751211.922629
7,r/newsrebooted,997,Welcome to newsrebooted,t5_2xv38,1730751211.9416802
8,r/nfldailypod,997,Podcasts and Streamers,t5_bxlt3c,1730751211.961129
9,r/NFLmarketplace,997,"Buy, sell, trade, everything NFL related. Tickets, Jerseys, Memorabilia. Be honest and fair. 3rd party advertisers be ware, if posts are not meant to be user to user direct sales post will be removed! Utilize Post Flairs Willing to Buy (WTB), Willing to Sell (WTS), and Willing to trade (WTT).",t5_38fsy,1730751211.9804192
10,r/ObeyMe_ImagesandMore,997,Anime,t5_5c6xh4,1730751212.051024
11,r/OtoriCult,997,Internet Culture and Memes,t5_5g5hc3,1730751212.070497
12,r/ragnar,997,Anything related to the Ragnar Relay!,t5_2r2p0,1730751212.097327
13,r/ryobiTools,997,"I don't work for Ryobi, I just have found myself owning a lot of Ryobi tools because they are cheap and pretty reliable. Ryobi tools are not exactly ""budget"" tools, but they tend to be lower priced than most other name brand tools. At the moment (when I'm creating this subreddit) they are offering a line of battery powered tools and they call this system the ""Ryobi One+"" or ""Ryobi One Plus"" system. This subreddit is intended to be a place to discuss Ryobi tools without scrutiny or bias.",t5_3fcnx,1730751212.116626
14,r/SoFG,997,Gaming,t5_4uslw7,1730751212.135747
15,r/Stone,997,"Stone is a hard material made out of minerals, general discussion about stone or rocks, identification requests, and images are welcome",t5_2r5y1,1730751212.1549811
16,r/TheGigglySquad,997,Podcasts and Streamers,t5_5whrw7,1730751212.174158
17,r/zenescope,997,"Reading, Writing, and Literature",t5_2xfa5,1730751212.193193
18,r/10minutefood,996,"Challenging but doable. This sub is for sharing recipes of healthy food that can be made in 10 to 15 minutes (or less). Feel free to share your recipes, links and experiences. Be nice to each other and have a good day :-)",t5_yq1u7,1730751212.211971
19,r/2020electioncrisis,996,"Spurred on with this (tweet)[https://twitter.com/realDonaldTrump/status/1288818160389558273?ref_src=twsrc%5Etfw%7Ctwcamp%5Etweetembed%7Ctwterm%5E1288818160389558273%7Ctwgr%5E&ref_url=https%3A%2F%2Ffactba.se%2Fsearch] Hundreds of tweets, interviews and actions that show an attempt to undermine and de-legitimize the 2020 american federal election results. This is a dedicated Subreddit to discuss the lead up to the election and the potential crisis surrounding the 2020 election.",t5_2xybul,1730751212.23118
20,r/aymiAI,996,Technology,t5_atqc81,1730751212.250837
21,r/BambuP1P,996,Welcome to BambuP1P,t5_7o8d09,1730751212.2697432
22,r/bracknell,996,Place,t5_2w84t,1730751212.288556
23,r/burnforfarnese,996,burn at the stake as farney flicks the bean to your glorious sacrifice!!!1!,t5_tk7tz,1730751212.307792
24,r/Cardboardlounge,996,Have you ever looked up from the streets and seen the window to the golden lounge? have you wondered what was in there.. what makes them so special? Well good news! because down this alley is the great card board lounge! for those of that cannot get into the fancy golden palace,t5_2ynu1,1730751212.327394
25,r/crowsxworst,996,Anime,t5_j3fmy,1730751212.346257
26,r/DegenDeFi,996,Crypto,t5_6ekt5o,1730751212.3656352
27,r/DuelingCorner,996,"Welcome to the Estate of St. Elsworth. The Distinguished Dueling Corner is a place to resolve one's disputes and test one's luck. Duels take place in a dice-based format. Weapons: pistols, blunderbusses, sabres, greatswords, and cannons. Have at you!",t5_2swek,1730751212.384947
28,r/DungeonLink,996,Gaming,t5_37raw,1730751212.404245
29,r/FTMStraight,996,"A community for trans men with an attraction for straight women, providing a space to share insights, discuss challenges, and engage in meaningful conversations about their experiences with heterosexual relationships.",t5_aiuhze,1730751212.4235861
30,r/GliderGuy,996,Podcasts and Streamers,t5_37k3rr,1730751212.442878
31,r/GoodnightMoon,996,Podcasts and Streamers,t5_mzy1o,1730751212.4623082
32,r/incites,996,friendly ppl,t5_dxj5o,1730751212.4814458
33,r/KellyReillyfans,996,"This is a fan subreddit for English actress, Kelly Reilly. Source for news, interviews, and photos.",t5_87528o,1730751212.50061
34,r/KennedyCymone0,996,Subreddit dedicated to Kennedy Cymone (FP) 1. All Material must be directly related to Kennedy Cymone 2. No Disrespectful comments or posts 3. No RECENT Reposts. Look Through sub before you post 4. No Discord Links Allowed 5. NO TRIBUTES ALLOWED!! 6. No Fakes or Spam 7. NO Self promotion or any form of promotion 8. No Deepfake/deepnude (DM for removal of post(s)),t5_9n5lbv,1730751212.519508
35,r/lisiflexx,996,"canal dedicado a la modelo lisiflex ,fotos y videos !! channel dedicated to the lisiflex model, photos and videos!!",t5_bz90l6,1730751212.5385978
36,r/mandy,996,Movies,t5_2t1z5,1730751212.557972
37,r/MINIMALTECH,996,Welcome to MINIMALTECH,t5_2ryg4,1730751212.57717
38,r/Noisia,996,Music,t5_2tp0j,1730751212.596388
39,r/NovelOpioids,996,Mature Themes and Adult Content,t5_6psbhy,1730751212.616436
40,r/odd,996,Welcome to odd,t5_2qlsx,1730751212.635266
41,r/OverkillSolarBMS,996,Technology,t5_2g8wx6,1730751212.6541362
42,r/PikachuFace,996,Funny/Humor,t5_6m8mqd,1730751212.672693
43,r/PokemonGoSFBayArea,996,"PoGo players in the **SF Bay Area** including San Francisco, South Bay, North Bay, East Bay & the Peninsula",t5_3fewo,1730751212.691603
44,r/pokemonguy001,996,kbj content that I enjoy,t5_8lhq19,1730751212.710656
45,r/projectfarm,996,A subreddit for fans of the Project Farm channel on YouTube.,t5_29j0v1,1730751212.72942
46,r/scottwalker,996,Music,t5_2t6at,1730751212.747825
47,r/taiwantravel,996,r/taiwantravel is a potential venue for your Taiwan travel needs. Updates hopefully to come!,t5_3fjm4,1730751212.766898
48,r/TheIrishman,996,Movies,t5_3ht38,1730751212.78569
49,r/truebingus,996,Internet Culture and Memes,t5_3rwcig,1730751212.804884
50,r/ValourFC,996,Sports,t5_k2kuf,1730751212.824081
51,r/XBXPlay,996,Gaming,t5_7qnzrp,1730751212.843256
52,r/Xilinx,996,"A place to discuss Xilinx, and the Xilinx community",t5_2t2lm,1730751212.862853
53,r/AmazonUK,995,Marketplace and Deals,t5_315v7,1730751212.882278
54,r/anna_hafner_,995,Welcome to anna_hafner_,t5_5o3f3u,1730751212.901503
55,r/AR12GAMING,995,Podcasts and Streamers,t5_39tah,1730751212.92063
56,r/blackflagllll,995,"A sub for the hardcore punk band Black Flag, 1976-1986 / 2013-Present",t5_zl459,1730751212.939436
57,r/bummingcheese,995,Internet Culture and Memes,t5_rstry,1730751212.95816
58,r/CallOfDutyGirls,995,"a community for girls who play call of duty, all genders welcome but mainly for ladies to find teammates and support in the game.",t5_2r7sfi,1730751212.976672
59,r/CatsWithPeopleFeet,995,Pretty much only cats with people feet. Also check out: /r/dogswithcatheads,t5_2vke1,1730751212.995358
60,r/ChattanoogaFC,995,Sports,t5_36iog,1730751213.014099
61,r/clothdiapsbst,995,"Welcome to our subreddit, here you can buy, sell or trade your cloth diapering, baby, and parenting related items! Please carefully read the rules before getting started.",t5_314m7,1730751213.0330508
62,r/Concavefi,995,Crypto,t5_5ekbhv,1730751213.051971
63,r/electronicore,995,This is a place for Electronicore. A made up genre based on the heavy electronic music uses in Metalcore/posthardcore music.,t5_2sovb,1730751213.070902
64,r/expatsinbangkok,995,"r/Expatsinbangkok is a community for expats and Thais living in Bangkok, where members can connect, share experiences, and seek advice on issues related to living in the city. Join us to discover new restaurants and street food stalls, share an activity, discuss cultural differences, find a place to live, and connect with like-minded individuals in the city.",t5_80z8gc,1730751213.089961
65,r/FashionforIndia,995,Fashion,t5_6j2jfx,1730751213.110079
66,r/flexingsquirrels,995,Animals and Pets,t5_35f76z,1730751213.129062
67,r/freedomgpt,995,Technology,t5_84iwvo,1730751213.147777
68,r/FreePrintables,995,"Free printables/templates. It must be free. Planners, kid's crafts, gift certificates, coloring pages, design, open to all. Also open to free fonts, icons, designs, etc.",t5_3hruj,1730751213.1668139
69,r/Newanime,995,A place to discuss anime!,t5_2w41e,1730751213.18558
70,r/PowerfulWriting,995,"This is a place to explore everything to do with Content Marketing, SEO, and Digital PR ---> How does it all work together? Let's hear the best and brightest ideas on Pillar Pages, Skyscraper Technique, Content Creation, Keyword Research, and developing amazing content that drives leads and organic traffic! http://www.powerful-writing.com/",t5_kedvq,1730751213.224949
71,r/PrincessOfWales,995,Celebrity,t5_53uzh4,1730751213.245434
72,r/Rolling_Quartz,995,Music,t5_3fu799,1730751213.265593
73,r/SaskEnts,995,Discussion of Saskatchewan Ent related things.,t5_rb5sz,1730751213.286073
74,r/Serval_Mains,995,Gaming,t5_89rrxw,1730751213.306337
75,r/sexogloszenia,995,sex ogłoszenia i wymiany,t5_c9a80q,1730751213.326925
76,r/spacegames,995,Gaming,t5_2tw5l,1730751213.347096
77,r/TheNewWunkusRepublic,995,Internet Culture and Memes,t5_awdo00,1730751213.36722
78,r/topre,995,Technology,t5_2v240,1730751213.387393
79,r/TurboToadX,995,Crypto,t5_8cvtx5,1730751213.407101
80,r/Undervolting,995,Technology,t5_wcypp,1730751213.426877
81,r/UrbexBelgium,995,Hobbies,t5_48684j,1730751213.4463072
82,r/Veganexchange,995,Welcome to Veganexchange,t5_2t6sc,1730751213.466016
83,r/whitelotus,995,Television,t5_4zb6lt,1730751213.484787
84,r/yashicaa,995,Welcome to yashicaa,t5_atpa18,1730751213.50371
85,r/AntiqueTools,994,"They day that if you really wan't to get to know a man, look in his toolbox. Lets get to know the woodworkers, plumbers, carpenters, roofers, electricians, engineers and mechanics of years past. r/AntiqueTools is a place for you to post pictures or questions about old tools.",t5_361qm,1730751213.522569
86,r/BlueLionsFE,994,"Fans of the Blue Lions house from Fire Emblem: Three Houses. The Blue Lions are one of the three noble houses at the Officer's Academy at Garreg Mach Monastery in Fire Emblem: Three Houses. It is one of the three eponymous protagonist groups in the game. The Blue Lions house at the Officer's Academy is comprised of students who hail from the Holy Kingdom of Faerghus. As their homeland is known for its knights, many of the students are proficient at using spears.",t5_13kiok,1730751213.541378
87,r/Cartridgecollecting,994,Mature Themes and Adult Content,t5_38jvq,1730751213.560501
88,r/GasStationEncounters,994,Gas Station Encounters Official Subreddit,t5_12o6vb,1730751213.579558
89,r/HighRiseMobileApp,994,Gaming,t5_4m9641,1730751213.5986822
90,r/Illit_Hotties,994,Music,t5_b68889,1730751213.6186628
91,r/IndianPrehistory,994,History,t5_33p6jv,1730751213.6379368
92,r/JoJogatari,994,JoJo + Monogatari = JoJogatari: The best of both bizarre worlds,t5_yrqbg,1730751213.657009
93,r/KyliePittss,994,Podcasts and Streamers,t5_ce3no0,1730751213.6758568
94,r/Niqabis,994,Religion and Spirituality,t5_52kjh7,1730751213.694626
95,r/PlaceEU,994,Meta/Reddit,t5_63dps5,1730751213.713386
96,r/QuezonCity,994,Place,t5_2t0xv,1730751213.732096
97,r/rinse,994,Music,t5_2sbhu,1730751213.750858
98,r/RiotClaws,994,Share your thoughts about Riot's upcoming MMO. Would you like to see any specific video on our YouTube channel? Share it with us and we will consider it!,t5_72pbpq,1730751213.769662
99,r/SableHeart,994,Welcome to SableHeart,t5_8f73gi,1730751213.7885282
100,r/shenryyr,994,A sub dedicated to the Youtuber and Streamer Shenryyr,t5_31htq,1730751213.807621
101,r/solderingtips,994,Your best guide to any soldering tips (no pun intended),t5_2vhu7,1730751213.839036
102,r/SuckerPunch,994,Gaming,t5_2tgmm,1730751213.859495
103,r/TheNorthmanFilm,994,Movies,t5_3w778n,1730751213.880022
104,r/TruckerJobs,994,"Post your 'Now Hiring' ads, loads, job searches and anything related here. This community is an extension of r/Truckers!",t5_24edxz,1730751213.9002922
105,r/WheresBrianLaundrie,994,"Dedicated to finding Brian Laundrie—the boyfriend of Gabby Petito who has been found deceased. Laundrie was on a cross country trip with Gabby, his fiancé, when she went missing. Almost a month later her remains have been found but Laundrie is still missing.",t5_52bluf,1730751213.920747
106,r/angband,993,Gaming,t5_2rqqx,1730751213.940904
107,r/Audubon,993,Animals and Pets,t5_uvmek,1730751213.960934
108,r/BattlefieldBoomers,993,Gaming,t5_5mo1q9,1730751213.979861
109,r/dreamislands,993,Gaming,t5_2xadzd,1730751214.0003939
110,r/englishshepherd,993,For all things English Shepherd.,t5_2y1js,1730751214.022964
111,r/FootFetish_kingdom2,993,Mature Themes and Adult Content,t5_brn0ch,1730751214.043659
112,r/ImaginarySummoners,993,Art,t5_36ocql,1730751214.06426
113,r/jimmy_23,993,Welcome to jimmy_23,t5_5dyab7,1730751214.085202
114,r/lublin,993,"Mówi się, że Paryż to Lublin zachodu. Mówi się, że Rzym to Lublin południa. Miasto kultury i cebularza.",t5_31z62,1730751214.105689
115,r/missingstars,993,"Reading, Writing, and Literature",t5_2tra3,1730751214.128083
116,r/MyDaughterLovesBWC,993,A community for Dads and Daughters to come together for their love of White Cock. Sister Community’s: r/MySisterLovesBWC r/MyMomLovesBWC,t5_cc92b8,1730751214.148992
117,r/neurodiverse,993,"A subreddit to discuss neurological conditions and issues related to being neurodiverse. Everyone is welcome, regardless of a profession label (or lack thereof.)",t5_2zhin,1730751214.169826
118,r/PlayTherapy,993,"Reddit's Play Therapy subreddit. This page is for those practicing Play Therapy, Sandtray, or interested in creative interventions.",t5_dy4j0,1730751214.191061
119,r/RejuvenationProtocols,993,Medical and Mental Health,t5_b18khv,1730751214.212348
120,r/RevitForum,993,Technology,t5_881ve3,1730751214.233599
121,r/TheAntlers,993,Music,t5_2skgt,1730751214.254941
122,r/TimHorrortons,993,Food and Drink,t5_yr32q,1730751214.274626
123,r/UnexpectedPoetry,993,See a funny comment that someone else has turned into poetry? Link it here and comment on their poem /r/UnexpectedPoetry.,t5_3gd5w,1730751214.295737
124,r/webaudio,993,Technology,t5_2uiyp,1730751214.31528
125,r/WeirdMovieScreenshot,993,Movies,t5_3cghhc,1730751214.33349
126,r/aridiaz,992,Anything related to Ari,t5_35cghe,1730751214.351661
127,r/beckygg,992,Community dedicated to Mexican/American singer Becky G,t5_60o88w,1730751214.370813
128,r/BulletballMemes,992,Ma point,t5_ysseb,1730751214.390888
129,r/BunBoi,992,Internet Culture and Memes,t5_2dg66y,1730751214.4097111
130,r/Carlinkitcarplay,992,Cars and Motor Vehicles,t5_5y16xb,1730751214.4277718
131,r/ClearTina_motivation,992,"a place for those of us that like to clear our minds by twisting bubs and blowing clouds. Tina turner knows all about what you are doing 👀 but make sure you post it here too. no videos unless you're gonna show us a cloud. doesnt mean post a self pleasure video and only a little drift of smoke in the camera.no promoting or hustling you will be removed. no asking where's Tina, you will be removed. no pictures or videos containing children at all! otherwise yell have a safe and clear adventure.",t5_9z68h2,1730751214.447337
132,r/Controllers,992,Gaming,t5_2vvpo,1730751214.465513
133,r/CreditToTheArtist,992,Art,t5_1b1vra,1730751214.48386
134,r/eJuice_recipes,992,"Just a nice orderly place to view, vote, and submit your successful eJuice recipes.",t5_31r23,1730751214.5023339
135,r/ExSudan,992,Religion and Spirituality,t5_70g0f1,1730751214.522024
136,r/FGR,992,Sports,t5_3akoo,1730751214.542198
137,r/GramatikCPA,992,Gramatik - Affiliate Marketing Network. Only white high yield offers from the first class regulated Forex & Crypto Brokers,t5_8xk2wk,1730751214.563149
138,r/heartlandtv,992,This sprawling family saga takes place where an unfortunate tragedy has glued a family together to pull them through life's thick and thin moments. Follow young Amy Fleming as she slowly discovers she possesses her now-deceased mother's ability to aid injured horses as well as maintaining good relationships with those who are trying to get by one day at a time. The family pursues forgotten dreams and challenges as their strength is tested against personal struggles.,t5_2vv1n,1730751214.583513
139,r/infjhome,992,For open discussion on the INFJ personality type and anything else that relates to it.,t5_yuyrf,1730751214.602894
140,r/Kitaria,992,Gaming,t5_4ktwtf,1730751214.622168
141,r/kristinjohnssnark,992,Podcasts and Streamers,t5_af7a9z,1730751214.6442828
142,r/mimecast,992,Technology,t5_3a1jz,1730751214.664458
143,r/pokemonGoFestNYC,992,Gaming,t5_8jcebd,1730751214.685299
144,r/Radar,992,Technology,t5_2tz7a,1730751214.7058182
145,r/Remotenursing,992,"Welcome to r/Remotenursing – your dedicated space for exploring remote nursing opportunities! This subreddit is a supportive community for nurses seeking to transition to remote work, offering guidance on finding legitimate job opportunities, sharing experiences, and providing general support. Whether you're an experienced nurse looking for more flexibility or just curious about remote nursing roles.",t5_36fveu,1730751214.726772
146,r/SwampyBoots,992,Gaming,t5_2uq9ay,1730751214.747207
147,r/TeenXChromosomes,992,"Welcome to TeenXChromosomes, a safe, compassionate, fun community aimed at teenage girls!",t5_2wt91,1730751214.767221
148,r/TLH,992,Place,t5_2r03p,1730751214.787346
149,r/yesligomezvip,992,Tengo mucho contenido de yesli gomez de su sitio y de sus onlyfans. Tengo muchas compras privadas. si estas interesado es en privado,t5_99ny3g,1730751214.809115
150,r/BisexualSFW,991,Sexual Orientation,t5_406prt,1730751214.830613
151,r/bloomingtonMN,991,Subreddit for discussion on things involving and related to the largest suburb in the Twin Cities metro area.,t5_2sdw9,1730751214.851129
152,r/Cash4Trash,991,A subreddit dedicated to helping cleanup the planet by giving people a place to post bounties for trash pickup all around the world.,t5_2oh25h,1730751214.871258
153,r/CerebellarHypoplasia,991,Animals and Pets,t5_3fx2d,1730751214.891722
154,r/CincinnatiIntroverts,991,Welcome to CincinnatiIntroverts,t5_6psp9q,1730751214.9120362
155,r/criticalrolememe,991,Internet Culture and Memes,t5_36vxmn,1730751214.932369
156,r/Dailycuppajo,991,Welcome! *SNARK* All info about Jo & Victor’s scam Tiktok: DailyCuppaJo IG: The_daily_cuppa_Jo 📍Where: Hollywood Walk of Fame & Las Vegas Strip ❓❔ Who: Grifters & Felons,t5_727npm,1730751214.952776
157,r/dasschwarzeauge,991,Das Schwarze Auge auf Reddit,t5_2udn1,1730751214.972438
158,r/DiatomaceousEarth,991,A user group for Diatomaceous Earth (DE) users.,t5_2xvqx,1730751214.9928782
159,r/DodgerGifs,991,Gifs about Dodger/Dexbonus,t5_2ym7c,1730751215.015784
160,r/factorialchain,991,Funny/Humor,t5_apihj8,1730751215.037245
161,r/financialfigures,991,"Welcome to passive income onlinee, Where we talk about all thing's money and especially when it comes to making it passively and online! Come join our group and share your creative thoughts on this matter, let's help each other earn more today, for a better tomorrow.",t5_9v3j14,1730751215.0587
162,r/Fracking,991,A horizontal news sharing network for those who want to be fully informed rather than fracked about fracking (hydraulic fracturing) and natural gas.,t5_2udk6,1730751215.078646
163,r/GunsUpMobile,991,Gaming,t5_53ocs8,1730751215.098333
164,r/Loan_,991,"Business, Economics, and Finance",t5_8soabj,1730751215.117504
165,r/Mac4491,991,Welcome to Mac4491,t5_3gxs3,1730751215.138557
166,r/metroidprime,991,Subreddit for Metroid Prime,t5_371ch,1730751215.157894
167,r/NoelDeyzel,991,Fitness and Nutrition,t5_4n74h1,1730751215.176917
168,r/okbuddynimrod,991,Funny/Humor,t5_yo4pv,1730751215.1948109
169,r/ReviewLounge,991,"Here at ReviewLounge, we embrace diversity of opinion. No matter if you're a casual consumer or a seasoned connoisseur, your voice matters. Expect a vibrant mix of reviews, recommendations, and maybe even a healthy dose of friendly debate. We're all about fostering a welcoming atmosphere where everyone feels valued and respected. So, don't be shy – jump right in and let your thoughts fly!",t5_aspkmv,1730751215.21266
170,r/StarWarsLegendsZone,991,"Reading, Writing, and Literature",t5_4jo0eq,1730751215.230499
171,r/VideoPoker,991,Mature Themes and Adult Content,t5_2taya,1730751215.2482162
172,r/AhnYujin,990,A subreddit dedicated to all things about former IZ*ONE member Ahn Yu-jin (안유진)!,t5_sl1n1,1730751215.2658281
173,r/BBMP,990,Sports,t5_8c868k,1730751215.283666
174,r/BiblicalCosmology,990,Religion and Spirituality,t5_3cx9fx,1730751215.301402
175,r/Bowdoin,990,Learning and Education,t5_2ssmj,1730751215.3193989
176,r/Cinewhoop,990,Technology,t5_u5vdv,1730751215.3369758
177,r/ColdReading,990,"A place to learn and share information about the skill of Cold Reading, a technique that gives the impression of having special insight about a person. This is not the place to discuss the theatrical technique of reading a script without rehearsal.",t5_2trnh,1730751215.3546329
178,r/Collatz,990,Science,t5_2ubfj,1730751215.372074
179,r/deliler,990,Politics,t5_2s2krf,1730751215.389858
180,r/diggysadventuregame,990,Gaming,t5_3om33,1730751215.4072242
181,r/EmpireOfMorag,990,"A holy empire devoted to share fanart/memes of the TRUE best girl and TRUE waifu, Mòrag, also known as Meleph, from Xenoblade Chronicles 2",t5_vnmcj,1730751215.424793
182,r/Galacticraft,990,Gaming,t5_2yuym,1730751215.44228
183,r/GeneEditing,990,"Gene editing, CRISPR, genetic edits, genetic engineering, genetic modification, genetically modified organisms, GMO, GMOs, food, genetically engineered.",t5_3ectd,1730751215.460046
184,r/Guzheng,990,Music,t5_2w1sf,1730751215.47754
185,r/kaunas_lithuania,990,Place,t5_4o3vt4,1730751215.495184
186,r/KnifeHandleMaterials,990,Hobbies,t5_5ln3ca,1730751215.512667
187,r/Leah_Remini,990,Welcome to Leah_Remini,t5_73h3m0,1730751215.531285
188,r/Leeseo,990,Subreddit for IVE's Leeseo,t5_5is81w,1730751215.549824
189,r/microsoftcertified,990,Technology,t5_3fckv,1730751215.568316
190,r/MinecraftUA,990,Gaming,t5_6c698c,1730751215.588402
191,r/ml_news,990,Learning and Education,t5_2q2kt0,1730751215.6078131
192,r/NancyNg,990,Law,t5_a0hsyp,1730751215.62701
193,r/NexusASA,990,Gaming,t5_5asjyu,1730751215.6461241
194,r/ofmychest,990,Welcome to ofmychest,t5_3h9fv,1730751215.664769
195,r/Palau,990,"*Alii*/ Hello (*ah-lee*) Welcome all to /r/Palau. Your subreddit guide to all the history, culture, traditions, news, Current events about The Replubic of Palau.",t5_2sq3b,1730751215.684455
196,r/potinage,990,Espace pour discuter de l'actualité québécoise et son star système sans censure,t5_6rxvz5,1730751215.7034712
197,r/Rollerdrome,990,Gaming,t5_6gxmaz,1730751215.723238
198,r/Spillthetea,990,"A place to share and discuss everything celebrity gossip related. If you have a blind item you want to chat about, if you saw something on people and you know reddit is the place that gets you, post it here and share your thoughts.",t5_kc7aw,1730751215.743055
199,r/suddenlyfuturama,990,suddenlyfuturama,t5_3pkv7,1730751215.762176
200,r/techadvice,990,Technology,t5_2ujjp,1730751215.782348
201,r/Toppswwe,990,Gaming,t5_3ekcd,1730751215.801415
202,r/TwiceDivorcedBirds,990,Welcome to TwiceDivorcedBirds,t5_exfmo,1730751215.821703
203,r/UBaseballGM,990,Gaming,t5_4gakt2,1730751215.841196
204,r/usernamecheckin,990,"This a hotel for redditors. if you are lost and need a place to crash it, this is your place. And the bottle of water in your room is complimentary. If you do not have a bottle of water, GET ONE WATER IS IMPORTANT. Have fun and we hope you enjoy your stay. Please try to be kind to everyone and remain positive during your stay, if you have anything going on in your life and wanna talk about it, our staff and guests will be happy to help and support.",t5_10m1to,1730751215.86178
205,r/WagtailCMS,990,Programming,t5_t7flf,1730751215.880474
206,r/AdamDriverMemes,989,Any memes that consist or depict the great Adam Driver.,t5_2dbjjh,1730751215.8982542
207,r/AnimalCrossingDesigns,989,"Designs for Nintendo's 2013 game, Animal Crossing New Leaf and Nintendo's 2014 update, Animal Crossing New Leaf Welcome Amiibo. Post designs or QR codes here.",t5_2efhfc,1730751215.916138
208,r/antinifb,989,Activism,t5_2o0oog,1730751215.933623
209,r/artbdsm,989,BDSM is Art,t5_2pgb2r,1730751215.951311
210,r/BTCMTOfficial,989,"Minto is a token that is secured by actively mining Bitcoin equipment. Simply put, owning BTCMT tokens is equal to owning a unit of mining hardware. Unique staking and emission in tokenomics allow you to get from 4x to 10x mining profit depending on percentage of staked tokens because rewards from all the emission is shared between those who staked.",t5_4wpneh,1730751215.968958
211,r/carsfromthepast,989,"Discuss anything and everything that you have in mind regarding used cars in India - buying advice, DIY repairs and maintenance, etc.. Just keep it civil and be respectful about others' opinion.",t5_9nge1o,1730751215.9867861
212,r/cocktailmenus,989,Food and Drink,t5_6oi7gd,1730751216.0044942
213,r/Crocodilia,989,Welcome to Crocodilia,t5_2w5h2,1730751216.0219479
214,r/FBIWatchlist,989,Secrect stuff.,t5_2wfro,1730751216.039361
215,r/FMAmemes,989,Anime,t5_28hsp3,1730751216.058501
216,r/GTADupeCity,989,Gaming,t5_4uy247,1730751216.076428
217,r/halftop,989,"A place to post your ""halftop"" laptops.",t5_2xc8t9,1730751216.0941172
218,r/HandmadeHero,989,[Handmade Hero](http://handmadehero.org): A project to create a complete game where every single line of code is explained in videos.,t5_34jr2,1730751216.1116521
219,r/join,989,Meta/Reddit,t5_2s48i,1730751216.1293068
220,r/KnowledgeGraph,989,Technology,t5_3fihv,1730751216.146871
221,r/MarioKartLiveHome,989,Gaming,t5_39lzyd,1730751216.1656342
222,r/Marklin,989,"Dedicated to model trains, particularly those by Märklin, and any other subject associated with model railroads.",t5_2zrja,1730751216.183557
223,r/missedsignals,989,Sharing stories about times we guys failed to pick up the signals of flirting.,t5_37glw,1730751216.20127
224,r/moshimonster,989,Gaming,t5_93n6z0,1730751216.218693
225,r/OfficialCyberCrewNFT,989,Technology,t5_711x0w,1730751216.236269
226,r/placeWeekly,989,Internet Culture and Memes,t5_66qgz5,1730751216.253886
227,r/ProfitecGo,989,Food and Drink,t5_7xqkts,1730751216.2713861
228,r/RileyVoelkel,989,Celebrity,t5_2rvuti,1730751216.289328
229,r/SamHaskell,989,Law,t5_9y8vuc,1730751216.3070688
230,r/ScaryLore,989,"Reading, Writing, and Literature",t5_6iqyey,1730751216.324637
231,r/SecretsofMollywood,989,Welcome to SecretsofMollywood,t5_6qkiam,1730751216.342123
232,r/UniversalEpicUniverse,989,Welcome to a subreddit dedicated to Universal's newest theme park Epic Universe.,t5_22eef6,1730751216.359728
233,r/whatspideristhis,989,Outdoors and Nature,t5_50ur1v,1730751216.37725
234,r/woojer,989,Technology,t5_wy14n,1730751216.394757
235,r/AmandaPeet,988,Welcome to AmandaPeet,t5_4yht4r,1730751216.412759
236,r/auroracoin,988,The cryptocurrency for Iceland,t5_304xv,1730751216.4307148
237,r/BestReplicaKicks,988,check our website : newkick.app,t5_kjlcs,1730751216.4482439
238,r/Briar,988,Technology,t5_3frl5,1730751216.4658601
239,r/Brisbane_SC_GC_Ag,988,Mature Themes and Adult Content,t5_c5mzho,1730751216.483537
240,r/BusinessBritain,988,"A UK focussed sub (made in March 2018) with a business and marketing spin not otherwise available. /r/entrepreneur, /r/business and /r/investing are thriving communities yet concentrate largely on the USA. Rather than competing with those communities, we welcome any x-posts from them as a way of creating a UK based discussion around the same topics. Along with x-posts from similar subs to discuss in their British applications, you'll also find business news from the likes of the ONS and BBC.",t5_h151v,1730751216.5027552
241,r/COVIDConnections,988,"A place for COVID-conscious individuals to make friends, start dating, recruit for outreach or local/online events, and more!",t5_ajl2wj,1730751216.5221272
242,r/dudesy,988,Funny/Humor,t5_5xt15a,1730751216.5410502
243,r/Emerald_Council,988,Meta/Reddit,t5_37oiu,1730751216.5596569
244,r/Ficiverse,988,"Bond and co-create with other authors and characters, to make everybody's writing stronger!",t5_2xb35,1730751216.5782552
245,r/FootFetish_Vids_Pics,988,Mature Themes and Adult Content,t5_8x8oyb,1730751216.597122
246,r/forestrymemes,988,Funny/Humor,t5_3lqqfz,1730751216.61594
247,r/gentrification,988,"Business, Economics, and Finance",t5_2x48e,1730751216.634739
248,r/GraysHarbor,988,"A reddit for Harborites. Harborite? That's someone from Grays Harbor County, Washington. Home to places like these: Aberdeen, Brady, Central Park, Copalis Beach, Cosmopolis, Elma, Grayland, Hogans Corner, Hoquiam, Humptulips, Junction City, Malone-Porter, Markham, McCleary, Moclips, Montesano, Neilton, Oakville, Ocean City, Ocean Shores, Oyehut, Quinault, Satsop, Taholah, Westport.",t5_2smyw,1730751216.653307
