,subreddit,subscribers,topic,subreddit_id,scraped_utc
0,r/Rainbows,979,"All rainbows, all the time.",t5_2seqf,1730751251.050344
1,r/Ratatouille,979,Movies,t5_2vbd7,1730751251.0738711
2,r/RlTradingReddit,979,A Simple Subbreddit Just for Trading In Rocket League,t5_3iye0,1730751251.093915
3,r/RyloRodriguez,979,Music,t5_28wb5r,1730751251.1137679
4,r/sault,979,Music,t5_7ay3hs,1730751251.133424
5,r/SeafishingUK,979,Outdoors and Nature,t5_3i051,1730751251.162983
6,r/Stanrogers,979,THE subreddit for Canada's favorite folk artist,t5_2xnp2,1730751251.182828
7,r/Toyota_Matrix,979,Cars and Motor Vehicles,t5_94cuhz,1730751251.202605
8,r/vdrums,979,"Anything related to electronic drums... Roland, Alesis, Yamaha...",t5_3fx9v,1730751251.222455
9,r/WalmartBargainBin,979,Funny/Humor,t5_5m2pcv,1730751251.242217
10,r/WholesomeFreakouts,979,For those freakouts that are wholesome.,t5_3jmds,1730751251.318471
11,r/XJ9,979,Welcome to XJ9,t5_570yk6,1730751251.340161
12,r/YouSeenThatToo,979,Funny/Humor,t5_6ew3t6,1730751251.381803
13,r/asktouhouscience,978,Welcome to asktouhouscience,t5_2xgqf,1730751251.4029708
14,r/catsthemusical,978,Movies,t5_2qnpv,1730751251.425138
15,r/Chinesediaspora,978,"Culture, Race, and Ethnicity",t5_3b6t0,1730751251.4452941
16,r/CondomBreathplay,978,Mature Themes and Adult Content,t5_57g1kl,1730751251.465007
17,r/EricLinnaeus,978,Subreddit is dedicated to the fictional horror/fantasy series surrounding Eric Linnaeus! Chapter posts + lots of extra info. Discussion and fanart encouraged ♥︎,t5_7auaw7,1730751251.4917572
18,r/EvilNightFruit,978,High contrast images of fruit floating in the night,t5_11zw3v,1730751251.536285
19,r/funmath,978,"I happen to like arithmetic, but that's not *all* math is! I didn't when I was a kid, but that's because I sucked and had some uninspiring teachers. I made this place to post some math I think is inspiring, interesting, or cool. I'm not actively promoting this, but I often x-post from other subreddits, so that's probably what brought you here. Feel free to subscribe and post stuff you find interesting as well. If you want to be a mod then message me.",t5_2w3lh,1730751251.558414
20,r/GOTBeyondTheWall,978,Gaming,t5_2410zd,1730751251.583901
21,r/MagicFeedback,978,"Post videos, or possibly descriptions of routines, sleights, tricks, or sets that you'd like to get feedback on.",t5_2ugn9,1730751251.608086
22,r/MetalheadTransMen,978,Music,t5_56xls4,1730751251.631773
23,r/MizunoAi,978,"Legendary Heisei Idol and current member of Franchouchou, Zombie 003, Mizuno Ai!",t5_r7ykd,1730751251.656496
24,r/onnit,978,Fitness and Nutrition,t5_2vs8n,1730751251.682453
25,r/Overmono,978,Music,t5_7scap8,1730751251.706528
26,r/phr4rlawbuddies,978,Law,t5_5go10r,1730751251.731819
27,r/ProjectSkydrop83948,978,A place for Project Skydrop members to discuss the real-life treasure hunt.,t5_cj3bt3,1730751251.7571
28,r/StretfordPaddockFC,978,Sports,t5_2pg4y7,1730751251.782039
29,r/tarynnewtonsnark,978,Snark page for Instagrammer Taryn Newton. No stans. For entertainment purposes only.,t5_85m3wc,1730751251.8094878
30,r/TensionInTheAir,978,Music,t5_apxmgl,1730751251.837156
31,r/UnderVerse,978,Steven Universe and Undertale.,t5_3aovy,1730751251.8668742
32,r/utis,978,Medical and Mental Health,t5_48rj49,1730751251.894895
33,r/YesYourGrace,978,Gaming,t5_261hzj,1730751251.9221451
34,r/ZhdanovDoctrine,978,Politics,t5_7zvk3j,1730751251.949874
35,r/allay,977,Gaming,t5_568w7c,1730751251.976018
36,r/AnInterestingDystopia,977,This is a place for all that dystopian stuff that is just too cool for r/aboringdystopia. If its interesting enough is it really dystopian?,t5_27arzb,1730751252.003513
37,r/apollobeach,977,Welcome to apollobeach,t5_2u4cu,1730751252.029323
38,r/Arabcelebsfeetarmpit,977,Celebrity,t5_b9x76g,1730751252.054253
39,r/BehatiPrinsloofans,977,"Subreddit dedicated to supermodel Behati Prinsloo. For pics of Behati Prinsloo and any groups she is in, e.g. Candice Swanepoel, Lily Aldridge, Miranda Kerr, Karlie Kloss, etc.",t5_4ysrgu,1730751252.0785768
40,r/BlackDesertOnlineMMO,977,Gaming,t5_5ihpq9,1730751252.1010208
41,r/ChordProgressions,977,Music,t5_5vpfxz,1730751252.1241531
42,r/curve,977,"Business, Economics, and Finance",t5_2s3vm,1730751252.145731
43,r/Dorchester,977,"Dorchester is a dissolved municipality and current neighborhood of Boston, Massachusetts, United States.",t5_2w2cq,1730751252.1676989
44,r/EaUFC4,977,Gaming,t5_2rnglw,1730751252.188837
45,r/ecstaticdance,977,"A place to share stories, news, mixes and connect with the world wide ecstatic dance family",t5_3644s,1730751252.209857
46,r/GoddessOfGenesis,977,Gaming,t5_2fusjf,1730751252.231104
47,r/GreerGrammer,977,Greer Grammer,t5_324qh,1730751252.252116
48,r/itsmeriri_,977,This is a subreddit for the filipino tiktoker itsmeriri_. For her beautiful dances to her eye catching thirst traps,t5_4pi5y9,1730751252.2745972
49,r/kiario,977,The official Subreddit for the Kia Rio for owners and Enthusiasts,t5_3h4pc,1730751252.296128
50,r/laky_tattoos,977,"Hi! I am Tattoo artist Laky I am very new here on Riddit, if you like my works, feel free to share them :) thank you",t5_6fd1k5,1730751252.317346
51,r/larryforleader,977,Welcome to larryforleader,t5_6zlaes,1730751252.338305
52,r/PlebianTacticalGear,977,"A place to make fun of people with funny tactical gear. • airsoft gear • camos that don’t match • fake grenades • useless gear • etc Don’t show hate to the original poster, be nice.",t5_2m171i,1730751252.3625002
53,r/psychmemess,977,Television,t5_2s59pm,1730751252.384956
54,r/r4rSanJose,977,"A r4r for people of San Jose, California and surrounding communities of the South Bay - Santa Clara, Sunnyvale, Mountain View, Fremont etc. to find friends, dates and relationships",t5_2zzycl,1730751252.406518
55,r/Speeduino,977,Created by a fan of the Speeduino.,t5_3wfz6,1730751252.4283369
56,r/studentloanjustice,977,"We are fighting the structurally predatory federal and private student loan systems. We are fighting for, at a minimum, the return of standard bankruptcy protections to ALL student loans. Please support our work. http://www.studentloanjustice.org/donate.htm Please join our Facebook Group: http://www.facebook.com/groups/sljgroup",t5_39ncv,1730751252.4489632
57,r/SubmissiveLia,977,For the love of boobies and other delicious treats,t5_6abifk,1730751252.470264
58,r/sweatystartups,977,"Business, Economics, and Finance",t5_3w7mcm,1730751252.491568
59,r/TougenAnki,977,Anime,t5_2hhq2c,1730751252.512535
60,r/United_States_of_Juan,977,no swearing!,t5_43g1ex,1730751252.5352268
61,r/WebSummit,977,Technology,t5_399a5,1730751252.556176
62,r/WW1Planes,977,Welcome to WW1Planes,t5_3fuvm,1730751252.577993
63,r/ALABPodcast,976,Podcasts and Streamers,t5_2gqh5y,1730751252.600269
64,r/AnimalVeterans,976,This is a community that commemorates Animal Veterans for their service in times of war.,t5_jkr8k,1730751252.6215649
65,r/AstroPhotographyTool,976,Science,t5_7n443j,1730751252.641479
66,r/BeatlesTR,976,Music,t5_atlz6k,1730751252.6623769
67,r/Cigars_Australia,976,Hobbies,t5_53g1rt,1730751252.6817641
68,r/Durefishansaleem,976,Celebrity,t5_815i9u,1730751252.7026508
69,r/eksi_sozluk,976,Internet Culture and Memes,t5_1441ds,1730751252.7220569
70,r/GamineProblems,976,"A place for gamines, flamboyant gamines and soft gamines to discuss all things gamine related including gamine fashion, body, fitness and all problems pertaining to being a gamine Kibbe type.",t5_2twnt5,1730751252.743238
71,r/Gay_AI_Art,976,Art,t5_84pp55,1730751252.762923
72,r/JakeAndAmirScripts,976,Actual transcribed Jake and Amir scripts.,t5_2wiww,1730751252.7839339
73,r/johnwayne,976,"A place to discuss The Duke. Share pictures, links, chat, or whatever.",t5_2vqpc,1730751252.824828
74,r/Katt_Leya2,976,Welcome to Katt_Leya2,t5_7v8bfk,1730751252.8438148
75,r/kyleeandgrantssnark,976,SNARK PAGE FOR KYLEE AND GRANT‼️ -no showing kinleys face -no doxxing,t5_701bqv,1730751252.862644
76,r/MichiganAquaSwap,976,Marketplace and Deals,t5_11v8iz,1730751252.881331
77,r/NaturalPhenomena,976,all naturally occurring phenomena,t5_ttc88,1730751252.91443
78,r/notwoahvicky,976,Welcome to notwoahvicky,t5_9ni975,1730751252.936328
79,r/outlaws405tntSNARK,976,"TNT Outlaws aka- Pops (T) and (Tammi) Mama T. TNT is known to scam users on Tiktok by directly asking for gifts and requesting users to send them money ""to their CA"". Their mods are Tessy which is Diamond_Charm and Christy who is Crazytlc. They are ruthless and don't care who they hurt (including their own family)to get gifts and money. They go as low as faking a pregnancy and infant loss, even using family members children, and of course break ups every other month!",t5_75nlvs,1730751252.958078
80,r/Petlibro,976,Animals and Pets,t5_70dsxf,1730751252.9804008
81,r/PhysicalShow,976,All about the AppleTV show Physical,t5_4njqqo,1730751253.0030122
82,r/radioactivemint,976,Art,t5_46ks14,1730751253.028437
83,r/Selaco,976,Gaming,t5_6i0uw5,1730751253.052463
84,r/Skepticism,976,Ethics and Philosophy,t5_2qlh0,1730751253.074568
85,r/Superdoomspire,976,Gaming,t5_2dh77n,1730751253.097131
86,r/tayhotrish,976,"Here, we take everything with a grain of salt and a side of wit. Expect to find no shortage of the truth about TAYHOTRISH. So buckle up, buttercup, and get ready for a rollercoaster ride of inside info about TAYHOTRISH. Just remember, if you can’t handle the heat, you might want to steer clear of this kitchen.",t5_au6oaq,1730751253.119064
87,r/twotriangles,976,This subreddit focuses on the discussion and sharing of procedural graphics created by fragment shaders such as those on [ShaderToy](https://www.shadertoy.com) and [GLSL Sandbox Gallery](http://glsl.heroku.com). Feel free to post anything you think this community would like!,t5_2xrod,1730751253.142306
88,r/unexpectedAnakin,976,"This subreddit is a place for users to submit links and memes where the chosen one, the man to overthrow the sith and bring balance to the force shows up in a places where you'd least expect.",t5_3itkt,1730751253.166448
89,r/Z80,976,Technology,t5_2tjlt,1730751253.188555
90,r/albinoplants,975,Outdoors and Nature,t5_4bhto2,1730751253.210474
91,r/AnimalsSmokingDurrys,975,Animals and Pets,t5_2z9qz,1730751253.232803
92,r/ArtArbor,975,a subreddit for showcasing art,t5_6u8ns6,1730751253.2548978
93,r/Batumi,975,Place,t5_39291,1730751253.276575
94,r/Burhi,975,Podcasts and Streamers,t5_4lxdc4,1730751253.298332
95,r/CarissaBroadbent,975,"Reading, Writing, and Literature",t5_85o0ww,1730751253.3195689
96,r/CashMagnet,975,Technology,t5_ga7vl,1730751253.339468
97,r/ChalkSigns,975,Bar / Restaurant / Coffee Shop chalk signs,t5_321po,1730751253.359204
98,r/Collierville,975,Place,t5_331ts,1730751253.3791418
99,r/Diablo2Resurgence,975,Gaming,t5_3cs5e,1730751253.399047
100,r/GirlStomachNoises,975,Mature Themes and Adult Content,t5_8hsd11,1730751253.4186418
101,r/guestblog,975,Welcome to guestblog,t5_2vhzb,1730751253.4385788
102,r/heyscoops,975,Podcasts and Streamers,t5_3aa4s,1730751253.458643
103,r/ImprovFiberArts,975,Crafts and DIY,t5_bfsa06,1730751253.478508
104,r/KilroyWasHere,975,The Original Meme,t5_2x92f,1730751253.498126
105,r/Lobe,975,Technology,t5_2x0b7k,1730751253.5177479
106,r/makeupart,975,"""I came to realize that words like ""never"" and ""always"" are sure death for creativity. New, exciting ideas are created when chances are taken and rules are broken."" -Kevyn Aucoin /r/MakeupArt welcomes all types of makeup posts from creative self ""looks"", dramatic daily makeup, avant garde looks, SFX makeup, drag makeup, editorials, inspirations, tutorials, diagrams, and so on! Makeup is truly limitless and we are looking to inspire creativity in each other!",t5_2x3ej,1730751253.537649
107,r/microscope,975,"All about microscopes. Please post in English. If linking to a non-English article, please provide a translated title.",t5_2vygj,1730751253.557248
108,r/MigrantFleet,975,Gaming,t5_37o3s,1730751253.576939
109,r/MKxJump,975,Podcasts and Streamers,t5_3jgax5,1730751253.596705
110,r/OranBerryBlissey,975,Gaming,t5_4a9qik,1730751253.616479
111,r/PipeSmokingUK,975,Hobbies,t5_6e02cp,1730751253.6366851
112,r/PokemonGoEdmonton,975,"Info and discussion about Pokemon Go in Edmonton (YEG) Pokémon sightings, pokestops, gym battles, local trainers",t5_3fdhe,1730751253.657262
113,r/polarretriever,975,Welcome to Polar Retrievers!,t5_3g6yq,1730751253.681986
114,r/supermarketsweep,975,Television,t5_2xvbu,1730751253.703743
115,r/TheAFCN,975,Sports,t5_3wo94o,1730751253.728726
116,r/TurkeyAnime,975,Anime,t5_4miq69,1730751253.7536561
117,r/USGovernment,975,Current events and updates from and/or about the United States government,t5_2yzdc,1730751253.776601
118,r/VikingDEC2584F76GT,975,Gaming,t5_ad6fpt,1730751253.800239
119,r/WorstOfMSPaint,975,oh god it's a description wtf do I write oh god,t5_34opx,1730751253.847326
120,r/4B2C,974,Internet Culture and Memes,t5_cavuwq,1730751253.88676
121,r/accidentallymalaysian,974,People being malaysian by accident,t5_12fv6b,1730751253.915592
122,r/aykump,974,Funny/Humor,t5_3u6w1q,1730751253.949298
123,r/CarnivoresWithHI,974,Medical and Mental Health,t5_2o39xo,1730751253.9843662
124,r/Consoletan,974,Post your Console-tan comics here!,t5_32loz,1730751254.023917
125,r/coverbands,974,Welcome to coverbands,t5_2sc3q,1730751254.077627
126,r/cybersecurityinsights,974,Technology,t5_bqztd2,1730751254.128457
127,r/dndPH,974,Tabletop Games,t5_2lssq4,1730751254.182286
128,r/Elrond_Warriors,974,Crypto,t5_4d5lyv,1730751254.231782
129,r/FCBarcelonaFemeniSexy,974,"The best place for you to upload everything about the Fc Barcelona girls, matches, sexiest moments, whatever you want",t5_9cvvn0,1730751254.286529
130,r/finebabess,974,Welcome to finebabess,t5_c3iqj6,1730751254.320627
131,r/FreightGuard,974,"Sharing is caring! You have carrier411 but I dont, or I have it and you dont. Lets use this forum to keep each other safe from bad carriers. Post your requests.",t5_51myr8,1730751254.3538089
132,r/GodHasLeftTheChat,974,"This Subreddit is about normal situations where suddenly, and out of nowhere, someone says/does something completely cursed that even God himself would ""Nope"" out of.",t5_21sjth,1730751254.386156
133,r/goldsmiths,974,Hobbies,t5_2stmw,1730751254.4185119
134,r/HollowKnightCrafts,974,"A place to post amazing crafts such as crochet, knitting, pottery, and others, about the indie game Hollow Knight, but please no fanart.",t5_yb0w0,1730751254.449854
135,r/huna_onao,974,Appreciation of Huna Onao,t5_5a6s52,1730751254.480455
136,r/ICMAP,974,Podcasts and Streamers,t5_66jrph,1730751254.5215712
137,r/INFPPenpals,974,"Are you an INFP who would like to make friends, but from a comfortable distance? Looking to connect with other deeply feeling and passionate people on a regular basis? Join us!",t5_q10tt,1730751254.576743
138,r/JSAUX,974,Gaming,t5_5u1oco,1730751254.615581
139,r/KayceKirihara,974,"Known as “Infamous Kayce”Influencer, Playmaker Host,WNBAkicks Host,",t5_4j5rz6,1730751254.6473851
140,r/maureenlarrazabal,974,Welcome to maureenlarrazabal,t5_5dlk9v,1730751254.679182
141,r/MichiganThumbhookups,974,Welcome to MichiganThumbhookups,t5_7w7hng,1730751254.7090182
142,r/nhi,974,NHI - Non-Human Intelligence. A place for the discussion of none human intelligence.,t5_3d3ht,1730751254.7415822
143,r/QualityPhotos,974,Welcome to QualityPhotos,t5_2se8e,1730751254.777226
144,r/Qubic,974,Crypto,t5_57hrc0,1730751254.808637
145,r/RobinGwenn,974,Welcome to the Robin Gwenn subreddit! Feel free to post pics and videos of the amazing and beautiful meteorologist for Fox Laredo!,t5_8v0r44,1730751254.841822
146,r/stew,974,Welcome to stew,t5_2t74u,1730751254.87242
147,r/tankhero,974,Gaming,t5_2p5bs9,1730751254.904865
148,r/UkraineCombatFootage,974,Welcome to UkraineCombatFootage,t5_5wqhmz,1730751254.936516
149,r/ACrowdedGalaxy,973,"Reading, Writing, and Literature",t5_2pnpl2,1730751254.9700181
150,r/AngatBuhay,973,Activism,t5_6d2l5o,1730751255.001427
151,r/BahriaUniversity,973,Learning and Education,t5_93o38s,1730751255.0350301
152,r/BasketLegacyManager,973,Gaming,t5_3et5uk,1730751255.0682611
153,r/bloble,973,"This is the official subreddit for the IO game bloble.io! Everyone is welcomed to share their ideas, questions, or anything about the game.",t5_3hhhq,1730751255.095266
154,r/boardingdiary,973,Post everything and anything about boarding diary pornhwa! Open for discussions!,t5_5gs7jr,1730751255.122807
155,r/CincinnatiCyclones,973,Sports,t5_2zmhr,1730751255.149607
156,r/cokemusic,973,"We all miss it. This subreddit is for those who want to relive coke music as much as possible again. Post your screenshots, stories, relive memories, and generally be coke music awesome. Oh by the way, tats are worthless, it's all about the Gongs.",t5_2uo37,1730751255.1743848
157,r/ConsciousnessStudies,973,"Reddit dedicated to the field of consciousness studies, including the fields of transpersonal psychology, religious experience, psychedelic studies, neuroscience and neurophilosophy.",t5_2srb5,1730751255.199828
158,r/DVC,973,Learning and Education,t5_2spxi,1730751255.224767
159,r/FunkyFrogbait,973,Podcasts and Streamers,t5_8mkm5r,1730751255.248214
160,r/Hosta,973,"Welcome to r/Hosta, a community for hosta enthusiasts! Whether you're a seasoned gardener or just discovering the beauty of hostas, this is the place for you. Share your experiences, get tips on care and cultivation, identify different varieties, and showcase your stunning garden displays. Join us in celebrating this versatile and resilient plant that brings lush greenery and elegant foliage to gardens worldwide. Happy planting!",t5_31s8p,1730751255.271822
161,r/kreuzberg,973,Friedrichshain-Kreuzberg für alle die hier wohnen.,t5_306cd,1730751255.295149
162,r/matzpenpolitimemes,973,תת-קראתיזאת לממים בתבנית המצפן הפוליטי,t5_2f84dd,1730751255.318306
163,r/minecraftlunarclient,973,Gaming,t5_3578an,1730751255.3424058
164,r/nickofferman,973,Celebrity,t5_2tqpa,1730751255.362339
165,r/OppoWatch,973,Technology,t5_2h57km,1730751255.382271
166,r/PHLesbians,973,Sexual Orientation,t5_4zrp5l,1730751255.40309
167,r/rumbleroses,973,Gaming,t5_2z5lv,1730751255.423861
168,r/SusannaGiovanardi,973,Welcome to SusannaGiovanardi,t5_6skod1,1730751255.444386
169,r/WPL_RC,973,Hobbies,t5_4dsl7m,1730751255.465024
170,r/yeslydimate,973,This page is for the tiktoker yesly,t5_83d9ii,1730751255.4862888
171,r/Annabelle_Wallis_,972,Subreddit dedicated to Annabelle Wallis,t5_5vrfgn,1730751255.50657
172,r/bandkids,972,Music,t5_2xwvd,1730751255.526592
173,r/CanadianDispensaries,972,Mature Themes and Adult Content,t5_6t57ea,1730751255.546905
174,r/Cannabis_Spirituality,972,Religion and Spirituality,t5_690nep,1730751255.567213
175,r/dentalhygieneschool,972,Where dental hygiene students can network and hopefully find some patients who need affordable dental treatment 😉,t5_40msad,1730751255.587282
176,r/easyway,972,"Allen Carr was a hundred-a-day cigarette smoker for 33 years. In 1983, he wrote ""The Easy Way to Stop Smoking"" which has helped millions of people quit smoking easily and permanently.",t5_2ub26,1730751255.607506
177,r/HMMWV,972,This sub is for Humvee's and Hummer H1's and other related things.,t5_3hrgh,1730751255.6277719
178,r/joaopessoa,972,Place,t5_5982d7,1730751255.648341
179,r/LearningLanguages,972,Learning and Education,t5_3ztc9v,1730751255.6697469
180,r/londonorgies,972,Hey there horny people of UK share pics videos from your orgy and group sex experiences in the uk. And contact for private orgy parties that will be held in London soon.,t5_4w48yu,1730751255.690967
181,r/Medicalasmr,972,"ASMR is a physical sensation characterised by a pleasurable tingling that typically begins in the head and scalp. It is commonly triggered by soft or accented voices, personal attention, ambient sounds or watching people work silently, among others. Also referred to colloquially as ""head tingles"". /r/MedicalASMR is dedicated to unintentional medical demonstration videos that give ASMR sensations.",t5_ge05u,1730751255.710755
182,r/mit_manipal,972,Place,t5_5x06ow,1730751255.7306602
183,r/PlanetLabs,972,"Business, Economics, and Finance",t5_51x8t5,1730751255.7519832
184,r/RyanRoss,972,Celebrity,t5_39rl9,1730751255.771901
185,r/satirecarmods,972,Cars and Motor Vehicles,t5_4bqus1,1730751255.791687
186,r/sbcl,972,All things SBCL,t5_fadjd,1730751255.8113
187,r/Tabu_Obsession_,972,Celebrity,t5_c6hi85,1730751255.830836
188,r/TBIsupplements,972,"Starter Supplements: Antioxidants, Protein, B-complex, Nicotinamide, Branched-Chain Amino Acids, Choline, Creatine, Curcumin (meriva), Flavonoids, Ketogenic Diet, Magnesium, Lithium, DHA, Polyphebols, EPA, Vitamin D, Zinc *search for Nutritional to find the study recommending",t5_fyryl,1730751255.8548129
189,r/TFWiki_captions,972,Funny/Humor,t5_4u681f,1730751255.875243
190,r/thehandsomepod,972,Podcasts and Streamers,t5_9nqclj,1730751255.89552
191,r/Underhand,972,Gaming,t5_3pa2w,1730751255.915658
192,r/unnecessarygif,972,This is a subreddit dedicated to gifs that have no reason to exist.,t5_2y54f,1730751255.935266
193,r/WednesdayMyDudes,972,Funny/Humor,t5_hnpzv,1730751255.9551492
194,r/80sMemories,971,Internet Culture and Memes,t5_3k4vv,1730751255.975203
195,r/AvatarFrontierPandora,971,Gaming,t5_ag9gl6,1730751255.994465
196,r/castleburn,971,Gaming,t5_j0k9s,1730751256.0140622
197,r/CelebrityInk,971,Celebrity,t5_ajslno,1730751256.032949
198,r/CentralizedChinamemes,971,A Centralized hub of all the tastiest new and old memes about the magnificent middle kingdom of gina.,t5_su36l,1730751256.0524118
199,r/ChristinaWhittaker,971,A place to discuss missing person Christina Whittakers case and the Relentless docuseries,t5_4s9nq1,1730751256.071594
200,r/cortana,971,Technology,t5_2zt84,1730751256.0915189
201,r/CS224d,971,CS224d Stanford class http://cs224d.stanford.edu/,t5_37f7q,1730751256.11434
202,r/cubism,971,Art,t5_2u1mp,1730751256.135257
203,r/DefJamFightForNY,971,Gaming,t5_3ff80,1730751256.155745
204,r/DomGirls,971,Anime,t5_3x573i,1730751256.175648
205,r/dorknet,971,Welcome to dorknet,t5_2tlo0,1730751256.19596
206,r/dwarkadelhi,971,Place,t5_4kda4c,1730751256.216915
207,r/HoneyandBarrySherman,971,Law,t5_867eyd,1730751256.236774
208,r/imamoglu4ummet,971,Funny/Humor,t5_4j7ubl,1730751256.257335
209,r/katybellottexo,971,"For posts about YouTuber and Podcaster, Katy Bellotte, formerly HelloKatyxo. Also including her podcast Match Made and other content related to her!",t5_8bad32,1730751256.2768729
210,r/kisslinux,971,Technology,t5_23gu22,1730751256.29642
211,r/LaurenDeGraaf,971,Fashion,t5_2irsnp,1730751256.316117
212,r/MermaidMelody,971,Anime,t5_3cskg,1730751256.3354628
213,r/MLBShowdown,971,Tabletop Games,t5_2sh6o,1730751256.414263
214,r/PokemonDesolation,971,Gaming,t5_2odi32,1730751256.709849
215,r/Project_Vanguard,971,Gaming,t5_4spvxf,1730751256.731807
216,r/ribeiraopreto,971,Place,t5_g4vkh,1730751256.750347
217,r/ScythePosts,971,This is a meme subreddit dedicated to the Arc of a Scythe series. Also who operates the Greyson Twitter account?,t5_24p9w6,1730751256.76952
218,r/simracingBuySellTrade,971,Hobbies,t5_2l64gt,1730751256.788249
219,r/sotdq,971,Tabletop Games,t5_7g8bgi,1730751256.8155708
220,r/torchlightfrontiers,971,"An unofficial fan made subreddit for the upcoming game Torchlight Frontiers! However the Devs seem very engaging with the community and listen, so join in on the discussion and help them improve their great game!",t5_mzh0b,1730751256.83342
221,r/ulefone,971,Technology,t5_37dny,1730751256.852664
222,r/UnexpectedPyrocynical,971,The subreddit for unexpected Pyrocynical references on Reddit.,t5_p371k,1730751256.87158
223,r/2d2,970,Welcome to 2d2,t5_2sanm,1730751256.889157
224,r/ASTLIBRA,970,Gaming,t5_7er49l,1730751256.982265
225,r/couplesgonemild,970,"The opposite of couple gone wild. Post boring and mundane stuff you did with the SO. Sub is also good for making fun of those ""wacky"" couples.",t5_3ahnqd,1730751257.000288
226,r/darkmode,970,Technology,t5_3nher,1730751257.025867
227,r/dragongrandpa,970,who like meme,t5_3fvqg,1730751257.0437849
228,r/etsyjewelry,970,Jewellery designed and made by esty artisans.,t5_328bk,1730751257.061377
229,r/ForgeFC,970,Sports,t5_ln7qm,1730751257.078814
230,r/goodcompany,970,"The official subreddit for the game Good Company, the corporate machinery simulator.",t5_2snie,1730751257.096354
231,r/Goped,970,Technology,t5_2wyhf,1730751257.113896
232,r/HouseoftheCurious,970,Strange But True Stories,t5_5pd7mm,1730751257.131549
233,r/irishtwitter,970,Irish people being Irish on Twitter.,t5_3fw6f,1730751257.14944
234,r/KingsOfConvenience,970,Dedicated to the great music of Norway's Erlend Øye and Eirik Glambek Bøe,t5_2zorf,1730751257.168063
235,r/MAPR,970,Television,t5_6lyufj,1730751257.185764
236,r/MichiganPanthers,970,Sports,t5_24ixy4,1730751257.204383
237,r/milesnation,970,"What's up Miles Nation! Have youuuuuu ever wanted to stan a gremlin? Do you support a man leaving a solid job to start his own adventure? My advice to you is to JOIN THE NATION. This is a PERFECT subreddit all about the perfect person, Miles Bonsignore.",t5_2lzeab,1730751257.223546
238,r/mudanobody,970,"for when someone adds a muda ""nobody:"" in their JoJo meme",t5_24ioo2,1730751257.241534
239,r/niagaracollege,970,Learning and Education,t5_2suxa,1730751257.262344
240,r/pekomama,970,A subreddit dedicated to pekomama,t5_bjoq1y,1730751257.283169
241,r/polito,970,Learning and Education,t5_3kctz,1730751257.305484
242,r/pressreleases,970,World News,t5_2qz5a,1730751257.327425
243,r/superstarFNC,970,Gaming,t5_3b9k0t,1730751257.353102
244,r/teenagers17to19,970,Funny/Humor,t5_59rxbt,1730751257.378325
245,r/ToddMargaret,970,A subreddit dedicated to the show *The Increasingly Poor Decisions of Todd Margaret*.,t5_2tbl2,1730751257.399168
246,r/UnbelievaBoat,970,Technology,t5_oj861,1730751257.419461
247,r/AmITheHoleass,969,Funny/Humor,t5_c0ew0f,1730751257.4400032
248,r/bettyidol,969,Vids & Pics of Betty Idol from VH1’s Love & Hip-Hop and Cartel Crew. Her IG is @idreambettyidol and her Twitter is @bettyidol,t5_417v90,1730751257.4626648
249,r/csny,969,Music,t5_33soi,1730751257.4868999
