,subreddit,subscribers,topic,subreddit_id,scraped_utc
0,r/mypartneristrans,63898,Gender,t5_2t187,1730746213.123851
1,r/NintendoStitch,63863,Crafts and DIY,t5_xko8j,1730746213.16158
2,r/the_everything_bubble,63844,"Business, Economics, and Finance",t5_7ecor1,1730746213.190089
3,r/TallGirls,63837,Women's Health,t5_2sooi,1730746213.2160552
4,r/RoyaleHigh_Roblox,63824,Gaming,t5_27aiig,1730746213.243423
5,r/LGOLED,63773,Television,t5_2ltqk4,1730746213.282741
6,r/gameswap,63758,Gaming,t5_2rbm7,1730746213.308661
7,r/1688Reps,63747,Fashion,t5_4vbnvv,1730746213.333162
8,r/wichita,63746,Place,t5_2r4wk,1730746213.3545878
9,r/AncientCoins,63731,Hobbies,t5_2wmz0,1730746213.377981
10,r/bootroom,63721,Sports,t5_2s927,1730746213.506548
11,r/MorbidWaysToDie,63713,Law,t5_74600m,1730746213.525816
12,r/hireanartist,63710,Art,t5_2w2zb,1730746213.545265
13,r/Lorcana,63705,Tabletop Games,t5_5ihbn8,1730746213.564457
14,r/scooters,63699,Cars and Motor Vehicles,t5_2qnhc,1730746213.583516
15,r/90scartoons,63668,Television,t5_2ubx7,1730746213.602103
16,r/OnceHumanOfficial,63663,Gaming,t5_7x3trg,1730746213.620803
17,r/upvoteexeggutor,63660,Internet Culture and Memes,t5_3hbcl,1730746213.639313
18,r/BeardAdvice,63652,Beauty and Makeup,t5_30fcr,1730746213.657963
19,r/hoarding,63634,Medical and Mental Health,t5_2s9r3,1730746213.68049
20,r/DMToolkit,63632,Tabletop Games,t5_3f88u,1730746213.704513
21,r/WhiteHouseDinners,63618,Food and Drink,t5_ur86s,1730746213.725732
22,r/PokemonSleep,63572,Gaming,t5_12674i,1730746213.746994
23,r/GotG,63544,Movies,t5_2yzen,1730746213.766634
24,r/IndianBeautyDeals,63539,Beauty and Makeup,t5_39dg2c,1730746213.786478
25,r/obeyme,63539,Gaming,t5_2x0gs,1730746213.805983
26,r/huntersbell,63523,Gaming,t5_37ot3,1730746213.82923
27,r/MiyooMini,63506,Gaming,t5_5fz2io,1730746213.848812
28,r/angrycatpics,63456,Animals and Pets,t5_3oqsp,1730746213.867723
29,r/TIL_Uncensored,63448,Internet Culture and Memes,t5_3k39d,1730746213.886643
30,r/icecreamery,63445,Food and Drink,t5_2vypj,1730746213.906351
31,r/CatholicMemes,63442,Religion and Spirituality,t5_2wfd9,1730746213.92575
32,r/radiocontrol,63422,Hobbies,t5_2qmhb,1730746213.945696
33,r/BendyAndTheInkMachine,63420,Gaming,t5_3j1q3,1730746213.9652228
34,r/stationery,63384,Hobbies,t5_2romm,1730746214.002502
35,r/SFM,63362,Gaming,t5_2tlh5,1730746214.120956
36,r/minnesotatwins,63354,Sports,t5_2s4mv,1730746214.1526248
37,r/grubhubdrivers,63344,Food and Drink,t5_3h8ip,1730746214.1810298
38,r/Cornell,63295,Place,t5_2r0sd,1730746214.2047129
39,r/lorde,63266,Music,t5_2xpe1,1730746214.2303581
40,r/OlderThanYouThinkIAm,63261,Meta/Reddit,t5_vcjpl,1730746214.257489
41,r/IndiaCareers,63255,Careers,t5_3ai50,1730746214.287701
42,r/pothos,63250,Home and Garden,t5_29uw6v,1730746214.322092
43,r/eliteexplorers,63235,Gaming,t5_32zd0,1730746214.362059
44,r/PurpleCoco,63207,Funny/Humor,t5_33m1u,1730746214.4004118
45,r/Huawei,63147,Technology,t5_2t5p8,1730746214.442077
46,r/TheLastKingdom,63135,Television,t5_32i4z,1730746214.479881
47,r/finch,63132,Technology,t5_5ei5zw,1730746214.5150342
48,r/Wholesomenosleep,63130,"Reading, Writing, and Literature",t5_3jp3q,1730746214.550195
49,r/theJoeBuddenPodcast,63110,Podcasts and Streamers,t5_jc92l,1730746214.58163
50,r/LegendsOfTomorrow,63086,Television,t5_37x73,1730746214.611897
51,r/classicalguitar,63061,Music,t5_2sij1,1730746214.654968
52,r/BABYMETAL,63044,Music,t5_2xpsy,1730746214.682285
53,r/DavidBowie,63026,Music,t5_2smf8,1730746214.709329
54,r/BaseBuildingGames,62999,Gaming,t5_2uapd,1730746214.736831
55,r/kia,62995,Cars and Motor Vehicles,t5_2qwbt,1730746214.764033
56,r/poetry_critics,62994,"Reading, Writing, and Literature",t5_31382,1730746214.791444
57,r/renfaire,62993,Hobbies,t5_2sctx,1730746214.8184042
58,r/Eragon,62987,"Reading, Writing, and Literature",t5_2qyfi,1730746214.84543
59,r/90s_kid,62982,"Culture, Race, and Ethnicity",t5_6f0nzl,1730746214.87274
60,r/askhungary,62978,Place,t5_2kqijx,1730746214.899795
61,r/covidlonghaulers,62975,Medical and Mental Health,t5_2wizt3,1730746214.926709
62,r/GranTurismo7,62974,Gaming,t5_50bd7t,1730746214.9534578
63,r/Gotham,62957,Television,t5_2tbsa,1730746214.982008
64,r/PlaystationPortal,62938,Gaming,t5_95xwxy,1730746215.010644
65,r/BabyReindeerTVSeries,62926,Television,t5_baexsc,1730746215.036635
66,r/lilypichu,62922,Podcasts and Streamers,t5_2y95l,1730746215.060259
67,r/Absurdism,62901,Ethics and Philosophy,t5_2sgi0,1730746215.08251
68,r/RiceCookerRecipes,62892,Food and Drink,t5_2xzzl,1730746215.106001
69,r/denverfood,62871,Food and Drink,t5_2tuoz,1730746215.130188
70,r/ps5deals,62866,Marketplace and Deals,t5_3awko,1730746215.153239
71,r/InstantRamen,62836,Food and Drink,t5_2yny4,1730746215.17415
72,r/newfoundland,62820,Place,t5_2qzqt,1730746215.194175
73,r/HumanBeingBros,62815,Internet Culture and Memes,t5_3gli1,1730746215.212964
74,r/thingsmykidsaid,62804,Family and Relationships,t5_2s907,1730746215.232146
75,r/TeamFourStar,62801,Podcasts and Streamers,t5_2va15,1730746215.2515872
76,r/okbuddyvicodin,62794,Internet Culture and Memes,t5_7ov1qf,1730746215.270946
77,r/ZBrush,62794,Art,t5_2tee4,1730746215.2907908
78,r/starcraft2,62793,Gaming,t5_2qspc,1730746215.310605
79,r/Canadapennystocks,62788,"Business, Economics, and Finance",t5_3kemjw,1730746215.330126
80,r/hellofresh,62769,Food and Drink,t5_33eip,1730746215.3489568
81,r/cuddleroll,62751,Animals and Pets,t5_3pi3j,1730746215.36903
82,r/makeyourchoice,62738,Internet Culture and Memes,t5_2w8em,1730746215.387774
83,r/AskChicago,62736,Place,t5_2v2f9,1730746215.406563
84,r/AVexchange,62730,Marketplace and Deals,t5_2vx63,1730746215.425375
85,r/oscp,62713,Learning and Education,t5_2v2n1,1730746215.444416
86,r/avesNYC,62712,Music,t5_2vcm6,1730746215.4638379
87,r/LegoStarWarsVideoGame,62688,Gaming,t5_13aj6l,1730746215.48284
88,r/EuroSkincare,62686,Beauty and Makeup,t5_3j88u,1730746215.501608
89,r/porterrobinson,62685,Music,t5_2tsz6,1730746215.520244
90,r/ImaginaryStarships,62680,Art,t5_2xzk6,1730746215.5390248
91,r/TheWhyFiles,62641,Podcasts and Streamers,t5_5wa2ne,1730746215.557759
92,r/TheDarkTower,62634,"Reading, Writing, and Literature",t5_2run7,1730746215.576859
93,r/Dewalt,62620,Crafts and DIY,t5_2t7wy,1730746215.5994701
94,r/Dominican,62619,Place,t5_2qjy9,1730746215.784937
95,r/meormyson,62614,Internet Culture and Memes,t5_3crve,1730746215.80638
96,r/FoodToronto,62604,Food and Drink,t5_32w53,1730746215.825391
97,r/Wattpad,62596,"Reading, Writing, and Literature",t5_2t17v,1730746215.844227
98,r/AsianActresses,62594,Celebrity,t5_84amsg,1730746215.863103
99,r/Pokimanethiccc,62593,Mature Themes and Adult Content,t5_3kuoj9,1730746215.890037
100,r/Spyro,62582,Gaming,t5_2so24,1730746215.9107451
101,r/AITASims,62576,Gaming,t5_6aamgo,1730746215.929657
102,r/ApartmentHacks,62568,Home and Garden,t5_2wemf,1730746215.948972
103,r/indianrailways,62550,Travel,t5_2selv,1730746215.969218
104,r/10s,62544,Sports,t5_2u7it,1730746216.061706
105,r/BanGDream,62541,Anime,t5_3gbgg,1730746216.0807512
106,r/borbs,62519,Animals and Pets,t5_3gdz6,1730746216.0995252
107,r/Juve,62518,Sports,t5_2t9a7,1730746216.119606
108,r/lol,62511,Internet Culture and Memes,t5_2qh3o,1730746216.1383119
109,r/dutch,62498,Place,t5_2rtjy,1730746216.157109
110,r/BestFoodideas,62477,Food and Drink,t5_aeyjhu,1730746216.175624
111,r/lululemonleggingz,62457,Mature Themes and Adult Content,t5_5lda9f,1730746216.194417
112,r/BodyAcceptance,62437,Activism,t5_2s3ye,1730746216.213038
113,r/battletech,62399,Tabletop Games,t5_2qnwk,1730746216.2321348
114,r/languagelearningjerk,62397,Learning and Education,t5_37rt5,1730746216.2515998
115,r/Avatarthelastairbende,62323,Television,t5_2oouzm,1730746216.270625
116,r/Dodge,62321,Cars and Motor Vehicles,t5_2tel8,1730746216.28944
117,r/PowerScaling,62301,Movies,t5_yrt2z,1730746216.307858
118,r/hentainmanga,62300,Mature Themes and Adult Content,t5_8o2t43,1730746216.326336
119,r/ClassicDesiCelebs,62285,Celebrity,t5_4j6pz3,1730746216.344939
120,r/exercisepostures,62280,Fitness and Nutrition,t5_nltz5,1730746216.363722
121,r/ColleenBallingerSnark,62255,Celebrity,t5_33f898,1730746216.383436
122,r/runningman,62253,Television,t5_2u830,1730746216.4024692
123,r/footballstrategy,62234,Sports,t5_2ubiw,1730746216.4224079
124,r/storyofseasons,62233,Gaming,t5_35m3k,1730746216.442233
125,r/BakingNoobs,62215,Food and Drink,t5_k2qla,1730746216.460916
126,r/dogswearinghats,62215,Animals and Pets,t5_2vsi5,1730746216.479688
127,r/wheeloftime,62203,"Reading, Writing, and Literature",t5_2romz,1730746216.4983108
128,r/ubisoft,62193,Gaming,t5_2u14q,1730746216.5172338
129,r/girlsinlululemon,62192,Mature Themes and Adult Content,t5_5rhbyz,1730746216.5360022
130,r/ErgoMechKeyboards,62189,Technology,t5_245wvw,1730746216.554731
131,r/Webull,62188,"Business, Economics, and Finance",t5_jl914,1730746216.5732968
132,r/TampaBayLightning,62178,Sports,t5_2rqi8,1730746216.591926
133,r/onewheel,62175,Cars and Motor Vehicles,t5_2zqjs,1730746216.610991
134,r/RoverPetSitting,62110,Animals and Pets,t5_3jryc,1730746216.629816
135,r/reversegif,62088,Funny/Humor,t5_2ud2j,1730746216.649642
136,r/aestheticrain,62080,Art,t5_3ok2p,1730746216.669996
137,r/Daddys_Broken_toys,62079,"This Subreddit Does Not Condone Actual Rape!!! Harassment Towards Members Will Not Be Tolerated! This community absolutely do not condone this behavior, and anyone found to be sending these type of threats will be reported to Reddit admins. Remember everything in this subreddit is fictional and a fantasy and it must stay that way! If someone sends threatening DMs, please take a screenshot and send it to us through ModMail. Then block them, as that will prevent them from interacting with you.",t5_8cv8oq,1730746216.689054
138,r/Enshrouded,62076,Gaming,t5_8chex6,1730746216.707737
139,r/Survivorio,62076,Gaming,t5_6she60,1730746216.7278678
140,r/aviationmemes,62051,Internet Culture and Memes,t5_2wzek,1730746216.747181
141,r/NewMexico,62045,Place,t5_2raxc,1730746216.767561
142,r/kittyhasaquestion,62032,Animals and Pets,t5_vdxry,1730746216.787487
143,r/diabetes_t1,62020,Medical and Mental Health,t5_2vzrv,1730746216.8073049
144,r/investingforbeginners,61980,"Business, Economics, and Finance",t5_3oeva,1730746216.82715
145,r/internet_funeral,61974,Internet Culture and Memes,t5_z0qc5,1730746216.8467462
146,r/mongolia,61968,Place,t5_2qll8,1730746216.866436
147,r/stockx,61951,Marketplace and Deals,t5_3m7es,1730746216.885416
148,r/AuronPlay,61949,Podcasts and Streamers,t5_xk6dj,1730746216.905888
149,r/MealPlanYourMacros,61941,Food and Drink,t5_109mys,1730746216.924535
150,r/RoyaleHighTrading,61924,Gaming,t5_2hy5hz,1730746216.943134
151,r/fashionadvice,61923,Fashion,t5_2sbi3,1730746216.962202
152,r/GakiNoTsukai,61917,Television,t5_2uh06,1730746216.9808729
153,r/appliancerepair,61916,Crafts and DIY,t5_2t10v,1730746216.999847
154,r/BernieSanders,61912,Politics,t5_2u2qx,1730746217.018761
155,r/bobdylan,61861,Music,t5_2qi0m,1730746217.037492
156,r/Canada_sub,61860,Place,t5_6jb8wg,1730746217.0561101
157,r/ImaginaryBattlefields,61856,Art,t5_2xz1h,1730746217.075026
158,r/ProgrammingBuddies,61854,Programming,t5_2zp55,1730746217.093499
159,r/okbuddytrailblazer,61824,Gaming,t5_7znl14,1730746217.112352
160,r/ARAM,61821,Gaming,t5_2x46h,1730746217.1315389
161,r/VShojo,61816,Anime,t5_33939w,1730746217.150107
162,r/Bellingham,61773,Place,t5_2r6yo,1730746217.16861
163,r/SonoBisqueDoll,61762,Anime,t5_pueaa,1730746217.1873229
164,r/DesiCelebHub,61756,Celebrity,t5_39ilrv,1730746217.205908
165,r/mcgill,61754,Learning and Education,t5_2rhkw,1730746217.225278
166,r/Kawasaki,61742,Cars and Motor Vehicles,t5_2sxnh,1730746217.244546
167,r/subway,61712,Food and Drink,t5_2s1gj,1730746217.263455
168,r/DragaliaLost,61708,Gaming,t5_iizu7,1730746217.2827861
169,r/matlab,61694,Programming,t5_2r4xn,1730746217.3019252
170,r/Reformed,61687,Religion and Spirituality,t5_2riuy,1730746217.321614
171,r/LobotomyKaisen,61677,Internet Culture and Memes,t5_aap07f,1730746217.341152
172,r/homedecoratingCJ,61671,Home and Garden,t5_7r9vg5,1730746217.361469
173,r/AyakaMains,61656,Gaming,t5_3azzk9,1730746217.384576
174,r/Degrassi,61655,Television,t5_2rtsx,1730746217.4039402
175,r/mountaindew,61651,Food and Drink,t5_2slez,1730746217.422497
176,r/RetroNickelodeon,61628,Television,t5_16imk2,1730746217.4411352
177,r/0xPolygon,61598,Crypto,t5_2qgijx,1730746217.4598331
178,r/wacom,61593,Technology,t5_2v5v2,1730746217.478519
179,r/EggsInStrangePlaces,61592,Funny/Humor,t5_3oepz,1730746217.497642
180,r/Kitboga,61590,Podcasts and Streamers,t5_3n22e,1730746217.516188
181,r/Factoriohno,61577,Gaming,t5_mobcv,1730746217.5349472
182,r/CatSmiles,61571,Animals and Pets,t5_nhdcd,1730746217.5538402
183,r/BALLET,61567,Hobbies,t5_2rpdx,1730746217.573399
184,r/Lowes,61558,Careers,t5_2sxmd,1730746217.5934038
185,r/craftsnark,61549,Crafts and DIY,t5_hu6et,1730746217.612869
186,r/SoulCalibur,61519,Gaming,t5_2s8ri,1730746217.632685
187,r/Pauper,61509,Tabletop Games,t5_30kju,1730746217.651873
188,r/vintagecomputing,61465,Technology,t5_2qn45,1730746217.6710122
189,r/manufacturing,61456,Technology,t5_2qz70,1730746217.690742
190,r/ChatGPT_FR,61450,Technology,t5_7mtrwe,1730746217.7104
191,r/Bumperstickers,61420,Cars and Motor Vehicles,t5_2smle,1730746217.729714
192,r/FishingAustralia,61411,Hobbies,t5_2sgvv,1730746217.7485929
193,r/Pomeranians,61396,Animals and Pets,t5_2szk3,1730746217.767884
194,r/ManavManglani,61388,Celebrity,t5_8lbjh2,1730746217.7868109
195,r/2nordic4you,61385,Internet Culture and Memes,t5_3hrecv,1730746217.8054888
196,r/pokemonconspiracies,61379,Gaming,t5_2tpgv,1730746217.824339
197,r/ShaqHoldingThings,61373,Celebrity,t5_2tppj,1730746217.8430421
198,r/VoteDEM,61360,Politics,t5_2l3hm0,1730746217.8633668
199,r/environmental_science,61346,Science,t5_2s90l,1730746217.882127
200,r/NewYorkIslanders,61342,Sports,t5_2rpn6,1730746217.900774
201,r/Tempe,61339,Place,t5_2s2ml,1730746217.9192939
202,r/FemFragLab,61320,Beauty and Makeup,t5_3yqdrv,1730746217.9377432
203,r/DobermanPinscher,61297,Animals and Pets,t5_2thro,1730746217.956382
204,r/caseoh_,61289,Podcasts and Streamers,t5_8atfxt,1730746217.975779
205,r/Skullgirls,61285,Gaming,t5_2t2fz,1730746217.99472
206,r/TREZOR,61227,Crypto,t5_32s8k,1730746218.0145411
207,r/BeeSwarmSimulator,61207,Gaming,t5_iuitf,1730746218.03344
208,r/lisboa,61204,Place,t5_2sein,1730746218.052159
209,r/TheBlackList,61199,Television,t5_2whmr,1730746218.070969
210,r/OkayBuddyLiterallyMe,61172,Internet Culture and Memes,t5_814nb8,1730746218.089599
211,r/dreamcast,61170,Gaming,t5_2rklc,1730746218.10802
212,r/Albany,61164,Place,t5_2qzxo,1730746218.1270201
213,r/BarbaraWalters4Scale,61157,History,t5_v2g1a,1730746218.146393
214,r/marchingband,61147,Music,t5_2rmqc,1730746218.165777
215,r/LegitCheck,61143,Fashion,t5_327sn,1730746218.184065
216,r/blackbookgraffiti,61142,Art,t5_2sekq,1730746218.202869
217,r/MSI_Gaming,61142,Gaming,t5_gxx6s,1730746218.221281
218,r/starsector,61129,Gaming,t5_2w0he,1730746218.24018
219,r/throneofglassseries,61114,"Reading, Writing, and Literature",t5_3ajb8,1730746218.259094
220,r/laundry,61104,Home and Garden,t5_2r7pz,1730746218.278485
221,r/twitchstreams,61096,Podcasts and Streamers,t5_2ywzs,1730746218.2969868
222,r/RidiculousRealEstate,61068,Home and Garden,t5_3exne,1730746218.3157701
223,r/horizondesigns,61055,Gaming,t5_2fzy12,1730746218.33582
224,r/Noctor,61042,Medical and Mental Health,t5_36k0fl,1730746218.354422
225,r/WSBAfterHours,61018,"Business, Economics, and Finance",t5_3pcszi,1730746218.372813
226,r/glossier,61016,Beauty and Makeup,t5_3g7z8,1730746218.3920891
227,r/bih,61008,Place,t5_2s7a1,1730746218.41095
228,r/interactivebrokers,60995,"Business, Economics, and Finance",t5_339ag,1730746218.429662
229,r/FreeCodeCamp,60975,Programming,t5_34mfx,1730746218.448309
230,r/ForzaHorizon5,60964,Gaming,t5_4rkrs5,1730746218.467093
231,r/IreliaMains,60955,Gaming,t5_34n29,1730746218.4857411
232,r/Megadeth,60850,Music,t5_2s1dk,1730746218.504523
233,r/pourover,60801,Food and Drink,t5_3462h,1730746218.523108
234,r/SleepApnea,60782,Medical and Mental Health,t5_2qs1d,1730746218.541816
235,r/hypnosis,60779,Medical and Mental Health,t5_2qjlg,1730746218.560457
236,r/TexasRangers,60754,Sports,t5_2rrdy,1730746218.579187
237,r/SuperStructures,60752,Art,t5_22gd9c,1730746218.598012
238,r/SCPMemes,60748,Gaming,t5_sgudy,1730746218.6165838
239,r/RobloxAvatars,60733,Gaming,t5_1h3qac,1730746218.635287
240,r/olkb,60707,Technology,t5_37yk3,1730746218.6534982
241,r/JessetcSubmissions,60701,Gaming,t5_42kd7c,1730746218.672
242,r/WolvesWithWatermelons,60695,Animals and Pets,t5_2zkvo,1730746218.690698
243,r/whitesox,60690,Sports,t5_2ro52,1730746218.709394
244,r/LaTeX,60675,Programming,t5_2qhbn,1730746218.729203
245,r/YoTroublemakers,60669,Internet Culture and Memes,t5_147fep,1730746218.748378
246,r/AlanWatts,60657,Religion and Spirituality,t5_2qrz3,1730746218.768883
247,r/Petscop,60652,Podcasts and Streamers,t5_3k00t,1730746218.7881181
248,r/silentmoviegifs,60647,Movies,t5_34hd5,1730746218.808148
249,r/hypixel,60625,Gaming,t5_2wzw8,1730746218.827348
