,subreddit,subscribers,topic,subreddit_id,scraped_utc
0,r/NBA_Highlights,961,Sports,t5_45r344,1730751293.4113111
1,r/nissamontour,961,Welcome to nissamontour,t5_4vt3ey,1730751293.502583
2,r/ocracoke,961,"Visitors, locals and those in between, the curious, seasonals and aspirants are all welcome on this subreddit dedicated to our little island paradise on the Outer Banks of North Carolina, part of the Cape Hatteras National Seashore.",t5_2urvi,1730751293.558499
3,r/QuebecMoinsDeSel,961,Welcome to QuebecMoinsDeSel,t5_5ii5y4,1730751293.611545
4,r/RacingLouisvilleFC,961,Sports,t5_2880bf,1730751293.6978822
5,r/RapEdits,961,Music,t5_ijfhm,1730751293.7621372
6,r/SacJobs,961,Seeking and For Hire requests for the residents of Sacramento and surrounding areas,t5_2u3zu,1730751293.8361118
7,r/sarcasticallyhelpful,961,"community /kəˈmjuːnɪti/, noun, a group of people living in the same place or having a particular characteristic in common. ""Montreal's Italian community"" synonyms: group, section, body, company, set, circle, clique, coterie, ring, band, faction. informal: gang, bunch ""lesbians and gays are not one homogeneous community""",t5_149mcx,1730751293.874656
8,r/TotalDramafanon,961,Television,t5_3b3jwd,1730751293.9125912
9,r/Translation_Fails,961,Failures of Translation Software.,t5_3k088,1730751293.970193
10,r/turbogolfracing,961,Gaming,t5_621di8,1730751294.190295
11,r/UndeadLegacy,961,Gaming,t5_6d717h,1730751294.2305322
12,r/unpracticalPrints,961,Crafts and DIY,t5_5nsb43,1730751294.2889442
13,r/vegancirkeltrek,961,Internet Culture and Memes,t5_46vmet,1730751294.346459
14,r/WestAussieEnts,961,This is an open subreddit for all discussion relating to Cannabis in Western Australia.,t5_33qss,1730751294.380054
15,r/YaeMains,961,For Yae Miko fans of Genshin Impact,t5_3nfy1a,1730751294.413153
16,r/BenevolentDefiance,960,"If r/MaliciousCompliance is lawful evil, r/BenevolentDefiance is chaotic good.",t5_k2xn8,1730751294.478809
17,r/celesbianchat,960,Celebrity,t5_60xvz5,1730751294.5099368
18,r/Child_Abuse,960,"This is a community to discuss child abuse, including past and present experiences of trauma.",t5_30lgo,1730751294.5816069
19,r/crossoutmobile,960,Gaming,t5_2nz9g5,1730751294.61885
20,r/datapacks,960,Gaming,t5_laoey,1730751294.707862
21,r/EUSpace,960,"All contents relevant to European Union and member states Space Agencies and industries. News, events, information, pictures, videos, memes.",t5_3rkbh6,1730751294.7597718
22,r/FUM,960,Mature Themes and Adult Content,t5_605jte,1730751294.796669
23,r/Geomatics,960,"Geomatics is an integrated approach to the measurement, analysis, management, and display of geographic and other spatial data. It includes the tools and techniques used in land surveying, remote sensing, cartography, geographic information systems (GIS), global-navigation satellite systems (GPS, GLONASS, Galileo, Compass), photogrammetry, geophysics, geography, and related forms of earth mapping.",t5_2rnzg,1730751294.883002
24,r/givemecats,960,Animals and Pets,t5_4db3zu,1730751294.917047
25,r/goleta,960,"Subreddit about Goleta, California",t5_2v67j,1730751294.953326
26,r/h1key,960,Music,t5_5l2vx1,1730751295.03667
27,r/hackerone,960,This is an unofficial community for bug bounty hunters from Hackerone.,t5_3exns,1730751295.0743968
28,r/LizardByte,960,Gaming,t5_6o778z,1730751295.130549
29,r/metalspinning,960,Technology,t5_3uk985,1730751295.165169
30,r/MiniFreak,960,Music,t5_77zyyl,1730751295.195622
31,r/minyoongi,960,A subreddit dedicated to appreciating the artistic masterpiece that is Min Yoongi of BTS.,t5_3ba1a,1730751295.2223942
32,r/MoodCamera,960,Technology,t5_au0zkv,1730751295.2485912
33,r/MsRachel,960,Podcasts and Streamers,t5_8gkrbz,1730751295.2747362
34,r/NZOutdoors,960,r/NZOutdoors - A Subreddit for Outdoor Enthusiasts of Aotearoa.,t5_2va2s,1730751295.30048
35,r/OffGridElectric,960,Off Grid Electric is the world’s first massively scalable “solar energy as a service” company.,t5_35r5n,1730751295.3236191
36,r/OfficialCarnage,960,"This is the official subreddit for the super villain Carnage, the spawn of the Venom Symbiote.",t5_2yni3,1730751295.3461602
37,r/Perceptions,960,"What do you see when you see this? What do you hear when this plays? What do you feel observing these? This sub is for the posting of pictures and audio clips with some obscurity/ambiguity to their subjects; clouds, spills, ink blots, abstract art, and sound clips are all welcome here. You can also post a story or experience you would like others perspectives on. There is no wrong answer to what you see: it's your perception, and this is your place to share it.",t5_2y0we,1730751295.368837
38,r/RealElasticDroid,960,Put memes of me and the lads on here so I can react to it on stream. :) ------------------ Good Times Ez Content Ez Clap,t5_5evh0e,1730751295.391516
39,r/SeaofConquest,960,Gaming,t5_9zn9ah,1730751295.4146812
40,r/Skiffs,960,Hobbies,t5_253arg,1730751295.437644
41,r/Soundtrack,960,Music,t5_2sfpc,1730751295.460374
42,r/TheRichAndPowerful,960,This subreddit is about providing information about the rich and powerful individuals that govern our society.,t5_9mwb6,1730751295.483683
43,r/TorturedPoetsArtDept,960,Art,t5_blfy6d,1730751295.5067048
44,r/uabooks,960,"Reading, Writing, and Literature",t5_clt2tu,1730751295.532068
45,r/ultralightaircraft,960,Welcome to ultralightaircraft,t5_2t323,1730751295.555226
46,r/UnicornKushx3,960,Madison Kaitlyn Morales,t5_3m89o9,1730751295.5835571
47,r/VTubeStudio,960,Technology,t5_36r3yu,1730751295.61235
48,r/WattPadSpotlight,960,A place to showcase your work to the Wattpad community,t5_3ait1,1730751295.6428869
49,r/WestSubEverv2,960,Music,t5_4srugm,1730751295.670003
50,r/XWingTMG2_0,960,Gaming,t5_5wjfl8,1730751295.696162
51,r/Yoshinoya,960,"All about Yoshinoya, the Japanese fast-food joint!",t5_3eykn,1730751295.7196429
52,r/BaseballCardsForSale,959,Baseball cards for sale or trade. Other sports allowed too. No eBay links or off-site allowed.,t5_wumyw,1730751295.745644
53,r/BonelessPizza,959,baku shitposting,t5_3lkwx,1730751295.7775161
54,r/bunniesyawning,959,This sub is for photos and videos of bunnies yawning because it's the cutest thing ever.,t5_vdlpf,1730751295.8122308
55,r/CODWarzone2,959,Gaming,t5_3m7mvd,1730751295.8469079
56,r/ConstanceMains,959,Gaming,t5_am47ge,1730751295.880896
57,r/CortexCommand,959,"all hail crabs, gibs, and the brain controller inside us all. join the discord at https://discord.gg/TSU6StNQUG/ join the CCCP today!",t5_2soy1,1730751295.912863
58,r/Double0Seben,959,Sports,t5_341hsg,1730751295.941816
59,r/easykarma,959,Meta/Reddit,t5_2u5a8,1730751295.972379
60,r/Finizen,959,Pardon our dust as we work to create THE home for all things Finizen and Palafin. Please keep requests for evolution assistance to the stickied lounge and evolution thread.,t5_7cqwfa,1730751296.00514
61,r/ForestNymph_,959,Welcome to ForestNymph_,t5_762nve,1730751296.0320692
62,r/forum_vinted_france,959,Marketplace and Deals,t5_anmrvo,1730751296.06011
63,r/GrandChaseClassic,959,Gaming,t5_4ox0tr,1730751296.088094
64,r/GrandSWRedditAlliance,959,"We are an Alliance of all Star Wars subreddits, from prequelmemes to the outer rim of Star Wars subs. We unite under one banner. One Alliance. Come celebrate, have a cup of Blue Milk or Jawa-Juice. Debate, Discuss and Enjoy Star Wars. May the Force be with you.",t5_2ogk74,1730751296.135786
65,r/GroundfloorInvestor,959,"Business, Economics, and Finance",t5_4puuei,1730751296.212366
66,r/Hardwell,959,Music,t5_2xhjd,1730751296.24928
67,r/HinaNami,959,Gaming,t5_nojkn,1730751296.285422
68,r/InvaderYaz,959,Welcome to InvaderYaz,t5_3wbzrw,1730751296.318364
69,r/IronsightGlobal,959,Gaming,t5_2z9dpy,1730751296.351537
70,r/LaurenSunmer3,959,This is only for Lauren Summer,t5_5pcbmw,1730751296.387155
71,r/MaleTreeTrunks,959,"A place to worship muscular male legs: quads, thighs and calves.",t5_atnyuf,1730751296.423294
72,r/Masketeers,959,Gaming,t5_2inm8a,1730751296.462233
73,r/nbabreakdown,959,Sports,t5_3425z,1730751296.49652
74,r/Noncommonsense,959,Internet Culture and Memes,t5_c37nyc,1730751296.530926
75,r/nzbget,959,Subreddit for discussion/questions/answers/updates about NZBGet,t5_3f6k52,1730751296.5622962
76,r/osirisrex,959,"All things OSIRIS-REx, the ambitious NASA/UOA mission to study Bennu, unlocking the secrets of asteroids past, and helping to make our place in the universe more secure. Subscribe for news, updates, discoveries, and spectacular OSIRIS-REx results, in addition to discussion on NASA's latest asteroid explorer!",t5_3g0r8,1730751296.593447
77,r/OT3,959,Television,t5_2lqtbi,1730751296.65463
78,r/OurRedditFC,959,Reddit's Football Club,t5_31ak9,1730751296.6910331
79,r/PlymouthUniversity,959,Learning and Education,t5_2ut72,1730751296.722559
80,r/PmddAdhdwomen,959,Gender,t5_azrshu,1730751296.7541308
81,r/pocketGMRosters,959,Gaming,t5_3xfyke,1730751296.791905
82,r/preraphaelite,959,Art,t5_2qs9c,1730751296.817801
83,r/projektred,959,Gaming,t5_5qhf7k,1730751296.84561
84,r/Regrets,959,Share any of your regrets or discuss regret in general. Getting your story out there can help.,t5_2ssmk,1730751296.8711839
85,r/ROBORACE,959,"Roborace showcases the capabilities of future automotive technologies and highlights their enormous potential to transform cities on every level. Founded in November 2015, the company has already developed two complete racing vehicle platforms: DevBot and Robocar. The fully-autonomous Robocar was designed by automotive futurist Daniel Simon of Tron: Legacy and Oblivion Hollywood fame and the car that will feature in 2019 is DevBot 2.0, an evolved version of the original design.",t5_3b1jm,1730751296.898008
86,r/rockafire,959,Music,t5_3k0zh,1730751296.9240608
87,r/Stampeders,959,Welcome to Stampeders,t5_2silo,1730751296.949663
88,r/SuperheroineTFs,959,Mature Themes and Adult Content,t5_7fh8s1,1730751296.97697
89,r/t5_3o8xz,959,Welcome to t5_3o8xz,t5_75blss,1730751297.002322
90,r/TransitionBikes,959,Sports,t5_5k7gc1,1730751297.0300741
91,r/UtahRiders,959,"Motorcyclists from Utah share rides, ask questions, and whatever else crops up.",t5_38pzm,1730751297.053737
92,r/youcantparkthere,959,"The subreddit for photos and videos of bad parking in any way, shape, or form. Enjoy.",t5_54xqdj,1730751297.078379
93,r/AfterpartyTheGame,958,Gaming,t5_hjglz,1730751297.105472
94,r/borzoimemes,958,Animals and Pets,t5_58ztik,1730751297.13203
95,r/Brian,958,Often confused with /r/Ryan,t5_2qiwp,1730751297.159778
96,r/BrowningFirearms,958,"The sub dedicated to all things Browning, new and old. Happy posting!",t5_4xzzpu,1730751297.1848488
97,r/datingthaigirls,958,Mature Themes and Adult Content,t5_38g9d,1730751297.21168
98,r/draperutah,958,Place,t5_3iqow,1730751297.2369568
99,r/FreeDos,958,Technology,t5_2zmkv,1730751297.261589
100,r/Frenchaltmusic,958,Music,t5_1095bv,1730751297.2856572
101,r/girlzoo,958,Hobbies,t5_969d1z,1730751297.3120792
102,r/halleajones,958,Eden Hawkins from Locke & Key,t5_2ez0bl,1730751297.335392
103,r/HandheldGaming,958,Gaming,t5_2s7eo,1730751297.362046
104,r/HondaATC,958,"A page for owners and fans of the Honda ATC series. Whether you're a trike collector, rider, or fan, this is the page for you! Post pictures. Ask questions. Enjoy!",t5_27ejby,1730751297.388234
105,r/hotbishtishsnark,958,HottestBishTish aka Tish from Tiktok Snark page.,t5_6hspoy,1730751297.414551
106,r/Kukri,958,Welcome to Kukri,t5_2vbkt,1730751297.438284
107,r/LehrerzimmerAT,958,Careers,t5_ccu6dr,1730751297.46527
108,r/LoneWolf,958,"Lone Wolf is like choose your own adventure with stats and a combat system. It has a few persistent characters, and one continuing coherent story. There are 28 gamebooks in the Lone Wolf series. The books have been translated into several languages. There is a guidebook to the world, and a graphic novel. The spinoff World of Lone Wolf series allows you to play a wizard, Grey Star, and is written by Ian Page. All of these & more are currently available for free on the Project Aon website.",t5_2tccb,1730751297.491743
109,r/MakeMinimalAbleton,958,"An Ableton Community oriented to Minimal, Minimal House, Rominimal, Microhouse music. It’s not a bla bla bla group, here you’ll find Ableton projects and material that will move to next level in your music production path. Unique in Reddit for the kind of contents!",t5_2btczw,1730751297.5191271
110,r/NickSimmons,958,A subreddit for exclusive clips & community for fans of comedian Nick Simmons,t5_af6ugx,1730751297.543058
111,r/novelwriting,958,Welcome to novelwriting,t5_2sdsj,1730751297.569373
112,r/ONT,958,"Business, Economics, and Finance",t5_gn9oe,1730751297.5948842
113,r/playboundless,958,Gaming,t5_3afdb,1730751297.618695
114,r/PlaySkyclimbers,958,Gaming,t5_2fzq10,1730751297.643261
115,r/secularmodestdress,958,Fashion,t5_cb136w,1730751297.673026
116,r/SixtineRouyre,958,Subreddit space for Sixtine Rouyre and all things related,t5_2kdinp,1730751297.695793
117,r/SNPW,958,"Business, Economics, and Finance",t5_3ttz2f,1730751297.719469
118,r/solidlogic,958,Only the most sound knowledge,t5_qjmzq,1730751297.74876
119,r/soyence,958,Welcome to soyence,t5_3lialj,1730751297.776603
120,r/sportscardsoutpost,958,Sports,t5_4w9rb7,1730751297.803487
121,r/StrongBlackWoman,958,Mature Themes and Adult Content,t5_9lyweg,1730751297.829519
122,r/supertrap,958,Music,t5_4v6v16,1730751297.8541498
123,r/tfcplus,958,Gaming,t5_a3tya,1730751297.877167
124,r/titanuprising,958,Gaming,t5_vxwfo,1730751297.901066
125,r/TranssexualTrap,958,Transsexual Podcast Created By IChaseT,t5_cjdfk7,1730751297.928851
126,r/unexpectedbobsburgers,958,Welcome to unexpectedbobsburgers,t5_prwhp,1730751297.9527209
127,r/UXINStock,958,"Business, Economics, and Finance",t5_4ayk8z,1730751297.9809659
128,r/VirtualTour,958,3d clickable tours on the internet that let you experience the world from the comfort of your home or office. Please do not post videos unless they are in 360 format.,t5_2x5zi,1730751298.00761
129,r/2112,957,Attention all planets of the Solar Federation: we have assumed control...,t5_2tu3p,1730751298.029873
130,r/burnsurvivors,957,Medical and Mental Health,t5_2bndr4,1730751298.058673
131,r/dramapodcasts,957,Discuss audio drama podcasts. Audio drama creators are encouraged to promote their productions and interact with the community.,t5_3bna3,1730751298.08504
132,r/dubaicars,957,Cars and Motor Vehicles,t5_3f5mt,1730751298.111661
133,r/earthaliens,957,"Abnormal and interesting plants, creatures, and phenomena, from here on Earth!",t5_sf330,1730751298.140799
134,r/GayBrosOver50,957,Sexual Orientation,t5_b14aw7,1730751298.166354
135,r/Gettinhighsince95,957,Hobbies,t5_2glv7t,1730751298.190447
136,r/graveyardshift,957,Welcome to graveyardshift,t5_2re6s,1730751298.216438
137,r/Karina_Irby_,957,A fan page dedicated to the THICKK aussie IG model Karina Irby🍑 Her IG: karinairby,t5_ah2gwd,1730751298.240132
138,r/Lasainaa,957,Y'all can't post on the other one,t5_6rcjdp,1730751298.267622
139,r/LeftNewsHub,957,Politics,t5_8f2lc5,1730751298.294732
140,r/macncheese,957,macaroni and cheese. simple in design. yet capable of elegance and complexity. flavors. sensations. combinations. never ending possibilities. please come and indulge in this homage to the greatness that is macaroni and cheese.,t5_2svka,1730751298.321454
141,r/MissionViejo,957,Welcome to MissionViejo,t5_2tw45,1730751298.346373
142,r/nerdbait,957,"Join Khail Anonymous for news about Movies, Gaming, and random stuff!",t5_2t67m,1730751298.373672
143,r/raaaaftiogame,957,"The official subreddit for Raaaaft.io! Face sharks, create tribes, and push your survival skills to the limits!",t5_f3c1k,1730751298.402812
144,r/Sark,957,Internet Culture and Memes,t5_37tx8,1730751298.430086
145,r/ShaynaBaszler,957,Mature Themes and Adult Content,t5_2dns71,1730751298.453732
146,r/spyder,957,Cars and Motor Vehicles,t5_2v27v,1730751298.478485
147,r/womeninphilosophy,957,"This sub is for women who want to talk about philosophy, or, for people who want to talk about women in philosophy, or, for philosophy that wants to talk about women. (Wait, strike that last disjunct. Still a well-formed statement under a Boolean system. Awesome.)",t5_2z69t,1730751298.506894
148,r/allkeyshop,956,Gaming,t5_3lwwq,1730751298.5354161
149,r/Anki_Medicina_RO,956,Acest subreddit este dedicat construirii si raspandirii de colectii Anki utile pentru studentii la medicina si doctorii rezidenti/specilisti/primari ce gasesc utila aceasta metoda de invatare.,t5_s8ecb,1730751298.561249
150,r/BoyntonBeach,956,"A subreddit dedicated to Boynton Beach, FL and the surrounding areas, including: news, events, reviews, questions and more.",t5_2rp4s,1730751298.587904
151,r/BrunswickGA,956,"A place for the people of Brunswick, Georgia and the surrounding areas to talk with each other about anything relevant to Brunswick, Glynn County, and the Golden Isles.",t5_37555,1730751298.613344
152,r/catsplayingchess,956,Animals and Pets,t5_41rf8k,1730751298.640096
153,r/cum_in_cleavage,956,Welcome to cum_in_cleavage,t5_cey8n4,1730751298.666528
154,r/DreamJournal,956,Welcome to DreamJournal,t5_2rexm,1730751298.6944342
155,r/DuckComix,956,"Reading, Writing, and Literature",t5_5gw731,1730751298.71796
156,r/EulenCheats,956,Gaming,t5_4m6vzw,1730751298.744123
157,r/FeminineEnergyMethod,956,Gender,t5_3s232m,1730751298.768678
158,r/FiggMunityWorldLA,956,Home Of The @FiggMunityWorld,t5_82bqhc,1730751298.793707
159,r/figure8,956,Fashion,t5_bg44dy,1730751298.8176
160,r/Gen_Korea,956,Place,t5_b95h3p,1730751298.840502
161,r/Guzu,956,Official subreddit for the Guzu community. Reacts go on - https://discord.gg/guzu,t5_linju,1730751298.864128
162,r/HeXen,956,Gaming,t5_2y2gr,1730751298.8869271
163,r/HumansofNewYork,956,Welcome to HumansofNewYork,t5_37cc6,1730751298.909954
164,r/IITR,956,Learning and Education,t5_2ymk7,1730751298.9326952
165,r/iPadTweaks,956,Welcome to iPadTweaks,t5_267xsu,1730751298.955861
166,r/Jasiah,956,Music,t5_ltqto,1730751298.978101
167,r/King_Wuf,956,"Welcome to r/King_Wuf! this is about complimenting fellow redditors! this is a wholesome reddit community. if you would like to mention him, his name is u/King-Wuf with a dash not an underscore",t5_26ohql,1730751299.001728
168,r/Maryyam,956,Welcome to Maryyam,t5_3q8dwn,1730751299.027443
169,r/menorca,956,Place,t5_3328n,1730751299.055479
170,r/NEOHBeer,956,"A place to find out about breweries, events, home brewing, and anything else beer related in NE Ohio",t5_32ltt,1730751299.080674
171,r/pericarditis,956,Medical and Mental Health,t5_3b2u3,1730751299.102905
172,r/PuredingSexy,956,Mature Themes and Adult Content,t5_cnugm1,1730751299.126839
173,r/r50pathfinder,956,Cars and Motor Vehicles,t5_32n9f4,1730751299.150175
174,r/reba,956,Welcome to reba,t5_2snf6,1730751299.173826
175,r/RelatosAmorosos,956,"Espaço para discussões, dúvidas, dicas e conselhos acerca de relacionamentos. Um espaço positivo e seguro para relatos do tema, de forma respeitosa. Pessoas de todos os gêneros e orientações sexuais são bem vindas.",t5_a9khsa,1730751299.196203
176,r/SQLAlchemy,956,Programming,t5_2tmay,1730751299.2196748
177,r/theflenser,956,Music,t5_taaoo,1730751299.2430751
178,r/yourphone,956,Technology,t5_2i2dr1,1730751299.2683861
179,r/adastaker,955,"A community for investors, traders, users, developers, and others to discuss Cardano`s - Shelly ""Proof of Stake"" consensus algorithm....",t5_27lccb,1730751299.293004
180,r/ArielKing,955,The official Subreddit for r/ArielKing69. Archived SFW Non-Nudes from U/ArielKing69,t5_132nkr,1730751299.315632
181,r/BabyBigCats,955,Animals and Pets,t5_3prbv,1730751299.3391209
182,r/BCWildfire,955,Place,t5_4pg2s2,1730751299.360502
183,r/CareerMode,955,Share the story of your career mode from ANY game you like. Got a story to tell? Here is a place to find an interactive audience.,t5_3c0dt,1730751299.3814158
184,r/codesmith,955,Programming,t5_axtsb2,1730751299.401888
185,r/ColorCrew,955,Gaming,t5_4tgar8,1730751299.4225879
186,r/deorrkunzjr,955,Law,t5_3fre1,1730751299.443294
187,r/DinaKhalilNSF,955,Welcome to DinaKhalilNSF,t5_615c2q,1730751299.464222
188,r/discordsucks,955,Technology,t5_fx4nd,1730751299.490269
189,r/DKmandemand,955,"Her kan vi snakke mand og mand imellem om mandeting og de tunge emner. Følelser, nosser, prostatakræft, uldsokker, mareridt, sorger og hvad ved jeg. --------------------------------------------------------- Velkommen til det danske selvkærlighedsmandesub",t5_96wnsm,1730751299.5119438
190,r/doctortexts,955,A subreddit dedicated to memes about unreadable doctor texts as well as professional doctors trying to decipher what is written within.,t5_10jc2i,1730751299.5328262
191,r/dscareerquestions,955,"This subreddit is dedicated to answer specific questions about data science careers. This applies to people already working in the field, as well as to those who are trying to enter the field. Please follow proper reddiquette, and keep the discussions professional.",t5_32hgg,1730751299.554773
192,r/enoughhamasspam,955,A sub to remind us that Hamas isn't our friend.,t5_a9lm8c,1730751299.5801332
193,r/Fractal,955,Welcome to Fractal,t5_2r5f2,1730751299.602674
194,r/illuminaticonfirmed,955,tis is a derscription!11!,t5_33483,1730751299.6268349
195,r/ImagesOfOregon,955,Pictures and images of Oregon,t5_39g6i,1730751299.652925
196,r/k8_smallthingssnark,955,Celebrity,t5_7p79ew,1730751299.676171
197,r/legostarwarsbattles,955,A place to discuss anything about the the LEGO Star Wars mobile game,t5_248v13,1730751299.701544
198,r/Ligotti,955,"Reading, Writing, and Literature",t5_32akl,1730751299.725742
199,r/loughborough,955,Place,t5_2sgme,1730751299.7521548
200,r/MangaOmorashi,955,"A community where omorashi scenes from Manga, Manhwa, Webtoons and Comics even Anime and Cartoons are shared",t5_6vmebv,1730751299.7771251
201,r/MedievalLifeApp,955,Gaming,t5_7q8xu9,1730751299.80338
202,r/Ohio2,955,Learning and Education,t5_2e47v1,1730751299.8293061
203,r/okayLoomer,955,Politics,t5_cfz59f,1730751299.855169
204,r/Psych_religion,955,[Epiphenom](http://www.patheos.com/blogs/epiphenom/) is a blog that covers new research into psychology and sociology of religion and non-belief. Subscribe to this sub to get the latest articles appear on your Reddit newsfeed. Submissions of other relevant articles are welcome!,t5_37nin,1730751299.88373
205,r/reseller,955,"A reddit reseller community. FBA EBAY FB MARKET OA, RA AND WHOLESALE",t5_6b1113,1730751299.9101188
206,r/SexyTwerkBratz,955,Podcasts and Streamers,t5_b56vff,1730751299.935649
207,r/SpiritismStudy,955,Religion and Spirituality,t5_2nhsp7,1730751299.96131
208,r/Squadron42,955,Gaming,t5_2v967,1730751299.986123
209,r/TidalCycles,955,"TidalCycles (or Tidal for short) is a language for live coding patterns. It allows you to make musical patterns with text, describing sequences and ways of transforming and combining them, exploring complex interactions between simple parts.",t5_3kpq8,1730751300.013546
210,r/videocolorization,955,[/r/videocolorization] is a subreddit that is dedicated to sharing black and white videos that you have colorized. Colorization can be very time-consuming but the results are often amazing. We offer information and experience on how to colorize old videos.,t5_68ovkm,1730751300.0386088
211,r/50yearsago,954,Posting tidbits about what happened 50 years prior.,t5_32sds,1730751300.059809
212,r/afterplayio,954,Gaming,t5_4how6g,1730751300.0853179
213,r/Ageofsigmarart,954,Tabletop Games,t5_3rzyb9,1730751300.1097732
214,r/Anujbost,954,Podcasts and Streamers,t5_5lid1q,1730751300.132193
215,r/asianbunnixo,954,Mature Themes and Adult Content,t5_3bd62v,1730751300.155606
216,r/audiodramas,954,"Audiodramas depends on dialogue, music and sound effects to help the listener imagine the characters and story. They can come in the form of audio files like MP3s or Podcasts. Please feel free to post your own work and others without censorship.",t5_2tsng,1730751300.178067
217,r/benicia,954,Place,t5_2x70c,1730751300.202825
218,r/BetterCaulSaul,954,Better CALL Saul,t5_2yh7v,1730751300.2268438
219,r/BlockchainDev,954,Technology,t5_58feg3,1730751300.2518551
220,r/cactusandsucculents,954,Home and Garden,t5_5ozcyl,1730751300.2824152
221,r/catscarryingthings,954,Post media involving cats carrying things.,t5_31m0r,1730751300.3069508
222,r/cheripisces,954,Mature Themes and Adult Content,t5_4l4dtw,1730751300.331126
223,r/chexy,954,"Business, Economics, and Finance",t5_85gixe,1730751300.3549042
224,r/Cynophobia,954,Trauma Support,t5_3mxkl,1730751300.3780742
225,r/Darksideofthering,954,Sports,t5_2jfqu8,1730751300.401769
226,r/EasternCatholicism,954,"Exploring the Churches of the Alexandrian, West Syriac, Armenian, Byzantine and East Syriac liturgical traditions which are a part of the Catholic communion, which includes the Roman Catholic Church.",t5_jqb8g,1730751300.4263659
227,r/FEPI,954,"Business, Economics, and Finance",t5_apzh28,1730751300.450159
228,r/flipclocks,954,A subreddit dedicated to the mechanical digital split-flap clocks of yesterday.,t5_3a5vb,1730751300.475202
229,r/FTM_UK,954,Gender,t5_4eowa3,1730751300.501309
230,r/gearforsale,954,Marketplace and Deals,t5_2t0zu,1730751300.52689
231,r/glaggle,954,Welcome to glaggle,t5_8a8y64,1730751300.550982
232,r/Golarion,954,Tabletop Games,t5_61m31f,1730751300.5736141
233,r/HerbHomies,954,Step 1: Grow herb empire Step 2: Step 3: Profit,t5_2bsefk,1730751300.5956538
234,r/HockingHills,954,Welcome to HockingHills,t5_34ivm,1730751300.6164072
235,r/ImpactCraters,954,Science,t5_10qcg2,1730751300.640022
236,r/interculture,954,"A world of dialogue on internationalism, multiculturalism, globalization and the things they create.",t5_2zacu,1730751300.664435
237,r/iPhoneTechs,954,Technology,t5_36mq5,1730751300.6868649
238,r/MusicDocumentaries,954,"Welcome to /r/musicdocumentaries. This subreddit is meant for the posting of documentary films and factual television programs of all sorts about music and the music industry. This includes documentaries about the work of individual musicians, but also more generally about subjects such as music history and music genres. Also appropriate are recordings of musicians's talks and lectures on music.",t5_4gp11,1730751300.710925
239,r/musicremasters,954,"This subreddit is designed to be a centralized location for sharing remastered songs. Only post Remastered songs, or Song Requests.",t5_37s19,1730751300.733284
240,r/NBALiveMobileBuySell,954,NBA Live Mobile Buy/Sell User Market!,t5_3cmau,1730751300.756675
241,r/processmining,954,Programming,t5_2t9l7,1730751300.7784162
242,r/saarbruecken,954,Place,t5_303tv,1730751300.799273
243,r/SharedOwnershipUK,954,"Business, Economics, and Finance",t5_2ztexi,1730751300.8202271
244,r/SoundsLikeChewy,954,Post things that sound like Chewbacca here.,t5_3a4qv,1730751300.867025
245,r/TaobaoFinds,954,"Taobao (淘宝) is the world's biggest e-commerce website, therefore it is bound to find a few treasures. This subreddit's aim is to facilitate the treasure hunt and share any good or bad experiences. Aliexpress, Jingdong, Yupoo and similar finds are also welcomed.",t5_3jx2a,1730751300.889241
246,r/Thanks2020,954,What a fantastic year.,t5_3i925,1730751300.910348
247,r/TradingLegends,954,Gaming,t5_4td2s8,1730751300.930696
248,r/uma,954,Crypto,t5_2qthj,1730751300.951447
249,r/VisionGaming,954,A Place to discuss Apple Vision Gaming.,t5_8mzsnp,1730751300.972422
