,subreddit,subscribers,topic,subreddit_id,scraped_utc
0,r/VinnysGarage,914,Hobbies,t5_5t8q5m,1730751430.656241
1,r/WestminsterMaryland,914,"Sub for those living in, from, or near Westminster (Maryland).",t5_2sula,1730751430.6821241
2,r/YandereSharks,914,"Yandere Sharks, pair sub of /r/TsundereSharks",t5_31f1m,1730751430.7044191
3,r/Yashica,914,Technology,t5_312yx,1730751430.728956
4,r/YouAndMeAndHer,914,Gaming,t5_2tlbtv,1730751430.7541602
5,r/AdvancedWarfare,913,Gaming,t5_55rinb,1730751430.788203
6,r/Anime_World,913,A subreddit aimed to provide users a route to access anime and older cartoons online for free. Post links and descriptions of anime and cartoons and what they are about so that users are able to access them and watch.,t5_34dcd,1730751430.810716
7,r/ArgenGames,913,"Comunidad de Juegos, para poder compartir todo contenido relacionado al gaming.",t5_7o14ww,1730751430.869131
8,r/BagelCrimes,913,Funny/Humor,t5_2rt2jf,1730751430.90021
9,r/BindingofIssac,913,Gaming,t5_2u62k,1730751430.9257002
10,r/brazilianhotbabes,913,Only sexy Brazilian babes,t5_c8z0mv,1730751431.04379
11,r/CarAccidentSurvivors,913,Medical and Mental Health,t5_4qhox0,1730751431.071411
12,r/CaryNC,913,Welcome to CaryNC,t5_2tnma,1730751431.118077
13,r/DietitianPh,913,Fitness and Nutrition,t5_8ufy8i,1730751431.145879
14,r/DroidDepot,913,"Welcome to the Droid Depot. Here you will be able to post pictures of your astromech sidekick from Star Wars Galaxy's Edge. You can also share your custom builds, check on stock updates from Batuu, and discuss the experience. Please keep all posts safe for work. Pictures and topics should focus only on droids purchased from the Droid Depot. Use flairs to discern from Batuu East or Batuu West when asking a question.",t5_29hy6k,1730751431.175221
15,r/DuncanBC,913,"Duncan is the smallest city by area in Canada, but a great city in terms of its unique sites and traditions. The City of Duncan is the traditional home of the Cowichan Tribes, known for their distinctive Cowichan sweaters, and is referred to as the ""City of Totems"" for its numerous totem poles around the City. The City's hockey arena has the world's largest ice hockey stick, which is displayed along the long-side exterior of the building.",t5_3nkr3,1730751431.203979
16,r/Eastgermancollectors,913,Hobbies,t5_2796m8,1730751431.2306108
17,r/exaroton,913,Technology,t5_2p2cxs,1730751431.259134
18,r/ExperiencedVapers,913,"This sub was created to give experienced vapers a place to discuss advanced vaping topics, such as mechanical mods, vv/vw mods, RDAs, RBAs, and wicking & coiling. The occasional e-juice review/debate may also ensue. **This is an 18-or-older lounge. Kids shouldn't be vaping, period!**",t5_32993,1730751431.2857192
19,r/Forgecraft,913,"The ForgeCraft Minecraft Server is a space for testing mods for the game in a social environment, alongside Let's Players and livestreamers.",t5_2vtna,1730751431.312491
20,r/Glock19x,913,Welcome to Glock19x,t5_5hzndu,1730751431.3384151
21,r/GS300,913,Cars and Motor Vehicles,t5_54q2zu,1730751431.3639538
22,r/hungryroot,913,Food and Drink,t5_46f2qs,1730751431.389025
23,r/Kirby_irl,913,Welcome to Kirby_irl,t5_3dnfw,1730751431.414042
24,r/lockedcharacters,913,People who look like a locked character from a video game (not necessarily specific to people),t5_26mevx,1730751431.4361768
25,r/MCEdit,913,Gaming,t5_2t2pj,1730751431.458455
26,r/mysterious,913,"A sub-reddit dedicated to anything mysterious. This includes unsolved true crime stories, mysterious pictures, videos, phenomena, personal experiences, etc. Paranormal experiences, content related to UFOs, UAPs, Extraterrestrials, Humanoids, Psychics, Out Body Experience, Remote Viewing, NDE Conspiracy etc. are also allowed. Keep the content clean and genuine. Abuse of other members and moderators will not be tolerated. So come and join, we would love to hear what mysterious content you have!",t5_2r9ox,1730751431.4840589
27,r/PlasticRecycling,913,Home and Garden,t5_p7dks,1730751431.510737
28,r/Reassembly,913,Welcome to Reassembly,t5_32pk2,1730751431.5386581
29,r/Reddit_Head,913,Internet Culture and Memes,t5_2op7y9,1730751431.570184
30,r/Seacows,913,"Your place for everything about manatees! News, images, videos, information, and conservation!",t5_2u8s3,1730751431.603714
31,r/SesiKonfesi,913,"bermula 1 oktober 2023 aku buka SesiKonfesi buat sahabat2 yg teringin meluahkan apa saja yg terbuku didada. rasa seronok? marah? geram? takut? stim? rindu? menyesal? jgn simpan lama2, luahan mampu melegakan. malah lebih puas kalu kita kongsi dan bincangkan bersama. sori guys, sini tadak gambar tadak video ya. video dan gambar korang boleh layan kat pm je.",t5_9rwgkm,1730751431.638185
32,r/slidell,913,"Ain't New Orleans and ain't the Northshore, but we don't care! This is the subreddit for SLIDELL!",t5_37d2b,1730751431.673516
33,r/Slogoman,913,For posting Slogoman related memes and media.,t5_udle2,1730751431.7110028
34,r/slots,913,Mature Themes and Adult Content,t5_2qzjr,1730751431.754457
35,r/SpotifyIndia,913,Music,t5_xyp3q,1730751431.794571
36,r/Vintagewatchmarket,913,The online marketplace for vintage watches,t5_3z6y8u,1730751431.83956
37,r/VisualSnowStudies,913,Science,t5_4vodzf,1730751431.879112
38,r/whywolves,913,We are redditors possessed by the spirit of inquiry... and bloodlust! This subreddit is dedicated to thoughtful analysis of Adventure Time canon. Draw allusions to ancient myths and classic literature. Classify the characters according to Jungian archetypes. Discuss the ethics of Princess Bubblegum's scientific madness. Pontificate on the philosophical importance of various representations of Death and God.,t5_2vksp,1730751431.923307
39,r/YUJU,913,Celebrity,t5_3nu6w,1730751431.961977
40,r/YURiSquad,913,A community for our one and only StanTheMan (Subscribers are getting free cookies),t5_2rfjhb,1730751431.997947
41,r/Anaeisabelatena,912,Welcome to Anaeisabelatena,t5_6ua7us,1730751432.0337129
42,r/Analisanchezxx,912,Welcome to Analisanchezxx,t5_9fak0v,1730751432.068758
43,r/AnCap_Investing,912,"Business, Economics, and Finance",t5_2tay5,1730751432.108567
44,r/AzInStock,912,Arizona Firearms & Ammo In-Stock Inventory Tracking,t5_35nznk,1730751432.16941
45,r/bbykota,912,itsbbykota,t5_8fm7tf,1730751432.2024992
46,r/benoftheweek,912,Celebrity,t5_3jead0,1730751432.236906
47,r/BubbleCash,912,Gaming,t5_5qkqch,1730751432.269239
48,r/CallofDutyBlackOps2,912,"The unofficial subreddit for Call of Duty: Black Ops II (2012), a first-person shooter video game developed by Treyarch and published by Activision.",t5_2v5xe,1730751432.30186
49,r/DIYnails,912,Beauty and Makeup,t5_2d1ctr,1730751432.334815
50,r/EuropaSwinger,912,"Swinger community in Europe and swinger travelers around. Community to meet other couples, girls, and guys.",t5_943gff,1730751432.369208
51,r/FormulaNeon,912,Sports,t5_6n69ze,1730751432.404311
52,r/Friendsof999,912,The place where you can find people who probably will talk about SCP-999!,t5_o9mhs,1730751432.437956
53,r/Generiques,912,Television,t5_4jmz8b,1730751432.4700348
54,r/Giulia_Salemi,912,Mature Themes and Adult Content,t5_7ckw7u,1730751432.5057228
55,r/Guitarix,912,Technology,t5_34857,1730751432.537693
56,r/Homefront,912,Gaming,t5_2sbqu,1730751432.5696661
57,r/intermittentexplosive,912,"a community for people and friends/family of people with intermittent explosive disorder (IED) - the affects it has on your life, the outcomes its given you, and ways to cope, and anything that has to do with it.",t5_3itoie,1730751432.6015239
58,r/lopear,912,This subreddit is dedicated to lop-eared rabbits!,t5_qz5ut,1730751432.634706
59,r/meowafterdark,912,The official subreddit of your fav asian latina cutie https://linktr.ee/meowbarbie,t5_c0xjwu,1730751432.6631858
60,r/MexicoDrugWar,912,Welcome to MexicoDrugWar,t5_2rmae,1730751432.690665
61,r/Michigun,912,"A place where Michigan firearm enthusiasts can post about their hobby! Let’s see pictures, videos, questions, suggestions, local deals, sales, anything firearm related and within reddits rules! Join the discord to stay up to date with events or meets! https://discord.gg/h8Yye3pGAt",t5_5nvgeo,1730751432.7163782
62,r/Milet,912,"Community Subreddit for the Singer-Songwriter Milet (stylized as milet / ミレイ) from Japan. Debuted in 2018, her debut single ""Inside You"" was co-written and produced by Toru of ONE OK ROCK. Her debut studio album ""Eyes"" in 2020 debuted #1 in the Oricon Album Charts, and has sold over 100,000 copies.",t5_2y0p8x,1730751432.74046
63,r/Mina,912,Celebrity,t5_2qrpe,1730751432.762414
64,r/Narumayo,912,Gaming,t5_2lb43w,1730751432.784723
65,r/OnmyojiArenaGame,912,Gaming,t5_narcw,1730751432.836681
66,r/ParadoxLive,912,Welcome to the unofficial Paradox Live subreddit! Paradox Live is a Hip Hop project produce in collaboration with AVEX and GCREST. The anime is slated for release in 2023!,t5_28k08e,1730751432.8622699
67,r/primavera,912,Technology,t5_2y1uw,1730751432.888391
68,r/randomstories,912,"Post your random stories here. Doesn't matter if it's a funny tale about how you farted in an elevator, or a dark emotional tale about how you're best great grandmother died in a trans-orbital flight to mars.",t5_2uxk9,1730751432.912263
69,r/RedAutumnSPD,912,Gaming,t5_b97aer,1730751432.935839
70,r/RedSeaCrypto,912,Crypto,t5_4yj12e,1730751432.957255
71,r/SocialSmackdown,912,"Tired of pranksters, influencers, and social jackasses getting away with their nonsense? Welcome to Social Smackdown! This is the home for videos of annoying pranksters, attention-seeking influencers, and social nuisances getting exactly what they deserve. Whether it’s public humiliation, verbal reprimands, or even a well-earned slap, if it’s satisfying and they had it coming, we want to see it!",t5_cdsn0f,1730751432.980148
72,r/SonjaKovac,912,"Subreddit for Croatian actress, model and influencer Sonja Kovač",t5_10yc1o,1730751433.002027
73,r/spaceopera,912,"Reading, Writing, and Literature",t5_2sbkj,1730751433.037438
74,r/Supraball,912,Supraball is a First Person Sports Game which is easy to learn but hard to master. The gameplay allows for very deep mechanics and tactics with very high precision controls.,t5_31krw,1730751433.063355
75,r/TalliaStormHd,912,Celebrity,t5_77ubns,1730751433.093741
76,r/toprighttua,912,Sports,t5_75sctt,1730751433.11711
77,r/ukwildlife,912,Outdoors and Nature,t5_39r1j,1730751433.1412852
78,r/washedout,912,Music,t5_2uohe,1730751433.165073
79,r/WatchItForThePlots,912,Outdoors and Nature,t5_3kdyv,1730751433.190752
80,r/alexkingston,911,Celebrity,t5_2ul1e,1730751433.2147589
81,r/ArcadeBuilds,911,"Everything Mame ,Pi ,Jamma, Original Gaming Arcade Related. Please Share Your Custom Arcade Projects Build, Repairs, Progress or even Ask for help",t5_xkwmf,1730751433.238817
82,r/AvaKrass,911,"Hi, it's Ava Krass ! I'm the Top model ! i like facesitting (FullWeight) and trampling. I do whatever I want with my slave ! Subscribe to my https://fansly.com/AvaKrass/posts",t5_9z9ht2,1730751433.262835
83,r/battletitans,911,Gaming,t5_3jtg2,1730751433.2860851
84,r/BoldandBrash,911,"I call it, ""Bold and Brash.""",t5_2yncp,1730751433.3102348
85,r/BradyBunchTVShow,911,Television,t5_6u5e83,1730751433.3341398
86,r/Dish,911,Television,t5_2tmm5,1730751433.357613
87,r/Egyptdating,911,"Welcome to r/Egyptdating, the subreddit dedicated to discussing all things related to dating in Egypt! Whether you're a local looking for advice on navigating the dating scene or an expat trying to understand cultural differences, this is the place for you. Share your experiences, ask questions, and connect with others who are also looking for love. From traditional courtship rituals to modern dating apps, we cover it all. Let's explore the complexities of dating in Egypt",t5_6mfvxv,1730751433.379755
88,r/FanfictionNet,911,"Reading, Writing, and Literature",t5_4ax072,1730751433.4018428
89,r/fashionbts,911,Welcome to /r/fashionbts! This is a place to share behind the scenes videos and photographs from fashion and advertising shoots by the world's best photographers.,t5_347h0,1730751433.42453
90,r/FemtoGrowery,911,Home and Garden,t5_2vluqh,1730751433.446893
91,r/FodlanFrames,911,Gaming,t5_4oaqs2,1730751433.469001
92,r/GrowStone,911,The unofficial subreddit for all things GrowStone Online related. Available on Android and IOS. [Growstone Discord] (https://discord.gg/EeSHJWB),t5_3lswh,1730751433.490588
93,r/GUYVF,911,Men's Health,t5_3a3pos,1730751433.513528
94,r/kawasakiz900rs,911,Cars and Motor Vehicles,t5_5qwxqx,1730751433.535163
95,r/PerfectMatchGame,911,Gaming,t5_bozvqg,1730751433.5576022
96,r/PohaRevolution,911,Food and Drink,t5_2zryds,1730751433.583977
97,r/Ram2500,911,Cars and Motor Vehicles,t5_4tyucw,1730751433.608175
98,r/RoleIt,911,"RoleIt is a non-commercial project that will allow for multiple groups of D&D 5th Edition players to play, interact and leave their marks on the world within the same shared setting. We launch November 12, 2016.",t5_3fw0u,1730751433.6305149
99,r/SunPrairieWI,911,"Sun Prairie, the sunniest (best) place to live in Wisconsin!",t5_2tm0h,1730751433.6522
100,r/TomCampbellMBT,911,A place to discuss Tom Campbells My Big Toe model: Simulation theory. Consciousness. Philosophy. Meditation. Out of Body Experiences. Spiritual/Consciousness evolution. Anything else related to The MBT model.,t5_6e9xbm,1730751433.6743941
101,r/unexpectedBluey,911,Welcome to unexpectedBluey,t5_5449tx,1730751433.696279
102,r/3dPrintingInModelRail,910,Hobbies,t5_xtai6,1730751433.718293
103,r/AAAARG,910,"Reading, Writing, and Literature",t5_3h4kh,1730751433.740299
104,r/ChurchofAnnTakamaki,910,Gaming,t5_6g43b7,1730751433.763742
105,r/ColleenBallingerSings,910,Celebrity,t5_2ndzyi,1730751433.786098
106,r/Cubancooking,910,Food and Drink,t5_53w24k,1730751433.811434
107,r/EDSnarkovery,910,"pretty much anything goes here. that being said, if you have a problem with a post, message the mods",t5_8x2sbu,1730751433.8406012
108,r/forbiddencuddles,910,Animals and Pets,t5_yzy3f,1730751433.8685591
109,r/FortCollinsMusic,910,A place to talk about the music of Fort Collins and Northern Colorado,t5_3121f,1730751433.8920681
110,r/greygoo,910,Subreddit for the Grey Goo RTS Game on Steam,t5_30x6r,1730751433.91556
111,r/HoodieAllen,910,Music,t5_2tir8,1730751433.939269
112,r/IslamTR_,910,Religion and Spirituality,t5_7ilmqr,1730751433.9646149
113,r/LasVegasGaymers,910,Sexual Orientation,t5_2ufbj,1730751433.9890501
114,r/mondaypunday,910,Funny/Humor,t5_2y4gq,1730751434.0127301
115,r/motorcyclerepair,910,"Motorcycle Repair has gone private to protest Reddit's recent changes in regards to third party developers, including banning the use of pushshift.",t5_2tjsu,1730751434.036067
116,r/Mynoghra,910,Anime,t5_3ie7y2,1730751434.0610151
117,r/NewMexicanFood,910,Food and Drink,t5_31sil,1730751434.0863519
118,r/NovaScotiaPolitics,910,Politics,t5_2tyur,1730751434.1136189
119,r/Ohshid,910,Shitposting capital of the world,t5_84p8iw,1730751434.142296
120,r/PDP,910,"For owners and admirers of Walther’s amazing Personal Defense Pistol platform. “DEFINED BY OVER A CENTURY OF ENGINEERING PASSION, PRECISION WORKMANSHIP AND INNOVATION.”",t5_4wtx2w,1730751434.168791
121,r/reasonableright,910,Politics,t5_3d2uqx,1730751434.1950111
122,r/ridgefield,910,Place,t5_2sm63,1730751434.220147
123,r/surrealdb,910,Technology,t5_5jyu70,1730751434.244813
124,r/umji,910,"A subreddit dedicated to Umji, the maknae of GFriend! Member of the unit trio VIVIZ!",t5_3c5ls,1730751434.26756
125,r/wolvden,910,"Wolvden, a sister-site to Lioden, is an upcoming browser-based game set in North America. Breed pups, explore the wilds, customize your pack members, and more! Anything's possible when you're the lead wolf!",t5_12oj6l,1730751434.289301
126,r/alecbaldwintrial,909,Law,t5_580pm8,1730751434.311574
127,r/AskRedditTeenagers,909,r/AskRedditTeenagers is the place to ask and answer thought-provoking questions for and by teenagers.,t5_331dw,1730751434.3334668
128,r/BandanaEats_Snark,909,"Welcome to the Bandana.Eats snark page! Here you can leave snarky comments/posts & concerns regarding Stan, aka Bandana.Eats on Tiktok. Please 𝙍𝙀𝙑𝙄𝙀𝙒 𝙏𝙃𝙀 𝙍𝙐𝙇𝙀𝙎 on this page before posting. If you have any questions or concerns, feel free to contact the moderators.",t5_9km1jt,1730751434.35568
129,r/BestBuyAliexpress,909,"""Best Buy Aliexpress"" - A community for sharing finds, product reviews, and quality recommendations. Engage in discussions about noteworthy products, exchange purchase recommendations, and help each other make successful buys. Join the conversation to stay informed about the best deals and make informed purchasing decisions!",t5_7vopem,1730751434.379597
130,r/BirkinKellyClub,909,Fashion,t5_77xw74,1730751434.409566
131,r/CalPolyHumboldt,909,Learning and Education,t5_5qu2ee,1730751434.4337652
132,r/ComputerNetworks,909,"Welcome to the Computer Networks sub-reddit, here you can discuss, post links, share or simply read all about Computer Networks and hopefully we can all learn something from each other.",t5_2v6q8,1730751434.479935
133,r/Creatorpi,909,Gaming,t5_123jjq,1730751434.5015192
134,r/DestinyLootTalk,909,Gaming,t5_27pjs8,1730751434.52293
135,r/DonaldEend,909,"Reading, Writing, and Literature",t5_2biw15,1730751434.54614
136,r/E39M5,909,Dedicated to the E39 BMW M5 - For those that prefer a performance car with room for friends.,t5_32cs2,1730751434.567105
137,r/figure_panties,909,Mature Themes and Adult Content,t5_4or0jo,1730751434.586991
138,r/gosick,909,Anime,t5_30g9v,1730751434.605283
139,r/InspireUpliftSellers,909,Marketplace and Deals,t5_6yqe31,1730751434.623765
140,r/Jasmine_Torress,909,Anything Jasmine Torress content only,t5_6qco8w,1730751434.6426811
141,r/jjba_pl,909,Anime,t5_22k3an,1730751434.6614459
142,r/KlingAI_Videos,909,Technology,t5_c1znyh,1730751434.6801531
143,r/literarywriters,909,"Welcome writers of literary fiction, nonfiction, and poetry.",t5_36t6x,1730751434.698984
144,r/Lost_Film,909,A subreddit for discussion and news on films of which their are no extant copies known to currently exist.,t5_2li3bx,1730751434.718163
145,r/MetaKnightMains,909,Gaming,t5_398nw,1730751434.7375739
146,r/MOONBOY_Submissions,909,Music,t5_24wuf2,1730751434.7574441
147,r/notaperfectfit,909,Welcome to notaperfectfit,t5_pudq3,1730751434.777696
148,r/novahistory,909,History,t5_4si2cf,1730751434.796253
149,r/Onooks,909,Onooks (OOKS) Crypto Currency is a Interoperable Decentralized Application Platform for Open Finance Network Protocols.,t5_3d4jc3,1730751434.816792
150,r/PerchFishing,909,Outdoors and Nature,t5_3iud2,1730751434.836768
151,r/PermissionIO,909,Crypto,t5_ohdz2,1730751434.859179
152,r/ReloadedSteam,909,Gaming,t5_b5j231,1730751434.8801558
153,r/ReptimeWatchsmiths,909,"This Sub-Reddit offers a space for individuals to find services/repairs on Gen and Rep watches by Trusted Watchsmiths, and received guidance from experienced Watchsmiths!",t5_53sw3h,1730751434.901558
154,r/SweetpeaOnStarz,909,Television,t5_cmi095,1730751434.924222
155,r/TransMTFtalk,909,Gender,t5_4si1un,1730751434.945326
156,r/VH1_LoveAndHipHop,909,Television,t5_2alteu,1730751434.966744
157,r/YugiohFMR,909,Gaming,t5_67wsj9,1730751434.985436
158,r/AkinaNakamori,908,Music,t5_28zfo9,1730751435.006325
159,r/AKrein,908,Politics,t5_6kmvw3,1730751435.029474
160,r/antiquemaps,908,History,t5_l890c,1730751435.051955
161,r/arbuildertutorials,908,"A place for builders to post their videos, articles, or whatever showing how to install parts on AR pattern rifles or share their thoughts about parts they have installed.",t5_3gbk4,1730751435.07279
162,r/BallardSeattle,908,All the things relevant to dwellers and visitors to the fine neighborhood of Ballard in northern Seattle.,t5_3gkrw,1730751435.093725
163,r/brambleandwild,908,"Collection of quaint, aesthetically pleasing storefronts, architecture, and buildings often accompanied by soft lighting or a rainy mood",t5_29t26f,1730751435.1151202
164,r/classic_cataclysm,908,Gaming,t5_ayebff,1730751435.137266
165,r/CompSciStudents,908,A casual community for undergraduate and postgraduate students of Computer Science.,t5_2x59k,1730751435.158179
166,r/DIY_eJuice_Advanced,908,An place for advance eJuice mixing.,t5_3a37h,1730751435.178509
167,r/dogssittinglikepeople,908,Animals and Pets,t5_3eg9e,1730751435.2004328
168,r/EasyPeasyMethod,908,Addiction Support,t5_4ld2os,1730751435.221322
169,r/fpies,908,"Discuss your experiences as an Fpies Parent (or grown child yay) Comfort share, vent, etc. If a child or adult is facing an urgent medical crisis, please seek an ER or medical professional for stabilization. Dehydration and possible asphyxiation are the most critical risk during an event. Please be safe! 1st-party product anecdotes are welcome; advertisements are not permitted. https://fpiesfoundation.org/fpies-familiar-providers-listing/",t5_2svcr,1730751435.2416582
170,r/GalactikFootball,908,Television,t5_xz609,1730751435.2623491
171,r/GangExplainsIt,908,"Hello and Welcome to Gang Explains It where all the notorious explainers like u/JohnnyExplainsIt u/kakyoinexplainsit and many more live, if you want something explained just tag us we will explain everything",t5_12d4l5,1730751435.282997
172,r/Geriatric_Pregnancies,908,Mommies that conceive babies when they are 35 years and older,t5_281i4p,1730751435.3028219
173,r/IbnKhaldun,908,Religion and Spirituality,t5_4b19jt,1730751435.32437
174,r/IndianaTrails,908,Outdoors and Nature,t5_2f2twm,1730751435.347832
175,r/JoellPerryFan,908,Celebrity,t5_cg9tcj,1730751435.370031
176,r/leftisthistory,908,History,t5_4xlypk,1730751435.394994
177,r/makimapuppies,908,Anime,t5_4eqxsp,1730751435.417323
178,r/MarvelLegendsDeals,908,A place to submit links to Marvel Legends deals,t5_266zui,1730751435.4402912
179,r/NDIS_Providers,908,"Business, Economics, and Finance",t5_6wcnmg,1730751435.5027242
180,r/offroadtrailers,908,"Offroad, camping and bugout trailer building & modification. Sharing projects, vendors and experiences.",t5_3fjjy,1730751435.5246909
181,r/OledWallpapers,908,Art,t5_6qheka,1730751435.5458739
182,r/Ozma,908,Music,t5_2vtk4,1730751435.566849
183,r/PassionForMapping,908,Hobbies,t5_6y9r11,1730751435.586645
184,r/PokemonGoBflo,908,"The Official Subreddit to talk about Pokémon GO in Buffalo! Share tips on how and where to catch Pokémon, discuss with other Team Members about gyms, plan meetups and share your experiences with the game.",t5_3ffwf,1730751435.606753
185,r/populii,908,Technology,t5_aef9nk,1730751435.627914
186,r/printforgood,908,Technology,t5_82mo25,1730751435.650891
187,r/redditchangesthesong,908,What it sounds like. Reddit changes the song/makes a parody.,t5_13o05k,1730751435.673513
188,r/robotsinaction,908,Technology,t5_7v0ft,1730751435.6942961
189,r/royals,908,A subreddit for the discussion of Royalty from around the world,t5_2sfcd,1730751435.714646
190,r/SatoshiSwap,908,Crypto,t5_3y34ii,1730751435.734766
191,r/scaredbananas,908,Internet Culture and Memes,t5_7in61m,1730751435.7559009
192,r/shamisen,908,Welcome to shamisen,t5_2sn2s,1730751435.776673
193,r/simplypiano,908,Music,t5_jdjrq,1730751435.7990248
194,r/Soundeffects,908,Music,t5_2srw2,1730751435.821568
195,r/StrengthRunning,908,For anyone who combines running with strength training,t5_2tn5hv,1730751435.845601
196,r/TheisticSatanism,908,"Welcome to /r/TheisticSatanism, now reopen for business! Please, bring all your UPG, pseudoscience, pseudohistory, and schizophrenic ranting!",t5_300wu,1730751435.868433
197,r/TheOnionHaseyo,908,Funny/Humor,t5_3mrg1c,1730751435.891068
198,r/ThunderTierOne,908,Gaming,t5_23vxka,1730751435.913269
199,r/Ticos_TI,908,Programming,t5_8emzho,1730751435.9353468
200,r/WeirdAlYankovic,908,"Alfred Matthew ""Weird Al"" Yankovic is an American singer-songwriter, music producer, accordionist, actor, comedian, writer, satirist, and parodist",t5_2v7j9,1730751435.9571142
201,r/zdradaHT,908,zdrada from helltaker is cool,t5_2u3m6o,1730751435.9773812
202,r/ZeroGravityGifs,908,Gifs of anything in zero gravity!,t5_353zt,1730751435.998346
203,r/2teairl4teairl,907,2 tea irl 4 tea irl,t5_xap99,1730751436.01842
204,r/AlexRiderBooks,907,"Reading, Writing, and Literature",t5_364hk,1730751436.0394151
205,r/AntiBSL,907,"A one-stop shop for information on breed-specific legislation and why it's not the solution to dog bites. Helping protect the pit bull, Rottweiler, Doberman Pinscher, German Shepherd, mastiff and more.",t5_jzz36,1730751436.060512
206,r/austronesian,907,Learning and Education,t5_2wued,1730751436.088545
207,r/automodreligion,907,Meta/Reddit,t5_3mvft5,1730751436.116433
208,r/BPDPositive,907,"Welcome to BPDPositive, a supportive community focused on the positives of living with Borderline Personality Disorder (BPD) & Anxiety Disorders that often follow. Here, we celebrate the unique strengths and perspectives that come with BPD, including deep empathy, intensity of emotions, and a passionate approach to life. Join us in sharing experiences, triumphs, and insights into how BPD contributes to our colorful world.",t5_r90ue,1730751436.142655
209,r/Celeb_GIF_heaven,907,All kind of Celebrity GIF's. Don't post leaked matrial or fakes!,t5_6v4xvk,1730751436.165971
210,r/charlygossstylistlol,907,Celebrity,t5_7qvqwk,1730751436.1891332
211,r/ChocolateGymnasts,907,Mature Themes and Adult Content,t5_a9wnmo,1730751436.211591
212,r/chxrryNan,907,Celebrity,t5_8x9ygs,1730751436.235059
213,r/codeinplace,907,Programming,t5_2kh4ao,1730751436.2589
214,r/devuan,907,"Welcome to r/devuan, an unofficial community devoted to the Devuan GNU/Linux Operating System.",t5_35585,1730751436.28123
215,r/DilettaLeotta_,907,Diletta Leotta Community,t5_8gtsms,1730751436.301408
216,r/DogForScale,907,"Kinda like human for scale, but cuter",t5_2eubnf,1730751436.321017
217,r/DragonSkyMobile,907,Gaming,t5_23nwhw,1730751436.340621
218,r/dreamxharder,907,SNARK sub for @dreamxharder summers fans will be banned,t5_6bk960,1730751436.360066
219,r/ExYuDanas,907,"Zajednica područja bivše Jugoslavije - ne radi uspostavljanja nove, nego radi otvorene komunikacije i razmjene iskustva.",t5_7qulc1,1730751436.3796291
220,r/FoundationDiscGolf,907,Sports,t5_2r73nm,1730751436.3991559
221,r/GamesAreLife,907,Gaming,t5_3amwq1,1730751436.41854
222,r/iforgor,907,Internet Culture and Memes,t5_4ro1aj,1730751436.438785
223,r/Jfunk,907,Sharing Japanese funk at it's finest!,t5_2wbuy,1730751436.481591
224,r/JPMorganChase,907,This is the official page for all things that are Chase Bank or JP Morgan,t5_6h9ifw,1730751436.501656
225,r/KaciJay_Condor,907,Celebrity,t5_bt48pb,1730751436.520331
226,r/lawns,907,Lawns are more than grass.,t5_2qlpc,1730751436.53887
227,r/learnluxembourgish,907,Learning and Education,t5_k76jv,1730751436.557389
228,r/MoodBoard,907,A space to share your good taste,t5_3f0wa,1730751436.575318
229,r/nzlaw,907,Law,t5_4ioa3c,1730751436.5944178
230,r/NZXTH1,907,Technology,t5_2vbpbj,1730751436.61253
231,r/OlympiacosBC,907,Sports,t5_2m4gpe,1730751436.6303601
232,r/onf,907,Celebrity,t5_1b3m3k,1730751436.6499
233,r/Otyken,907,Music,t5_766dsd,1730751436.667692
234,r/pokemongoreferrals,907,Gaming,t5_46qdpw,1730751436.685361
235,r/RadioShack,907,Technology,t5_2wtqp,1730751436.702878
236,r/reitegrone,907,Funny/Humor,t5_666zlv,1730751436.720363
237,r/savage,907,Gaming,t5_2sei9,1730751436.7378812
238,r/ScriptedGifs,907,A place for all of Reddit's scripted gifs!,t5_hmavt,1730751436.755455
239,r/SoberAndHateIt,907,"A sub for people who are in recovery and hate it. You will not find words of encouragement here, just people suffering the vapidity of sober living but are grown up enough to admit they hate it. Maybe you quit for health reasons or maybe you were just too much of a fuck up, but not everybody has to pretend they are happy about being sober and you are welcome here.",t5_ck7ez5,1730751436.772825
240,r/SuleMio,907,Anime,t5_7hts5g,1730751436.790466
241,r/teenwolffics,907,"Reading, Writing, and Literature",t5_2vgit,1730751436.806696
242,r/toolfam,907,Crafts and DIY,t5_50yazm,1730751436.822905
243,r/TrueHoopPod,907,"The best place for links, discussion, and anything discussing the TrueHoop podcast from ESPN.",t5_3iqqx,1730751436.8413172
244,r/trueindieheads,907,A better indie music subreddit.,t5_38tx4,1730751436.8602
245,r/UK_Sexiest,907,Celebrity,t5_aku6fg,1730751436.877802
246,r/westlinn,907,A Subreddit for West Linn OR,t5_2tg3r,1730751436.895597
247,r/WroteAThing,907,"Reading, Writing, and Literature",t5_4gk439,1730751436.913223
248,r/ActressBabe,906,"Destination for hottest actresses, celebrities, influencers, content creators on the Internet!",t5_8n2kqu,1730751436.931089
249,r/BattleCamp,906,Gaming,t5_2xtap,1730751436.948637
