,subreddit,subscribers,topic,subreddit_id,scraped_utc
0,r/LoveForLandchads,60587,Internet Culture and Memes,t5_5iiazt,1730746231.5628312
1,r/duolingomemes,60584,Internet Culture and Memes,t5_ywek2,1730746231.5923781
2,r/MumbaiIndians,60571,Sports,t5_3j4xe,1730746231.61661
3,r/LesbianMax,60555,Mature Themes and Adult Content,t5_8bn1qz,1730746231.6408699
4,r/Pen_Swap,60553,Marketplace and Deals,t5_2tyn2,1730746231.6638951
5,r/ChevyTrucks,60510,Cars and Motor Vehicles,t5_2yeu6,1730746231.6956701
6,r/Hypothyroidism,60495,Medical and Mental Health,t5_2s0tv,1730746231.7189481
7,r/wildcampingintheuk,60489,Travel,t5_3fx7r,1730746231.742209
8,r/sto,60467,Gaming,t5_2rfq3,1730746231.765486
9,r/momtokgossip,60365,Celebrity,t5_6f5a87,1730746231.789359
10,r/RedWingShoes,60361,Fashion,t5_346di,1730746231.919913
11,r/HRSPRS,60331,Cars and Motor Vehicles,t5_nxfui,1730746231.942728
12,r/Boise,60284,Place,t5_2qlk4,1730746231.965884
13,r/MakeupAddicts,60280,Beauty and Makeup,t5_2xwgx,1730746231.98835
14,r/UKPoliticalComedy,60278,Politics,t5_tzpe1,1730746232.012407
15,r/AdvancedProduction,60260,Music,t5_31bi8,1730746232.0393448
16,r/Remodel,60258,Home and Garden,t5_35rov,1730746232.0640872
17,r/DarkArtwork,60250,Art,t5_7bx0f3,1730746232.0890172
18,r/DopamineDetoxing,60250,Medical and Mental Health,t5_2lh2su,1730746232.112822
19,r/chessmemes,60245,Tabletop Games,t5_3mdh3,1730746232.136182
20,r/Sauna,60199,Hobbies,t5_2uxn7,1730746232.159704
21,r/lgballt,60183,Sexual Orientation,t5_2ka4cq,1730746232.18272
22,r/ghostbusters,60170,Movies,t5_2qhz3,1730746232.205128
23,r/oldphotos,60152,Art,t5_2rahz,1730746232.228817
24,r/The1980s,60150,History,t5_55tcfe,1730746232.252196
25,r/carcamping,60149,Travel,t5_2vldp,1730746232.2766888
26,r/DogShowerThoughts,60137,Animals and Pets,t5_3366d,1730746232.301375
27,r/foodsafety,60128,Food and Drink,t5_2t75v,1730746232.327738
28,r/HikaruNakamura,60106,Tabletop Games,t5_2n39hz,1730746232.3539178
29,r/roasting,60102,Food and Drink,t5_2t80t,1730746232.379532
30,r/BacktotheFuture,60083,Movies,t5_2rdxy,1730746232.4053261
31,r/WesternAustralia,60063,Place,t5_2qx4q,1730746232.4322948
32,r/watchcatsdieinside,60059,Animals and Pets,t5_dil8x,1730746232.4614668
33,r/HelloKitty,60047,Hobbies,t5_2qmtg,1730746232.4912472
34,r/DallasStars,60046,Sports,t5_2ro4p,1730746232.52577
35,r/ohnePixel,60035,Podcasts and Streamers,t5_35cqxx,1730746232.563584
36,r/lianli,60009,Technology,t5_339p9,1730746232.600872
37,r/ted,59990,Learning and Education,t5_2qi6s,1730746232.639286
38,r/adultsurvivors,59984,Trauma Support,t5_2ub55,1730746232.67815
39,r/rocksmith,59976,Music,t5_2skou,1730746232.712339
40,r/ANBERNIC,59960,Gaming,t5_34ztc6,1730746232.7449028
41,r/AjaxAmsterdam,59952,Sports,t5_2twgt,1730746232.7725482
42,r/drywall,59944,Home and Garden,t5_2u0lu,1730746232.796872
43,r/NarutoShinobiStriker,59935,Gaming,t5_3k71b,1730746232.82077
44,r/nordvpn,59927,Technology,t5_33gx1,1730746232.846132
45,r/ExcelTips,59896,Technology,t5_346sc,1730746232.870102
46,r/GraceCFulton,59882,Celebrity,t5_2gkscp,1730746232.8942358
47,r/coversongs,59877,Music,t5_2rfkn,1730746232.917127
48,r/8passengersnark,59876,Celebrity,t5_3p2fxr,1730746232.9400342
49,r/MST3K,59858,Television,t5_2qltq,1730746232.961174
50,r/randomactsofmusic,59856,Music,t5_31t7h,1730746232.9825149
51,r/TheClickOwO,59845,Podcasts and Streamers,t5_28rj9k,1730746233.0024981
52,r/Spiritfarer,59788,Gaming,t5_12tdil,1730746233.023915
53,r/WEPES,59781,Gaming,t5_30dws,1730746233.0439591
54,r/BarefootRunning,59777,Fitness and Nutrition,t5_2rp0r,1730746233.063617
55,r/RecRoom,59775,Gaming,t5_3a2b2,1730746233.083088
56,r/CreditScore,59755,"Business, Economics, and Finance",t5_2rzva,1730746233.1028008
57,r/CK3AGOT,59753,Gaming,t5_2n2mcv,1730746233.12258
58,r/Petloss,59753,Animals and Pets,t5_2rqjz,1730746233.142124
59,r/IndoorPlants,59735,Home and Garden,t5_2cz7jb,1730746233.162615
60,r/pkmntcgcollections,59726,Hobbies,t5_2ubdy,1730746233.181987
61,r/911archive,59692,History,t5_7ppwod,1730746233.201408
62,r/OverwatchTMZ,59662,Gaming,t5_3keit,1730746233.220789
63,r/beadsprites,59654,Crafts and DIY,t5_2s9nt,1730746233.239833
64,r/fender,59640,Music,t5_2s6we,1730746233.258667
65,r/NorthKoreaNews,59595,World News,t5_2wlaq,1730746233.278968
66,r/VoteBlue,59582,Politics,t5_3g6n1,1730746233.298663
67,r/selflove,59564,Medical and Mental Health,t5_35wky,1730746233.320406
68,r/ECEProfessionals,59548,Learning and Education,t5_2t05v,1730746233.3413792
69,r/marriageadvice,59547,Family and Relationships,t5_2r6wv,1730746233.362829
70,r/Sub4Sub,59497,Internet Culture and Memes,t5_2ub5q,1730746233.3838239
71,r/programminghumor,59477,Programming,t5_2toil,1730746233.4030058
72,r/LoveAndDeepspace,59472,Gaming,t5_6y7h87,1730746233.4245949
73,r/kaisamains,59463,Gaming,t5_fv8oy,1730746233.44669
74,r/RandomActsofMakeup,59461,Beauty and Makeup,t5_2vigj,1730746233.467521
75,r/Reverse1999,59459,Gaming,t5_5m3t3a,1730746233.488192
76,r/FPGA,59444,Technology,t5_2sf3o,1730746233.507831
77,r/audio,59426,Technology,t5_2qhms,1730746233.526846
78,r/StartingStrength,59425,Fitness and Nutrition,t5_2ttds,1730746233.5459578
79,r/icecream,59407,Food and Drink,t5_2r89k,1730746233.5644631
80,r/WhiteLotusHBO,59381,Television,t5_4rrmfq,1730746233.583681
81,r/Nerdy_Hardbodies,59380,Mature Themes and Adult Content,t5_3pw0a,1730746233.601836
82,r/DanielTigerConspiracy,59376,Television,t5_3d8zz,1730746233.620244
83,r/ImaginaryCastles,59375,Art,t5_2xz0j,1730746233.638318
84,r/biglaw,59362,Law,t5_2sx2g,1730746233.656179
85,r/thinkorswim,59344,"Business, Economics, and Finance",t5_3398p,1730746233.674999
86,r/veganmealprep,59338,Food and Drink,t5_3gb7q,1730746233.693965
87,r/thrifting,59334,Hobbies,t5_2sn1p,1730746233.713078
88,r/nekoatsume,59330,Gaming,t5_37ssh,1730746233.732378
89,r/VioletEvergarden,59308,Anime,t5_3fwmg,1730746233.7518542
90,r/AnimalsMonching,59301,Animals and Pets,t5_zngr7,1730746233.7729
91,r/Tudor,59285,Fashion,t5_2rpid,1730746233.7933838
92,r/camaro,59273,Cars and Motor Vehicles,t5_2s44r,1730746233.8127701
93,r/htgawm,59255,Television,t5_31rdt,1730746233.832427
94,r/AmandaCerny3,59252,Mature Themes and Adult Content,t5_6dey0t,1730746233.854224
95,r/CrankGameplays,59242,Podcasts and Streamers,t5_3j6fi,1730746233.875676
96,r/latterdaysaints,59219,Religion and Spirituality,t5_2uas2,1730746233.8955781
97,r/SAVEBRENDAN,59200,Celebrity,t5_380jk,1730746233.915495
98,r/NBA2kTeamUp,59192,Gaming,t5_3gb27,1730746233.9349551
99,r/AltStreetBets,59181,Crypto,t5_3k4mdc,1730746233.9549818
100,r/sodapoppin,59176,Podcasts and Streamers,t5_2v6kz,1730746233.975486
101,r/Oaxaca,59145,Place,t5_2qz0w,1730746234.0306041
102,r/MiniPCs,59138,Technology,t5_3040h,1730746234.1965811
103,r/NCT,59124,Music,t5_3359z,1730746234.221248
104,r/country,59118,Music,t5_2qnqv,1730746234.242738
105,r/Chameleons,59108,Animals and Pets,t5_2sg2w,1730746234.2631638
106,r/chch,59093,Place,t5_2sbpq,1730746234.284074
107,r/boop,59090,Animals and Pets,t5_2r6l9,1730746234.3135118
108,r/kencarson,59078,Music,t5_2g9k8e,1730746234.333765
109,r/WorkoutRoutines,59074,Fitness and Nutrition,t5_31qat,1730746234.353791
110,r/Gymnastics,59066,Sports,t5_2r0th,1730746234.37374
111,r/shakespeare,59061,"Reading, Writing, and Literature",t5_2rouy,1730746234.3944051
112,r/greggsappreciation,59043,Food and Drink,t5_9k62gx,1730746234.497536
113,r/starfieldmods,59038,Gaming,t5_54wnqi,1730746234.520722
114,r/nowmycat,59025,Animals and Pets,t5_2kmyz0,1730746234.540554
115,r/CrusadeMemes,59009,History,t5_3e57e,1730746234.5606022
116,r/TheDeprogram,58998,Politics,t5_5d6ir2,1730746234.579941
117,r/newbrunswickcanada,58981,Place,t5_2r62y,1730746234.600229
118,r/SocialSecurity,58959,"Business, Economics, and Finance",t5_2rq3c,1730746234.619849
119,r/ror2,58942,Gaming,t5_3kcy4,1730746234.639255
120,r/northcounty,58933,Place,t5_2sgv2,1730746234.658495
121,r/CampfireCooking,58922,Food and Drink,t5_3d67a,1730746234.677751
122,r/christenwhitmansnark,58910,Celebrity,t5_6hn92y,1730746234.697553
123,r/georgiabulldogs,58888,Sports,t5_2wws3,1730746234.717879
124,r/terracehouse,58887,Television,t5_32sg0,1730746234.7380512
125,r/playstation5,58872,Gaming,t5_2w8js,1730746234.7572968
126,r/matrix,58871,Movies,t5_2r30b,1730746234.776476
127,r/enhypen,58867,Music,t5_350acg,1730746234.795976
128,r/maticnetwork,58853,Crypto,t5_mizl8,1730746234.8156118
129,r/ASU,58817,Learning and Education,t5_2rghd,1730746234.8353128
130,r/Imperator,58816,Gaming,t5_gpanm,1730746234.855045
131,r/ContamFam,58812,Science,t5_30uyee,1730746234.876489
132,r/fryup,58808,Food and Drink,t5_3a248,1730746234.898288
133,r/LegsSFW,58801,Mature Themes and Adult Content,t5_471mlx,1730746234.920584
134,r/LawCanada,58797,Law,t5_2s60x,1730746234.942258
135,r/lexington,58792,Place,t5_2rjxn,1730746234.964395
136,r/BirdsForScale,58765,Art,t5_3c7c5,1730746234.984969
137,r/Productivitycafe,58752,Ethics and Philosophy,t5_8zol53,1730746235.0055768
138,r/Venezia,58723,Place,t5_2t1es,1730746235.026305
139,r/catcare,58713,Animals and Pets,t5_2sic2,1730746235.0462148
140,r/ifttt,58711,Technology,t5_2stey,1730746235.066897
141,r/ethstaker,58693,Crypto,t5_3b6pl,1730746235.086286
142,r/SneakerDeals,58671,Marketplace and Deals,t5_2uv2u,1730746235.1052501
143,r/LorenGrayLewd,58664,Celebrity,t5_2kflul,1730746235.1251671
144,r/ancienthistory,58644,History,t5_2sm04,1730746235.1442719
145,r/nightvale,58638,Podcasts and Streamers,t5_2xvez,1730746235.161806
146,r/StarWarsAhsoka,58637,Television,t5_3jj93d,1730746235.179765
147,r/Draven,58624,Gaming,t5_2unq2,1730746235.197721
148,r/intotheshadowrealm,58619,Internet Culture and Memes,t5_vber2,1730746235.216054
149,r/Fencing,58606,Sports,t5_2r6ai,1730746235.234257
150,r/DGDAG,58602,Animals and Pets,t5_9wht3,1730746235.2528589
151,r/PTCGP,58601,Gaming,t5_aw1ftr,1730746235.271991
152,r/FemaleHairLoss,58596,Women's Health,t5_i2hkt,1730746235.291291
153,r/punjabi,58588,"Culture, Race, and Ethnicity",t5_2sfmx,1730746235.3106859
154,r/WeightLossFoods,58585,Food and Drink,t5_2um1k,1730746235.329688
155,r/ApexLore,58584,Gaming,t5_wgh6o,1730746235.348052
156,r/hauntedchocolatier,58579,Gaming,t5_57ta98,1730746235.368204
157,r/future,58569,Music,t5_2qhux,1730746235.3873868
158,r/hobbycnc,58556,Crafts and DIY,t5_37edg,1730746235.4069161
159,r/BelgianMalinois,58545,Animals and Pets,t5_2wo0n,1730746235.42652
160,r/canes,58538,Sports,t5_2rps9,1730746235.446326
161,r/ApexLFG,58536,Gaming,t5_vyf7h,1730746235.46629
162,r/Database,58536,Programming,t5_2qian,1730746235.485769
163,r/askdentists,58533,Medical and Mental Health,t5_38bow,1730746235.505313
164,r/googlesheets,58517,Technology,t5_366bm,1730746235.5224278
165,r/JurassicMemes,58514,Internet Culture and Memes,t5_3naad,1730746235.5403361
166,r/twicememes,58486,Internet Culture and Memes,t5_feb4w,1730746235.564351
167,r/HorizonForbiddenWest,58485,Gaming,t5_2r9zdj,1730746235.585276
168,r/Southampton,58483,Place,t5_2s06c,1730746235.606743
169,r/RocketLeagueSchool,58455,Gaming,t5_3997e,1730746235.628843
170,r/glee,58450,Television,t5_2royn,1730746235.654619
171,r/pastlives,58433,Religion and Spirituality,t5_2x24r,1730746235.675663
172,r/Tacomaworld,58432,Cars and Motor Vehicles,t5_30hyl,1730746235.697686
173,r/Liftingmusic,58430,Music,t5_2vbwn,1730746235.718048
174,r/Miniswap,58411,Tabletop Games,t5_2sm6t,1730746235.741919
175,r/NotAnotherDnDPodcast,58406,Podcasts and Streamers,t5_dw58f,1730746235.762857
176,r/Nebraska,58393,Place,t5_2qo70,1730746235.7839081
177,r/ImaginaryWitches,58382,Art,t5_2ypl4,1730746235.806218
178,r/SCPSecretLab,58374,Gaming,t5_g1x27,1730746235.827188
179,r/100thieves,58373,Podcasts and Streamers,t5_3e98s,1730746235.848095
180,r/Svenska,58368,Learning and Education,t5_2scor,1730746235.868098
181,r/jackrussellterrier,58365,Animals and Pets,t5_2tlbc,1730746235.889382
182,r/quantum,58335,Science,t5_2r871,1730746235.9089909
183,r/dayton,58315,Place,t5_2rlxw,1730746235.929177
184,r/kidsfallingdown,58306,Internet Culture and Memes,t5_2zm8m,1730746235.949931
185,r/HENRYUK,58300,"Business, Economics, and Finance",t5_alhsma,1730746235.9702358
186,r/OptimistsUnite,58298,Ethics and Philosophy,t5_7yen7e,1730746235.993023
187,r/Tinycatsinbigspaces,58291,Animals and Pets,t5_69ngrx,1730746236.014902
188,r/StrangerThingsMemes,58288,Television,t5_3po3l,1730746236.0351932
189,r/GamersBeingBros,58263,Gaming,t5_3hiqs,1730746236.055569
190,r/TruckCampers,58258,Outdoors and Nature,t5_2xmif,1730746236.076888
191,r/NVDA_Stock,58254,"Business, Economics, and Finance",t5_3ifo2,1730746236.098075
192,r/latvia,58230,Place,t5_2rwqy,1730746236.119147
193,r/Moonmoon,58185,Animals and Pets,t5_2wzjf,1730746236.138793
194,r/dontlookdown,58160,Internet Culture and Memes,t5_2y25b,1730746236.158103
195,r/WeirdLit,58136,"Reading, Writing, and Literature",t5_30f4c,1730746236.177207
196,r/limerence,58134,Addiction Support,t5_2smi6,1730746236.198138
197,r/AppleCard,58125,"Business, Economics, and Finance",t5_yq6m5,1730746236.218998
198,r/WeddingPhotography,58118,Careers,t5_2rdee,1730746236.2386181
199,r/AxieScholarships,58114,Gaming,t5_485pk2,1730746236.257856
200,r/uofm,58105,Learning and Education,t5_2rjkn,1730746236.2776918
201,r/BehindTheClosetDoor,58098,Fashion,t5_rqgt2,1730746236.2968209
202,r/straightenedfeetsies,58090,Animals and Pets,t5_ssugj,1730746236.3161988
203,r/SEGA,58086,Gaming,t5_2rays,1730746236.335451
204,r/InsaneTechnology,58076,Technology,t5_2aiiii,1730746236.354437
205,r/Moescape,58071,Anime,t5_2x475,1730746236.374312
206,r/ACNHCustomDesigns,58065,Gaming,t5_2i9hwu,1730746236.3958662
207,r/SkyGame,58035,Gaming,t5_3oekq,1730746236.41633
208,r/Tagalog,58030,Learning and Education,t5_2t8bg,1730746236.43574
209,r/Goldfish,58014,Animals and Pets,t5_2rmri,1730746236.456199
210,r/TheGriffonsSaddlebag,58010,Tabletop Games,t5_w4xiq,1730746236.475816
211,r/nebelung,57939,Animals and Pets,t5_2x1a9,1730746236.499233
212,r/PokemonCardValue,57939,Tabletop Games,t5_2lime5,1730746236.521015
213,r/TheUltimatumNetflix,57935,Television,t5_5y8ivk,1730746236.541072
214,r/googlecloud,57901,Technology,t5_2zgfk,1730746236.561485
215,r/RandomVictorianStuff,57899,History,t5_3gz36q,1730746236.581315
216,r/ToyotaTundra,57897,Cars and Motor Vehicles,t5_35y2r,1730746236.603293
217,r/DunksNotDead,57870,Fashion,t5_ndpje,1730746236.6236959
218,r/galaxybuds,57869,Technology,t5_vps0o,1730746236.64415
219,r/bigdata,57868,Technology,t5_2s9be,1730746236.663486
220,r/europes,57866,Politics,t5_39twl,1730746236.683959
221,r/Wiseposting,57863,Internet Culture and Memes,t5_4h1a90,1730746236.7033
222,r/dinner,57856,Food and Drink,t5_2s838,1730746236.722949
223,r/thisisntwhoweare,57836,Internet Culture and Memes,t5_3peqb,1730746236.7435021
224,r/windowsphone,57818,Technology,t5_2r71o,1730746236.764277
225,r/Influencersinthewild,57815,Internet Culture and Memes,t5_2d490e,1730746236.7841868
226,r/ImaginaryFuturism,57804,Art,t5_3c0d3,1730746236.804312
227,r/wholesomeouija,57801,Meta/Reddit,t5_3jawm,1730746236.8240619
228,r/heels,57798,Fashion,t5_2re0f,1730746236.847081
229,r/AngelaWhiteWalking,57771,Mature Themes and Adult Content,t5_2fayeu,1730746236.8678389
230,r/AnimeReccomendations,57741,Anime,t5_3h58y,1730746236.8888462
231,r/PicsOfUnusualBirds,57732,Animals and Pets,t5_3f2w2,1730746236.91083
232,r/weaving,57712,Crafts and DIY,t5_2vd9p,1730746236.931649
233,r/Everton,57711,Sports,t5_2qpfg,1730746236.95136
234,r/DragonBallXenoverse2,57701,Gaming,t5_3ens1,1730746236.971692
235,r/Blackskincare,57692,Beauty and Makeup,t5_2n77gm,1730746236.9919202
236,r/Axecraft,57667,Crafts and DIY,t5_2ur7b,1730746237.0145018
237,r/punjab,57665,Place,t5_2r1oe,1730746237.034812
238,r/nailstamping,57664,Beauty and Makeup,t5_3ezb7,1730746237.055153
239,r/darknetplan,57656,Technology,t5_2rju2,1730746237.074826
240,r/sticker,57651,Art,t5_2seqr,1730746237.094524
241,r/BlueStacks,57598,Technology,t5_2utvq,1730746237.113742
242,r/rush,57592,Music,t5_2r4wq,1730746237.133037
243,r/walkingwarrobots,57587,Gaming,t5_3al50,1730746237.153454
244,r/skinwalkerranch,57576,Television,t5_2ynpk,1730746237.174586
245,r/sicily,57572,Place,t5_2rd3b,1730746237.196162
246,r/cad,57557,Careers,t5_2qwha,1730746237.218478
247,r/codingbootcamp,57556,Programming,t5_372sz,1730746237.2398238
248,r/wildhockey,57553,Sports,t5_2rp0l,1730746237.26283
249,r/wordle,57548,Gaming,t5_2zbdz,1730746237.2841768
