,subreddit,subscribers,topic,subreddit_id,scraped_utc
0,r/screenrecorders,891,Technology,t5_4uqqzh,1730751493.0313148
1,r/sfcollege,891,Learning and Education,t5_2w044,1730751493.057129
2,r/ShotziHumiliation,891,"For those who'd like to see Shotzi humiliated, KO'ed, Submit, Pinned, etc",t5_3kns9s,1730751493.081231
3,r/snape,891,Welcome to snape,t5_2t4bo,1730751493.1038778
4,r/stunts,891,Movies,t5_2t4jq,1730751493.127481
5,r/TheDetailDirectory,891,Cars and Motor Vehicles,t5_39d7k,1730751493.164497
6,r/TheWeekndMemes,891,I make ALLADEMSWALLOW,t5_52xfw1,1730751493.1862872
7,r/TornadoScienceTalk,891,Science,t5_b47d26,1730751493.224842
8,r/Undernet_official,891,Undernet: Where characters and OCs from Undertale and Deltarune can connect with each other! ***CONTACT MODS SO WE CAN GIVE YOU THE CHARACTER FLAIR YOU WANT BEFORE YOU POST!*** https://www.reddit.com/r/Undernet_official/s/Yguoqhz91R Our official guide on how to adapt into Undernet!,t5_8rw83k,1730751493.248571
9,r/UnexpectedWestworld,891,"Unexpected Westworld analogies, links, or jokes. Remember to tag as nsfw if the thread you are linking has said tag.",t5_3hzbd,1730751493.270925
10,r/VelvetSkyHumiliation,891,Welcome to VelvetSkyHumiliation,t5_4t80si,1730751493.371853
11,r/vintageguitarpedals,891,Music,t5_44954a,1730751493.394357
12,r/wheeliesmash,891,Welcome to wheelie smash. Post videos of the clowns on bicycles swerving in front of traffic getting hit,t5_9687n1,1730751493.437849
13,r/YoutubeProducers,891,Music,t5_2tl7le,1730751493.45972
14,r/alizehshah,890,Celebrity,t5_4axma4,1730751493.482786
15,r/AmericanLeagueEast,890,Welcome to AmericanLeagueEast,t5_37ydy,1730751493.505003
16,r/baelarene,890,Kayla manning fan page Baelarenee,t5_6xh6cv,1730751493.526966
17,r/BhamMarketplace,890,Marketplace and Deals,t5_6jiuu2,1730751493.5491142
18,r/BitBuyCA,890,Crypto,t5_3nrlb,1730751493.57138
19,r/btech,890,Learning and Education,t5_2yoxk,1730751493.5934389
20,r/Coreum,890,Crypto,t5_5izdye,1730751493.614908
21,r/CursedHammer,890,Gaming,t5_2gubip,1730751493.6348789
22,r/eharmony,890,Family and Relationships,t5_2sjd8,1730751493.656084
23,r/Fisk,890,Television,t5_6cm9b7,1730751493.675603
24,r/friedafolk,890,Anime,t5_474s74,1730751493.694881
25,r/gamevaluing,890,"We value video games, controllers and consoles. No plushies, stickers.",t5_2e4j49,1730751493.714466
26,r/GifAlbums,890,Welcome to GifAlbums,t5_32zgy,1730751493.734422
27,r/KaeyasFanClub,890,Gaming,t5_3dm360,1730751493.756624
28,r/LeeHi,890,Celebrity,t5_2vpgf,1730751493.775826
29,r/mansfield,890,Place,t5_2tdy6,1730751493.796948
30,r/MrMint_Official,890,"Your Digital Sandbox in the Web 3.0 Cosmos. Explore, Create, and Transact! #Crypto #MNT #Stepmint #NFTmarketplace #Mintforce Check it out at https://www.mrmint.io",t5_6635uf,1730751493.8169038
31,r/OurLiverpoolFC,890,Podcasts and Streamers,t5_3c99u,1730751493.839011
32,r/PoliticsFacepalm,890,Politics,t5_2vduq,1730751493.859791
33,r/RoastMyIdea,890,"Similar to ""RoastMyStartup"", this is a subreddit for IDEAS. Post your idea, no matter how thought out, and we'll roast it!",t5_3hwyh,1730751493.880471
34,r/singaporefood,890,Food and Drink,t5_3e9wc,1730751493.901472
35,r/somafm,890,Unofficial fan page for soma fm. Visit https://somafm.com/about/,t5_2ygq3,1730751493.922464
36,r/SpiderMan2099,890,"Community for the amazing Spider-Man of the future, Miguel O’Hara, Spider-Man 2099!",t5_32zzr,1730751493.944086
37,r/sundayquiz,890,Tabletop Games,t5_2q9c7c,1730751493.965694
38,r/TampaRavers,890,Music,t5_86p38p,1730751493.987196
39,r/TheFlowers,890,Celebrity,t5_869el1,1730751494.0093818
40,r/ulillillia,890,Podcasts and Streamers,t5_2t12i,1730751494.030525
41,r/waynesworld,890,"The subreddit dedicated to the most excellent and righteous movie out there. Party on, dudes.",t5_2za5n,1730751494.051477
42,r/wesuckatcomforting,890,This is a place for people who suck at comforting other people,t5_2i71dl,1730751494.073121
43,r/YukiNation,890,Internet Culture and Memes,t5_2zcamr,1730751494.096118
44,r/Yunli_HSR,890,Gaming,t5_boo9wv,1730751494.1188219
45,r/zombieassaultofficial,890,Gaming,t5_cfcu3v,1730751494.140425
46,r/bakingpros,889,Food and Drink,t5_529vfj,1730751494.163115
47,r/Bolly_Zapperz,889,Let's Talk & Zap ⚡ for Insta/Bolly/Tolly/Polly/YT/TV/Models & Queens 👑,t5_8zpq3b,1730751494.1861608
48,r/Cagliari,889,Travel,t5_563qvz,1730751494.2071471
49,r/CloudShapes,889,This subreddit is for posting pictures of clouds. But wait! there's more! It's more specifically for determining what the shapes of clouds look like.,t5_2wtpu,1730751494.2296278
50,r/deckbuildinggames,889,Tabletop Games,t5_r3x0v,1730751494.250848
51,r/dogorbear,889,Welcome to dogorbear,t5_67dgrj,1730751494.272043
52,r/EmeraldTreeSkinks,889,Animals and Pets,t5_4fez42,1730751494.2942588
53,r/exMuslimTeenagers,889,"a safe space for teenagers who have left islam to communicate with each other. it's okay if you're nonmuslim and on here, however if you've come on here in attempt to convert anyone please leave. other than that, enjoy your time in this community :)",t5_21o0kr,1730751494.316792
54,r/FBISE,889,Learning and Education,t5_7yeap4,1730751494.3384562
55,r/forumrpgs,889,A community for promoting play-by-post RPGs.,t5_2zybr,1730751494.360717
56,r/Gasteria,889,Home and Garden,t5_270e2l,1730751494.381727
57,r/GatosArgentinos,889,Animals and Pets,t5_93e5oa,1730751494.402772
58,r/HanekawaHasumiBA,889,Hanekawa Hasumi (BA - Blue Archive) Enrolled at Trinity Integrated Academy. She is the Justice Actualization Committee's No. 2,t5_9dlcsz,1730751494.423893
59,r/iHateMagic,889,I hate magic,t5_277q38,1730751494.444982
60,r/IRyS_Vsinger,889,Podcasts and Streamers,t5_4py6j9,1730751494.46617
61,r/Kharghar,889,"Welcome to r/Kharghar, an online hangout for your local area.",t5_2c759t,1730751494.486781
62,r/manekiso03,889,ManekiSoto Tubaesoy,t5_8icn09,1730751494.507825
63,r/MastersDegree,889,Learning and Education,t5_8gfziw,1730751494.529533
64,r/NEguns,889,Mature Themes and Adult Content,t5_3538n,1730751494.550741
65,r/ofscarll,889,Welcome to ofscarll,t5_9taq74,1730751494.573416
66,r/orangelanterns,889,Anime,t5_2yo2n,1730751494.5945501
67,r/OUST,889,"Business, Economics, and Finance",t5_43tkae,1730751494.61413
68,r/PhoenixOS,889,Technology,t5_3bwus,1730751494.6350238
69,r/PrebuiltGamingPC,889,Best Prebuilt Gaming PC Reddit 2022.A place for prospective gaming PC and gaming laptop buyers to get suggestions from people who know the intimate details of the hardware.,t5_55fh6m,1730751494.656415
70,r/totd,889,This a subreddit where anyone is allowed to post any philosophical thoughts towards the reddit community to promote thought-provoking discussions and to give the community of reddit a different view of the world. Posts can be quotes from your favourite people and also thoughts that you have thought yourself. There are weekly threads with varying topics.,t5_2xht6,1730751494.676425
71,r/wagakkiband,889,Music,t5_3kha6,1730751494.697
72,r/aac,888,Technology,t5_2ucyw,1730751494.722481
73,r/AMDRyzen,888,The unofficial community of AMD's Ryzen processors.,t5_3j8dk,1730751494.749322
74,r/badmiifaces,888,Welcome to badmiifaces,t5_9ci1o,1730751494.775823
75,r/bish,888,Music,t5_3errf,1730751494.799768
76,r/cardhunter,888,Gaming,t5_2vb7m,1730751494.822943
77,r/CataclismoRTS,888,Gaming,t5_bfnisc,1730751494.8463302
78,r/CreeperWorld4,888,Gaming,t5_f707s,1730751494.8682911
79,r/Crying,888,"This is r/crying. The home of dacryphilia. A place to post any picture, video, or anything else of a person crying. ~~~~ Dacryphilia (also known as dacrylagnia): A form of paraphilia in which one is aroused by tears or sobbing. ~~~~ You are free to post videos of girls on youtube crying about their dog dying. ~~~~ There are many places to find fresh content, motherless has a lot, tumblr is a gold mine for images. ~~~~ Anything related to crying is welcomed!",t5_2t0zm,1730751494.889621
80,r/DeliveredToDoggos,888,"Photos and videos of dogs receiving mail, befriending delivery people, and posing for photographs.",t5_xg5ty,1730751494.908841
81,r/desibikinis,888,Welcome to desibikinis,t5_6a647k,1730751494.9280908
82,r/Dominions6,888,The 6th game of Illwinter's Dominions series,t5_gkpyt,1730751494.947217
83,r/FraggleRock,888,All things Fraggle Rock.,t5_323nw,1730751494.966476
84,r/freeskate,888,Freeskating forum,t5_357m3,1730751494.985652
85,r/HardwareJams,888,Music,t5_r1eun,1730751495.00458
86,r/HiddenHateCrimes,888,Covering the hate crimes that they don't want you to know.,t5_3ibo4,1730751495.032516
87,r/Himiko_Toga_MHA,888,Anime,t5_4qu5hw,1730751495.070101
88,r/hisomaso,888,Anime,t5_i1jkn,1730751495.1428301
89,r/hunhungrytea,888,hunhungrytea egy tea oldal főként az instagram platformon.,t5_4qmavi,1730751495.2967172
90,r/idleclickinggames,888,Gaming,t5_2yz34,1730751495.3565178
91,r/isabellupian,888,anything related to instagram baddie @isabellupian,t5_59ph7x,1730751495.427683
92,r/LaynaLazar,888,Funny/Humor,t5_5qn940,1730751495.48448
93,r/mumble,888,Technology,t5_2tb6d,1730751495.5317278
94,r/NearTermExtinction,888,"The conclusions of climate change and environmental collapse are a lot closer than you think, a lot worse than you can imagine. This is a place to post news and ask for and offer support in a hospice-like setting. Be civil. Be kind. No shame, no guilt, be loving. No encouragement of suicide or self-harm.",t5_3k6vj,1730751495.5790951
95,r/NinjaSpeedi,888,Welcome to NinjaSpeedi,t5_6whibe,1730751495.625561
96,r/NovaScotiaShooting,888,"This sub was created for constructive discussion of the April 18th - 19th 2020 shooting rampage that took place in rural Nova Scotia, taking 23 lives. https://portapique.carrd.co/",t5_49644y,1730751495.6737568
97,r/ocpp,888,Cars and Motor Vehicles,t5_rezg4,1730751495.706193
98,r/okamoto_sisters,888,Rules 1 No hate speech 2 Keep it legal 3 Don’t post anything that would make us or the okamoto’s uncomfortable. 4 Dont diss them 5 Here to admire the sisters 6 only the sisters,t5_721si8,1730751495.732864
99,r/pinoyproductreviews,888,we are pinoy products connosseurs,t5_7mn5c2,1730751495.754696
100,r/PlanetExplorers,888,"Planet Explorers is an open world voxel based adventure rpg game set on a distant planet. The game uses a new OpenCL system based on the Unity 3D engine to allow players to change the terrain in anyway, create new objects in any form, and do it anywhere.",t5_2uf08,1730751495.776298
101,r/poochons,888,Animals and Pets,t5_362ad,1730751495.799252
102,r/ProduceCamp2020,888,Television,t5_2kuji3,1730751495.823263
103,r/Rasputina,888,Music,t5_2yhlv,1730751495.84755
104,r/revolver,888,A subreddit dedicated to revolvers.,t5_2rtx5,1730751495.873844
105,r/RivalsCrews,888,Gaming,t5_3h3mm,1730751495.896715
106,r/SellingUsedPantyPH,888,Welcome to SellingUsedPantyPH,t5_8i3ocp,1730751495.917054
107,r/shiascholar,888,"We detail Islamic history to show Shi'i theology is True Islam. We also share Shi'i traditions, exegesis, and philosophical works.",t5_8x59e8,1730751495.9369972
108,r/StarFetchers,888,Gaming,t5_2deg1c,1730751495.956852
109,r/Sync,888,Technology,t5_2tzbn,1730751495.975221
110,r/tabatajalilfans,888,El lugar en reddit de nuestra preciosa Tabata Jalil,t5_9nz5tm,1730751495.993872
111,r/TestSubjectTalk,888,Research community,t5_c75n9w,1730751496.012308
112,r/TheDarkBoyWhoLived,888,"Reading, Writing, and Literature",t5_bw23pv,1730751496.0311198
113,r/theleagueofgentlemenn,888,A local subreddit for local people.,t5_2waf98,1730751496.0508978
114,r/thereisnoowl,888,A collection of the best of the best!,t5_35c7b,1730751496.069793
115,r/Vaggie_cult,888,Television,t5_asy8pr,1730751496.088758
116,r/WFPBD,888,"Home of the Whole Food Plant Based Diet (WFPBD)! A whole-food plant-based, low-fat diet could reverse heart disease and diabetes.",t5_c73iwe,1730751496.107714
117,r/WHLHockey,888,Sports,t5_2sw8n,1730751496.126676
118,r/2australian4you,887,Funny/Humor,t5_42ob9i,1730751496.1454458
119,r/350Legend,887,Mature Themes and Adult Content,t5_2vj6rs,1730751496.164094
120,r/3DSPH,887,Redirect to r/NintendoPH for 3DS and other Nintendo topics and discussions.,t5_35bfu,1730751496.182988
121,r/Antonella_roccuzzo07,887,Welcome to Antonella_roccuzzo07,t5_b8svha,1730751496.201787
122,r/BayridgeBrooklyn,887,This subreddit is designed as a forum to discuss anything about Bay Ridge. From its history to its community affairs any type of discussion is welcome.,t5_2x62l,1730751496.220727
123,r/BestTechWorld,887,Welcome to BestTechWorld,t5_asro3c,1730751496.240003
124,r/chicagogaybros,887,Sexual Orientation,t5_b6mef4,1730751496.259084
125,r/CognitionLabs,887,Subreddit about the first AI engineer: Devin,t5_azjt7m,1730751496.2797198
126,r/CroatiaTravelTips,887,Place,t5_ag4pep,1730751496.300668
127,r/DieselNoir,887,Tabletop Games,t5_xztgs,1730751496.3207989
128,r/ds3builds,887,Gaming,t5_3e7nk,1730751496.3403578
129,r/emptygames,887,For those who miss and wish to organise to play a game that is generally inactive nowadays with people who feel the same way.,t5_2zhla,1730751496.3609998
130,r/foodgore,887,"When the food you were about to eat looks like GMO sh*t rather than just ugly. Share gorey food pics, videos, or articles containing them. The food source can be any type, whether straight from the farm or still on it, after going through the kitchen, or the trash he local fast food franchise dumps in a bag for you to take out.",t5_2tpfy,1730751496.3809931
131,r/FrutigerAurora,887,"Frutiger Aurora is a subgenre of Frutiger Aero that focuses on the aurora visual. Auroras display dynamic patterns of brilliant lights that appear as curtains, rays, spirals, or dynamic flickers covering the entire sky.",t5_84dqeq,1730751496.401438
132,r/InBitcoinWeTrust,887,Crypto,t5_28rgi8,1730751496.421536
133,r/inbox,887,Technology,t5_2tstr,1730751496.44116
134,r/instagramCeleb,887,Celebrity,t5_7yyetb,1730751496.460948
135,r/ISurvivedCancer,887,Medical and Mental Health,t5_3fm0w,1730751496.481736
136,r/Keplerth,887,Activism,t5_j8sin,1730751496.501982
137,r/Ladies_of_Letterkenny,887,Celebrity,t5_8tyv1i,1730751496.522271
138,r/MauraMurrayUnbiased,887,Where everyone is welcome to respectfully theorize about what could have happened to Maura Murray.,t5_6h8k85,1730751496.542352
139,r/melbournefalcons,887,Animals and Pets,t5_3oxkn,1730751496.561745
140,r/ModsBr,887,Meta/Reddit,t5_6k8r9p,1730751496.581036
141,r/mondaiji,887,Anime,t5_2wyhu,1730751496.600596
142,r/NewMexicoPolitics,887,"A place to post links and discuss about politics in the Land of Enchantment, with more politics than r/NewMexico and more New Mexico than /r/politics.",t5_3lcre,1730751496.620938
143,r/NoseBreathing,887,A community for habitual mouth breathers making the switch to nose breathing,t5_3j42hb,1730751496.6407418
144,r/OnlyStocks,887,"Business, Economics, and Finance",t5_bxilep,1730751496.6607082
145,r/Para,887,Place,t5_2rdj9,1730751496.680405
146,r/PATENT,887,"A subreddit dedicated to patent law news, discussion, questions, and answers for inventors and patent agents.",t5_2qp5p,1730751496.699695
147,r/peelapapita,887,Funny/Humor,t5_46ozmp,1730751496.718438
148,r/quiltingswap,887,"For quilters to organize quilting swaps, round-robins, block exchanges, etc.",t5_2w5np,1730751496.737704
149,r/Rocio_SanchezAzuara,887,Welcome to Rocio_SanchezAzuara,t5_7mjil0,1730751496.756981
150,r/saltandpepperdiamonds,887,"A place to post about salt and pepper diamonds. Feel free to discuss past or future purchases, learn about salt and peppers, and of course show off your salt and pepper diamond jewelry!",t5_4e6ion,1730751496.77613
151,r/SamePlot,887,Movies,t5_5y9972,1730751496.795252
152,r/Shriners,887,"The Official Subreddit for Shriners International! Supporting our mission of helping Children from Burns and Debilitating Diseases with our 22 hospitals around North America. For over 100 years Shriners Hospitals for Children have been providing specialized care for children with orthopedic, neuromusculoskeletal, cleft lip and palate and burn injuries in a compassionate, family centered environment regardless of the family’s ability to pay. To learn more, visit: http://BeAShrinerNow.com",t5_2vjks,1730751496.814343
153,r/Signum,887,Crypto,t5_3zwnt1,1730751496.833514
154,r/TheETCtalk,887,Crypto,t5_4j7fpu,1730751496.853815
155,r/TheSaviorSubstances,887,"🍷 Kombucha, 🍄 Lion's Mane, 🧉Kava, 🌿 Kratom, 🌿 Cannabis, ✺ Nootropics & 🍄Psilocybin ᴹᶦᶜʳᵒ/ᴹᵉᵍᵃ",t5_op1mz,1730751496.873207
156,r/Toluca,887,Place,t5_2twre,1730751496.892551
157,r/TransBuddhists,887,Religion and Spirituality,t5_qv8mn,1730751496.91168
158,r/Adam4Adam,886,Sexual Orientation,t5_436ocv,1730751496.931008
159,r/babeljs,886,"This is an unofficial, general purpose, community for Babel, the JavaScript compiler.",t5_39929,1730751496.953187
160,r/DOGSRED,886,"""Dogs Red"" by Satoru Noda (Golden Kamuy) starting in Weekly Young Jump issue 35 out on July 27!",t5_8u6poe,1730751496.9791412
161,r/dredg,886,Music,t5_2twmh,1730751496.999258
162,r/fashionmarine,886,Gaming,t5_cme8e5,1730751497.0193138
163,r/generateforme,886,Art,t5_72r2t8,1730751497.039732
164,r/GenshinImpactFanArt,886,Art,t5_38l39b,1730751497.059786
165,r/hayleykarrina,886,Subreddit of Instagram Model Hayley Karrina,t5_6weqvg,1730751497.080092
166,r/hermitlife,886,"/r/hermitlife is the place for all things ragged and rusty. For life outside of the mainstream and alternative living strategies. Everything from sprouting to dumpsterdiving, wool harvesting to leatherwork. Self-sufficiency is the name of the game. I'll warn you now, much of this material will be of the modern monad variety. Mobility and adaptation are key in these tumultuous times.",t5_31j2l,1730751497.1001768
167,r/IAmActuallyVerySmart,886,"For all of those posts where someone thinks they're hot shit for spreading misinformation that they think is truth, then get obliterated by someone actually certified and knowledgeable in that subject.",t5_39m1x,1730751497.1203551
168,r/ImagesOfThe1910s,886,Welcome to ImagesOfThe1910s,t5_3a73v,1730751497.1393878
169,r/jtmachinima,886,"The Home for all JT Machinima, Dynasty, Gaming and Gaming YouTube content!",t5_3aiwv,1730751497.158484
170,r/LitByLightning,886,A place for pictures or videos of places lit only by lighting.,t5_3qzj7d,1730751497.1780019
171,r/MAA2,886,Discuss topics related to Marvel Avengers Alliance 2,t5_3b9s5,1730751497.19678
172,r/MaeveTomalty_,886,Subreddit of posting exclusive Maeve Tomalty pics Rules 1. Don’t post masterbaition videos except if you are doing it to Maeve videos 2. Only post exclusive Maeve pics or videos,t5_8zbmkg,1730751497.216602
173,r/Mark,886,Allahu Markbar!,t5_2qi35,1730751497.235414
174,r/Middleageshistory,886,History,t5_48um7k,1730751497.254246
175,r/MilaVisionsOfficial,886,Welcome to MilaVisionsOfficial,t5_66yy6v,1730751497.273074
176,r/MountainLions,886,"Pics and info regarding the mountain lion, puma, catamount, Florida panther.",t5_2iz9rr,1730751497.291899
177,r/multi_employment,886,Careers,t5_5r23oe,1730751497.3107278
178,r/MurderAtTheCottage,886,Law,t5_4mz4o0,1730751497.329715
179,r/mxroute,886,Technology,t5_rgkod,1730751497.348594
180,r/Rachel_Vargas99,886,Welcome to Rachel_Vargas99,t5_7xi3zu,1730751497.369258
181,r/rcracing,886,"A place for discussion, images, and video of remote controlled racing vehicles.",t5_31qxa,1730751497.388049
182,r/roartheband,886,Music,t5_29oldx,1730751497.407736
183,r/StartupIdeasIndia,886,"Business, Economics, and Finance",t5_3xog5f,1730751497.4273689
184,r/TheSandmanNetflix,886,A place where lovers of the comic and show can come and discuss!,t5_5h5i5d,1730751497.446783
185,r/TheWildAtHeart,886,Gaming,t5_2s56np,1730751497.465674
186,r/theyhavehelmets,886,"A helmet keeps you safe, right? That's what all these people thought too...",t5_2699rn,1730751497.485282
187,r/trisquel,886,Welcome to trisquel,t5_2se6a,1730751497.504791
188,r/unexpectedbrotherbear,886,well. its here now,t5_3mopb,1730751497.5237172
189,r/vitpune,886,Learning and Education,t5_5nsj5k,1730751497.543094
190,r/whomgore,886,Whomst'd've's'nd.....,t5_3lklj,1730751497.5625558
191,r/wickededge,886,Welcome to wickededge,t5_5whl3a,1730751497.582165
192,r/BurlesqueBeauties,885,Mature Themes and Adult Content,t5_9jqlh3,1730751497.601526
193,r/CarlaCojocari,885,"Pagina sobre Carla, influencer española. No soy Carla!",t5_7xjatw,1730751497.620897
194,r/CellularGoods,885,"Business, Economics, and Finance",t5_3znehr,1730751497.7642539
195,r/Coronavirus_NC,885,"This is a community tracking news about the Coronavirus in North Carolina, United States.",t5_2guhf0,1730751497.959025
196,r/DadRules,885,Rules made by dad's whether it's fair or not,t5_2sso3z,1730751497.9927292
197,r/diycrafts,885,"Get inspired to do things yourself with decoration ideas, duct-tape crafts, costume how-to's and other creative hand-crafts from around the web.",t5_lwmgx,1730751498.014844
198,r/drsales,885,Marketplace and Deals,t5_38hid,1730751498.034826
199,r/Exhaust,885,Cars and Motor Vehicles,t5_31q41,1730751498.054336
200,r/flarepant4,885,Only flarepants and twerking video and clapping videos 🍑exclusive content,t5_68khq5,1730751498.0744882
201,r/gafespolitica,885,Politics,t5_9m97sk,1730751498.094433
202,r/GroomersCorner,885,Careers,t5_3n89l,1730751498.114005
203,r/jayandsharon,885,Funny/Humor,t5_4shgd2,1730751498.133749
204,r/kibbecjdiscussion,885,Fashion,t5_709i9k,1730751498.1536121
205,r/LakeElsinore,885,Place,t5_2z5e4,1730751498.1730518
206,r/MaidOutfit,885,Fashion,t5_2v5gis,1730751498.192574
207,r/PhonkHouse,885,Music,t5_51wu2b,1730751498.212158
208,r/PikminBloommemes,885,Gaming,t5_58uqh9,1730751498.2315369
209,r/Rime,885,Gaming,t5_2y9k1,1730751498.250487
210,r/rolandspecial,885,"A place to share your Roland Special build pictures and build list! All platforms and components accepted! Just remember comp, red dot, trigger, light, magwell. Help us develop Chuck Pressburg’s design.",t5_3bvph4,1730751498.27002
211,r/SlugterraMemes,885,Internet Culture and Memes,t5_3l0n3e,1730751498.289352
212,r/southernrock,885,Southern Rock,t5_2t3cq,1730751498.3094249
213,r/StreamFails,885,A place to share stream fails.,t5_3bvoj,1730751498.330241
214,r/tonyhawkproblems,885,The type of problems that seem to be applicable to only Tony Hawk,t5_zqt29,1730751498.3508391
215,r/ultimategifs,885,Post your favorite Ultimate Frisbee gifs here.,t5_32c3o,1730751498.372046
216,r/VirginSquad,885,Mature Themes and Adult Content,t5_z3yir,1730751498.392569
217,r/ZimbabweDiaspora,885,Place,t5_6rhzn2,1730751498.4118888
218,r/BPDandCHILL,884,Official subreddit for BPD and Chill,t5_hoa40,1730751498.431158
219,r/Catonsville,884,Welcome to Catonsville,t5_2sfmc,1730751498.450659
220,r/CockroachDB,884,Programming,t5_34jcf,1730751498.469847
221,r/cunny,884,This is a meme subreddit please don't post any sexual content.,t5_2wmwo,1730751498.496833
222,r/DragontwinGame,884,Gaming,t5_bk92be,1730751498.517047
223,r/FDSignifier,884,Unofficial subreddit for F.D Signifier,t5_4z429x,1730751498.5379882
224,r/Gameshark,884,Gaming,t5_2uv9k,1730751498.5573912
225,r/Hebrides,884,A subreddit dedicated to the Outer Hebridean islands of Scotland.,t5_31i1l,1730751498.577802
226,r/Highpoint,884,"A reddit community for those who live in and around High Point, NC.",t5_31smw,1730751498.597261
227,r/IdiotsFightingIdiots,884,Welcome to IdiotsFightingIdiots,t5_2zon6,1730751498.616479
228,r/initialdmemes,884,A Subreddit about Initial D memes.,t5_23isyb,1730751498.636408
229,r/Junxions,884,Gaming,t5_b8hcjj,1730751498.656428
230,r/Octavia,884,Welcome to Octavia,t5_2qzdh,1730751498.677309
231,r/OKgamers,884,"OKgamers is a place for other gamers in Oklahoma to get together and play their games, whether it be video games, table top, or ccg. We are here to support and help out with any and all gamer needs in the state of Oklahoma.",t5_2uh2c,1730751498.6984909
232,r/OwOWhatsThis,884,OwO What's This?,t5_3g0n8,1730751498.719041
233,r/PickMeAPhone,884,Technology,t5_2zexj,1730751498.739949
234,r/rachaelharris,884,Welcome to rachaelharris,t5_6tnuux,1730751498.759868
235,r/refcode,884,Crypto,t5_5wrpoa,1730751498.779043
236,r/soliuminfernum,884,Gaming,t5_2rgek,1730751498.798541
237,r/SophieSkelton,884,Brianna on Outlander!,t5_rkd8o,1730751498.817769
238,r/Tattoo_NYC,884,Art,t5_3h2fmv,1730751498.836371
239,r/TheWhyFilesUncensored,884,Podcasts and Streamers,t5_bg457z,1730751498.855707
240,r/tidab,884,"Today I Dodged a Bullet is a subreddit dedicated to stories about those of us that have dodged a bullet, whether it be with dates, bad customers, etc.",t5_2ysrb,1730751498.87479
241,r/TikTokStreamers,884,Celebrity,t5_aur2vn,1730751498.894308
242,r/TwoXBookClub,884,Welcome to TwoXBookClub,t5_31s9q,1730751498.914728
243,r/WTT_graduates,884,Family and Relationships,t5_3eo5u,1730751498.935145
244,r/ActualJRE,883,r/joerogan has been taken over by constant anti-JR posts. This sub filters out the bots and troll farm accounts that have infested that sub. This is a place for fans of The Joe Rogan Experience,t5_56y9bl,1730751498.95617
245,r/archiesonic,883,"This community made with the intent of sharing memes, moments or fan art connected to the Archie Sonic universe",t5_2tdzm,1730751498.977325
246,r/AudiA4B8,883,Discussion Forum relating to the Audi A4 B8 (2007-2015).,t5_2sjyvk,1730751498.998218
247,r/B58Enthusiasts,883,A place for all B58 owners/admirers to share content!,t5_5i5lre,1730751499.019016
248,r/BroscienceLife,883,Podcasts and Streamers,t5_312r3,1730751499.038789
249,r/CatsWithSigns,883,A place to shame/prank/troll your cats with signs.,t5_3obmx,1730751499.0579321
