,subreddit,subscribers,topic,subreddit_id,scraped_utc
0,r/CannabisNewsOnline,869,This sub is strictly for news about cannabis. Anything that is not cannabis news will be removed.,t5_3kd0p,1730751558.7657652
1,r/catears,869,Animals and Pets,t5_2znn3,1730751558.791445
2,r/clubbrugge,869,Sports,t5_2vi8d,1730751558.816843
3,r/cornelwest,869,"Dedicated to Cornel West. Feel free to engage in dialog regarding his published works, his activism or anything else related to 'Brother West'. Keep it funky.",t5_2tyf7,1730751558.8387468
4,r/EastAsianBabes,869,"Welcome to EastAsianBabes, the subbredit for posting the beautiful and Sexy women of East Asia. This is an NSFW sub, but nudity is not necessary, so women in bikinis are allowed. Anything that is not safe for work is allowed",t5_akdkh4,1730751558.859751
5,r/fut_evos,869,Gaming,t5_aksu34,1730751558.895176
6,r/gmerica,869,"Business, Economics, and Finance",t5_4r1kz4,1730751558.9164329
7,r/GrowingGrey,869,Beauty and Makeup,t5_2jrkyj,1730751558.938069
8,r/hauntedobjectspod,869,Podcasts and Streamers,t5_7ap59t,1730751558.9608781
9,r/heart_memes,869,Memes with tons of emoji hearts in them 🤗 ❤️💙❤️💙❤️💙❤️💙❤️,t5_ua7xe,1730751558.984384
10,r/Irishdefenceforces,869,Military,t5_21u04x,1730751559.079318
11,r/istok,869,"Culture, Race, and Ethnicity",t5_541rtv,1730751559.102101
12,r/killanimegokusolos,869,Meta/Reddit,t5_bxqr1z,1730751559.149367
13,r/Man_Chat,869,Gender,t5_82sjb8,1730751559.171533
14,r/mickeymouse,869,Movies,t5_2r37x,1730751559.193129
15,r/Microfarm,869,Home and Garden,t5_2g5h3k,1730751559.218679
16,r/noraroberts,869,"Reading, Writing, and Literature",t5_3a3wq,1730751559.242118
17,r/OldSchoolVinyl,869,Music,t5_2pw109,1730751559.262797
18,r/opalcamera,869,Technology,t5_50klgr,1730751559.282905
19,r/Pendergast,869,"Reading, Writing, and Literature",t5_2whau,1730751559.302361
20,r/rest,869,Welcome to rest,t5_2qmms,1730751559.3237739
21,r/reverseikea,869,"IKEA is difficult for some people, sometimes it doesn’t go as planned. Sometimes it’s just a mess, and sometimes it ends up broken.",t5_629uc1,1730751559.347114
22,r/Rovercraft_official,869,Gaming,t5_2gxnvw,1730751559.368408
23,r/SkinnyFat,869,Fitness and Nutrition,t5_5cgnt7,1730751559.390112
24,r/straightsasklgbt,869,Sexual Orientation,t5_2w39op,1730751559.4120378
25,r/SurvivalWeapons,869,"A place to share and discuss ideas relating to weapons, survival and personal defense. From self-defense knife techniques, to choosing the best rifles in the inevitable zombie invasion, this is the place to offer your opinion and learn from others",t5_2wq2l,1730751559.434968
26,r/TomLehrer,869,Welcome to TomLehrer,t5_35axn,1730751559.459989
27,r/true,869,"Things that are technically true, obviously true, barely true, or simply factual.",t5_2s5yz,1730751559.4822662
28,r/uptempo,869,"Uptempo IS the TEMPO! A place for anything and everything uptempo, adjacent genres are also fine.",t5_3fq42,1730751559.503436
29,r/6DoF,868,"This subreddit is for sharing 6DoF photos and videos, and upcoming 6DoF film tech. Right now, these should be equirectangular 360 images in the Color-on-Top-Depth-on-Bottom format, suitable for playback in Pseudoscience 6DoF Viewer.",t5_3ie3v,1730751559.524947
30,r/Amagami,868,Anime,t5_2vlre,1730751559.548227
31,r/American_Kenpo,868,Welcome to American_Kenpo,t5_2tq5l,1730751559.569546
32,r/bennington,868,Place,t5_2st2e,1730751559.5908139
33,r/CanadianFilm,868,"A forum featuring Canadian Film. News, updates, reviews and links to Canadian Film and productions set in Canada.",t5_2sf42,1730751559.612703
34,r/catjanice,868,Music,t5_avxraf,1730751559.63396
35,r/chicagoskating,868,"Hangout spot for Chicago roller skaters, rollerbladers, and ice skaters.",t5_7gk1c2,1730751559.655523
36,r/CuttingEdgeMetal,868,Music,t5_56bxiw,1730751559.6777558
37,r/dangerincorporated,868,Music,t5_3lj05,1730751559.6986198
38,r/dellxps13,868,"A community to share and discuss news, updates, issues, and any topic related to the popular Dell XPS 13 series.",t5_38zo6,1730751559.71964
39,r/DestinyErisMornPostin,868,Gaming,t5_4qnf19,1730751559.740837
40,r/DisneylandMagicKey,868,Travel,t5_4v4559,1730751559.7624881
41,r/dogeservice,868,Welcome to /r/dogeservice! Here you can buy and sell **services** with dogecoins.,t5_2zhag,1730751559.784203
42,r/DoomerLiterature,868,"Welcome to r/DoomerLiterature. The place for Doomers to share and discuss all forms of literature (poetry, novels, short stories, philosophy, creative writing, etc.) including original writing from members of the community.",t5_3a7s3f,1730751559.8058062
43,r/Evaluation,868,"Articles, discussion and more related to the field(s) of program evaluation and systems evaluation.",t5_2x137,1730751559.8262331
44,r/fl0ck,868,Internet Culture and Memes,t5_226rlh,1730751559.846584
45,r/gloomybear,868,"Subreddit community for the discussion, trade, and sale of Gloomy Bear plushies and merchandise.",t5_2g1f58,1730751559.8662112
46,r/GoogleShopping,868,"Business, Economics, and Finance",t5_3eu5r,1730751559.886146
47,r/HueningBahiyyih,868,Music,t5_58sc97,1730751559.905945
48,r/mia_queen,868,"Dedicated to (former) porn star turn guidance counselor/holistic healer, Shae Summers",t5_6s2whj,1730751559.925919
49,r/minishcap,868,Gaming,t5_hr2em,1730751559.9447522
50,r/mynodebtc,868,Crypto,t5_295egp,1730751559.9628081
51,r/NewsYouShouldKnow,868,The media isn't all that great at telling you the news you need to know about. This subreddit is designed for all the interesting news you *should* know.,t5_3d9yy,1730751559.981882
52,r/nicmccool,868,"This is a repository of sorts for my stories. If you found your way here, welcome. If you have comments or questions feel free to type away. I can't guarantee I'll answer them all to your liking.",t5_30w6a,1730751560.0006368
53,r/nothowthatworks,868,nothowthatworks,t5_3gs23,1730751560.019556
54,r/Oatly,868,"Wow, no cow! The subreddit for all Oatly products!",t5_hhki0,1730751560.0386271
55,r/Official_S23FE,868,Technology,t5_9c6m7t,1730751560.057699
56,r/OldTimeHockey,868,A fantasy hockey super-league comprised of 220+ teams sorted into 16 leagues across 4 divisions!,t5_2w0zz,1730751560.076437
57,r/PhotographyDeals,868,Deals for Photograpers/Videographers,t5_390x3,1730751560.0969222
58,r/Ponsee__,868,A place for users to discuss and post content related to Ponsée Saa.,t5_5en77r,1730751560.115974
59,r/Punline,868,"As a pun lover I really enjoy seeing a thread of puns! If you ever see a line or thread of puns, share them here!",t5_2kojie,1730751560.135081
60,r/realfights,868,Real fight videos,t5_3ir77,1730751560.155436
61,r/RECrowdfunding,868,"This subreddit is for Real Estate Crowdfunding articles and discussions. Real Estate Crowdfunding is the collective effort of individuals who network and pool their money, usually via the Internet, to support real estate investment efforts initiated by other people or organizations.",t5_2xtat,1730751560.1770968
62,r/roDividende,868,"Business, Economics, and Finance",t5_798o64,1730751560.198001
63,r/rozenmaiden,868,Anime,t5_2uss2,1730751560.218841
64,r/Southpasadena,868,"South Pasadena, California",t5_2vi25,1730751560.239954
65,r/StarWarsADroidStory,868,Movies,t5_3jjfby,1730751560.262218
66,r/strongpetite,868,Welcome to strongpetite,t5_993cwq,1730751560.2832398
67,r/TapetoTape,868,Gaming,t5_4eqm5g,1730751560.305006
68,r/TheState,868,Television,t5_2u5jj,1730751560.326839
69,r/TWINGO,868,Cars and Motor Vehicles,t5_3a9d8,1730751560.348178
70,r/WorldRecordPodcast,868,Podcasts and Streamers,t5_2eczhv,1730751560.369397
71,r/AOTRevolution,867,Gaming,t5_bmw4r8,1730751560.390643
72,r/appwrite,867,Programming,t5_2vt7yn,1730751560.4121861
73,r/AskPepper,867,Use this subreddit to ask questions about peppers and products to the rest of the pepperhead community.,t5_2w30c,1730751560.4333172
74,r/beatport,867,Music,t5_2uztz,1730751560.4547489
75,r/CaptivePrince,867,Hobbies,t5_3lv5m,1730751560.476723
76,r/CastleMinerZ,867,Gaming,t5_2t6l2,1730751560.498245
77,r/ClownHusbandry,867,Animals and Pets,t5_30qyyz,1730751560.520104
78,r/CMB,867,The Internet's Halftime Show. Featuring news and videos from collegiate marching bands across the nation. Band Atten Hut!,t5_33q5v,1730751560.541593
79,r/CondorDave,867,Trauma Support,t5_3javgz,1730751560.5630012
80,r/dota2castit,867,"Dota2castit is a place for up and coming gamers to join together with up and coming casters. New commentators often struggle with finding quality games, and many players love to see their match in the spotlight. If you have an awesome game and you post it here (without spoilers please) an amateur caster can pick it up and run with it!",t5_2vde6,1730751560.584162
81,r/freehugsbf3,867,Welcome to freehugsbf3,t5_2tw2p,1730751560.607102
82,r/gout_and_diet,867,"People who suffer from gout can discuss diet here without being badgered. Very few people can control their gout and uric acid via diet alone, but some might, and some others may be able to reduce medication needs with dietary changes, if they so desire. This is about choice. We give people information and let them decide how to manage their own health. Supplements are not food/diet, and none are scientifically proven to work.",t5_5rhz67,1730751560.628948
83,r/hopalong,867,Music,t5_2wwf6,1730751560.650291
84,r/howitsmade_gifs,867,"The informative show we all know and love, now in gif form.",t5_379ww,1730751560.671246
85,r/HxH,867,"Anything Hunter x Hunter related. Memes, shitposts, chapter discussion, and fan art are all welcome.",t5_2spu8,1730751560.6929889
86,r/iamferrer_hot,867,Welcome to iamferrer_hot,t5_9tnp4k,1730751560.7137148
87,r/JamalCantrell,867,Subreddit dedicated to England tour of India 2021,t5_3exonc,1730751560.733548
88,r/LendingLoop,867,"Business, Economics, and Finance",t5_3a230,1730751560.752766
89,r/NijiForums,867,Podcasts and Streamers,t5_5sg4up,1730751560.771872
90,r/pirateironycentral,867,Funny/Humor,t5_8539ee,1730751560.790924
91,r/PlasmaTV,867,Technology,t5_xyunr,1730751560.809933
92,r/RealEstateToronto,867,"Welcome to Toronto real estate forum where we share the latest trends, positive and negative factors affecting the real estate market in Toronto and the surrounding areas . https://www.localtoronto.com/",t5_3by7d,1730751560.828761
93,r/Revature,867,Careers,t5_3k7en,1730751560.847656
94,r/Securitysystems,867,Home and Garden,t5_2slv8,1730751560.8667269
95,r/SexMagicGW,867,Mature Themes and Adult Content,t5_5cz0oa,1730751560.885546
96,r/sillylinguistics,867,"Silly Linguistics is the group to discuss, post and laugh about funny language jokes and memes, as well as funny videos or links! A good sense of humor is required! Visit sillylinguistics.com where we live on the silly side of life",t5_3b1bm,1730751560.904403
97,r/SocialTactics,867,"Business, Economics, and Finance",t5_bnmiw5,1730751560.923442
98,r/SpeedrunStrats,867,"When people use speedrunning terms for random stuff, or for meme speedruns",t5_2gekv1,1730751560.9426188
99,r/TalesFromGrandparents,867,A place to share all of those amazing stories from your grandparents,t5_102gu9,1730751560.961977
100,r/TheNewUniverse,867,"A subreddit for all marvel memers, especially those who are Children of Thanos, to share the best marvel related memes.",t5_10g1fc,1730751560.9807382
101,r/ThePsychicConnect,867,Religion and Spirituality,t5_2br9i6,1730751560.999548
102,r/therealshuj0ka,867,Podcasts and Streamers,t5_barkby,1730751561.018411
103,r/torideal2,867,Celebrity,t5_aotjet,1730751561.037247
104,r/trumanshow,867,Movies,t5_2srrh,1730751561.056287
105,r/undergroundhhh,867,"for the hip-hop head with their ear to the ground, with everything from the soundcloud giants of g59 and gbc to the next big thing with a handful of fans",t5_3ovv1,1730751561.077429
106,r/warpath,867,Tabletop Games,t5_2slva,1730751561.099527
107,r/youredoingitwrong,867,Showcasing people doing things wrong,t5_30dgt,1730751561.120888
108,r/2016Elections,866,"For news and discussion of the candidates running for election in the US 2016 House of Representatives, Senate, gubernatorial and Presidential races. Feel free to post any topics relating to the election, or politics surrounding 2016 in general.",t5_2sxe7,1730751561.142186
109,r/AnimalsBeingHuman,866,"A place for sharing videos, gifs, and images of animals being human.",t5_2yanx,1730751561.163933
110,r/DayOfWrath,866,Gaming,t5_7n6970,1730751561.1851861
111,r/DWX,866,Mature Themes and Adult Content,t5_4x916n,1730751561.2067971
112,r/elks,866,Activism,t5_2ycxk,1730751561.2287202
113,r/emefka,866,"⚠️Subreddit k portálu EMEFKA.sk⚠️ Máš vtipnú foto, ktorá je hodná meme? Vytvoril si meme a nevieš kam s ním? Akýkoľvek meme stuff či zaujímavý príspevok smeruj sem a podeľ sa s našou komunitou :) Najlepšie príspevky poputujú na naše sociálne siete. ⚠️SPAM = BAN⚠️",t5_1xl2jm,1730751561.250012
114,r/FIG_employees,866,Careers,t5_9flxvk,1730751561.272135
115,r/GoingToHeavenForThis,866,"This is your paradise for posting anything that gives you the warm, fuzzy feeling inside. Let your inner-harmony flourish, and in the process boost your chances of being rewarded into eternal salvation in the blissful clouds of heaven. ♩ ♪ ♫",t5_2u7ye,1730751561.295512
116,r/GrahamNorton,866,A subreddit to discuss all things Graham Norton,t5_3153r,1730751561.316483
117,r/HQhomebrew,866,Gaming,t5_69mlxr,1730751561.33826
118,r/justgotosleep,866,Welcome to justgotosleep,t5_2ubx5,1730751561.359804
119,r/lightjokes,866,"Hello all! Welcome to r/lightjokes, a part of the r/JokesHQ community! Light jokes are jokes that give the reader a sense of joy, something you might hear on r/wholesome.",t5_hdyb5,1730751561.380789
120,r/organicsignals,866,"Granular synthesis, field recording samples, conceptual themes and hi-def visuals combined to form curious musical entities.",t5_3albn,1730751561.4021819
121,r/playfoamstars,866,Gaming,t5_8gpdsv,1730751561.423535
122,r/ReneGuenon,866,Ethics and Philosophy,t5_5nht4g,1730751561.4454038
123,r/sexual_alchemy,866,"Exploring ways to make sexuality more fulfilling and less draining, more human and less animalistic. Seeking to find a middle way between total restraint and uncontrolled hedonism. Themes: energy work, transmutation, SR, energy orgasm, NEO, multiorgasmicness, porn addiction, manifestation, magick and similar.",t5_96x0ti,1730751561.466463
124,r/Slipcasting,866,"Ceramics focused on slip casting. Using plaster molds and slip to create ceramic pieces. Pouring, opening, cutting, attaching, cleaning, firing, painting, and/ or glazing your pieces. Hopefully another place to learn some more about ceramics but more importantly ones that use molds and slip (awesome if you also attach hand built pieces to or from pieces that came from a mold as well).",t5_3njps3,1730751561.487596
125,r/Slippi,866,Gaming,t5_2z42oz,1730751561.509438
126,r/SpaceCrew,866,Gaming,t5_32pwd,1730751561.530495
127,r/studypartner,866,Learning and Education,t5_uh81w,1730751561.551779
128,r/survivorredditorgs,866,"r/survivorredditorgs (often abbreviated to SRORG) was created on August 28, 2016, and is the oldest running Survivor ORG on Reddit. Since then, we have had over 50 seasons and have amassed over 500 alumni. We're currently on our 56th season, Namaqua! We'd love to have you play!",t5_3g2c3,1730751561.573313
129,r/Totk_Weapon_Fuse,866,Show the Best weapon Fuse you made,t5_8f60dc,1730751561.595169
130,r/TygerBootyFetish,866,"Ultimate tribute subreddit for the late, irresistible #IamTyger. PhatAssWhiteGirl doesn't begin to describe the amount of ass this analtease has. I've had an anal fetish with her since I seen her Detroit colors 'STRAIGHT STUNTIN' spread. Feel free to post any content you have, as I have a large collection but now her content is considered RARE since she has passed last year. Please contribute.",t5_70aylh,1730751561.6167529
131,r/waterfilter,866,Let's get your water clean.,t5_39pv2,1730751561.639431
132,r/WhatSoNot,866,Music,t5_2z95u,1730751561.661588
133,r/Xiaomi_14,866,Technology,t5_b7ao08,1730751561.6823092
134,r/Zenith,866,/r/Zenith - The upcoming fantasy sci-fi VRMMO from RamenVR.,t5_2xj1y,1730751561.7034318
135,r/8bitmusic,865,Post the best 8-bit music around!,t5_2uxog,1730751561.724635
136,r/AppleOneSubscription,865,Technology,t5_34kkul,1730751561.745109
137,r/ArmchairDetectives,865,A subreddit for online armchair detectives who want to aide law enforcement by progressing to help solve active investigations.,t5_hx4le,1730751561.765876
138,r/BadFightScenes,865,Movies,t5_11otr4,1730751561.786933
139,r/BattleGamein5Seconds,865,Anime,t5_4plkbl,1730751561.807439
140,r/BrazilianMiku,865,Music,t5_cb15kn,1730751561.829022
141,r/CaboSanLucasBCS,865,Place,t5_40gbmm,1730751561.848994
142,r/casualqueen,865,only for cute killer queen,t5_16tgjr,1730751561.868973
143,r/conlangphonologies,865,"Since r/conlangs doesn't usually allow just phoneme inventories, you can post them here. Feel free to come join our Discord server: https://discord.gg/ZZ36ycYdyx",t5_248c3x,1730751561.888339
144,r/Crosstrading_cows,865,Gaming,t5_3hrzcf,1730751561.907969
145,r/DaniellaShutov,865,WAKO Kickboxing World Champion 2018,t5_3rojnj,1730751561.927453
146,r/DreamDeepHouse,865,Music,t5_3513ii,1730751561.946933
147,r/EvaVlaardingerbroek,865,Dedicated to the beautiful Dutch reporter/philosopher.,t5_5pjbxs,1730751561.966717
148,r/ferrisbueller,865,Anything Ferris Bueller,t5_36tyt,1730751561.986347
149,r/GoatPunishment,865,Music,t5_uyq61,1730751562.00439
150,r/GriseldaRecords,865,Music,t5_2jbia0,1730751562.022453
151,r/h1bfinance,865,"Business, Economics, and Finance",t5_61hh5h,1730751562.041481
152,r/hiphoptuga,865,Hip hop Português!,t5_31tft,1730751562.0602071
153,r/housingcrisis,865,"Business, Economics, and Finance",t5_39yrn,1730751562.07906
154,r/IdleMagicSchool,865,Gaming,t5_50au75,1730751562.098279
155,r/jawharp,865,Music,t5_33l5n,1730751562.1174772
156,r/juliaheetman2,865,"Geen text, of links dit kan resulteren tot ban/mute. Alleen posts reposten van 200 dagen of ouder. Houd het netjes. (Zoals: vragen om fap etc.)",t5_6q241a,1730751562.137256
157,r/LabourPartyUK,865,Politics,t5_2tsq2,1730751562.1564548
158,r/MadalenaAragao,865,Community dedicated to Madalena Aragão.,t5_896qd4,1730751562.175424
159,r/men_in_skirts,865,Gender,t5_ac2sf8,1730751562.194127
160,r/MiddletownOhio,865,It Happened in Middletown,t5_2t66x,1730751562.2128892
161,r/ModShare,865,"The spiritual successor to modpiracy, but with a lack of piracy",t5_2ddhfv,1730751562.231821
162,r/monkytime,865,Internet Culture and Memes,t5_131k2p,1730751562.250485
163,r/mordhau_memes,865,Mordhau meme images/circlejerk. Anything with marox photoshopped gets extra points.,t5_3jwmc,1730751562.270504
164,r/NadiaJocelyn,865,Welcome to NadiaJocelyn,t5_cdugcx,1730751562.291561
165,r/OkBuddyChocobo,865,Gaming,t5_39u5me,1730751562.312659
166,r/philipglass,865,"Classical, repetitive, minimalist composer [Philip Glass](https://en.wikipedia.org/wiki/Philip_Glass).",t5_2zuu0,1730751562.3332329
167,r/ShaniaTwain,865,Music,t5_3615x,1730751562.354383
168,r/SuddenlyChess,865,Funny/Humor,t5_41tzy5,1730751562.375781
169,r/TheCoffeys,865,"An appreciation sub for the gorgeous Coffey sisters, Kate, Olivia and Sophie.",t5_78c1ki,1730751562.396822
170,r/TradeCrossing,865,Gaming,t5_3b739q,1730751562.4169118
171,r/UncleIrohQuotes,865,quotes from Uncle Iroh!,t5_2kthhj,1730751562.436639
172,r/UniversityOfAberdeen,865,Learning and Education,t5_2tim4,1730751562.457995
173,r/UpfrontCheaters,865,Family and Relationships,t5_8sjbry,1730751562.479499
174,r/3dcoat,864,Subreddit devoted to 3D Coat users.,t5_35ydz,1730751562.500642
175,r/AITFOAT,864,"R/AITA, but Reddit determines if you are “a fool of a took.” A perfect place for all your hobbit-related conflicts.",t5_8c9fdy,1730751562.5223649
176,r/ASCE,864,"The American Society of Civil Engineers represents more than 150,000 members of the civil engineering profession in 177 countries. Founded in 1852, ASCE is the nation’s oldest engineering society. ASCE stands at the forefront of a profession that plans, designs, constructs, and operates society’s economic and social engine – the built environment – while protecting and restoring the natural environment.",t5_2wjkp,1730751562.544279
177,r/bluegrassbanjo,864,Music,t5_2vu14,1730751562.565073
178,r/blurrypicturesofbuns,864,Bunnies doing very fast zoomies,t5_j21rx,1730751562.586257
179,r/CinemaeTVItalia,864,Movies,t5_3f27g,1730751562.607624
180,r/CivilWarMovie,864,Movies,t5_aeekt9,1730751562.63008
181,r/clonetroopers,864,Movies,t5_382c1,1730751562.651204
182,r/CoronavirusWAData,864,Science,t5_4s5wgu,1730751562.670618
183,r/DFWdiscgolf,864,A place for DFW area disc golfers to share local events and meetup with other disc golfers locally or from out of town.,t5_37ifm,1730751562.6896791
184,r/DontWasteCalories,864,Food and Drink,t5_236d12,1730751562.709036
185,r/FairbairnFilms,864,Podcasts and Streamers,t5_28mln9,1730751562.7282891
186,r/Firestickers,864,"This subreddit is for recommending/discussing all online entertainment options in streaming form. Exchange ideas about new series, films and live streams or your favorite streaming platform.",t5_c8s20k,1730751562.747545
187,r/FrMikeBibleinaYear,864,Podcasts and Streamers,t5_3nm1yq,1730751562.766728
188,r/Games4Pi,864,Marketplace and Deals,t5_7m4hr7,1730751562.785835
189,r/Heavy_Equipment,864,Careers,t5_2tb1p,1730751562.804967
190,r/jimmypage,864,Music,t5_2vv1x,1730751562.824137
191,r/KellyRohrbachHot,864,KellyRohrbach,t5_3x6xpm,1730751562.8429482
192,r/KenFollett,864,"Reading, Writing, and Literature",t5_2mklih,1730751562.86199
193,r/luckynarasmithsnark,864,"Just a humble place to snark on the beautiful but ✨strange✨Nara Smith and her husband Lucky Blue. Please keep any & all anti-black comments to yourself. Respect the privacy of their children as far as they do (no face, no case).",t5_aw5oom,1730751562.8811069
194,r/medFire,864,For healthcare professionals who left or are planning to leave the medical field and pursue an alternate way of financial independance,t5_6im0xm,1730751562.900418
195,r/Mintdiscs,864,Hobbies,t5_3y7k8j,1730751562.919311
196,r/mmjsavings,864,"PA MMJ DISCOUNT DEPO! Thanks for joining!! This is a place where everyone can post their discounts in the mmj program across all of Pennsylvania!!! The more the merrier so share the hell out of this page. Post your haul and the savings that came along with it cause hell, who wants to pay full price for medicine.",t5_55za3d,1730751562.93837
197,r/MomazosEnEspanol,864,"Momos en español, no se ecuentran mucho aqui en reddit.",t5_uwbgv,1730751562.957502
198,r/mspainttoday,864,Welcome to mspainttoday,t5_2r5di,1730751562.9766662
199,r/ngs,864,Next Generation Sequencing describes modern technology to sequence DNA and RNA,t5_2tgd9,1730751562.9956858
200,r/noncredibleukpolitics,864,Politics,t5_bkuf61,1730751563.016135
201,r/NYCApartmentHunting,864,This sub-reddit is dedicated to questions related to NYC apartments,t5_3fxis,1730751563.036653
202,r/OCGN2,864,"Business, Economics, and Finance",t5_3xdjhm,1730751563.057687
203,r/pci,864,Have questions or answers regarding PCI compliance? Come to where QSAs lurk and discuss PCI and how to make sure your payment card data is secure!,t5_2rnpz,1730751563.079168
204,r/PecosHank,864,Science,t5_12pc28,1730751563.1006458
205,r/podmeetsworldpodcast,864,Podcasts and Streamers,t5_7r58ac,1730751563.121514
206,r/Pueblo_Colorado,864,The 1980s film Curse of the Blue Lights was set in Pueblo and was filmed on location.,t5_3fugu,1730751563.1440058
207,r/rollercoastercontests,864,Hosting contests in RollerCoaster Tycoon and other coaster sims.,t5_2txf7,1730751563.1675
208,r/simp_jennie_kim,864,Simping And Bias On Kim Jennie,t5_4i4f6u,1730751563.189645
209,r/SLBMLQ,864,"A subreddit dedicated to the Season 3 queen from Back Swamp, North Carolina, Stacy Layne Matthews Lattisaw Q.",t5_3a2zl,1730751563.2150578
210,r/studyblrs,864,"Tips, tricks, motivation, mixes, help and more things to do with study!",t5_38p2f,1730751563.2391858
211,r/unket_2,864,Det här är det nya unket subredditen för att den andra las ner (vi är inte skapare av den orginella subredditen),t5_8dwe6y,1730751563.261038
212,r/UsefulLesbians,864,Family and Relationships,t5_2bpeia,1730751563.282919
213,r/Weedwork,864,Where wood working meets pot smoking,t5_2b6hko,1730751563.304014
214,r/WhyWouldYouDoThat,864,What were you thinking? Why would you do that?,t5_330wi,1730751563.325936
215,r/YouTubeFarsi,864,Hobbies,t5_3oxcox,1730751563.347529
216,r/1stAmendment,863,"You may post anything here as long as it does not violate US law or sitewide rules. All your memes, rants, pictures, videos, questions etc. When no other subreddit will accept you, /r/1stAmendment is there for you",t5_39a8w,1730751563.368842
217,r/BaseballbytheNumbers,863,Gaming,t5_j9g65,1730751563.390121
218,r/celestia,863,"Just like r/mylittlepony, but without all that superfluous non-Celestia content.",t5_2tkcg,1730751563.4115908
219,r/ChicagoConcertTickets,863,"Buy, sell, and trade tickets to concerts in Chicago and the Chicagoland area.",t5_52kk6v,1730751563.43247
220,r/claudiablack,863,A place to show and express appreciation for one of the best women in SciFi: Claudia Black,t5_2zaft,1730751563.453512
221,r/CurlyDaddy101Memes,863,The official CurlyDaddy101 SubReddit,t5_2zn3w7,1730751563.475026
222,r/DeepFryBot,863,Information about how to use the bot and suggestions for features.,t5_3nfj4,1730751563.496903
223,r/epicdadbuilds,863,A community of “dads” making epic builds with their kids toys. Giant duplo tower? Post it here! Tie fighter from old Lego(s)? We’ll take it! 10 mile train track? We’d love to see it! Try and be supportive and encouraging of other submissions and inspire others for awesome play-time with their kids!,t5_5wtsz5,1730751563.518383
224,r/ESTPmemes,863,"Welcome to r/ESTPmemes, the official subreddit for all memes about the ESTPs, one of the 16 personality types as described by the MBTI. Enjoy!",t5_23xrvm,1730751563.539995
225,r/Ethiopia2,863,Place,t5_41mlf4,1730751563.562182
226,r/firstsub,863,Internet Culture and Memes,t5_hm7p8,1730751563.583296
227,r/GoogleSlides,863,Technology,t5_3g10i,1730751563.604807
228,r/ImmigrationPolicyCA,863,Law,t5_57m15r,1730751563.626938
229,r/JuliaMayumi,863,🇧🇷:Sub Reddit dedicado a influencer e streamer:Julia Nakamura! Sejam todes bem-vindes! 🇬🇧:Sub Reddit dedicated to the digital influencer and Streamer:Julia Nakamura! Everyone is welcome!,t5_7xz44e,1730751563.649091
230,r/LavaGifs,863,gifs of molten lava,t5_31va3,1730751563.6708732
231,r/leonaheidern,863,Anime,t5_3xjlw7,1730751563.693913
232,r/marketfarming,863,"This is a community who grows produce for local markets. Whether it is conventional, organic, or somewhere in between we help supply the local market with fresh produce be it a 10x10 plot or 1,000 acres. Join the conversation with experience, new ideas, and plans for your operation.",t5_30986,1730751563.716202
233,r/mehganjamesOF,863,Welcome to mehganjamesOF,t5_6q5isf,1730751563.737678
234,r/MFBror,863,Funny/Humor,t5_56fufc,1730751563.7595751
235,r/momsforliberty,863,Politics,t5_4ztm1r,1730751563.781309
236,r/NBApeopleTwitter,863,NBA fans being hilarious on the Internet,t5_jw5su,1730751563.802409
237,r/PABLOSDECIPLES,863,Internet Culture and Memes,t5_bm82oc,1730751563.824629
238,r/PHXAZ,863,Place,t5_2oj6be,1730751563.844896
239,r/rusyn,863,"Culture, Race, and Ethnicity",t5_32q9y,1730751563.865802
240,r/SpringfieldEchelon,863,Mature Themes and Adult Content,t5_8ufpu1,1730751563.887039
241,r/StartEngineTrading,863,"Business, Economics, and Finance",t5_40421a,1730751563.9065979
242,r/TopStepX,863,Technology,t5_bd8bqt,1730751563.928446
243,r/trickster,863,Gaming,t5_2t836,1730751563.951186
244,r/UAEYoungAdults,863,Family and Relationships,t5_agv2a4,1730751563.971008
245,r/vengeio,863,Gaming,t5_2qeguy,1730751563.990237
246,r/xmrvsbeast,863,Crypto,t5_46cwg6,1730751564.009718
247,r/AISchlattSinging,862,This is is the official unofficial sub dedicated to videos of AI recreations of JSchlatt singing different songs.,t5_8jl4bd,1730751564.029016
248,r/anti_uttp,862,Activism,t5_9tkkq9,1730751564.048219
249,r/automatewithpython,862,"A forum for discussing Python programming for beginners, centered on the book *Automate the Boring Stuff with Python*",t5_34i9d,1730751564.067296
