,subreddit,subscribers,topic,subreddit_id,scraped_utc
0,r/voteforthesniffer,746,Gaming,t5_75otod,1730751968.363777
1,r/Weed_malaysia420,746,Welcome to Weed_malaysia420,t5_6ciumx,1730751968.3876579
2,r/YogaToes,746,Mature Themes and Adult Content,t5_408x3c,1730751968.409035
3,r/1through10,745,Internet Culture and Memes,t5_vk9yz,1730751968.429753
4,r/3amdadjokes,745,Jokes your dad would send you at 3am,t5_2c1o79,1730751968.450801
5,r/AnimalsAreMetal,745,Animals and Pets,t5_2hwnma,1730751968.483958
6,r/ARKXetf,745,"Business, Economics, and Finance",t5_43wncb,1730751968.504776
7,r/askfinance,745,"Ask anything about finance: commercial, corporate, investment banking, or about the financial markets! No homework or assignment questions.",t5_2stcl,1730751968.523197
8,r/AskRo,745,Ask Romania - For general questions you want to ask Romanians.,t5_36fnl,1730751968.541489
9,r/boostedsweeds,745,Cars and Motor Vehicles,t5_4gcziq,1730751968.559723
10,r/clawhammer,745,"A Place for clawhammer banjo players, And any other instrument players who employ a clawhammer style",t5_4abtno,1730751968.633267
11,r/CoronavirusDMV,745,Place,t5_2gx884,1730751968.6530828
12,r/Cotswolds,745,Place,t5_aei16,1730751968.682994
13,r/darksafe,745,Welcome to Darksafe. The place to ask your questions about the darkweb.,t5_87emkq,1730751968.701211
14,r/Docstocks,745,"Business, Economics, and Finance",t5_3xagjm,1730751968.721171
15,r/FairToken,745,https://tinyurl.com/tenxr Earn 10x -20x on your investments! Till 50% affiliate bonuses! Twitter: https://twitter.com/TenX_Crypto Facebook: https://www.facebook.com/TenXCrypto Insta: https://www.instagram.com/tenx_crypto/,t5_7bpzec,1730751968.742434
16,r/fundementalpapereduca,745,Television,t5_b7ro2b,1730751968.763951
17,r/GalacticContention,745,Gaming,t5_5zghai,1730751968.785818
18,r/Gamefurs,745,For furry gamers to meet and talk about games without distraction.,t5_3aw3e,1730751968.807532
19,r/HeartHealth,745,"Discuss cardiovascular health, prevention, treatment, and lifestyle. Flaired clinical experts are verified by mods.",t5_5j7xd7,1730751968.8300369
20,r/HouseofNight,745,"This subreddit is for all things relating to PC Cast and Kirstin Cast's Non sparkly vampires book series, House of Night",t5_2t4hj,1730751968.851595
21,r/ideservedthat,745,For stories of the times when you really deserved the negative impacts of your actions.,t5_32njn,1730751968.8723252
22,r/ImagesOfUtah,745,"Specific to the state of Utah, USA. Images, Pictures, Videos, Gifs, Historical or Vintage Photographs, Artwork, Memes. **beaUTAHful.**",t5_39g84,1730751968.893224
23,r/IndiansOnGrindr,745,Family and Relationships,t5_8e4cp7,1730751968.9143229
24,r/IslamicStateNews,745,Comprehensive Islamic State developments.,t5_32cdw,1730751968.9352891
25,r/JosAlwyn,745,Celebrity,t5_bjomod,1730751968.95589
26,r/justbrandi_,745,"Snark about Justbrandi_ Feel free to discuss her here. *No doxxing, no hate speech permitted.* This is a snark community about JustBrandi and her current husband Troid. Rules: You can discuss what a shitty parenting style JustBrandi has and lack of motherly instincts. No pics of kids, nicknames okay. No speculation on a child’s diagnosis. If a mod asks you to change something, change it or it will be deleted.",t5_7oboym,1730751968.97714
27,r/KateLavrentiosFans,745,Sub dedicated to Comedian/Model Kate Lavrentios. Be respectful. Stay Juicy!,t5_bskgdr,1730751968.998741
28,r/LGBTQ_Karachi,745,Gender,t5_98pwni,1730751969.0198221
29,r/lovelivememes,745,I've seized the sub to shill for /r/Otonokizaka,t5_3ho6y,1730751969.039053
30,r/Oshawott,745,Gaming,t5_2voq2,1730751969.057843
31,r/PacksVillahermosaTaab,745,Celebrity,t5_bp6xue,1730751969.0756521
32,r/piriformis,745,Go to /r/openpiriformis instead,t5_39tuw,1730751969.093608
33,r/PortlandVegans,745,A meeting place for Vegans in Portland,t5_3cmpm,1730751969.111191
34,r/postgis,745,"Subreddit for discussion, articles, etc. about using the PostGIS extension for PostgreSQL.",t5_2sjqb,1730751969.128739
35,r/RomanianFemboy,745,"Culture, Race, and Ethnicity",t5_7xhwxz,1730751969.146501
36,r/RyleeArnold,745,Celebrity,t5_5czc2m,1730751969.164151
37,r/Ryuko_Matoi,745,Anime,t5_5v66q7,1730751969.184889
38,r/s197Mustang,745,All things s197 Mustang!,t5_3ht7a,1730751969.203691
39,r/saikou_app,745,Anime,t5_5txqfc,1730751969.222549
40,r/sailVR,745,Gaming,t5_3807uf,1730751969.241802
41,r/sampson_ai,745,Technology,t5_b7hnl8,1730751969.261591
42,r/SamsungElite,745,Technology,t5_5u16dq,1730751969.284294
43,r/SEMA,745,Unofficial Specialty Equipment Market Association subreddit,t5_2z0y1,1730751969.306102
44,r/SophiaPayanOnly,745,Only Sophia Payan,t5_4b2lx6,1730751969.327508
45,r/TailsFromTheFrontDesk,745,A place where people from the veterinary and animal world can come and share the good and the bad that make customer service the job that it is.,t5_pq7q7,1730751969.3497941
46,r/Teachersbellyshow,745,Mature Themes and Adult Content,t5_5isr09,1730751969.370738
47,r/TeamPrettyFeet,745,"This is an all inclusive and exclusive subreddit featuring verified women OF ALL SHADES across the platform. Posters from r/ebonyfeet, r/latinafeet, and others are encouraged to post. This is also a hybrid subreddit so general quality foot fetish posts are allowed BUT NO LEAKS. This isn't a selling subreddit nor is it the spot for OnlyFans leaks. Tag your post NSFW if posting nudity. Subreddit in progress...",t5_4epuzj,1730751969.392214
48,r/TheChaosSanctuary,745,Gaming,t5_421zu5,1730751969.41364
49,r/unplayatale,745,Silly little (or more serious) mistakes that make Undertale literally unplayable.,t5_3blz8,1730751969.4360719
50,r/Wackaging,745,Welcome to Wackaging,t5_3b59w,1730751969.457005
51,r/12winArenaLog,744,"Welcome to the Hearthstone Twelve Win Arena Logs! In Hearthstone: Heroes of Warcraft (the digital card game by Blizzard), there is a game mode called 'The Arena'. Build your deck of 30 cards from a random selection presented to you, and play with other players for more wins and prizes. 3 losses, and you are out. 12 is the maximum number of wins in 'The Arena'. This sub reddit aims to collect this data through user submissions. Browse and see what decks have gone the extra mile!",t5_32448,1730751969.478837
52,r/44progloves,744,The unofficial subredit for all things 44pro.,t5_295q0b,1730751969.501809
53,r/AnushkasenArmpits,744,This community is only for Anushka sen and admiring her armpits. No other posts of no other people please 🙏🏽,t5_a9n8ty,1730751969.523853
54,r/Argenti_Mains,744,Gaming,t5_8ab7cv,1730751969.547269
55,r/Arma3Mods,744,Mods for Arma 3!,t5_3es75,1730751969.569996
56,r/AtlasOS,744,Technology,t5_519eo3,1730751969.591561
57,r/birdkindapp,744,Gaming,t5_9dcgfl,1730751969.613257
58,r/canadateachersmovedon,744,"This subreddit is for Canadian teachers who have left or are thinking of leaving the teaching profession. Teaching in Canada is generally considered to be a good job which the vast majority tending to stick with it until retirement. Walking away from a Canadian teacher job for many, means leaving the many benefits and steady pay. This is a subreddit for Canadian teachers who have/are moving away from teaching and into other career options.",t5_98vyzd,1730751969.635413
59,r/CarolFunesHot,744,Celebrity,t5_9bmb5r,1730751969.657202
60,r/cbcnetwork,744,CBC is the native currency token of the CBC Network (cbc.network) platform and is an ERC-20 token built on the Ethereum blockchain.,t5_4r7izh,1730751969.679067
61,r/CelebRanking,744,Celebrity,t5_6xa1r6,1730751969.7030919
62,r/Corrientes,744,**Reddit de los Correntinos**,t5_2xxaa,1730751969.724983
63,r/CrabWorld,744,For those that have escaped the bucket 🦀🌎,t5_10ro3k,1730751969.7469718
64,r/CryptoProfits,744,"Make money buying and selling cryptocurrencies. Share your tips, news and recommendations ere.",t5_buvct,1730751969.76871
65,r/Emily_HazbinHotel,744,Mature Themes and Adult Content,t5_apfciz,1730751969.790741
66,r/ExtendedReality,744,Discuss topics/items in the XR & spatial computing industry 🤓,t5_3mnbt,1730751969.8107672
67,r/FellowProducts,744,Food and Drink,t5_cccqzs,1730751969.830146
68,r/Forgotten_Places,744,Place,t5_52otzl,1730751969.849771
69,r/genderquestioning,744,Gender,t5_sdokk,1730751969.869765
70,r/Gunbuilderdeals,744,Marketplace and Deals,t5_444sbg,1730751969.890034
71,r/Guqin,744,Welcome to Guqin,t5_2soaj,1730751969.909018
72,r/HalifaxBookClub,744,A book club for Haligonian Redditors,t5_3fjp1,1730751969.9289112
73,r/kirkwood,744,Outdoors and Nature,t5_2sp9p,1730751969.948252
74,r/MarriageAOS,744,Law,t5_af1i7a,1730751969.96863
75,r/MasterOogwGay,744,Podcasts and Streamers,t5_58na27,1730751969.9891331
76,r/MexiJobs,744,Welcome to MexiJobs,t5_2shi7,1730751970.0110002
77,r/MidjourneyFails,744,Funny/Humor,t5_6zg37w,1730751970.0325398
78,r/missingmiddle,744,"A place where we critique and encourage missing middle housing designs and site plans. Also discuss rezoning property for higher density and missing middle housing types. Discussions about financing and marketability are welcome. From missingmiddlehousing.com: ""Missing Middle Housing types provide diverse housing options, such as duplexes, fourplexes, cottage courts, and multiplexes. These house-scale buildings fit ...into existing residential neighborhoods""",t5_25cn3b,1730751970.051392
79,r/Peepeeshartington,744,r/peepeeshart + r/Worthington,t5_95smxa,1730751970.070085
80,r/pmbdy,744,Internet Culture and Memes,t5_5xlx01,1730751970.089174
81,r/prayers,744,Welcome to prayers,t5_2sw3m,1730751970.1076858
82,r/Pubby88,744,"Home to /u/Pubby88 's creative works. A place to develop stories, receive constructive feedback, or even just come up with ideas.",t5_3ixh0,1730751970.126644
83,r/RadiologyUK,744,Careers,t5_b81eli,1730751970.1454048
84,r/Seltos,744,The Kia Seltos forum!,t5_28n1ea,1730751970.164948
85,r/Serving,744,"A place where all the servers comes together, lets talk, share your stories, get something off your chest, had a bad day? we are here for you :)",t5_2wi7a,1730751970.184182
86,r/SingaporeFoodie,744,Food and Drink,t5_6mb6hl,1730751970.204635
87,r/spanian,744,Podcasts and Streamers,t5_5jtsgf,1730751970.224328
88,r/StudioG,744,Hobbies,t5_2owmyc,1730751970.2436259
89,r/syncups,744,"A syncup is a video where music from another source syncs up with it well. It may look like the subjects of the video are moving, singing, or dancing to the song. Post your favorite syncups in this sub!",t5_37379,1730751970.2629461
90,r/Tenorsax,744,"General saxophone talk and info, or tenor-specific stuff",t5_2uphc,1730751970.281914
91,r/thanksjingyuan,744,Like r/thankscyno but for honkai star rail,t5_8opmbz,1730751970.3004632
92,r/TheWanderingTavern,744,The Wandering Tavern is a system agnostic Studio Ghibli-inspired setting for TTRPGs (optional DnD5e stats included). Right now The Wandering Tavern Kickstarter is into fulfillment stage and if you missed out but wish to buy see Link 👇 https://hatdbuilder.com/,t5_9tz5c1,1730751970.319457
93,r/transabitlater,744,Gender,t5_act6az,1730751970.338519
94,r/tubeamprepair,744,Technology,t5_3rx9q2,1730751970.357734
95,r/vanessalynnnnnnn,744,Welcome to vanessalynnnnnnn,t5_aep79b,1730751970.376786
96,r/VoiceAttack,744,Gaming,t5_326dn,1730751970.396184
97,r/wget,744,Music,t5_37hmk,1730751970.415924
98,r/World_Turtles,744,Gaming,t5_2hc7x5,1730751970.433661
99,r/WutheringWavesFanart,744,Gaming,t5_bl6mff,1730751970.451935
100,r/alpharadgold,743,Gaming,t5_7p0bep,1730751970.470706
101,r/askIT,743,Technology,t5_2sigx,1730751970.489604
102,r/BloodSpells,743,Religion and Spirituality,t5_76n43r,1730751970.510289
103,r/BlueKentucky,743,"United we stand, divided we fall.",t5_5lgsur,1730751970.531671
104,r/buildabearfrog,743,Hobbies,t5_7442hy,1730751970.55328
105,r/CanaryMail,743,Technology,t5_2ttkqa,1730751970.574416
106,r/Casetoo,743,Papa Player Fans Assemble,t5_77fwy2,1730751970.596075
107,r/CateyeChevy,743,Cars and Motor Vehicles,t5_4cxi4w,1730751970.6182542
108,r/coldhart,743,Music,t5_lzw4c,1730751970.640278
109,r/covertaffairs,743,Television,t5_2rxux,1730751970.662387
110,r/Falloutart,743,This is a subreddit to display beautiful fallout pictures whether it be screen shots or drawings.,t5_2udwy,1730751970.684795
111,r/fatherjohnmistme_irl,743,Pure comedy irl.,t5_3k0qb,1730751970.70765
112,r/FirstLegoLeague,743,FLL,t5_2vab2,1730751970.729398
113,r/Gab3,743,Music,t5_l398a,1730751970.751565
114,r/Gotten_seks,743,Internet Culture and Memes,t5_by268s,1730751970.7738721
115,r/GregTechNewHorizons,743,Official GTNH subreddit lol,t5_39kyyb,1730751970.7956219
116,r/hireforgigs,743,"This subreddit is for one-off projects and gigs. This is not for steady jobs or ongoing work, for that please go to /r/forhire.",t5_3d8dz,1730751970.817833
117,r/kingstonnewyork,743,Place,t5_9i9pe1,1730751970.839359
118,r/laapsaaptung,743,Internet Culture and Memes,t5_rcecb,1730751970.8612669
119,r/LarsonsBreast,743,Replacement SubReddit For BrieLarsonsBreasts,t5_621mfy,1730751970.885225
120,r/LittleBigAdventure,743,Gaming,t5_2s7zs,1730751970.910571
121,r/lpmc,743,"LearnProgramming is an organization that grew out of the subreddit /r/learnprogramming, our aim is to provide a set of projects for beginners to contribute to in a open, encouraging atmosphere.",t5_2uipt,1730751970.931714
122,r/mexicraft,743,"Minecraft mod about mexican culture, flora, fauna, mythology, gastronomy, and much more! If you like this mod and my work in general, please consider supporting me with a little something over at:  https://ko-fi.com/dalilaixualojli ",t5_2pc710,1730751970.953095
123,r/MikeGDeal,743,Following the Mike G Deal updates and antics,t5_53ewgj,1730751970.974019
124,r/Misotheism,743,Religion and Spirituality,t5_2tqf6,1730751970.995074
125,r/MovingToThailand,743,Considering a move to Thailand? Ask us anything! We are **NOT** POLITICALLY CORRECT community.,t5_8bdcnp,1730751971.015944
126,r/neetpgcounselling,743,Learning and Education,t5_8fiwpr,1730751971.0361931
127,r/NPTEL,743,Learning and Education,t5_2xpi1z,1730751971.0550442
128,r/PCMIndia,743,Politics,t5_3dd7s7,1730751971.073419
129,r/Peace_Of_Mind,743,"Peace of mind is a state of inner calm and tranquility, free from worry, anxiety, and stress. It is a feeling of contentment, satisfaction, and confidence that arises when one is at peace with oneself and the world around them. The mission of community ""Peace of Mind"" is to provide a supportive and empowering environment where individuals can improve their mental health and wellbeing. BE HAPPY AND LIVE HAPPY SHARE YOUR THOUGHTS AND STORY ABOUT MENTAL HEALTH.",t5_84loyl,1730751971.092698
130,r/pgLang,743,Art,t5_2h17eh,1730751971.110925
131,r/prorodeo,743,Sports,t5_5l64sv,1730751971.130641
132,r/qrbst,743,Marketplace and Deals,t5_2m4dm6,1730751971.1505148
133,r/RandyBryce,743,"r/RandyBryce is a grassroots volunteer-led online hub designed to raise support for Randy Bryce, Democratic Candidate for Wisconsin's 1st Congressional District",t5_3m3ac,1730751971.171005
134,r/rappersimulator2,743,Gaming,t5_6dw8zh,1730751971.191024
135,r/Rattler_Sig,743,Hobbies,t5_3931to,1730751971.211004
136,r/RushdownRevolt,743,"The most electric, combo-centric, and expressive fighting game.",t5_2vputm,1730751971.233129
137,r/ScienceNerds,743,Discussion and articles of interest from various areas of science. Low quality editorialization of studies unwelcome.,t5_32jvd,1730751971.254009
138,r/ShotshellReloading,743,Mature Themes and Adult Content,t5_5dr1lj,1730751971.273898
139,r/SnowMiku,743,Anime,t5_2e5cne,1730751971.2934139
140,r/stratechery,743,"Stratechery is a popular technology blog and e-mail newsletter written by Ben Thompson with a specific focus on strategy and business. This is an unofficial fan subreddit with no association to Ben Thompson or to Stratechery.com. Here we discuss Stratechery articles, daily updates, and podcasts as well as post and comment on other relevant articles surfaced by the community.",t5_3c6uj,1730751971.311326
141,r/sudburyschools,743,A subreddit for those interested in the Sudbury model of education or for those who are currently involved in a Sudbury school.,t5_2zgo4,1730751971.329772
142,r/Texhnolyze,743,A subreddit for all things Texhnolyze! Created by Chiaki J. Konaka and designed by Yoshitoshi Abe,t5_2tmun,1730751971.347954
143,r/TheBrittanyPerille,743,A Subreddit dedicated to Instagram model Brittany Perille,t5_22fejs,1730751971.366949
144,r/TheSouth,743,"Culture, Race, and Ethnicity",t5_2tgel,1730751971.390068
145,r/TikTokHottestGirls,743,Mature Themes and Adult Content,t5_bqtun4,1730751971.409562
146,r/youngbbw,743,Your favorite girl to fuck,t5_53le62,1730751971.428384
147,r/accenture_india,742,"Business, Economics, and Finance",t5_5ilgwn,1730751971.4471738
148,r/amIscene,742,Fashion,t5_at82hy,1730751971.466968
149,r/ApoE4,742,Apoe4 is a leading indicator of late onset Alzheimer's disease,t5_3eyuc,1730751971.485745
150,r/AtlasCrossSport,742,Cars and Motor Vehicles,t5_3ac81c,1730751971.504239
151,r/bitc2,742,"Bitcoin 2 is a scalable Bitcoin 1:1 fork with private transactions and instant verified payments. Open source - Anonymous - Fast - Proof of Stake algorithm. All Bitcoin holders as of block 507850 (~February 5, 2018) got Bitcoin 2 on a 1 for 1 basis earlier.",t5_ff1wa,1730751971.52203
152,r/budgetwise,742,The ReadyForZero and YNAB alternative is here. Want early access? Visit http://www.budgetwise.io to be one of the first users to try Budgetwise before launch!,t5_gb2ga,1730751971.539833
153,r/bunnykisses,742,A collection of happy loving bunny kisses.,t5_38xah5,1730751971.5574641
154,r/ChildrenoftheWhales,742,Anime,t5_3lswr,1730751971.574847
155,r/Corning,742,Place,t5_2tutu,1730751971.5924249
156,r/CrunchyRPGs,742,Tabletop Games,t5_6d3mfh,1730751971.610023
157,r/EQOA,742,Gaming,t5_2ts8l,1730751971.627639
158,r/extractingkratom,742,A place to discuss science/chemistry topics and procedures related to the plant Mitragyna Speciosa (kratom) and it's active alkaloids.,t5_a3oisk,1730751971.645391
159,r/flmagency,742,Welcome to flmagency,t5_9nyznv,1730751971.66315
160,r/FreePhotoshopRequests,742,Art,t5_i7f9x,1730751971.680745
161,r/HannaBystroms,742,Mature Themes and Adult Content,t5_8zhgz6,1730751971.6995342
162,r/highfiveattempts,742,Decided to actually make it a sub.,t5_1zxl02,1730751971.717377
163,r/hitomi,742,Music,t5_2quxk,1730751971.7348921
164,r/HOLeclipse,742,"Welcome to the official subreddit for the mobile RPG, Heir of Light: Eclipse! This is your go-to community for discussing strategies, sharing fan art, seeking advice, and celebrating victories in the thrilling RPG world of Heir of Light.",t5_8nq7i5,1730751971.753081
165,r/Hoopreps,742,"A new community embracing finds, news, posts, and questions on Basketball related reps. Feel free to post news, thoughts, finds, QC, questions, updates, etc anything basketball rep related.",t5_8amp5a,1730751971.7782888
166,r/inlinks,742,Elevated Shopping Experience: Discover Exceptional Deals on Top Products,t5_2w5e62,1730751971.800578
167,r/interpals,742,Technology,t5_2t5fw,1730751971.82154
168,r/KingBuffalo,742,Subreddit dedicated to the band King Buffalo.,t5_p5t8s,1730751971.8410099
169,r/kyahnextdoor,742,An official kyahnextdoor subreddit. discord.gg/kyahnextdoor,t5_7snt0a,1730751971.8610198
170,r/linuxlibre,742,Welcome to linuxlibre,t5_2sc8r,1730751971.8806798
171,r/marceneiros,742,Hobbies,t5_8dq2u1,1730751971.902339
172,r/marxistleninist,742,"A subreddit dedicated to the facilitation of discussions on current events, political superstructure, ideology, and so on, from the analytical and philosophical lens of Marxism–Leninism.",t5_3iafw,1730751971.922219
173,r/Meemagers,742,its r/teenagers electric boogaloo,t5_1v0lf1,1730751971.944906
174,r/NoNewNormalBanBan,742,Funny/Humor,t5_3kz0bg,1730751971.9671319
175,r/NYCmusicians,742,"A subreddit for Musicians in NYC In this subreddit you can: - Share your music - Share music of other musicians - Post Articles on upcoming events (Concerts/Open Mics/Local Shows) - Look for a venue as a band - Look for bands as a venue You can do any of these and more, just as long as they pertain to New York City and its music.",t5_37dnm,1730751971.988319
176,r/OldSchoolDisney,742,A place to share photos and memories of days long past at any Disney Theme Park Worldwide. RULES: 1. Please keep things family friendly. No profanity or sexually natured or offensive photos. 2. Please keep photos on topic. Any photos of you or family at a Disney Park or even Disney attractions that no longer exist are welcome. 3. No spamming or harassing other members. 4. Enjoy The Happiest Place on Reddit!,t5_44nfur,1730751972.009135
177,r/Pandoraonearth,742,Outdoors and Nature,t5_7nlg68,1730751972.029922
178,r/Pereira,742,Pereira is the capital city Risaralda a Colombian govermental region. It is located in the west of Colombia near the Andes in a coffee producing area.,t5_33pfa,1730751972.048629
179,r/ProStudioGear,742,Technology,t5_7qyuod,1730751972.067283
180,r/raresuicidebywords,742,"Existing since July 16, 2019.",t5_1wjz9b,1730751972.085536
181,r/RealTeamWang,742,Celebrity,t5_2tiomp,1730751972.1035619
182,r/RedditCantJump,742,Sports,t5_2vf9m,1730751972.122933
183,r/remotely_app,742,A place to discuss the Remotely remote control app (https://remotely.one).,t5_31nbul,1730751972.1406112
184,r/RV_Marketplace,742,"A subreddit for buying and selling RV's, Travel Trailers, and accessories. Posts advertising or requesting RVs and RV related equipment are welcome.",t5_6dphug,1730751972.158161
185,r/Sakamichi,742,Music,t5_tdpjr,1730751972.1758232
186,r/sba,742,SBA Website - https://sba.today/forums/,t5_2vwtt,1730751972.194428
187,r/silkroadonline,742,Gaming,t5_2t1io,1730751972.2123609
188,r/soundreactive,742,Technology,t5_2dfcyw,1730751972.23323
189,r/squishmallowfairbst,742,Hobbies,t5_4y24ub,1730751972.2958562
190,r/stillwatermn,742,"Located on the scenic St. Croix River, Stillwater is labeled ""The Birthplace of Minnesota!"" With its rich history and and booming attractions, this little logging town is turning into quite the tourist destination. Whether you're a local or just stopping by for a day trip, you can always find something new to see and do! Come on out and visit us!",t5_3120k,1730751972.355704
191,r/Suburgatory,742,Television,t5_2sx2l,1730751972.40733
192,r/SuperhumanEmail,742,Technology,t5_n5sm5,1730751972.4383879
193,r/tomdidnothingwrong,742,Welcome to tomdidnothingwrong,t5_3h78o,1730751972.531318
194,r/Turkishwikipedia,742,History,t5_3bi2g,1730751972.591542
195,r/UltimateMechanic,742,A placed dedicated to Kazuichi Soda!,t5_mgh6e,1730751972.63633
196,r/VeibaeSupremacy,742,Religion and Spirituality,t5_4bqtj9,1730751972.6794162
197,r/10sMusic,741,Music recorded in the 1910's,t5_312ax,1730751972.724813
198,r/AbandonedHistory,741,"Uncover the past's mysteries! Share tales, photos, and discussions about abandoned history. Join us in preserving the stories of forgotten places.",t5_544sbo,1730751972.7693398
199,r/Afrikaburn,741,"AfrikaBurn is the spectacular result of the creative expression of participants who gather once a year in the Tankwa Karoo to create a temporary city of art, theme camps, costume, music and performance!",t5_31o34,1730751972.816426
200,r/Ashley_Moore_,741,Ashley Moore is an American actress and model. She portrays Riley on Amazon Prime Video's I Know What You Did Last Summer. She work for Victoria's Secret.,t5_at6tcr,1730751972.878687
201,r/BadSchoolFood,741,Food and Drink,t5_5pd1w5,1730751972.913766
202,r/BlackGenealogy,741,"This sub is a safe place for Black people to share their ancestry, genealogy, and heritage. Our goal is unify the Black community through collaboration and support as we discover the legacy of our ancestors.",t5_8th3uz,1730751972.944347
203,r/blackunderpanties,741,Welcome to blackunderpanties,t5_b0rwfk,1730751972.971915
204,r/CatholicConverts,741,"A friendly community for converts to Catholicism (and those inquiring) to support, share, and learn from one another. Though there are many subreddits focused on faith, this space is uniquely dedicated to the travails, joys, and curiosities of convert life. You are welcome here! Having placed this subreddit under the patronage of St Thomas Didymus the Apostle and St Cornelius the Centurion, the first Gentile convert, we meet each other where we are in our doubts, discomforts, and differences.",t5_8l8287,1730751972.998446
205,r/CaughtStealing,741,Subreddit of people caught stealing,t5_339ws,1730751973.0252302
206,r/CharlyArnoltCaruso,741,Page dedicated to the sexy Charly Arnolt Caruso,t5_8k8zc9,1730751973.052979
207,r/ChitosekunRamune,741,Anime,t5_3fj2pa,1730751973.0818958
208,r/CreditHacks,741,"The community for mastering the art of credit! Whether you're looking to boost your credit score, maximize rewards, navigate credit card offers, or learn the best tips for credit building, we’ve got you covered. Join us to share credit hacks, ask questions, and discuss strategies for everything from credit card churning and debt payoff to optimizing credit utilization and managing inquiries. Let’s help each other unlock the full potential of credit to achieve financial freedom!",t5_68tacv,1730751973.1091352
209,r/Creepypodden,741,Creepypoddens egna underforum här på Reddit.,t5_jfwx1,1730751973.1364422
210,r/CriticalTheoryTV,741,"Videos discussing and explaining critical theory. From /r/CriticalTheory: Critical theory is a school of thought that stresses the examination and the critique of society and culture, by applying knowledge from the social sciences and the humanities.",t5_r8xsi,1730751973.163251
211,r/CYOA_ARCHIVES,741,"A place to put any CYOA_ARCHIVES that you find, and to better organize CYOAs. If you find any that are not already here, or think of another category that might be useful to find CYOAs, then please add them (just try to follow the basic format that U/Low_Thought_5776 uses).",t5_3mx0vs,1730751973.19313
212,r/davidson,741,Learning and Education,t5_2s39w,1730751973.2248309
213,r/EliteDangerousOdyssey,741,Gaming,t5_2puh0r,1730751973.2617579
214,r/F1LasVegas,741,Sports,t5_6yfyuv,1730751973.310378
215,r/FiveMServersAdverts,741,r/FiveMServersAdverts is a great community to post your server and to gather more members! For the official FiveM Subreddit check out /r/fivem,t5_58fxgx,1730751973.3390138
216,r/GrouseHunting,741,Hobbies,t5_3bl7pw,1730751973.366612
217,r/indiaroyalen,741,Only about India,t5_94xodx,1730751973.3942158
218,r/JohnnyLightning,741,Hobbies,t5_2yzff,1730751973.4213629
219,r/KrisStatlander,741,Celebrity,t5_2bj5xg,1730751973.4497
220,r/Low,741,Music,t5_2rrve,1730751973.478741
221,r/marvelvsdc,741,Hobbies,t5_2u24k,1730751973.5096068
222,r/MegatonMusashi,741,Gaming,t5_3k2jc,1730751973.5368671
223,r/miruro,741,Television,t5_anedeb,1730751973.566018
224,r/NikonF3,741,Hobbies,t5_3jkkc3,1730751973.5937438
225,r/NLCentral,741,Sports,t5_2z8qx,1730751973.6225338
226,r/orkscience,741,Tabletop Games,t5_3o5s1b,1730751973.649497
227,r/OutFox,741,Gaming,t5_42rj67,1730751973.677223
228,r/PacificRimTheBlack,741,Television,t5_3lp9c0,1730751973.704781
229,r/PatternsShareSellBuy,741,Crafts and DIY,t5_72lf09,1730751973.7321448
230,r/PlayArtsKai,741,Gaming,t5_3xohut,1730751973.756431
231,r/ProjectCERIS,741,Project CERIS https://project-ceris.com/,t5_vr2pn,1730751973.778144
232,r/reginahookup,741,Welcome to reginahookup,t5_590ld3,1730751973.79971
233,r/RosaGang,741,Gaming,t5_zobe2,1730751973.822379
234,r/RouteNoteOfficial,741,Music,t5_6qpzv2,1730751973.846872
235,r/ScienceCanada,741,Any science-related news from Canada or involving Canadian scientists,t5_2v2x4,1730751973.868438
236,r/SenaKashiwazaki,741,Post any content related to the character Sena Kashiwazaki from Boku Wa Tomodachi Ga Sukunai (Haganai).,t5_3eycr,1730751973.891777
237,r/ShakyBeatsFest,741,"Festival discussion, lineups, questions, planning, predictions and all around excitement about the Shaky Beats Music Festival!",t5_3deko,1730751973.914797
238,r/sherlock_and_co,741,Podcasts and Streamers,t5_at33oa,1730751973.938547
239,r/SneakerMall,741,"Welcome to Snakermall, the premier subreddit for enthusiasts of replica footwear. As Reddit's thriving community, we are dedicated to fostering engaging discussions and sharing knowledge about replica sneakers.",t5_3laxi,1730751973.962358
240,r/spaz,741,Gaming,t5_2scmg,1730751973.9828422
241,r/tagmo,741,"TagMo is an Android NTAG215, Power Tag, N2 Elite, & Flask content manager for 3DS, WiiU, and Switch",t5_58rqz0,1730751974.0024111
242,r/TecmoBowl,741,"News & awesome about the greatest football video game franchise, Tecmo Bowl.",t5_2ux5t,1730751974.022249
243,r/TeraPS4,741,"The unofficial Subreddit for the PS4 Console version of TERA, The Exiled Realm of Arborea",t5_3kb1d,1730751974.041728
244,r/TheWrestlingCode,741,Gaming,t5_31aui1,1730751974.061675
245,r/tvhead,741,Art,t5_nqa4r,1730751974.081614
246,r/twowfanart,741,Podcasts and Streamers,t5_3f305,1730751974.100704
247,r/unexpectedbruh,741,"When you find a bruh out in the wild, post it here!",t5_11mfd2,1730751974.120203
248,r/UPBGE,741,Gaming,t5_2rhkpm,1730751974.139219
249,r/WifiJobs,741,"Welcome to r/WifiJobs, the go-to subreddit for all things related to remote work opportunities!",t5_8p5otf,1730751974.158369
