,subreddit,subscribers,topic,subreddit_id,scraped_utc
0,r/OliviaStanSub,730,All things related to Chef Olivia 🖕👁️👄👁️🖕,t5_ar5rd7,1730752033.718434
1,r/onlinehorrorstories,730,Internet Culture and Memes,t5_3f3sqo,1730752033.7416909
2,r/pixelbudspro,730,Welcome to pixelbudspro,t5_6cs3f3,1730752033.761846
3,r/Porshawilliamrhoa,730,all things dedicated to porsha williams,t5_55l3ik,1730752033.783272
4,r/PowerHours,730,Music,t5_30m7m,1730752033.804372
5,r/Rocketeer,730,"A place for fans of the Rocketeer, from the comics to the movie to the Disney Junior show!",t5_2ujr7,1730752033.838733
6,r/rustjobs,730,Welcome to rustjobs,t5_245ca9,1730752033.86156
7,r/SnottyPervs,730,Snotty Pervs is a snot fetish community for those who enjoy that delicious nose nectar.,t5_bp0acb,1730752033.884985
8,r/Squirrelhunt,730,Hobbies,t5_37drkq,1730752033.907081
9,r/TheWalkingDead_LOL,730,"Funny memes, photos, gifs, and other things about The Walking Dead game, comic, and TV-series.",t5_340oj,1730752033.929836
10,r/ToiletPapierNL,730,Politics,t5_2byy5k,1730752034.037072
11,r/tws,730,Music,t5_4wf6y6,1730752034.057048
12,r/WillyWonka,730,Come with me and you'll be in a world of pure imagination!,t5_2z2ki,1730752034.089432
13,r/WomenWhoRide,730,"A subreddit for women who share a love of all things motorcycle related. Discuss bikes, gear, riding tips and network with other women who love two wheels and the track or open road.",t5_3c4mr,1730752034.109272
14,r/WWEMyFactionSupport,730,Gaming,t5_bkmzc2,1730752034.1289852
15,r/30For30Films,729,Sports,t5_2jetwi,1730752034.148468
16,r/alemuller_hot,729,Aquí hablamos total y exclusivamente sobre Ale Müller.,t5_79924j,1730752034.168011
17,r/alexg,729,This is a community solely about the artist Alex G.,t5_ao1t1b,1730752034.187596
18,r/AlyAndAJ,729,Music,t5_3elnc,1730752034.207644
19,r/ArunachalPradesh,729,Place,t5_3mp8f,1730752034.228684
20,r/Austin_Walkers,729,"Hi there fellow walkers! This is a safe space for people who love to walk in and around Austin, TX. Please share your photos, your path or what ever is on your mind while walking. The purpose of this group is to unite folks who love to walk in and around Austin. Please be respectful.",t5_86bege,1730752034.248579
21,r/autodeskmaya,729,Welcome to autodeskmaya,t5_2sw83,1730752034.268744
22,r/autox,729,Welcome to autox,t5_2sprz,1730752034.287575
23,r/BJDsale,729,"A place to buy and sell legit ball jointed dolls. Doll nudity is allowed. browsing, and transaction are at your own risk. discussion subreddit: r/bjd",t5_9iciqe,1730752034.306272
24,r/BoiledOne,729,Internet Culture and Memes,t5_b8tq0a,1730752034.32529
25,r/bostonstreghtpnp,729,Welcome to Boston straight pnp we are a community for partying & playing we encourage you to have some Spun fun & run run run again till you see the sun again blow clouds & make new friends let’s open up your sexual horizons let’s get a euphoria rush of kinky fun .,t5_8cc6od,1730752034.344094
26,r/ChurchSoundGuys,729,Religion and Spirituality,t5_2g68as,1730752034.363041
27,r/cypherpunks,729,Welcome to cypherpunks,t5_2v5k0,1730752034.382179
28,r/deesiree,729,La tiktoker mas sensual de canarias ya tiene canal de onlyfans. sosillo pero lo tiene,t5_cc943d,1730752034.401046
29,r/Deliverance,729,Religion and Spirituality,t5_2zv8r,1730752034.420187
30,r/DFWFILMMAKERS,729,Welcome to DFWFILMMAKERS,t5_2vum0,1730752034.439442
31,r/dostkayaoglu,729,"Hello dear vassals, This subreddit is about Yiyoruz. We are all acknowledging Yiyoruz as our God and as the sole creator of the universe.",t5_xzfom,1730752034.4591072
32,r/DRYCLEANINGband,729,Music,t5_2h4tn9,1730752034.479407
33,r/financaspessoais,729,"Business, Economics, and Finance",t5_aw18bn,1730752034.52278
34,r/FindAFriendIreland,729,"Making friends as an adult is hard. Apps suck, maybe you don't drink, maybe you live in the middle of nowhere, maybe you're an awkward person, maybe you've just moved here. Whatever the reason, maybe this will be helpful. This isn't intended to be a romantic sub. It's for friendships. Don't be a Creep and don't be a Dick.",t5_ce0jo6,1730752034.5415769
35,r/girladvicefromgirls,729,Family and Relationships,t5_5tnsrs,1730752034.5604322
36,r/hems,729,Welcome to hems,t5_2wqde,1730752034.5799522
37,r/IranianProtestVideos,729,Activism,t5_73gjc0,1730752034.59741
38,r/JessicaFitzgibbons,729,"A community for one of our favorite fit fanatics, Jessica Brunick-Fitzgibbons! Keep it clean. Keep it classy. Inappropriate posts will be removed. Repeat offenders will be banned.",t5_5t2k1k,1730752034.6188521
39,r/leahperkins,729,Pics of Leah Perkins,t5_2bn9wq,1730752034.641668
40,r/ManhattanBeach,729,"Manhattan Beach, CA",t5_2yqy6,1730752034.6690052
41,r/mav,729,"The subreddit for all things customizable, mechanical, and awesome.",t5_2y82h,1730752034.69069
42,r/meninsaggingpants,729,men in sagging pants,t5_7xsxvc,1730752034.710571
43,r/MusicCast,729,Music,t5_g7sm7,1730752034.7311711
44,r/nosyntax,729,Most of computer programming in the history of mankind has been done by editing text files. Does it have to be this way? Will it always be this way? Some think that the current state of things is suboptimal and are exploring new frontiers in how code is made.,t5_3o1jt,1730752034.750892
45,r/PAgayguys,729,Chat for Gay Guys in PA 18+ only Add snapchat users and city locations to posts if you’re trying to meet up with others,t5_2vkfmg,1730752034.7689312
46,r/seatgeek,729,Technology,t5_4yvw83,1730752034.7867231
47,r/SierraChart,729,Unbiased Reddit for Sierra Chart Charting & Trading Platform,t5_y1n0i,1730752034.8052979
48,r/SnagIt,729,Technology,t5_3d8fm,1730752034.8245382
49,r/spacechicks,729,Space Chicks,t5_2w8qs,1730752034.843296
50,r/TexasBlueWave,729,Register to vote: https://www.votetexas.gov/register-to-vote/,t5_4zjg4e,1730752034.862128
51,r/titanvest,729,Unofficial subreddit of Titan Invest,t5_hx3f8,1730752034.880943
52,r/Utsuho_Reiuji,729,"A subreddit dedicated to the best birb, Utsuho Reiuji! All pics, links and text has to relate to Utsuho Reiuji.",t5_lt5v8,1730752034.8982022
53,r/VRreactions,729,Internet Culture and Memes,t5_33b97,1730752034.917026
54,r/Winnersofwalmart,729,Welcome to Winnersofwalmart,t5_25hjmv,1730752034.9404411
55,r/Yarbo,729,Technology,t5_6yhcmb,1730752034.9642398
56,r/akedo,728,Hobbies,t5_4rsguj,1730752034.985693
57,r/aprilcannonsxo,728,Only aprilcannonsxo contents,t5_7tfqli,1730752035.005847
58,r/AutomatedBettingBots,728,Sports,t5_4cso8s,1730752035.025554
59,r/BlackTheater,728,Art,t5_2qbmir,1730752035.0467331
60,r/BlubberBabyBumpers,728,Internet Culture and Memes,t5_3jqgwj,1730752035.065429
61,r/brokensocialscene,728,Welcome to brokensocialscene,t5_3178s,1730752035.08329
62,r/cathero,728,Gaming,t5_9kjn4n,1730752035.10216
63,r/ClassicNation,728,"We're Evan + Nick, twin brothers who are avid classic car enthusiasts, obsessed with muscle cars, hot rods, and street rods of all types! Check us out on all the socials @ClassicNation",t5_gz1fi,1730752035.121006
64,r/ControlNet,728,Focused on the Stable Diffusion method of ControlNet,t5_7xw0d7,1730752035.139681
65,r/dragonraja,728,Anime,t5_5c3zfp,1730752035.1608489
66,r/fotc,728,Welcome to fotc,t5_2sdpf,1730752035.180359
67,r/GulDang,728,Cars and Motor Vehicles,t5_b69hlu,1730752035.199283
68,r/highqualitymemes,728,High Quality Memes. NO IRONIC SHITPOSTING,t5_38m4w,1730752035.218816
69,r/HondaHighnessCB350,728,Cars and Motor Vehicles,t5_3rbkv5,1730752035.23882
70,r/ImSorryLink,728,Pictures like r/imsorryjon,t5_10vkvj,1730752035.2923362
71,r/itsjusta6,728,Cars and Motor Vehicles,t5_mgo40,1730752035.316672
72,r/Jackd,728,The homogeosociosexual networking app for guys of color and their admirers,t5_3kat6,1730752035.3405728
73,r/justiceformica,728,#JusticeForMicaMiller | A place to share updates on the case & discuss,t5_bgadbs,1730752035.362368
74,r/kirb,728,A place for Kirb memes.,t5_hbphb,1730752035.382709
75,r/KristinaBlackberry,728,Mature Themes and Adult Content,t5_5pg90u,1730752035.4041972
76,r/LAPhotos,728,Welcome to LAPhotos,t5_2skab,1730752035.425817
77,r/leiabxby,728,"Dirty, freaky girl🤫💦 Sharing my nudes & posting my porn, I want to make you BLOW daddy…",t5_6ydth0,1730752035.445424
78,r/LeoFinance,728,Crypto,t5_2t4fi3,1730752035.465317
79,r/MarvelVGU,728,**/r/MarvelVGU...a subreddit dedicated to the new and upcoming Marvel games that will be happening**,t5_3f3o3,1730752035.485301
80,r/MashtagBrady,728,Podcasts and Streamers,t5_axdc4v,1730752035.523524
81,r/MinecraftConspiracies,728,"If something about the game gives you some sort of epiphany, post it here. If you have an idea about the temples/dungeons, post it here. Even if it sounds like fanfiction if it explains something then it fits here.",t5_2ub2j,1730752035.5444732
82,r/misslizzypink,728,@miss_lizzypink @tawny_xoxo,t5_4xzhvt,1730752035.562891
83,r/Mobius,728,Gaming,t5_2qv4m,1730752035.580561
84,r/mrtramplefantasy,728,All trample and human furniture content is allowed. From trample to facesitting ect. Videos and pics allowed to upload.,t5_8u865n,1730752035.5983381
85,r/nerdyknitters,728,Crafts and DIY,t5_bj0r8q,1730752035.621118
86,r/oneworld,728,"A subreddit for discussion about the Oneworld airline alliance, or any of its members. Feel free to submit questions, discussion topics, flight reports, or even just cool photos.",t5_2qtev,1730752035.709698
87,r/OpenMarriageR4R,728,Family and Relationships,t5_4txlw1,1730752035.7758489
88,r/PolymerClayJewelry,728,A friendly community for all things related to polymer clay jewelry,t5_2vaxw4,1730752035.8103192
89,r/SalmaHayekPrettyToes,728,"This sub is dedicated to the Wonderful Salma Hayek and her gorgeous feet. Please join us in admiring the beautiful toes and soles of a goddess on earth. Feel free to post your favorite feet pictures (but not Imgur images) of Salma Hayek. But first, please follow all sub rules and help us create a fun and engaging community.",t5_ausocn,1730752035.8350751
90,r/ScotlandSwapShop,728,Marketplace and Deals,t5_3a8vkg,1730752035.856239
91,r/simplepixelart,728,Art,t5_62nkkn,1730752035.876482
92,r/skillet2,728,Welcome to skillet2,t5_8yybcc,1730752035.895657
93,r/Storyboards,728,"Share your personal animated Storyboards, Animatics, Story Reels, Boardomatics, and Leica reels... Also known as Animatics. Any caliber from major films, personal projects and animation.",t5_37lt3,1730752035.914813
94,r/TheUnitedMemeEmpire,728,"Freedom will be achieved. This land holds peace for any type of memes. Whether you are a catapult or a trebuchet, everyone is welcome here.",t5_ruknk,1730752035.934557
95,r/TTPD,728,Music,t5_aqefj5,1730752035.957184
96,r/uLaunchThemes,728,Technology,t5_289gzu,1730752035.977128
97,r/UndercoverBillionaire,728,Television,t5_23ed4i,1730752035.99648
98,r/VMODA,728,Technology,t5_31z4z,1730752036.017122
99,r/WhiteHatHacking,728,Welcome. We are a Whitehat Hacking community ready to guide you on your path from a beginner to a professional in the field. Check out our website and on discord.,t5_3eeb3a,1730752036.036268
100,r/17hmr,727,Mature Themes and Adult Content,t5_3f9jh,1730752036.0563278
101,r/AlaskaFishing,727,"Welcome to r/AlaskaFishing. A place for everything fishing related in Alaska fresh or saltwater. Feel free to post pics of your catches, big or small, ask questions about where the hot spots might be or not be. If you’re planning a fishing trip to Alaska in the near future you might find this subreddit helpful.",t5_2509h4,1730752036.076187
102,r/angrybirdstransform,727,Gaming,t5_2m8xw1,1730752036.095598
103,r/BadWinkers,727,Feel safe here from life's winking prejudices. Please post selfies.,t5_2yeha,1730752036.1145291
104,r/Batman66,727,"The place for all things related to the Classic TV series, including movies, games, comics, toys, and more!",t5_3f56g,1730752036.133421
105,r/BoiseShows,727,Welcome to BoiseShows,t5_2t7po,1730752036.152441
106,r/BrDaPublic,727,Family and Relationships,t5_35m3e,1730752036.173134
107,r/brookeschofieldsnark,727,Welcome to brookeschofieldsnark,t5_9x8yfx,1730752036.1928802
108,r/carsandbids,727,Marketplace and Deals,t5_2qd7yk,1730752036.211841
109,r/chincoteague,727,"A subreddit dedicated to the sights, activities, happenings and beauty of this unique island.",t5_2xubw,1730752036.2309198
110,r/CompetitiveIDV,727,Gaming,t5_37l3ne,1730752036.250334
111,r/ConvexFinance,727,Crypto,t5_4fv2lu,1730752036.269495
112,r/DBateClub,727,Family and Relationships,t5_58la9h,1730752036.2887108
113,r/DoomBreaker,727,"Zephyr is the last human fighting evil in a world abandoned by the gods. When he is killed in battle by Tartarus, the god of destruction, all hope for humanity seems lost. But Zephyr’s fate is not sealed -- the gods who find his battles entertaining have gifted him a second chance at life, as he is sent ten years into the past, back to when he was a slave instead of the most powerful human alive. Can Zephyr get his revenge against Tartarus and save the woman he loves, or is he doomed.",t5_4vaqtc,1730752036.3081012
114,r/elpasocurious,727,Mature Themes and Adult Content,t5_afl7rb,1730752036.327001
115,r/EndoEnts,727,"Endometriosis blows. Weed rocks. Trash talk one, and celebrate the other. We are HERE FOR EACH OTHER and we're gonna get through it.",t5_syotq,1730752036.345711
116,r/epicstore,727,Gaming,t5_sekxz,1730752036.365039
117,r/EventChain,727,"EventChain is the evolution of traditional event ticketing, integrating smart contracts on the Ethereum blockchain with ticket sales to create a fully customizable system allowing anyone to buy or sell Smart Tickets on a peer-to-peer market, all with no excessive third party processing fees.",t5_3ktzv,1730752036.3841548
118,r/fannitasnarkpage,727,Welcome to fannita’s snark page,t5_bkw8c8,1730752036.4032562
119,r/ffxidrama,727,Gaming,t5_6dwjmf,1730752036.422198
120,r/Filme_si_seriale,727,Movies,t5_8pn7ip,1730752036.441385
121,r/flexa,727,"Business, Economics, and Finance",t5_4wt753,1730752036.460713
122,r/FreshwaterEcology,727,"A place for discussing everything related to freshwater ecology; biology, chemistry, data collection, analyses, rivers/streams/lakes, etc.",t5_2xei8,1730752036.480072
123,r/FrontlinesRoblox,727,Gaming,t5_3duuzn,1730752036.524193
124,r/GoogleStreetview,727,See something funny or cool on Street View? Post it and maybe people will upvote.,t5_2qs1z,1730752036.5429199
125,r/haveaduff,727,"Duff memes, sweet, sweet duff memes",t5_3hvgh,1730752036.560715
126,r/historicMTG,727,Tabletop Games,t5_17c61j,1730752036.578881
127,r/JewishAnarchism,727,"From Emma Goldman to Noam Chomsky, from the Freie Arbeiter Stimme to Anarchists Against the Wall, there is a rich history and tradition throughout the world of Jewish anarchism, Yiddish-language antiauthoritarianism, and Hebrew self-determination.",t5_3bbts,1730752036.59643
128,r/LAGTV,727,Welcome to LAGTV,t5_2szxd,1730752036.614319
129,r/LazyWitches,727,Welcome to LazyWitches,t5_8ray99,1730752036.631834
130,r/LoreleiAndLaserEyes,727,Gaming,t5_bjlh0e,1730752036.649535
131,r/minecraftquestions,727,Gaming,t5_2u68j,1730752036.6670542
132,r/moddit,727,Welcome to moddit,t5_2ref1,1730752036.688261
133,r/NintendoRumors,727,This subreddit is a place for any and all rumors and speculation surrounding Nintendo. Anything unconfirmed goes here.,t5_3b7hk,1730752036.7085319
134,r/no_pants_gang,727,Activism,t5_3keap8,1730752036.7289479
135,r/nolf,727,Gaming,t5_2xzq6,1730752036.7501729
136,r/potlimitomaha,727,Welcome to potlimitomaha,t5_2s8vf,1730752036.770545
137,r/RedDeadUnderworld,727,Gaming,t5_312mj5,1730752036.7883468
138,r/revellmodels,727,"This community is exclusive to post revell models only, any revell theme is welcome here including the revell 3d puzzles. Please respect each other and positively support each of our members thank you :) And don't forget to share tips and tricks when modeling to help out others and to inspire them ;)",t5_2k0or8,1730752036.806827
139,r/RidhiDograFC,727,"Official subreddit of Indian Actress Ridhi Dogra who rules our hearts! ❤️ Avoid Nudity, deepfakes etc.",t5_5q4dwe,1730752036.8253922
140,r/Rikosjuorut,727,Law,t5_b98ksm,1730752036.8428779
141,r/SlowedAndReverb,727,Music,t5_25lnt6,1730752036.860678
142,r/Smolderweb,727,Gaming,t5_23t9ft,1730752036.878119
143,r/spacemeshcoin,727,The Spacemesh cryptocurrency.,t5_4g0pv9,1730752036.895526
144,r/StevenUniverseGemsona,727,Art,t5_7y194u,1730752036.9128
145,r/ThePonkeysMaw,727,Mirror World MonkeysPaw.,t5_y8ri3,1730752036.930351
146,r/TLC1kbfUncensored,727,"This is an uncensored subreddit to converse about the TLC 1,000lb Best Friends show. Like other reality show subs, this is for comedy/entertainment purposes. You are welcome here, we hope you enjoy it and leave a bit of the happiness you brought behind.",t5_8k8lbo,1730752036.9479601
147,r/trekacademy,727,Television,t5_8018im,1730752036.9657102
148,r/TXTuniverse,727,A storyline created by HYBE Labels for the group TXT.,t5_25vksj,1730752036.9862552
149,r/USNavy,727,Military,t5_51lrha,1730752037.0042071
150,r/WesternAdultAnimation,727,A subreddit for everything related to Western animated shows and movies for adults.,t5_74ni0p,1730752037.0215921
151,r/YouTubeArt,727,Podcasts and Streamers,t5_29whup,1730752037.039061
152,r/accuracyinternational,726,For fans of rifles from Portsmouth.,t5_3ffp7,1730752037.056617
153,r/AllenBakchodi,726,Welcome to AllenBakchodi,t5_6qfxuo,1730752037.074306
154,r/AnaCapozzoli,726,Sub for the Beautiful Goddess herself Ana Capozzoli *All Photos are Credited to @AnaCapozzoli,t5_6uxezp,1730752037.091933
155,r/ascendeddiscord,726,Stop changing the description to dumb shit,t5_w1l7j,1730752037.109388
156,r/AussieTiktokFaves,726,We are a community that loves to share our favourite moments from Tiktok creators that we love. No genre is off limits. Please share your favourite creators with us!,t5_binat2,1730752037.126854
157,r/BESM,726,Hobbies,t5_39nyk,1730752037.1443079
158,r/bristolrovers,726,Sports,t5_2wjzy,1730752037.1616871
159,r/CampHumphreys,726,"A sub for those interested in the goings on at Camp Humphreys, Korea.",t5_i2vck,1730752037.179254
160,r/ClubZurdo,726,Politics,t5_8icmq7,1730752037.196756
161,r/crudecaptioning,726,"Re-captioned cartoons. We accept pictures, comics, panels and video's (if they're dubbed.)",t5_31dh6,1730752037.21455
162,r/Diet_and_Nutrition,726,"Diets, health concerns related to food, Dietitians and Emandiets.com products and services",t5_1amtae,1730752037.232337
163,r/DrKennySmilesSoNasty,726,Celebrity,t5_9fr2g0,1730752037.249799
164,r/DTIYS,726,"A place to share your Draw this in your style Challenge artworks! They've been such a huge trend on Instagram, so here is a place for you to share yours on reddit",t5_vqhon,1730752037.267433
165,r/EarlyOnsetDementia,726,"Dementia affects an ever larger proportion of people. The causes are increasingly being identified, and therapies to counter its effects developed. More and more can be done, from an earlier age, to counter the condition, but unless you or someone close is directly impacted, chances are you would not be motivated to research the subject. This sub is aimed at bring relevant information to people who have question about EOD.",t5_xmsdn,1730752037.2849128
166,r/Egttr,726,Gaming,t5_324pl,1730752037.302519
167,r/ErikaChristensen,726,A community for Erika Christensen fans.,t5_3fc45,1730752037.320223
168,r/Eurohockey,726,Sports,t5_rsx05,1730752037.337993
169,r/fighterposting,726,A place for all combat enjoyers,t5_9z4azi,1730752037.3556218
170,r/FurryMusicians,726,Music,t5_49wtnc,1730752037.37311
171,r/grooveshark,726,Welcome to grooveshark,t5_2rdta,1730752037.390786
172,r/HelloMrRed,726,Funny/Humor,t5_34lkzi,1730752037.408258
173,r/Hypopituitarism,726,"Common ground for those affected by Hypopituitarism, focusing on the various issues, disorders, and deficiencies caused by improper function of the pituitary gland.",t5_355l6,1730752037.427011
174,r/Indietronica,726,"Guitar, synth, laptop, beard ... good to go.",t5_2udo2,1730752037.444968
175,r/irishcraftbeer,726,"The reddit thread to discuss & post about Irish Craft Beer from Ireland. r/irishcraftbeer is for quality content-based submissions & self posts. Pictures of your latest haul can be posted & shared. Feel free to ask what beers you can find where, but do a search first before posting! Brewerys MAY NOT SELF promote. No Drinks Promos either! No content/thread necro-ing",t5_31bw0,1730752037.462713
176,r/keepaneyeonthisguy,726,Welcome to keepaneyeonthisguy,t5_5qmopc,1730752037.479985
177,r/Leaving_Egypt,726,"This community is dedicated to Egyptians seeking to embark on a journey toward better living, work opportunities, and academic pursuits abroad. Our aim is to support each other in navigating the process of leaving Egypt for a brighter future, offering guidance and assistance along the way. هذا المجتمع مكرس للمصريين الساعين للانطلاق في رحلة نحو حياة أفضل وفرص عمل ودراسية في الخارج. هدفنا هو دعم بعضنا البعض في توجيه عملية مغادرة مصر نحو مستقبل أكثر إشراقًا، عبر تقديم الإرشاد والمساعدة في كل خطوة.",t5_at4l4w,1730752037.518402
178,r/LegalAdviceDenmark,726,Law,t5_ccmkg3,1730752037.538302
179,r/lordi,726,Music,t5_2u08f,1730752037.5569658
180,r/lucyhalemadness,726,"Lucy Hale the actress, singer and model",t5_952bfx,1730752037.57597
181,r/memekonomia,726,Giełda polskich szablonów memicznych,t5_25qq6z,1730752037.5939898
182,r/mifsudleah,726,Anything and Everything about Leah Mifsud (horsequeenleah),t5_c9d9hw,1730752037.6114292
183,r/NCAH,726,This subreddit is for people with or who would like to know more about NCAH (Non-classical congenital adrenal hyperplasia).,t5_2mtga2,1730752037.628899
184,r/NotTheBetootaAdvocate,726,"For true stories that are so mind-blowingly ridiculous, that you could have sworn it was The Betoota Advocate.",t5_3j0wz,1730752037.646055
185,r/OntarioGrade11s,726,"A community for future, current and past grade 11 students in Ontario looking for career advice and general inquiries.",t5_3vphho,1730752037.663638
186,r/outcore,726,Gaming,t5_gnglb,1730752037.68107
187,r/ParentingHell,726,Podcasts and Streamers,t5_6199dj,1730752037.6985369
188,r/pastelgirl,726,A place to post all your pastel girls so we don't spam r/traa!,t5_mdikr,1730752037.7162619
189,r/ProjectLightspeed,726,Gaming,t5_vtjap,1730752037.733759
190,r/RealAnalysis,726,"In mathematics, real analysis is the branch of mathematical analysis that studies the behavior of real numbers, sequences and series of real numbers, and real-valued functions. -Wikipedia",t5_1crgf3,1730752037.751311
191,r/redditmarketing,726,"Reddit advertising and organic best practices, tools, tricks and everything else to help to achieve your Reddit marketing results.",t5_36opl,1730752037.768747
192,r/redlobster,726,Food and Drink,t5_2y9su,1730752037.7862139
193,r/Riverside_R4Hookups,726,Welcome to Riverside_R4Hookups,t5_bupn6h,1730752037.804011
194,r/RWRBofficial,726,"This is the backup subreddit for the OG r/redwhiteandroyalblue. While we work on getting it reinstated, we want you to dive into the vibrant world of ""Red, White & Royal Blue"" and share your love for the novel, movie and all things RWRB. Whether you're swooning over the heartwarming romance, dissecting the intricate character dynamics, or exploring the nuances of the political backdrop, this subreddit is our haven to make history together.",t5_97999i,1730752037.822134
195,r/sed,726,Programming,t5_2qpeh,1730752037.8401651
196,r/shironeko,726,Gaming,t5_3b6gc,1730752037.857673
197,r/skidmore,726,Learning and Education,t5_2shls,1730752037.875286
198,r/smws,726,Food and Drink,t5_2u50w,1730752037.8941262
199,r/Snipe_IT,726,Programming,t5_2t9vw0,1730752037.911989
200,r/superslicer,726,"Community for the 3d printing slicer, SuperSlicer",t5_5s0alo,1730752037.929593
201,r/SurveySwap,726,"SurveyCircle.com is the world‘s largest community for finding survey participants and producing better research results through mutual support. The website can be used to recruit participants for surveys, research studies, experiments, and market research projects. SurveyCircle is made for those who need survey participants (students, PhD students, researchers, founders) and for everyone who simply loves to experience and support exciting research projects. Are you curious? Join for free!",t5_23kysh,1730752037.9470642
202,r/Tallbike,726,Hobbies,t5_315fd,1730752037.964545
203,r/techcompliant,726,Subreddit for the game Tech Compliant,t5_38zci,1730752037.982073
204,r/TreesRadio,726,"Welcome to the subreddit for Trees Radio (www.TreesRadio.com). If you've been looking for a place to share and listen to tunes from all corners of the Earth with Stoners (AKA 'Ents') just like you, then pull up your chair and ready your bowl! Come join us for tunes and a toke! Please be kind, respectful, and follow the general Trees Radio guidelines when sharing here on r/TreesRadio. Thank you, u/jzbe for the wonderful logos!",t5_2s3t6,1730752037.999753
205,r/ukdumpsterdiving,726,"Advice, first-hand experience and more of UK Dumpster Diving. This sub is specifically for all UK Dumpster Divers.",t5_34i6o,1730752038.0172422
206,r/usssbbwworldwide2,726,Welcome to usssbbwworldwide2,t5_c6aiw5,1730752038.0347068
207,r/wholesomecorona,726,"Coronavirus, lockdowns and quarentines, it isn't fun, but it does create special oppurtunities! Neighbourhood music, freed penguins, everything that makes this pandemic bearable, post it here!",t5_2hxmfi,1730752038.0524979
208,r/wholesomeDestiny,726,A subreddit for good ole wholesome posts about Destiny. Not affiliated with Bungie or Activision.,t5_j3wml,1730752038.070134
209,r/YouHaveBeenDorimed,726,Internet Culture and Memes,t5_2i72zt,1730752038.0877051
210,r/YouSeries,726,A fan club subreddit for the TV series You,t5_r3808,1730752038.10514
211,r/1688Tech,725,Welcome to 1688Tech,t5_akl9m6,1730752038.122866
212,r/1999,725,"This subreddit is for people born in 1999, now in our mid 20s! Feel free to share thoughts on how your life is going, or things you just feel like sharing.",t5_2su3j,1730752038.140417
213,r/90daytheotherway,725,Safe space for 90 day the other way fans,t5_92d702,1730752038.157888
214,r/ADCConnection,725,Religion and Spirituality,t5_4l4sfh,1730752038.175327
215,r/AestheticAnime,725,Anime,t5_2h8wbr,1730752038.193108
216,r/air,725,For Fans and Newcomers of the Anime and Visual Novel Air,t5_2s1pw,1730752038.21084
217,r/andykaufman,725,A place to discuss Andy Kaufman and his work.,t5_2s8lj,1730752038.228487
218,r/BottegaVeneta,725,The place to discuss everything Bottega Veneta,t5_w0tvf,1730752038.246207
219,r/breakeruppers,725,Family and Relationships,t5_3ad6ux,1730752038.2639549
220,r/brooksnielsen,725,Music,t5_5je2ut,1730752038.281615
221,r/coches,725,Cars and Motor Vehicles,t5_2r1ql,1730752038.299872
222,r/CustomBeatmapFestival,725,"Official subreddit for CBF, a custom beatmap simulator and maker for Love Live - School Idol Festival!. Post your issues, beatmaps and projects here!",t5_3gmmc,1730752038.3181
223,r/DiabolicOughts,725,Ethics and Philosophy,t5_86nqiy,1730752038.337523
224,r/Drafting_Instruments,725,History,t5_37hhqm,1730752038.3556778
225,r/driedbasins,725,A potpourri of dried wetlands.,t5_11l6zi,1730752038.373517
226,r/drugshortages,725,"For discussion of current drug shortages, including information about timelines for availability, reasons for shortage, therapeutic alternatives, etc.",t5_5ck7zk,1730752038.39111
227,r/electricbike,725,Cars and Motor Vehicles,t5_39ss9,1730752038.408861
228,r/exbuddhist,725,Religion and Spirituality,t5_2udoe,1730752038.426526
229,r/FrankReade,725,"Reading, Writing, and Literature",t5_6rx55h,1730752038.443972
230,r/fuggetaboutit,725,A sub dedicated to talking about the show fuggaabit!,t5_38o56,1730752038.461539
231,r/godard,725,Movies,t5_2tkkl,1730752038.479392
232,r/gogetfunding,725,post here your gogetfunding campaigns although other campaigns are also welcome :),t5_3p2qd,1730752038.496958
233,r/gothicmarxism,725,A subreddit to work out what Gothic Marxism is.,t5_wm1kd,1730752038.514327
234,r/grandparenting,725,"This is the place to talk about your grandkids (or for younger redditors to talk about their grandparents), discuss issues related to in-town and out-of-town grandkids, seek advice, offer advice or just share stories. Memes and image/video only links should be posted in another subreddit. Let's focus on discussions! Links to personal sites and blogs are OK, but not e-commerce or commercial sites.",t5_2yl4y,1730752038.531811
235,r/HardToClean,725,Some things are really hard to clean. Post them here!,t5_4wlulf,1730752038.549189
236,r/hirstarts,725,A community for users of Hirst Arts miniature terrain building system (also known as CastleMolds).,t5_3a3fq,1730752038.566831
237,r/humandesignmemes,725,"A place for memes, gifs, and image macros about the Human Design System. We're here to have fun 🤠 You can find out more about Human Design in the main subreddit: /r/humandesign",t5_6h62h1,1730752038.584641
238,r/instructionaltech,725,Instructional Design and Technology is an interdisciplinary field that focuses on the systematic design of training and educational environments.,t5_2z35t,1730752038.602187
239,r/LebanonPolitics,725,A discussion about the politics and religion of Lebanon,t5_339mn,1730752038.620033
240,r/lindyhop,725,Welcome to lindyhop,t5_2sa47,1730752038.637551
241,r/MergeSurvival,725,Gaming,t5_2m9w5e,1730752038.655481
242,r/meyawn,725,Animals and Pets,t5_2z9uto,1730752038.6741672
243,r/modmusic,725,Music,t5_2vuyo,1730752038.6930811
244,r/MRKH,725,"This is a subreddit for all with MRKH (Mayer-Rokitansky-Kuster-Hauser) syndrome, also known as Müllerian agenisis. Symptoms range from, and it's not the easiest thing to deal with... which is what this subreddit is for!",t5_2zg90,1730752038.7118
245,r/Mystical_Islam,725,Religion and Spirituality,t5_4aisaw,1730752038.730572
246,r/neurogenesis,725,Welcome to neurogenesis,t5_2s7li,1730752038.749332
247,r/nichoqu,725,twitch.tv/nichoqu 🚀 youtube.com/nichoqu 🚀 twitter.com/Kourosh 🚀 discord.gg/nichoqu 🚀,t5_5see0d,1730752038.768089
248,r/nobuses,725,Music,t5_1062tg,1730752038.786735
249,r/RonKamonohashi,725,Anime,t5_3874oa,1730752038.808224
