,subreddit,subscribers,topic,subreddit_id,scraped_utc
0,r/centrist,52092,Politics,t5_2qx8j,1730746294.007231
1,r/OldSkaters,52081,Hobbies,t5_3e5iy,1730746294.039126
2,r/advancedentrepreneur,52069,"Business, Economics, and Finance",t5_345yv,1730746294.070955
3,r/YouTubeSubscribeBoost,52067,Podcasts and Streamers,t5_3hlb5,1730746294.561561
4,r/TheMindIlluminated,52050,Religion and Spirituality,t5_3f6ws,1730746294.585836
5,r/hudsonvalley,52040,Place,t5_2sa17,1730746294.607339
6,r/Plaqueboymax,52030,Podcasts and Streamers,t5_5mntqv,1730746294.628672
7,r/futurefunk,52023,Music,t5_2wqo6,1730746294.651646
8,r/AccuratelyRateMe,52017,Beauty and Makeup,t5_24d9ek,1730746294.6788101
9,r/VirginiaBeach,52016,Place,t5_2rzc0,1730746294.705826
10,r/LindaCardellini,52007,Celebrity,t5_2ts3d,1730746294.7280881
11,r/BandofBrothers,52004,Television,t5_2skk5,1730746294.748555
12,r/classicsoccer,52002,Sports,t5_32q19,1730746294.7714932
13,r/norsk,51965,Learning and Education,t5_2uhx1,1730746294.791255
14,r/TeamSESH,51963,Music,t5_2zxam,1730746294.8104792
15,r/IsraelCrimes,51943,Activism,t5_43mf0s,1730746294.829581
16,r/NewYorkNineMild,51943,Celebrity,t5_7u47oc,1730746294.848348
17,r/tabletopsimulator,51943,Tabletop Games,t5_30u7h,1730746294.867595
18,r/NorthKoreaPics,51936,Place,t5_34i6n,1730746294.887226
19,r/windsorontario,51932,Place,t5_2s68p,1730746294.9066849
20,r/DimensionJumping,51911,Religion and Spirituality,t5_3gmet,1730746294.926102
21,r/Nio,51905,Cars and Motor Vehicles,t5_3iqcz,1730746294.945226
22,r/UKbands,51904,Music,t5_39iul,1730746294.964641
23,r/gatech,51899,Learning and Education,t5_2r8t2,1730746295.00978
24,r/ITcrowd,51886,Television,t5_2qq8e,1730746295.0415711
25,r/AirReps,51878,Technology,t5_2oemly,1730746295.07296
26,r/TooHotToHandle,51874,Celebrity,t5_32lo8,1730746295.102529
27,r/DBLegendsReddit,51855,Gaming,t5_hrq9u,1730746295.127674
28,r/LegacyJailbreak,51848,Technology,t5_352su,1730746295.150738
29,r/kallmekris,51847,Celebrity,t5_3c8bf9,1730746295.177313
30,r/Fireworksgonewrong,51827,Internet Culture and Memes,t5_tw792,1730746295.19952
31,r/Fruitbatcats,51817,Animals and Pets,t5_230ed9,1730746295.2185721
32,r/HEB,51812,Careers,t5_2tomv,1730746295.237598
33,r/brandnew,51805,Music,t5_2rq6j,1730746295.256899
34,r/hydrokitties,51800,Animals and Pets,t5_2ooabz,1730746295.276043
35,r/AustralianBirds,51783,Animals and Pets,t5_3jg20,1730746295.295004
36,r/runningmemes,51781,Sports,t5_2tnto,1730746295.314336
37,r/CoffinofAndyandLeyley,51780,Gaming,t5_84ar4l,1730746295.33966
38,r/CabelosDoBrasil,51779,Beauty and Makeup,t5_au25d5,1730746295.3636029
39,r/Avax,51765,Crypto,t5_3itf3,1730746295.384188
40,r/Karting,51737,Sports,t5_2s6js,1730746295.406968
41,r/VIDEOENGINEERING,51735,Careers,t5_2slmt,1730746295.4312892
42,r/Lollapalooza,51734,Music,t5_2r3dl,1730746295.452186
43,r/AncientAliens,51708,Internet Culture and Memes,t5_2soy5,1730746295.473236
44,r/BabyWitch,51700,Religion and Spirituality,t5_25fcyb,1730746295.4933
45,r/Tartaria,51691,History,t5_th9fy,1730746295.513107
46,r/PlayTemtem,51665,Gaming,t5_g8mrl,1730746295.532299
47,r/TheAmazingRace,51631,Television,t5_2stq9,1730746295.5513291
48,r/dragonvale,51619,Gaming,t5_2sx99,1730746295.570726
49,r/kpop_uncensored,51598,Music,t5_95i5nk,1730746295.594014
50,r/chronotrigger,51585,Gaming,t5_2sevh,1730746295.618471
51,r/heck,51585,Internet Culture and Memes,t5_35c82,1730746295.639894
52,r/HardVideos,51584,Internet Culture and Memes,t5_7pdcpo,1730746295.661283
53,r/opinionnonpopulaire,51520,Meta/Reddit,t5_61j6zv,1730746295.680989
54,r/diydrones,51501,Technology,t5_2tv5f,1730746295.701699
55,r/lossedits,51480,Internet Culture and Memes,t5_3f22i,1730746295.7212312
56,r/animationcareer,51477,Careers,t5_3982v,1730746295.743405
57,r/WiiUHacks,51473,Gaming,t5_2vh6q,1730746295.7706501
58,r/harmony_one,51469,Crypto,t5_mn651,1730746295.7960372
59,r/ReactionMemes,51465,Internet Culture and Memes,t5_2zkh2,1730746295.826014
60,r/fossdroid,51462,Technology,t5_2t8ev,1730746295.853021
61,r/AskWomenNoCensor,51460,Gender,t5_5w6lwb,1730746295.879613
62,r/IMGreddit,51452,Learning and Education,t5_22iird,1730746295.905215
63,r/Nationals,51435,Sports,t5_2s9ce,1730746295.934224
64,r/HeroForgeMinis,51419,Tabletop Games,t5_35gll,1730746295.960245
65,r/cna,51418,Careers,t5_2shfy,1730746295.983592
66,r/RadicalChristianity,51405,Religion and Spirituality,t5_2ty95,1730746296.010077
67,r/HelloInternet,51404,Internet Culture and Memes,t5_2z1tz,1730746296.0345101
68,r/lookismcomic,51403,Anime,t5_3mdns,1730746296.0588942
69,r/Resume,51393,Careers,t5_2qv6z,1730746296.0817122
70,r/MyAnimeList,51379,Anime,t5_2w78c,1730746296.104439
71,r/bose,51367,Technology,t5_2ykqh,1730746296.126367
72,r/interiordesignideas,51328,Home and Garden,t5_32tcp,1730746296.147785
73,r/Sugargoo,51319,Marketplace and Deals,t5_2sj2ix,1730746296.169183
74,r/collegeresults,51294,Learning and Education,t5_3ad2k,1730746296.190523
75,r/Sadiesink,51280,Celebrity,t5_3p069,1730746296.211672
76,r/chiens,51275,Animals and Pets,t5_4fldrx,1730746296.232349
77,r/reddCoin,51265,Crypto,t5_2x3a8,1730746296.251664
78,r/WFHJobs,51251,Careers,t5_284iwv,1730746296.270734
79,r/h3h3_productions,51242,Podcasts and Streamers,t5_3erh9,1730746296.289381
80,r/formcheck,51240,Fitness and Nutrition,t5_2sctd,1730746296.337309
81,r/phineasandferb,51231,Television,t5_2s2lo,1730746296.390522
82,r/ps5india,51224,Gaming,t5_2q7syj,1730746296.422188
83,r/ereader,51214,Technology,t5_2qwmn,1730746296.4473789
84,r/OnePieceLiveAction,51206,Television,t5_2zouz7,1730746296.470295
85,r/Returnal,51179,Gaming,t5_2r9uy5,1730746296.5006
86,r/PlayStationNow,51171,Gaming,t5_2zoih,1730746296.522003
87,r/sims4cc,51170,Gaming,t5_3bn1x,1730746296.544297
88,r/Chevy,51168,Cars and Motor Vehicles,t5_2tdj0,1730746296.565859
89,r/AMD_Stock,51161,"Business, Economics, and Finance",t5_3fr05,1730746296.589408
90,r/WaifuDiffusion,51116,Mature Themes and Adult Content,t5_70ala5,1730746296.612845
91,r/Cynicalbrit,51103,Podcasts and Streamers,t5_2tqbt,1730746296.636339
92,r/malementalhealth,51098,Men's Health,t5_gv2qf,1730746296.657622
93,r/Freethought,51092,Politics,t5_2qhzx,1730746296.680916
94,r/pocketsand,51081,Internet Culture and Memes,t5_2unq9,1730746296.7019572
95,r/Taiwanese,51060,Place,t5_5y0yzu,1730746296.723736
96,r/S10wallpapers,51058,Art,t5_xkkhq,1730746296.743927
97,r/AskALiberal,51051,Politics,t5_2ukxe,1730746296.764997
98,r/SecretsOfMormonWives,51041,Television,t5_aosrpr,1730746296.785246
99,r/WildWestPics,51036,History,t5_3hil4,1730746296.806468
100,r/Celebrity_Cleavage,51026,Mature Themes and Adult Content,t5_32xgyi,1730746296.8256829
101,r/BeautifulWomenFitness,51007,Fitness and Nutrition,t5_66iqzf,1730746296.844686
102,r/roguelites,50990,Gaming,t5_2xt52,1730746296.863721
103,r/EldenRingLoreTalk,50975,Gaming,t5_66m6fk,1730746296.8823879
104,r/LibbyApp,50965,Technology,t5_5vwfb2,1730746296.902606
105,r/NYCbike,50956,Place,t5_2sfmo,1730746297.048125
106,r/turkish_celeb,50941,Celebrity,t5_7kkq9k,1730746297.0698729
107,r/webergrills,50936,Hobbies,t5_341jh,1730746297.089427
108,r/offset,50922,Music,t5_2tn23,1730746297.108725
109,r/sharktank,50894,Television,t5_2se9c,1730746297.1287649
110,r/TheRookie,50884,Television,t5_3pidu,1730746297.157076
111,r/SuperMarioOdyssey,50876,Gaming,t5_3ihls,1730746297.1761348
112,r/forensics,50867,Careers,t5_2qim5,1730746297.194964
113,r/Memecoinhub,50847,Crypto,t5_bco7vu,1730746297.213669
114,r/ExplainBothSides,50845,Meta/Reddit,t5_3jf35,1730746297.233496
115,r/moistcr1tikal,50841,Podcasts and Streamers,t5_13s5fy,1730746297.252435
116,r/skylanders,50833,Gaming,t5_2ssor,1730746297.272485
117,r/Forest,50813,Outdoors and Nature,t5_2qwey,1730746297.2919528
118,r/ps3hacks,50813,Gaming,t5_2s3l0,1730746297.312364
119,r/ANTM,50800,Television,t5_2scrx,1730746297.334476
120,r/TronScript,50796,Technology,t5_34lku,1730746297.357491
121,r/GoodValue,50786,Marketplace and Deals,t5_2ue68,1730746297.378645
122,r/igcse,50783,Learning and Education,t5_2r9qz,1730746297.398737
123,r/MoDaoZuShi,50781,Anime,t5_qg5fl,1730746297.416776
124,r/DiscountedProducts,50780,Marketplace and Deals,t5_2xjpk,1730746297.434599
125,r/Dorohedoro,50766,Anime,t5_2z41u,1730746297.452215
126,r/Birdsfacingforward,50760,Animals and Pets,t5_xjwjv,1730746297.46968
127,r/inspiration,50759,Ethics and Philosophy,t5_2qmtp,1730746297.4871502
128,r/kindafunny,50757,Podcasts and Streamers,t5_2vhlq,1730746297.504695
129,r/hamishandandy,50754,Podcasts and Streamers,t5_2t5je,1730746297.5221171
130,r/cinescenes,50748,Movies,t5_36scg,1730746297.5402298
131,r/scanlationdrama,50727,Anime,t5_3e2hj,1730746297.5584052
132,r/chinalife,50710,Place,t5_3c9em,1730746297.5783198
133,r/ArcBrowser,50689,Technology,t5_3kbwy,1730746297.598262
134,r/PetAfterVet,50676,Animals and Pets,t5_l9hy7,1730746297.617942
135,r/supergirlTV,50661,Television,t5_33g1z,1730746297.637325
136,r/AmITheJerk,50623,Ethics and Philosophy,t5_10bmjj,1730746297.656246
137,r/udemyfreebies,50623,Programming,t5_36tut,1730746297.677832
138,r/MaddenMobileForums,50606,Gaming,t5_34m8j,1730746297.697391
139,r/kpopforsale,50605,Music,t5_3ek3j,1730746297.717721
140,r/Brampton,50604,Place,t5_2rp5y,1730746297.7367868
141,r/Crossdress_Expression,50604,Gender,t5_2iuocl,1730746297.755508
142,r/RogueTraderCRPG,50581,Gaming,t5_6gpfqe,1730746297.7740119
143,r/NootropicsHelp,50576,Medical and Mental Health,t5_6ydw4p,1730746297.7926998
144,r/fempark,50562,Funny/Humor,t5_404pwp,1730746297.8116019
145,r/angelsbaseball,50560,Sports,t5_2sbrk,1730746297.8312151
146,r/twicemedia,50551,Celebrity,t5_n6rmy,1730746297.850153
147,r/dbrand,50550,Technology,t5_2wf1u,1730746297.8704798
148,r/ironicsigns,50548,Funny/Humor,t5_3fxr1,1730746297.8886888
149,r/Polandballart,50525,Internet Culture and Memes,t5_2xx7v,1730746297.907466
150,r/feminisms,50522,Activism,t5_2qhba,1730746297.925484
151,r/ipod,50520,Technology,t5_2qh4t,1730746297.943733
152,r/M1Finance,50520,"Business, Economics, and Finance",t5_3pgp6,1730746297.961378
153,r/depressionregimens,50502,Medical and Mental Health,t5_37a9h,1730746297.978913
154,r/ArlecchinoMains,50446,Gaming,t5_5du7ng,1730746297.996414
155,r/norulevideos,50438,Internet Culture and Memes,t5_aj9209,1730746298.0137868
156,r/mildlyevangelion,50428,Anime,t5_35ji6,1730746298.0313869
157,r/AcademicPhilosophy,50386,Ethics and Philosophy,t5_2r7v0,1730746298.0494819
158,r/shedditors,50386,Home and Garden,t5_g8m20,1730746298.067431
159,r/pumpkincarving,50382,Crafts and DIY,t5_2s5p5,1730746298.088892
160,r/cleavage2,50374,Mature Themes and Adult Content,t5_6r5ngy,1730746298.1082282
161,r/legogaming,50373,Gaming,t5_2yxox,1730746298.128054
162,r/PacificNorthwest,50368,Place,t5_2qnp4,1730746298.147306
163,r/Needlefelting,50333,Crafts and DIY,t5_2u8ka,1730746298.1671538
164,r/intuitiveeating,50312,Fitness and Nutrition,t5_2w4xa,1730746298.186774
165,r/SPTarkov,50305,Gaming,t5_2vqyam,1730746298.2067552
166,r/goodreads,50293,"Reading, Writing, and Literature",t5_2s3cx,1730746298.226573
167,r/LanguageTechnology,50289,Programming,t5_2rkr2,1730746298.246321
168,r/Kosmiczna_Flota,50282,Podcasts and Streamers,t5_y0vbf,1730746298.26515
169,r/enlightenment,50281,Ethics and Philosophy,t5_2qr80,1730746298.284142
170,r/AhriMains,50279,Gaming,t5_33lil,1730746298.3029351
171,r/IndiaEntertainment,50279,Television,t5_81qlda,1730746298.321692
172,r/Sparkdriver,50273,Careers,t5_28wtn1,1730746298.3410912
173,r/girls,50272,Television,t5_2qj0h,1730746298.360081
174,r/InformationTechnology,50268,Careers,t5_2sg67,1730746298.3789709
175,r/CelebScenes,50265,Mature Themes and Adult Content,t5_2k2mct,1730746298.397402
176,r/VintageTees,50233,Fashion,t5_38gl4,1730746298.415859
177,r/burlington,50230,Place,t5_2ri40,1730746298.434481
178,r/countryballs_comics,50230,Internet Culture and Memes,t5_3iv6q,1730746298.453729
179,r/TravelNursing,50203,Careers,t5_2xa95,1730746298.472492
180,r/PrintedCircuitBoard,50199,Technology,t5_2wl1s,1730746298.491803
181,r/libsofreddit,50198,Politics,t5_4potjp,1730746298.511636
182,r/meowsertrousers,50198,Animals and Pets,t5_23kv0w,1730746298.53113
183,r/RoyaleRecruit,50191,Gaming,t5_3bppb,1730746298.550433
184,r/bodegacats,50185,Animals and Pets,t5_2xtre,1730746298.5721412
185,r/somnivexillology,50164,Meta/Reddit,t5_3fy0i,1730746298.5922859
186,r/BlueJackets,50162,Sports,t5_2sl3f,1730746298.6124532
187,r/monarchism,50157,Politics,t5_2s6v1,1730746298.631186
188,r/pcgiveaways,50149,Marketplace and Deals,t5_2tz8m,1730746298.6502569
189,r/EverythingFoxes,50140,Animals and Pets,t5_meh8i,1730746298.669163
190,r/prettykkittykat,50134,Mature Themes and Adult Content,t5_3obrpe,1730746298.687786
191,r/Boots,50119,Fashion,t5_2rbia,1730746298.7064471
192,r/nervysquervies,50115,Animals and Pets,t5_2a0fzb,1730746298.725098
193,r/Grimes,50108,Music,t5_2ujxx,1730746298.743791
194,r/WikipediaVandalism,50107,Funny/Humor,t5_2s9cc,1730746298.762201
195,r/TheCivilService,50096,Careers,t5_3k268,1730746298.78078
196,r/canoeing,50095,Outdoors and Nature,t5_2t797,1730746298.799896
197,r/BritishCelebrityBabes,50094,Celebrity,t5_4i3osf,1730746298.81921
198,r/maths,50092,Learning and Education,t5_2qitk,1730746298.8389041
199,r/wewontcallyou,50063,Careers,t5_jtw4s,1730746298.857745
200,r/CellToSingularity,50053,Gaming,t5_xmxp8,1730746298.8765361
201,r/Bloxburg,50052,Gaming,t5_3nwbn,1730746298.895303
202,r/eggs,50052,Food and Drink,t5_2qk9s,1730746298.914098
203,r/dysautonomia,50050,Medical and Mental Health,t5_2scc7,1730746298.932483
204,r/eastenders,50010,Television,t5_2syhp,1730746298.951405
205,r/YMS,50009,Internet Culture and Memes,t5_2yap0,1730746298.970027
206,r/peeling,50005,Medical and Mental Health,t5_2u4qr,1730746298.988575
207,r/synthdiy,50004,Music,t5_2vbhj,1730746299.007282
208,r/helsinki,49994,Place,t5_2s0h4,1730746299.026164
209,r/thatsthejoke,49990,Internet Culture and Memes,t5_2t0fb,1730746299.046656
210,r/FinalSpace,49977,Television,t5_3e2el,1730746299.065828
211,r/unturned,49965,Gaming,t5_2z01g,1730746299.0848482
212,r/schnauzers,49963,Animals and Pets,t5_2ssw6,1730746299.103543
213,r/pitbulls_in_partyhats,49960,Animals and Pets,t5_2vv24,1730746299.122304
214,r/cowcats,49958,Animals and Pets,t5_30mfc,1730746299.1411898
215,r/CitiesSkylines2,49939,Gaming,t5_4vk73u,1730746299.160311
216,r/UtterlyBizarre,49932,Internet Culture and Memes,t5_7abfdc,1730746299.179109
217,r/HeartstopperAO,49921,"Reading, Writing, and Literature",t5_351dr1,1730746299.197988
218,r/pawg_ass_club,49904,Mature Themes and Adult Content,t5_aq9n69,1730746299.21694
219,r/the_darnold,49903,Sports,t5_3gh8c,1730746299.235413
220,r/rhoslc,49900,Television,t5_3d11bo,1730746299.2540538
221,r/gameassets,49894,Gaming,t5_2v8hb,1730746299.272608
222,r/askatherapist,49893,Medical and Mental Health,t5_3bhkf,1730746299.291328
223,r/upstate_new_york,49891,Place,t5_2rcb2,1730746299.309899
224,r/DrewGooden,49885,Podcasts and Streamers,t5_3o7qq,1730746299.328635
225,r/ZanClan,49882,Podcasts and Streamers,t5_13zu0g,1730746299.347494
226,r/Leica,49868,Technology,t5_2s4wm,1730746299.3662999
227,r/seals,49860,Animals and Pets,t5_2v82k,1730746299.385431
228,r/LearningFromOthers,49857,Mature Themes and Adult Content,t5_7trpda,1730746299.4042492
229,r/ACNHIslandInspo,49848,Gaming,t5_2lh374,1730746299.4234529
230,r/CAIRO,49848,Place,t5_2rnae,1730746299.442627
231,r/Neuralink,49837,Technology,t5_3jq7d,1730746299.461302
232,r/rhettandlink,49829,Podcasts and Streamers,t5_2u5cj,1730746299.480587
233,r/Kerddit,49828,Gaming,t5_4mxtl8,1730746299.499579
234,r/Beyblade,49826,Anime,t5_2skjv,1730746299.519778
235,r/grateful_dead,49804,Music,t5_327wk,1730746299.538746
236,r/ragecomics,49788,Internet Culture and Memes,t5_2rd6z,1730746299.558965
237,r/lightingdesign,49786,Technology,t5_2rfak,1730746299.57884
238,r/TexasPolitics,49779,Politics,t5_2t47s,1730746299.5991502
239,r/0xMantle,49778,Crypto,t5_7fqlzf,1730746299.630134
240,r/ask_transgender,49769,Gender,t5_31hoq,1730746299.650403
241,r/fican,49766,"Business, Economics, and Finance",t5_39lcl,1730746299.669586
242,r/internationalpolitics,49738,Politics,t5_2tb55,1730746299.689311
243,r/mesoamerica,49698,History,t5_2scaa,1730746299.709387
244,r/StudyInTheNetherlands,49696,Learning and Education,t5_kqz2g,1730746299.729504
245,r/texashistory,49690,History,t5_2zuhw,1730746299.748925
246,r/Heidelberg,49683,Place,t5_2rqqc,1730746299.767935
247,r/Hammocks,49682,Outdoors and Nature,t5_2s7lm,1730746299.787189
248,r/Minerals,49680,Hobbies,t5_2ud1d,1730746299.8063202
249,r/powerbuilding,49642,Fitness and Nutrition,t5_2viik,1730746299.825637
