,subreddit,subscribers,topic,subreddit_id,scraped_utc
0,r/JatieSnarks,710,Podcasts and Streamers,t5_9am4ru,1730752112.965199
1,r/lowsodiumthewitcher,710,Television,t5_7mqxv2,1730752112.986157
2,r/mercer,710,Learning and Education,t5_2spac,1730752113.003801
3,r/MikhailaPeterson,710,Celebrity,t5_mhmbh,1730752113.0212631
4,r/MildlyDemonic,710,photos of things reminiscent of demons or demonology,t5_3izbg,1730752113.038802
5,r/nako,710,Music,t5_rgsok,1730752113.065312
6,r/naruhina,710,A subreddit for Naruto and Hinata related content,t5_2vxvz,1730752113.08261
7,r/okbuddydracarys,710,Funny/Humor,t5_6sphc1,1730752113.100321
8,r/PeppaPigMemes,710,Animals and Pets,t5_3pi9v,1730752113.117905
9,r/ProductManagementJobs,710,Careers,t5_4eygii,1730752113.135314
10,r/RespectRodney,710,Gaming,t5_2lg5o2,1730752113.2039602
11,r/SaraLlamas7,710,SubReddit dedicated to the Spanish model Sara Llamas,t5_6wd47n,1730752113.221337
12,r/SeedOilDisrespecters,710,Welcome to SeedOilDisrespecters,t5_5srqzs,1730752113.278411
13,r/TalesOfBerseria,710,Gaming,t5_38iy3,1730752113.298528
14,r/Thatgirlover500,710,Post anything about Thatgirlover500/Himikaccr,t5_bgd7ic,1730752113.318398
15,r/thedivinity,710,Welcome to thedivinity,t5_6edyxq,1730752113.338182
16,r/TheMariners,710,Sports,t5_3cbq7i,1730752113.3579788
17,r/TheyAreComing,710,This is the unnoficial comunity for the game They Are Coming developed by OnHit Developments,t5_4txtmg,1730752113.3774898
18,r/thriftmalefashion,710,"Ever been out thrift store shopping and come across a great looking item at a good price, but it just doesn't fit right? This is the place to share those finds (at cost) with other frugal fashionistos.",t5_2vjvx,1730752113.3971882
19,r/TOXIKK,710,"FRAG LIKE IT'S 1999! TOXIKK plays as if today's military shooters never existed: Designed as a spiritual successor to the FPS giants of the late 90s and early 2ks, TOXIKK carefully evolves their mechanics with modern technology and fresh ideas elaborated with Arena-FPS enthusiasts.",t5_32ur7,1730752113.417019
20,r/TransPhoneSex,710,"All sellers must have a real website or a paid business phone number. we dont do freebies here. All seller post must include a website, fansite, or a paid 1800 number.",t5_5htc57,1730752113.436713
21,r/TravelPortugal,710,Travel,t5_8pyk0c,1730752113.456359
22,r/tuscola,710,home of the Warriors,t5_327kn,1730752113.47613
23,r/unexpecteddaftpunk,710,"Daft Punk, unexpectedly",t5_3howv,1730752113.4961011
24,r/Unholyblood,710,Discussion for the webtoon Unholy blood/White Blood/荆棘女王！,t5_3ba37e,1730752113.5174541
25,r/VietnamFlashbacks,710,For when you are having flashbacks to vietnam.,t5_3bcah,1730752113.5449789
26,r/wendysdrivethru,710,"Sir, this is a Wendy's drive-thru.",t5_1i8716,1730752113.562613
27,r/WholesomeDDLC,710,Post wholesome DDLC memes here! Protecc the waifus!,t5_3pwr1,1730752113.5800571
28,r/WOTtv,710,"For TV-only discussion of the Wheel of Time series on Amazon Prime, based on the series by Robert Jordan. No book discussion or spoilers allowed whatsoever!",t5_5dxbyv,1730752113.59777
29,r/Yasgrwnnsexxii_OF,710,The subreddit it about and ONLY about yasgrwnnsexxii from Instagram and will be providing pics and vids from her onlyfans page or Instagram page,t5_3s9zpd,1730752113.615453
30,r/3DprinterHelp,709,Technology,t5_324aw,1730752113.6330729
31,r/AgeOfEmpires3,709,Welcome to AgeOfEmpires3,t5_2yn6u,1730752113.650366
32,r/AirToken,709,"AirToken (AIR) is an Ethereum-based digital utility token that facilitates the transfer of mobile airtime and currency, payments for goods and services, and enables a peer-to-peer microlending program—all with minimal friction and fees. Airfox developed the AirToken to power a platform that will provide billions of unbanked and underbanked consumers access to capital and financial services including making purchases and receiving microloans on their Android smartphone.",t5_3n9ys,1730752113.6687622
33,r/anguilla,709,anguilla is an island in the caribbean,t5_32cjh,1730752113.686222
34,r/bigdub,709,Sub for the annual Big Dub festival.,t5_397i6,1730752113.703687
35,r/blakelivelysnark,709,Celebrity,t5_c6ax0z,1730752113.721077
36,r/bullpsychology2,709,Mature Themes and Adult Content,t5_azdx0z,1730752113.7385259
37,r/CamiMartinezOF,709,Welcome to CamiMartinezOF,t5_4x9got,1730752113.75693
38,r/CarolineCollins,709,It's time for this beauty to have her own community now. Please post any content related to Caroline not matter where it came from.,t5_520co6,1730752113.774688
39,r/carvstock,709,"Business, Economics, and Finance",t5_4om1hl,1730752113.792215
40,r/CatTrees,709,"CatTrees is for posting pictures of your cat while enjoying trees. Or posting cool cat trees. This is brand new, so bear with me.",t5_3l6u0,1730752113.8096519
41,r/ChinaCJ,709,Funny/Humor,t5_8gnoup,1730752113.828657
42,r/ColonialMarines,709,"Aliens: Colonial Marines is a 2013 first-person shooter developed by Gearbox Software and published by Sega for Windows, PlayStation 3, and Xbox 360. Based on the Alien universe and set shortly after the events of James Cameron's 1986 film Aliens, the game follows a group of Colonial Marines, a fictional military unit, as they confront the Weyland-Yutani corporation in an effort to rescue survivors from the Sulaco spaceship. The game features a campaign mode and a Multiplayer mode.",t5_2uqrf,1730752113.846228
43,r/CutTheCord4Ever,709,"Welcome to CutTheCord4Ever! This community is for anyone looking to cut the cord on traditional cable and satellite TV. Join us to share tips, explore streaming services, and discover the best ways to save money while enjoying your favorite shows. Let's embrace the future of TV!",t5_cldtrm,1730752113.878507
44,r/D20Modern,709,Welcome to D20Modern,t5_2ty2x,1730752113.897522
45,r/Dowsing,709,Welcome to Dowsing,t5_2sx0f,1730752113.916492
46,r/dsi,709,Gaming,t5_4rdttz,1730752113.935081
47,r/erikkadevinee,709,Welcome to erikkadevinee,t5_87nwpg,1730752113.953559
48,r/Fantasywritersub,709,"Welcome to the Sub! Writing, World building, Fanfiction, Beta readers Anything and everything related to fiction, fantasy, science fiction and the creative process. No red tape just an open community!",t5_9l9dpb,1730752113.972073
49,r/foundAnal_Sex_Man,709,The place for Anal_sex_man finders,t5_8uv5s9,1730752113.990678
50,r/geo,709,Cars and Motor Vehicles,t5_2vy3e,1730752114.009235
51,r/GTA5MoneydropLobby,709,"Money Drop Lobbies for GTA 5, Brought to you by Various Discord Servers",t5_2h2tio,1730752114.0279832
52,r/JOYRYDE,709,"For best results, Install sub woofer in vehicle, Invite friends & Gas Pedal, Gas Pedal, Gas Pedal..",t5_3ai60,1730752114.046838
53,r/kelcult,709,Gaming,t5_4ea48k,1730752114.0653
54,r/LivingstonMT,709,Place,t5_2ssrq5,1730752114.0841851
55,r/Maia_Reficco,709,subreddit dedicated to the beautiful actress and singer Maia Reficco,t5_4tttcs,1730752114.1023731
56,r/Mamalakhs,709,Funny/Humor,t5_2q37ru,1730752114.120137
57,r/MarioPartyJamboree,709,Gaming,t5_brqej1,1730752114.137613
58,r/MidnightTexas,709,"Subreddit discussing the Charlaine Harris series Midnight, Texas.",t5_3bafj,1730752114.15518
59,r/MoCoPoGo,709,"A sub for those of us living in Montgomery County, MD, and playing Pokemon Go.",t5_3fei7,1730752114.173224
60,r/MoonDao,709,Crypto,t5_46ei4j,1730752114.191063
61,r/MyWifeIsADemonQueen,709,Art,t5_wxo7p,1730752114.208735
62,r/NatiJota_LO,709,Subreddit dedicado a Nati Jota. Estaremos subiendo todo relacionado a Nati Jota las ultimas novedades fotos y videos de sus redes y eventos,t5_af09ih,1730752114.2266822
63,r/NochtliPA,709,"All the news, pictures and videos about Nochtli Peralta Alvarez. She’s a model, a certified personal trainer and well, the most out of the blue– a police officer! She is half Dutch and half Mexican and has beyond fitness and health, she has a passion for traveling around the world.",t5_7gdg4o,1730752114.2445068
64,r/PreyDaySurvival,709,"Prey for a Day is a new multiplayer zombie survival game MMO RPG with cooperative gameplay, a perfect marriage of a shooter and a strategy where all survivors pursue the same goal: to survive in a world full of zombies and mutants. Explore, grind, kill zombie in the city.",t5_hy6ce,1730752114.263534
65,r/RBI_Grade_B,709,Learning and Education,t5_8dlgc3,1730752114.281642
66,r/Reisen_Udongein_Inaba,709,A subreddit for the Touhou character Reisen Udongein Inaba.,t5_nbvk7,1730752114.299117
67,r/rolemodel,709,Music,t5_2a7b1y,1730752114.3176682
68,r/Shubble,709,Podcasts and Streamers,t5_393ud5,1730752114.336583
69,r/SmolSqueak,709,Animals and Pets,t5_3zcngb,1730752114.355308
70,r/sneakers247,709,Fashion,t5_6tqb6x,1730752114.373779
71,r/SnowLights,709,Welcome to SnowLights,t5_3hvr0,1730752114.392425
72,r/StarWarsNews,709,Movies,t5_328jx,1730752114.4112508
73,r/Swingtradesindian,709,"Business, Economics, and Finance",t5_bzrcxz,1730752114.429962
74,r/tamron,709,Welcome to tamron,t5_3370n,1730752114.4488971
75,r/the5observables,709,Technology,t5_6fe2xr,1730752114.4679098
76,r/Thebausffs,709,Podcasts and Streamers,t5_2t8zvk,1730752114.4869819
77,r/thedaywefightback,709,Welcome to thedaywefightback,t5_2zppu,1730752114.506037
78,r/TheKayetriotNetwork,709,Podcasts and Streamers,t5_4h2y6r,1730752114.525274
79,r/TheManyFacesOfTomlin,709,Welcome to TheManyFacesOfTomlin,t5_3aq8u,1730752114.5442612
80,r/UKforhire,709,Welcome to UKforhire,t5_2sfhy,1730752114.56367
81,r/UnexpectedVeggieTales,709,Unexpected Veggie Tales,t5_3kd8e,1730752114.5816
82,r/VideoMemers,709,"This subreddit was created for collaborations, sharing new formats and ressources. It's allowed to post your videos but please don't blindly post if you never shared ressources or participated in collabs. Only spamming videos for clicks will just get you a negative user flair and the posts removed. Still looking for mods, apply now!",t5_siht2,1730752114.599614
83,r/WatchGamesTV,709,"Just another way to hear your thoughts, discuss future ideas and communicate with my fans/supporters.",t5_7rpcq,1730752114.617277
84,r/WhispersyncDeals,709,"Reading, Writing, and Literature",t5_24eis5,1730752114.634641
85,r/Yamahaebikes,709,Sports,t5_cl7nd9,1730752114.652263
86,r/zedsdead,709,Welcome to zedsdead,t5_2tfkh,1730752114.6696498
87,r/AskSlavs,708,"Culture, Race, and Ethnicity",t5_11ivv4,1730752114.687077
88,r/bipolarketo,708,"This is a safe, respectful and kind community where people with bipolar disorder who follow a ketogenic diet share their lived experience. Posts about peer-reviewed studies about keto for mental health and relevant news, educational resources and evidence based ketogenic information are also welcome. This is strictly not a place to offer medical advice or try to influence the behaviour of others. Please speak with licensed professionals, not people on the internet.",t5_5ryqo8,1730752114.704625
89,r/BlazBlueEntropyEffect,708,Gaming,t5_95gya5,1730752114.72387
90,r/BMWi5,708,Cars and Motor Vehicles,t5_7rvh49,1730752114.741365
91,r/bobbleheads,708,"A place to discuss, trade, and show off your bobblehead collection.",t5_2v5et,1730752114.758799
92,r/ChristmasMovies,708,"This is a sub to discuss christmas movies, ask for suggestions and recommendations, tell us about your favourites, give reviews, share news and so on.",t5_3hu0v,1730752114.7761102
93,r/CodHacking,708,Gaming,t5_51jp25,1730752114.79351
94,r/Cone,708,Internet Culture and Memes,t5_2z8wm,1730752114.810792
95,r/cretetravel,708,Travel,t5_b8bzy8,1730752114.829092
96,r/criscyborg,708,Celebrity,t5_3npgc,1730752114.846514
97,r/curatedwardrobe,708,Fashion,t5_ahws4a,1730752114.864783
98,r/D3Reflection,708,Gaming,t5_3pgps,1730752114.883381
99,r/deadlyplants,708,Outdoors and Nature,t5_4x0cb1,1730752114.9020429
100,r/DentalschoolUS,708,"r/DentalSchoolUS is a community for dental students, residents, and dental professionals based in the United States.",t5_8rw14i,1730752114.9205399
101,r/dkmusik,708,"Danish Music, Danish Artists.",t5_2u3ol,1730752114.939213
102,r/FloridaPolyamory,708,Welcome to FloridaPolyamory,t5_6cx12d,1730752114.957747
103,r/forensiclinguistics,708,"A subreddit dedicated to the branch of linguistics which focuses on applications to forensic and judicial processes, legal textual analysis, and language in the courtroom.",t5_2wm3q,1730752114.976338
104,r/hannah,708,A subreddit for all things Hannah,t5_2qjmr,1730752114.995254
105,r/HegartyWorship,708,Internet Culture and Memes,t5_o3nch,1730752115.014364
106,r/HellZone,708,"Hi, I'm Rory Blank. I made a subreddit for just my comics and other stuff that I do. You can hang out too if you want.",t5_ktes1,1730752115.03326
107,r/HikaruNoGo,708,The Subreddit about the Hikaru No Go anime and Manga,t5_3ebuf,1730752115.051649
108,r/houghton,708,Welcome to houghton,t5_2s6ta,1730752115.070359
109,r/ImaginarySerpents,708,"Paintings and drawings featuring serpents, snakes, eels, nagas, hydras, wurms, and lanky dragons.",t5_2zowp,1730752115.089032
110,r/IowaHawkeyes,708,All things Iowa Hawkeyes sports and items of Interest,t5_5r989b,1730752115.1078598
111,r/IshwaryaMenon,708,Celebrity,t5_4ikiin,1730752115.126593
112,r/MiaTomlinson,708,Celebrity,t5_44rw0n,1730752115.1454022
113,r/MusicVideoBreakdowns,708,"Any music video worth breaking down in a literal and/or metaphorical sense. These include opinion on artists intentions, hidden messages, literal explanation, and user's take on a breakdown.",t5_t02mp,1730752115.164513
114,r/newsactors,708,Welcome to newsactors,t5_omvw3,1730752115.1851678
115,r/othergirlsarelikeme,708,Funny/Humor,t5_44t3xa,1730752115.204094
116,r/PoliticalRevolutionFL,708,**/r/PoliticalRevolutionFL** is the Florida branch of **r/Political_Revolution**. This subreddit is meant to raise support and awareness for progressive candidates in Florida and issues in the state that align with the political revolution as envisioned by Senator Bernie Sanders.,t5_3f02p,1730752115.222958
117,r/PrequelNews,708,News delivered via Prequel Memes.,t5_3pwbb,1730752115.242191
118,r/prettfaceszn,708,Welcome to prettfaceszn,t5_96wq8o,1730752115.2614279
119,r/prolifepregnant,708,Family and Relationships,t5_4on0ey,1730752115.2801611
120,r/RedPandaMining,708,"Crypto Mining, Community Driven, Youtuber!",t5_y1gmr,1730752115.298882
121,r/representus,708,"As profits over open communication and organization run counter to the ideals of RepresentUs, this sub has gone private for now. Please note this sub is not moderated, administrated, or supported in anyway by RepresentUs. However, RepresentUs organizers are able to contact the moderators, as are you! Send a mod mail if you feel this action does not align with RepresentUs. Either way, we encourage you to visit https://represent.us to check out actions and volunteer opportunities!",t5_2x0cw,1730752115.317701
122,r/riichi,708,Riichi mahjong is a Japanese variant of the game that is exciting and sometimes unpredictable with the addition of extra Dora tiles.,t5_2s83p,1730752115.336628
123,r/ritatv,708,Television,t5_39b7v,1730752115.355371
124,r/SarahHryniewicz,708,Welcome to SarahHryniewicz,t5_774c86,1730752115.374047
125,r/saunamietteet,708,Funny/Humor,t5_n0xwk,1730752115.3930008
126,r/SeekingAlpha,708,Seeking Alpha in Trading,t5_4y1rl7,1730752115.411725
127,r/SeratoStudio,708,Music,t5_4w31m8,1730752115.431047
128,r/SlavaUkraini_Rebuild,708,Activism,t5_5ybpvz,1730752115.450379
129,r/Slough,708,Place,t5_2u31k,1730752115.4696589
130,r/solarguitars,708,Music,t5_59o7iz,1730752115.488888
131,r/StoneBlock3,708,Gaming,t5_7ff782,1730752115.50783
132,r/supersmash,708,"This is a subreddit for discussion, gameplay and fan art of all the Super Smash Bros. Games",t5_2uo1v,1730752115.527034
133,r/Symfonium,708,Technology,t5_61c2nt,1730752115.5465221
134,r/tharja,708,shrine to a fictional woman,t5_356il,1730752115.5657458
135,r/thebayesianconspiracy,708,Podcasts and Streamers,t5_3chfi,1730752115.584755
136,r/thegrbcase,708,Law,t5_b9lmwj,1730752115.6022432
137,r/TTWire,708,Podcasts and Streamers,t5_612ros,1730752115.619605
138,r/TubaBuyukustun,708,Turkish actress Tuba Buyukustun (Tuba Büyüküstün) (Tûba Büyüküstün),t5_5ox6o7,1730752115.6369479
139,r/UnexpectedPeterMayhew,708,For when Peter Mayhew appears when you least expect him.,t5_3nixc,1730752115.655614
140,r/VintageMatchbox,708,Hobbies,t5_8odbh0,1730752115.673457
141,r/VisegradGroup,708,Place,t5_3fijh,1730752115.690869
142,r/watchlax,708,Depository for full lacrosse games,t5_3hxg4,1730752115.708319
143,r/WhatToWatchThisWeek,708,Bunch of games that I think are worth a watch posted every week.,t5_3ezze,1730752115.725688
144,r/wolfenoot_central,708,"We are a subreddit dedicated to the Wolfenoot Holiday. Created by a 7 year old to celebrate the spirit of the wolf, and those who are kind to dogs, the holiday kicked off on November 23, 2018. Started by a random post on Facebook by a mother who has become known as ""Wolfenoot Mom"", the post spread like wild fire as the world quickly embraced the new holiday. Community focused on raising funds and awareness for the kindness of animals around the world. https://wolfenoot.com/",t5_ufdz5,1730752115.743096
145,r/YouPlayedYourself,708,Welcome to YouPlayedYourself,t5_bmnu3j,1730752115.760513
146,r/ZoiMantzakanis,708,Fashion,t5_53w42f,1730752115.7778828
147,r/0_005102040816327,707,Meta/Reddit,t5_6n7ueq,1730752115.795222
148,r/AfterTheFlash,707,Gaming,t5_2z6qd,1730752115.812999
149,r/AlterCavite,707,Mature Themes and Adult Content,t5_alow63,1730752115.831143
150,r/artofsuarez,707,Crypto,t5_5ctl5p,1730752115.849518
151,r/ATC_band,707,A subreddit for discussion and news on pop-rock band Against The Current!,t5_3ekyg,1730752115.86796
152,r/azurescens,707,Home and Garden,t5_4o5qy0,1730752115.88639
153,r/BeboLovers,707,Celebrity,t5_c0803a,1730752115.90525
154,r/boolberry,707,Advanced Anonymity,t5_31svh,1730752115.923857
155,r/Bowserdidnothingwrong,707,"We need to show the evil Mario, and his wretched gang of horrible beasts, that we will not stand by while his evil reign tears this land apart!",t5_3mpmw,1730752115.9424949
156,r/BrianMcClellan,707,"Content related to author and podcast host Brian McClellan's life and collected works: The Powder Mage universe, Valkyrie Collections, The Glass Immortals, Page Break Podcast, and more to come!",t5_55oa7n,1730752115.960981
157,r/BrosWhoKnit,707,"Welcome. This is the place for bros, blokes, fellas, dudes and lads to chat about the dark arts of plain, purl and all things between. If you’re just starting out, been around the needles for a while or a Fair-isle supreme guru master, then this is the place for you. Questions, advice, showing off and general knitting banter are all welcome. Grab yourself beer, a ball of your favourite super fine merino and some 2.5mm DPNs and we’ll have a pair of socks together in no time!",t5_xdudy,1730752115.979847
158,r/casual_crochet,707,"Welcome to casual crochet, a chill place to share projects, questions, and tips with a low key, inviting atmosphere. Everyone is welcome!",t5_cgif4e,1730752115.998581
159,r/chrismostellerscam,707,Welcome to chrismostellerscam,t5_ad9ixi,1730752116.017764
160,r/ChurchofEirika,707,"A place to worship Eirika from the Fire Emblem franchise! (Also check out our sister sub, r/Eirika!)",t5_r0hgd,1730752116.036458
161,r/DeepanshiRawat,707,This subreddit is dedicated to the beautiful member of team Godlike Deepanshi Rawat aka GODLDOBBY,t5_7wnzrl,1730752116.0554109
162,r/DisneyILY,707,Hobbies,t5_7ufxan,1730752116.074324
163,r/dopapod,707,Welcome to dopapod,t5_2urws,1730752116.0930932
164,r/Elinda_San,707,Subreddit dedicated to the beautiful Elinda San,t5_7z05rb,1730752116.113028
165,r/foxandcat,707,Podcasts and Streamers,t5_c57xug,1730752116.132111
166,r/gems,707,Don't be fooled by phoney gem subreddits. /r/gems is the real deal.,t5_2shz0,1730752116.151446
167,r/GleanerHeights,707,A subreddit for players of Gleaner Heights.,t5_fp3ix,1730752116.170629
168,r/Haze_Reverb,707,Gaming,t5_86gm9t,1730752116.189814
169,r/homeperformance,707,Take a comprehensive whole-house approach to identifying and fixing comfort and energy efficiency problems in your home.,t5_2ubg0,1730752116.209271
170,r/howdidwegethere,707,Funny/Humor,t5_33cvs,1730752116.22932
171,r/hughlaurie,707,A place to discuss and share everything Hugh Laurie,t5_2u12o,1730752116.248087
172,r/ImaginaryFlags,707,Welcome to ImaginaryFlags,t5_2z52j,1730752116.2667918
173,r/IntechRVs,707,"share your mods, campsites and whatever you want relating to your intech rv",t5_xjm7h,1730752116.2854102
174,r/itwasagraveyardsmath,707,Meta/Reddit,t5_31koy,1730752116.3039842
175,r/LumixS5ii,707,Lumix S5ii owners and those who hope to join! Here to help answer niche questions as well!,t5_7v0usl,1730752116.322876
176,r/nhbeer,707,Live free and brew. A community for everything beer and brewing related in New Hampshire.,t5_3109x,1730752116.342226
177,r/nnmfestival,707,Music,t5_6kby5o,1730752116.3613162
178,r/odeonscreenunseen,707,Movies,t5_8mqbbk,1730752116.3811462
179,r/OMSHopefuls,707,Careers,t5_28z8cu,1730752116.399297
180,r/OnePlusNord2,707,Technology,t5_32jz88,1730752116.417294
181,r/onetruepokemongod,707,This subreddit is all about our Bidoof overlord.,t5_2wect,1730752116.434743
182,r/OntarioCalifornia,707,A subreddit for the city of Ontario in Southern California. News information and just a place for the community to hang.,t5_3mk211,1730752116.452276
183,r/OpenXR,707,"OpenXR is a royalty-free, open standard that provides high-performance access to Augmented Reality (AR) and Virtual Reality (VR)—collectively known as XR—platforms and devices. This community is for news and events directly related to OpenXR",t5_3j2uy,1730752116.469611
184,r/pests,707,Outdoors and Nature,t5_30cm0,1730752116.4870028
185,r/PolygonBikes,707,Sports,t5_3ajsuo,1730752116.5043042
186,r/PublicAwesome,707,People being awsome,t5_2mw0cl,1730752116.521722
187,r/redtheband,707,Music,t5_3o404,1730752116.53893
188,r/seafile,707,Technology,t5_340pu,1730752116.5562859
189,r/SettleThis4Me,707,Welcome to SettleThis4Me,t5_3orh0,1730752116.573611
190,r/SeychelleGabriel,707,Seychelle Gabriel,t5_2wgfl,1730752116.593313
191,r/sleepyhallow,707,A subreddit for up and coming Brooklyn rapper Sleepy Hallow,t5_2cnrhg,1730752116.6111202
192,r/sonicware,707,Music,t5_52kx84,1730752116.628397
193,r/suddenlyanarchychess,707,Welcome to suddenlyanarchychess,t5_6amez8,1730752116.6471
194,r/TFFG,707,Sports,t5_vwftu,1730752116.665904
195,r/Thesovietalya,707,Anime,t5_c3hrcx,1730752116.684551
196,r/TotalDramaPolls,707,Television,t5_3k0tjz,1730752116.703398
197,r/travelingmommaof2,707,"This is a SNARK community not a FAN community for Travelingmommaof2, Val R and can mention TTB. If you come in here with fan behavior you will automatically be banned!! *no doxxing *childrens faces must be cropped out or blurred. *no fan behavior",t5_7ybswy,1730752116.722132
198,r/vt88,707,The wonderful world of /vt/ (Virtual YouTubers),t5_5aquna,1730752116.7406101
199,r/Wortschmiede,707,Learning and Education,t5_bf9jg6,1730752116.75947
200,r/yassi_ass,707,Alles over Yassi.as,t5_ar87vk,1730752116.7780428
201,r/ZIPTIESNBIASPLIES,707,This subreddit is participating in the subreddit black out. messaging the mods will do nothing.,t5_4fb4u,1730752116.796745
202,r/zoewelsch,707,Welcome to zoewelsch,t5_bq6ke8,1730752116.815758
203,r/ACryptoS,706,Crypto,t5_3n4yq1,1730752116.8345711
204,r/advancedcustomfields,706,A subreddit for all things [ACF](http://www.advancedcustomfields.com/).,t5_33qes,1730752116.853337
205,r/agingresearch,706,"This subreddit focuses on basic, clinical and translational research on aging and longevity.",t5_2ydw4,1730752116.872053
206,r/AlanParsonsProject,706,Appreciation page for the one and only.,t5_3erqb,1730752116.891095
207,r/AlyssaQuinta,706,Everything Alyssa Quinta.,t5_4e00uh,1730752116.910207
208,r/animaloddities,706,Sub for odd and some-what strange animal individuals.,t5_2y2dd,1730752116.929107
209,r/animefanfiction,706,Anime,t5_2vjh0,1730752116.947865
210,r/betfair,706,Tabletop Games,t5_2rgbv,1730752116.966882
211,r/BitCraftOnline,706,Gaming,t5_33ginx,1730752116.9862971
212,r/bitJob,706,"A global, decentralized marketplace for student employment. Powered by Ethereum Blockchain. BitJob will empower students across the globe with blockchain technology. Aimed at revolutionizing the way students make a living and gain occupational experience, bitJob will offer students the opportunity to earn income and sharpen their skills while enriching their resumé, all within bitJob's blockchain-based ecosystem of networking, compensation, rewards, and incentives.",t5_3nn1a,1730752117.005444
213,r/BloomingtonModerate,706,Politics,t5_26iykg,1730752117.024389
214,r/canadarevenueagency,706,"Business, Economics, and Finance",t5_556pez,1730752117.043902
215,r/Captel,706,Careers,t5_2tmf1,1730752117.064215
216,r/carterchat,706,Technology,t5_991t4r,1730752117.082696
217,r/catpisciotta,706,Subreddit to the beautiful Cat Pisciotta,t5_bvchki,1730752117.10185
218,r/Catsitting,706,Animals and Pets,t5_4qokyg,1730752117.1213498
219,r/crustacean_memes,706,"memes relating to arthropods of the mainly aquatic group, crustacea.",t5_ti1xp,1730752117.140786
220,r/DishHeads,706,Welcome to DishHeads,t5_90djim,1730752117.160192
221,r/EFCivics,706,"~A sub created by an EF owner, for all EF owners/ enthusiasts alike.~ This sub is dedicated to the fourth generation Honda Civic, generally referred to as “EF” but encompasses all EC/ED/EE/EF/EX models. Post pics, build updates, art, mods, questions, etc.. related to the EF Chassis. All 88-91 Honda Civic, Sedan, CRX, Wagons are welcome! I want to see your EFs!",t5_6t6iy5,1730752117.1791842
222,r/gardentours,706,Post a tour of your garden! Talk about your plants and critters!,t5_2tl84q,1730752117.198245
223,r/halfmoonrun,706,this is a sub reddit dedicated to the fans of this amazing Canadian band,t5_2y1oq,1730752117.2170932
224,r/hpos10i,706,"The project is called HarryPotterObamaSonic10Inu (ticker: BITCOIN), and it's the shitcoin of shitcoins. If we listen, we can understand that it is a store of value. Such is the wise vision of Satoshi Nakamoto, which we serve without question.",t5_5dpfkq,1730752117.2360902
225,r/InsectArt,706,Art,t5_b1et50,1730752117.255091
226,r/itsawindowssystem,706,Technology,t5_2k93zy,1730752117.273868
227,r/ItzaReynaa,706,Welcome to ItzaReynaa,t5_5jl4j5,1730752117.292684
228,r/JimmyNeutron,706,Television,t5_2zc46,1730752117.3117251
229,r/KinTV,706,Television,t5_516d9z,1730752117.330946
230,r/LittleKnownGalaxy,706,Gaming,t5_9xmyfb,1730752117.3499022
231,r/MeghanLaneMorrison,706,Celebrity,t5_blsdvz,1730752117.3688982
232,r/morningtoncrescent,706,Gaming,t5_2rx22,1730752117.388012
233,r/namegulf,706,"Leading marketplace for buying, selling, and leasing premium domain names in the after-market. Elevate your online presence with our curated selection of high-value domains. Whether you're an entrepreneur, a startup, or an established brand, we offer a seamless platform to secure your digital identity. Explore a vast array of memorable, SEO-friendly domains that instantly resonate with your audience. Join our thriving community of buyers & sellers.",t5_7fpl60,1730752117.406977
234,r/NukeproofBikes,706,Sports,t5_4zrtrq,1730752117.426132
235,r/ockflipping,706,"""Curiosity is the one thing invincible in nature"" -Freya Stark This is a sub dedicated to the curious. To those that see a rock and most know what lies beneath. Post pictures of your finds with as many details as possible. Keep flipping and rock on!",t5_21lo1k,1730752117.444962
236,r/PaladinAmber,706,Podcasts and Streamers,t5_1y6ca9,1730752117.4641979
237,r/PowKiddyX55Handheld,706,Gaming,t5_95yiyz,1730752117.483542
238,r/printershaming,706,"Ever get mad at a printer (or scanner, copier, etc.) when it doesn't do what you want it to do? This is a community to publicly shame those evil printers in your life!",t5_25w66s,1730752117.5025222
239,r/ProjectOwl,706,World News,t5_3ngdap,1730752117.5231109
240,r/RavencoinMiners,706,Crypto,t5_4wfbzy,1730752117.54236
241,r/ReAnimator,706,"Subreddit for fans of the HP Lovecraft story Herbert West Reanimator and/or the Re-Animator film series (Re-Animator, Bride of Re-Animator, & Beyond Re-Animator)",t5_35jzk,1730752117.561671
242,r/Rebrickable,706,Hobbies,t5_48z414,1730752117.580972
243,r/saturdaynightE,706,Saturday Night E,t5_3jhc6,1730752117.600234
244,r/smachz,706,Gaming,t5_3ar68,1730752117.619422
245,r/Sri_Lankan_Dating,706,Family and Relationships,t5_4c54zz,1730752117.6383
246,r/SteelFighting,706,Sports,t5_3jb0k,1730752117.65716
247,r/TenorGuitar,706,Music,t5_30b7x,1730752117.675906
248,r/TheCW,706,"Welcome to r/TheCW, A subreddit for discussing anything and everything related to the CW Network and cwtv.com",t5_2zfhd,1730752117.6950898
249,r/TinaKunakey,706,Because somehow this subreddit didn’t exist yet,t5_12nxi4,1730752117.714389
