,subreddit,subscribers,topic,subreddit_id,scraped_utc
0,r/churchofshiori,657,Anime,t5_2rsr9z,1730752334.582879
1,r/Crunnix,657,Art,t5_28ub3s,1730752334.6090739
2,r/D3_index,657,"Сводный индекс как переехавших D3-подсайтов, так и вновь созданных сабов.",t5_5w7lv1,1730752334.6325288
3,r/DatingNakedTV,657,"Discussion about VH1's fabulous dating show, Dating Naked",t5_39uiy,1730752334.653924
4,r/EnergicaMotorcycles,657,Cars and Motor Vehicles,t5_vbg83,1730752334.675509
5,r/FragpunkGame,657,Gaming,t5_bpg6hr,1730752334.7080991
6,r/FunnyNaruto,657,Anime,t5_b99jz7,1730752334.7278888
7,r/GoodBadFlags,657,A place for REAL flags that are so bad they're kind of good.,t5_2l5rrb,1730752334.748876
8,r/greekplants,657,Home and Garden,t5_5r7h69,1730752334.769589
9,r/HarryPotterMAX,657,"The Official subreddit of the Upcoming TV Reboot, Harry Potter.",t5_8683ty,1730752334.7899892
10,r/heavenstudio,657,Gaming,t5_aajah1,1730752334.871409
11,r/HuntsvilleTexas,657,Welcome to HuntsvilleTexas,t5_2svat,1730752334.8916202
12,r/Ithadtobeitaly,657,Posts about Italy found in the wild.,t5_24iypz,1730752334.9228559
13,r/jiji_plays18,657,Celebrity,t5_axkepq,1730752334.942776
14,r/karaneko,657,Gaming,t5_2w7bi,1730752334.9636428
15,r/knockoutgifs,657,"A collection of knockouts in gif form ranging from MMA, boxing, street fighting, drunk bitches swinging wildly and idiots headbutting random things.",t5_2vsm1,1730752334.982816
16,r/Lara_Silva,657,Comunidade de admiração e pra quem é obcecado na gostosa da Lara Silva!,t5_avzvbl,1730752335.002356
17,r/learnjavathehardway,657,"Discussion and questions for 'Learn Java the Hard Way', the website and book by Graham Mitchell.",t5_2xxnk,1730752335.021986
18,r/LeticiaCaputi,657,"Dedicado a Streamer, Influencer e Criadora de conteúdo Letícia Caputi.",t5_4sug7g,1730752335.040972
19,r/lgtvcommunity,657,lgtv community,t5_5np6hk,1730752335.060107
20,r/loggers,657,"all about logging, forestry and forest machinery",t5_ftos1,1730752335.0790951
21,r/LukaMains,657,Gaming,t5_88rtr4,1730752335.098455
22,r/Manosphere,657,This is a dedicated fan sub for the cult classic film Manos the Hands of Fate. Please enjoy!,t5_2u188,1730752335.1179898
23,r/MenOnSema,657,Fitness and Nutrition,t5_bfh3dx,1730752335.1374578
24,r/menwithbiglips,657,Celebrity,t5_angb3e,1730752335.156995
25,r/merkelwave,657,Music,t5_2j0ig6,1730752335.176404
26,r/MiForeskin,657,Mature Themes and Adult Content,t5_3of88j,1730752335.196495
27,r/Moo_Deng,657,Animals and Pets,t5_chla7y,1730752335.2169
28,r/muscimolhead,657,Mature Themes and Adult Content,t5_bsyab6,1730752335.236192
29,r/northeastwisconsin,657,A place for everyone in north east wisconsin to post and find and meet new friends and share photos and videos of you and your partners. Enjoy all are welcome! Win money at https://acorncasino.onelink.me/nLtx/wk975ddc?invite_code=MU17349,t5_apavt4,1730752335.2555609
30,r/oceankeltoi,657,Official reddit for Ocean,t5_2ghvq0,1730752335.27501
31,r/Parnu,657,Everything regarding the summer capital of Estonia!,t5_38v07,1730752335.296566
32,r/PixelPlaceApp,657,Art,t5_3k10d,1730752335.316471
33,r/RealmsOfRuin,657,Gaming,t5_8guvtc,1730752335.336766
34,r/Respect,657,"There is a lot of bad shit in the world. This subreddit is for pointing out the people who are out there fighting the good fight, doing good deeds, and helping their fellow humans.",t5_2s4zx,1730752335.3566499
35,r/retreats,657,"This is a place to discuss going on retreat, good retreats, bad retreats, the benefit of going on retreats, leading retreats, retreat ideas and anything at all about retreats, especially spiritual retreats. Workshops and seminars too.",t5_33d50,1730752335.376411
36,r/rhykker,657,Gaming,t5_39e07,1730752335.396003
37,r/SGIcultRecoveryRoom,657,Trauma Support,t5_326ws,1730752335.415508
38,r/sm64online,657,Gaming,t5_3ocnx,1730752335.4350579
39,r/ssaramalacara,657,Welcome to ssaramalacara,t5_9koep9,1730752335.45531
40,r/StonerCat,657,Welcome to StonerCat,t5_3mdom,1730752335.4749582
41,r/TeachingESL,657,A place for teachers of English as a second language to share ideas and experiences. Questions and help requests are welcome!,t5_2xr07,1730752335.4941282
42,r/TheDarkMod,657,"**THE DARK MOD is an Open Source Stealth Game, inspired by the ""Thief"" series by Looking Glass Studios.** It includes creative new gameplay features, dozens of unique AI, and a complete set of custom art assets, allowing players and mappers alike to enjoy missions in a gothic steampunk universe. When you play The Dark Mod, you feel like you’re playing a gothic stealth game…there’s nothing left that’s recognizable from Doom 3. (The Dark Mod started as a Doom 3 Total Conversion Mod.)",t5_2uvct,1730752335.5146198
43,r/TVtooLeft,657,Welcome to TVtooLeft,t5_6qkgld,1730752335.533865
44,r/UnknownKnightsGame,657,Unknown Knights is a Pixel action RPG game published by CookApps,t5_7ikota,1730752335.553018
45,r/westelm,657,Home and Garden,t5_2m0fc5,1730752335.5724201
46,r/WhatTrumpHasDone,657,The good and bad of what Trump has does,t5_3ioj5,1730752335.59184
47,r/WhiskeyThrottled,657,"Gifs and video clips of people whiskey throttling. Whiskey throttle is what happens when a rider loses control, panics and pulls the throttle. This causes them to lose even more control. This is common with newer riders, especially when mounting a motorcycle/scooter for the first time. Not to be confused with panic revving which is a mid-air rev to regain control.",t5_1oa0oj,1730752335.611146
48,r/AddictionMedicine,656,"Discuss the medical specialty of Addiction Medicine including treatments, medical practice, policies, regulatory environment, etc.",t5_ey8g8,1730752335.6304572
49,r/amanim_bm,656,Art,t5_b96is6,1730752335.649175
50,r/AtlasEmpires,656,Gaming,t5_3lkq1,1730752335.667906
51,r/backportedps5dlc,656,Welcome to backportedps5dlc,t5_b5hvue,1730752335.6868072
52,r/BuildandShoot,656,Ace of Spades Alternative Community,t5_2vqx6,1730752335.7081149
53,r/CaliforniaPolicy,656,Law,t5_58xv2z,1730752335.7283819
54,r/CannabisPhotography,656,Photos of the beautiful cannabis plant,t5_309kp,1730752335.748075
55,r/CastleGormenghast,656,"Reading, Writing, and Literature",t5_ola3a,1730752335.768037
56,r/ccnaw,656,Welcome to ccnaw,t5_2t5vh,1730752335.7873678
57,r/christianmen,656,Welcome to christianmen,t5_2sc4i,1730752335.809623
58,r/citiesinthepast,656,Subreddit to post the picture and talk about how places looked in the past.,t5_3xo257,1730752335.829225
59,r/Cody,656,Internet Culture and Memes,t5_2qjsk,1730752335.848879
60,r/coorg,656,Place,t5_4mjfj,1730752335.86834
61,r/eu4strats,656,A subreddit for Europa Universalis 4 strategy,t5_39jz9,1730752335.887609
62,r/Eyesight,656,Medical and Mental Health,t5_2yce2,1730752335.907278
63,r/fmt,656,Medical and Mental Health,t5_2x124,1730752335.926419
64,r/FrenchGirlsFilles,656,Mature Themes and Adult Content,t5_8ql5yj,1730752335.945706
65,r/frenchmusique,656,Music,t5_2vfmc,1730752335.965173
66,r/grayscalepa,656,"The Grayscale subreddit is here to discuss all things related to the Philadelphia, PA pop-punk band Grayscale.",t5_22zbnz,1730752335.984441
67,r/GridPlus,656,"GridPlus sets the new standard for blockchain hardware security. The Lattice1 hardware wallet is more secure, more flexible, and opens up a host of new real-world possibilities for the use of digital assets.",t5_3n62e,1730752336.003763
68,r/horsesense,656,"Stories and whatnot about horses being horses, good and bad",t5_32twrw,1730752336.023199
69,r/HumanPeopleTwitter,656,Funny/Humor,t5_ncpjz,1730752336.0425012
70,r/IamVeryMeme,656,"For people who show meme superiority, or are fights about memes.",t5_3ehjn,1730752336.061784
71,r/IceClimberMains,656,"This is a Subreddit for people who main Ice Climbers in Super Smash Bros Melee, Super Smash Bros Brawl, and Project M.",t5_39bhv,1730752336.08112
72,r/kyndryl,656,Technology,t5_48u8h9,1730752336.100679
73,r/LearnNavi,656,Learning and Education,t5_2xulp,1730752336.119777
74,r/macrophoto,656,An imagery subreddit focused specifically on up-close and macro photography.,t5_2t8ta,1730752336.13918
75,r/medicosvent,656,Careers,t5_a428ab,1730752336.1585028
76,r/MONSTERAS,656,Home and Garden,t5_2xnah7,1730752336.177923
77,r/MustntMilkMarch,656,Addiction Support,t5_2g06wb,1730752336.19721
78,r/Nootropics2,656,This subreddit is now redundant.,t5_2ripl,1730752336.216304
79,r/okbuddydragonshow,656,Television,t5_6wxwg6,1730752336.237157
80,r/PeterProvidesTheSauce,656,For the sauce,t5_aspx6j,1730752336.257548
81,r/PhDfinance,656,Welcome to PhDfinance,t5_6h76sk,1730752336.277579
82,r/PR7s,656,Sports,t5_55kpbw,1730752336.2970822
83,r/PreconstructedMagic,656,Hobbies,t5_6lazki,1730752336.316654
84,r/ProGigs,656,"ProGigs is a community for professionals who love what they do, but want to do it on their terms. Please note that almost all ""gigs"" and companies featured require at least a college degree, along with several years of experience. Gigs are in AI/Tech, Business, Law, Education, Medicine/Science, etc. (If you are looking for mainstream gig ops, please visit our r/GigWork sub.)",t5_2y73od,1730752336.3359659
85,r/rescoring,656,"This is a subreddit dedicated to rescoring film. Take a scene from a movie or short film, remove the soundtrack, and you've got what we want.",t5_34gzd,1730752336.355131
86,r/rvacka,656,Welcome to rvacka,t5_2w6fa,1730752336.37425
87,r/servo,656,Technology,t5_2tf0r,1730752336.393356
88,r/SwampYankeeArms,656,Mature Themes and Adult Content,t5_8my7bd,1730752336.412521
89,r/toomanycooks,656,"Dedicated to the discussion of the world's greatest sitcom, Adult Swim's ""Too Many Cooks.""",t5_34f3c,1730752336.431603
90,r/TrueGilmoreGirls,656,For the true fans of the show! A subreddit dedicated just to the fans of the show. No censoring (short of insults to one another) - feel free to speak your peace!,t5_3g3r7,1730752336.450924
91,r/UltrosTheGame,656,Gaming,t5_aqwvn4,1730752336.4705
92,r/VastError,656,A subreddit for everything to do with the Fan-comic Vast Error.,t5_144ork,1730752336.489648
93,r/webbedfeet,656,Post your feet. Talk about your feet. Erm idk just be happy and webbed.,t5_32q56,1730752336.508842
94,r/youtried,656,Welcome to youtried,t5_2xmda,1730752336.52784
95,r/2BCProductions,655,Podcasts and Streamers,t5_31hfw,1730752336.5469701
96,r/3mmwargaming,655,Hobbies,t5_6ukrhf,1730752336.565875
97,r/Abigailrios_nieves,655,Welcome to Abigailrios_nieves,t5_7xvt73,1730752336.58511
98,r/AdaptiveSports,655,"All things adaptive sports and recreation. Join to share your experiences, ask a question, or learn more about incredible sports like power soccer, sled hockey, and wheelchair rugby!",t5_13k6mu,1730752336.60429
99,r/ATXMetal,655,Music,t5_8a37m6,1730752336.6234539
100,r/ausmetal,655,Music,t5_2v3f4,1730752336.642097
101,r/awweducational,655,Learning and Education,t5_2ocx3h,1730752336.6608698
102,r/BabyLasagna,655,Music,t5_b0kjyz,1730752336.6797209
103,r/BadOptics,655,Politics,t5_55va28,1730752336.7001128
104,r/BalsaModelSim,655,The official subreddit for Balsa Model Flight Simulator by Floating Origin Interactive,t5_ofmb9,1730752336.719455
105,r/bhoitweets,655,Celebrity,t5_ca75ff,1730752336.738883
106,r/brothersofmetal,655,Discussion about the power metal band 'Brothers of Metal',t5_1nop1u,1730752336.758744
107,r/CatholicMen,655,A place for men who wish to faithfully follow the Church and live Christ's message.,t5_31fxq,1730752336.778929
108,r/corporatecringe,655,/r/corporatecringe is your subreddit to post cringeworthy things you may encounter at your work or on workplaces !,t5_2wju5,1730752336.798699
109,r/CozyMurders,655,"Reading, Writing, and Literature",t5_b736mx,1730752336.818219
110,r/DataAnalysts,655,Welcome to DataAnalysts,t5_60riaa,1730752336.837452
111,r/designismypassion,655,When you see a true work of art and must share it with the world,t5_oa375,1730752336.8561358
112,r/DopeHandshakes,655,Welcome to DopeHandshakes,t5_rlf5a,1730752336.874828
113,r/DreamQuestIOS,655,Have fun posting your tactics and share stories. Post funny pics related to dream quest or what not.,t5_32py8,1730752336.893864
114,r/dreamwastaken_songs,655,Celebrity,t5_2y4zh8,1730752336.912472
115,r/fatimaalubaidyfanpage,655,Mature Themes and Adult Content,t5_5qwpq9,1730752336.931404
116,r/goguardian,655,Technology,t5_3hvr1,1730752336.9502609
117,r/Gujjuactress,655,Mature Themes and Adult Content,t5_90mocz,1730752336.9691882
118,r/Hellpark,655,"A community revolving around the askblog that is Hellpark! We aren’t limited to just that though, any content made by chickenstab and their friends are welcomed in this subreddit. Discuss anything related.",t5_2u2tof,1730752336.988045
119,r/impresa,655,"Business, Economics, and Finance",t5_8ud57h,1730752337.00707
120,r/jadestruck,655,"Everything to do with the fast shooting, freedom loving smoke show Jade",t5_25pjpl,1730752337.026072
121,r/kiyaa_westbrook_,655,her OF: https://onlyfans.com/juiciagaa,t5_4dcqj0,1730752337.0450292
122,r/liftoffgame,655,"Welcome to the official Liftoff® drone simulators subreddit, home to the best virtual simulators for drone flight enthusiasts.",t5_3c4kc,1730752337.063972
123,r/marcelamistralhot,655,Welcome to marcelamistralhot,t5_8zb8hd,1730752337.0829499
124,r/MarriottBonvoyIndia,655,Travel,t5_alhr8t,1730752337.10185
125,r/MedievalDogs,655,Animals and Pets,t5_2fnsqk,1730752337.12083
126,r/motfd,655,Music,t5_25y4y0,1730752337.139571
127,r/namemybetta,655,Animals and Pets,t5_bjip7o,1730752337.158365
128,r/OrionApp,655,OrionApp is a Reddit iOS Mobile App provide easy to use functionality to browse through Reddit.,t5_3mdtsj,1730752337.178685
129,r/Peoplearentreal,655,Learning and Education,t5_2ayjkx,1730752337.197906
130,r/peoplemakeglasgow,655,"Culture, Race, and Ethnicity",t5_6ae8wy,1730752337.216769
131,r/PKAGaming,655,Welcome to PKAGaming,t5_31hir,1730752337.235903
132,r/poorlymadepolicememes,655,Funny/Humor,t5_3stsd4,1730752337.2552981
133,r/quebarnak,655,Welcome to quebarnak,t5_35iix,1730752337.2747872
134,r/Rochaleonaonly,655,Welcome to Rochaleonaonly,t5_bp5f87,1730752337.294549
135,r/sadwholesomecringe,655,for posts that are sad and wholesome and cringe,t5_3p20kk,1730752337.3185139
136,r/SandArt,655,"Take a relaxing vacation with sand, stone, salt, driftwood, and shell art from all over the world. The beach's palette is a wonderful abundance of opportunities to create the uniquely beautiful. Post, x-post, and display yours and others' works and - what's more - let us know how we can support the artists.",t5_302fq,1730752337.3467531
137,r/ShavingScience,655,"**A science-ish, consumer advocacy, brand agnostic, shaving forum** for sharing ""best of"" links to threads/articles/resources, plus with its own focused discussions, projects, and references. All content hosted here is redistributable and adaptable under the ""No rights reserved"" Creative Commons [**CC0 license**](http://creativecommons.org/publicdomain/zero/1.0/legalcode). A link or text attribution to /r/ShavingScience is generally requested, but not required.",t5_356s7,1730752337.371239
138,r/SoberBillsFans,655,Addiction Support,t5_26jffv,1730752337.394288
139,r/SonnisLove,655,Pics and Vids of the beautiful Sonnis Love,t5_4mnzuf,1730752337.415031
140,r/spencerjennings,655,all things spencer jennings. this can include her content from her instagram and tik tok. this can also include any tea involving spencer or any questions people may have about her. spencer jennings is a social media influencer. she has a large following on tik tok and instagram.,t5_avyii4,1730752337.4366238
141,r/StealthTransgender,655,Gender,t5_5f3358,1730752337.462836
142,r/stockpreacher,655,"Business, Economics, and Finance",t5_3y0rkh,1730752337.483424
143,r/StoneColdGifs,655,"Stone Cold gifs, for the common man.",t5_3bznx,1730752337.50251
144,r/StoriesFrom4chan,655,The subreddit where redditors spend too much time reading one greentext,t5_1gfn3q,1730752337.5219269
145,r/Taemints,655,Music,t5_222w0t,1730752337.541167
146,r/TowerBlitz,655,Gaming,t5_530dkv,1730752337.560389
147,r/ultimateguitar,655,Music,t5_3hp7l,1730752337.579574
148,r/unlinked,655,Technology,t5_4rkck4,1730752337.598809
149,r/URSAL,655,Politics,t5_n1cdk,1730752337.6182778
150,r/ussy,655,Funny/Humor,t5_5n5oon,1730752337.638977
151,r/viejos_sonlos_fosiles,655,"Un espacio de encuentro y diálogos sin toxicidad. Compartir experiencias de vida, historias inspiradoras, anécdotas graciosas, reír y contagiar buena onda.",t5_9632l1,1730752337.6670878
152,r/VVVV,655,Technology,t5_2rwa6,1730752337.739647
153,r/Warren_ForPresident,655,A Sub dedicated to our first Woman President Elizabeth Warren.,t5_3hiak,1730752337.792444
154,r/wearedanandsamsnark,655,"Group created on 1/30. Could use your help getting this up and running! Spread the word please, and if you want to help me mod, please reach out. Can’t wait to connect with yall belly buds!",t5_aoz0j0,1730752337.846195
155,r/WeAreEngineers,655,"Official subreddit of Mattias Krantz. Share your music, engineering projects, and memes here! 😳",t5_50zbeu,1730752337.888882
156,r/WorldCelebrityFeet,655,Just the most beautiful celebrity feet around the world,t5_7jdiv0,1730752337.921514
157,r/zillowtastrophes,655,Welcome to zillowtastrophes,t5_6m7qm0,1730752337.947083
158,r/adamcult,654,Television,t5_asxom0,1730752337.969283
159,r/AI_ART,654,"Latest tools, tips and breakthrough creative works in Art with AI",t5_5a2d0d,1730752337.990591
160,r/americanladies,654,"Sister sub of r/germanadianladies & r/scandinavianbeauties. A sub dedicated to American beautiful girls, women, and ladies. American attire (baseball caps, red white & blue outfits) also American venues are best (stadiums, and national landmarks). Be excellent to each other. Basic Redditquette. subject must be 18+.",t5_255c0o,1730752338.012394
161,r/badbrains,654,This is a sub for the American punk band Bad Brains and the projects of their individual members.,t5_3456j,1730752338.034213
162,r/BadIdeasFromThePast,654,What it says on the tin,t5_jotnp,1730752338.055935
163,r/bobbyvividsnark,654,Anything and we mean EVERYTHING to do with Bobby Vivid can be talked about here.,t5_bhitqp,1730752338.077291
164,r/cannabiscrypto,654,Crypto,t5_5ue3zz,1730752338.0982862
165,r/Carla_Rojas16,654,Contenido de la diosa Carlita Rojas 🛐,t5_6gdaup,1730752338.1195781
166,r/catswithcrowns,654,A tribute to our queens and kings,t5_2g6g12,1730752338.140424
167,r/charmoffensive,654,I once wrote a drunk cold email that changed my life. You can learn more about that here: (https://www.reddit.com/r/Entrepreneur/comments/6e066a/the_drunk_cold_email_that_changed_my_life/) Or visit the Charm Offensive website: (https://charm-offensive.co.uk),t5_3k8ze,1730752338.161557
168,r/CisBeingOK,654,Sexual Orientation,t5_39h9ww,1730752338.182349
169,r/clutchpowers,654,A subreddit dedicated to all things related to the 2010 smash hit Clutch Powers.,t5_t3jqp,1730752338.203576
170,r/CommandPrompt,654,"Check out /r/PowerShell for PowerShell! Command Prompt, also known as cmd.exe or cmd (after its executable file name), is the command-line interpreter on Windows NT, Windows CE, OS/2 and eComStation operating systems. It is the counterpart of COMMAND.COM in DOS and Windows 9x systems (where it is also called ""MS-DOS Prompt""), and analogous to the Unix shells used on Unix-like systems. The initial version of Command Prompt for Windows NT was developed by Therese Stowell.",t5_2r2bp,1730752338.223922
171,r/CursedWarframe,654,"Warframe related stuff that makes you go ""ew...""",t5_1ge2ou,1730752338.2439392
172,r/djaypro,654,Music,t5_5l7pwf,1730752338.2626612
173,r/EgirlsEboys,654,A place for both E-Girls and E-Boys to connect. To post pictures of themselfs and outfits. Goth and Emos This is a place to discuss E-Fashion overall. Sexy pics are allowed so feel free to post if you want to. Goths and Emos are welcomed aswell! New or old in the game? It doesn’t matter you’re all welcome. Neither does which country you’re from. It’s intresting with foregin fashion.,t5_44v1yr,1730752338.2815402
174,r/ElectraProtocol,654,Crypto,t5_3u1lwz,1730752338.300491
175,r/FakeMovieStudio,654,"a place to share creative fake studio names. Animations and images preferred, but text is welcomed! credit to /u/Theophrast_Bombast and /u/_coyotes_",t5_3p03h,1730752338.321517
176,r/FastFoodHacks,654,a community of amateur and professional hackers of fast food.,t5_3h7tz,1730752338.341111
177,r/Geeked,654,Welcome to Geeked,t5_2tb1m,1730752338.36046
178,r/GeordieGreep,654,Music,t5_c6toa0,1730752338.379828
179,r/giannisantetokounmpo,654,Welcome to giannisantetokounmpo,t5_2zqu7,1730752338.40106
180,r/haitiansocialists,654,Politics,t5_5w5bnb,1730752338.420736
181,r/homuradidnothingwrong,654,Anime,t5_39dsj,1730752338.439913
182,r/IndiansWithSticks,654,Internet Culture and Memes,t5_7rxnri,1730752338.459214
183,r/influenceuse_fr5,654,"mettez toutes les photos de vos influenceuse françaises préférés, si vous avez des photos leak de Jeanne brem poster les... bref.",t5_cnsja9,1730752338.479209
184,r/ITCerts,654,Welcome to ITCerts,t5_2t4x5,1730752338.498902
185,r/KartriderRushPlus,654,Gaming,t5_2kroqv,1730752338.518443
186,r/lapce,654,Welcome to lapce,t5_5m5pem,1730752338.5376709
187,r/LearnMagicTricks,654,"A place to learn magic and illusions. Post and share your magic or other's. Ask for advice, help and be helped. Spectator to Amateur to Professional. All welcome. No intention to micro manage and censor unless offensive. Illusions, mentalism, bar bets, card magic, coin magic",t5_2dlt5m,1730752338.5568519
188,r/local_newswomen_caps,654,Television,t5_5lyv7z,1730752338.5760388
189,r/Louisvillebeanclub,654,Welcome to Louisvillebeanclub,t5_7pd5nx,1730752338.5949922
190,r/mortalkombatfuta,654,Gaming,t5_4zd9te,1730752338.61395
191,r/MusicForBondhas,654,Music,t5_citnrd,1730752338.633286
192,r/Oraichain_Official,654,Crypto,t5_437g88,1730752338.65246
193,r/PA_Mill_Town_Blues,654,Place,t5_5eetj8,1730752338.6717482
194,r/PERFECTION,654,For those who appreciate perfection in any form,t5_2r3qg,1730752338.6910038
195,r/PerformanceTesting,654,To discuss Performance Testing Tips & Tricks.,t5_2ui44,1730752338.7108412
196,r/perryverse,654,Gaming,t5_6gk8y9,1730752338.730838
197,r/PiecesOfHer,654,"Welcome to the subreddit for the Netflix thriller series, Pieces of Her, based on the novel of the same name by Karin Slaughter. Anybody is welcome to comment about anything related to the series.",t5_w36by,1730752338.749619
198,r/PieuteGaelicChallenge,654,Welcome to PieuteGaelicChallenge,t5_5mk9o9,1730752338.768051
199,r/Plesk,654,Discuss the Plesk Control Panel (cpanel) for Web Hosting,t5_37d34,1730752338.7875059
200,r/Polotics,654,Like r/politicalhumor except there actually is humor,t5_3fbln,1730752338.806844
201,r/porcelainmilkbottle,654,Subreddit dedicated to the Beautiful Dolly Monroe,t5_8wzoti,1730752338.8265018
202,r/SamsungOdyssey,654,Technology,t5_3oztq,1730752338.846037
203,r/scds,654,"Can you hear your eyes move when it's quiet? If so, you probably have SCDS.",t5_378q2,1730752338.872635
204,r/Showerfruits,654,Food and Drink,t5_14u25c,1730752338.903281
205,r/spellmonger,654,"Reading, Writing, and Literature",t5_yq09h,1730752338.930423
206,r/SpongebobFullEpisodes,654,Television,t5_c173jr,1730752338.9568598
207,r/StockDeepDives,654,"Business, Economics, and Finance",t5_adh4da,1730752338.9861708
208,r/stupendium,654,Celebrity,t5_350j72,1730752339.013867
209,r/SurrealEntropy,654,"Unreality cannot be contained, even by the o̸I̴d̸̨̢̡̜͔̘̲͂̒̈́̿̆̄̌ ̴̡̣̩̙̫̫̇̏ǫ̸̼̜̩̩̬̭̲̘̘̘̪͇̆͐̆͗͗̃̃͊n̷̛̛̰͈͎̼͙̠͆͒̇̈́͑̌͠ͅes̴̯̞̙̠̻̠̻̫̮̓̈́̊ Ǝ Ꙅ Я Ǝ ꟼ Ꙅ I ᗡ",t5_2ndfk5,1730752339.0473862
210,r/teslaenergy,654,placeholder for Tesla Motors energy division,t5_3824n,1730752339.073138
211,r/tiktoklesbianfunpage,654,"This is a drama free place where we can share our favourite creators/videos big or small from tiktok and posts of all the LGBTQIA are welcome here let’s show our love and support to help our favourite’s grow Negative comments/posts will be deleted, this is about love, fun and growth.",t5_86kk61,1730752339.1003
212,r/verybigmilktank,654,laura lux subreddit run by laura lux,t5_812cmx,1730752339.126521
213,r/WeatherNewsLive,654,Television,t5_5meegr,1730752339.151915
214,r/weedgardening,654,"Like r/gardening but for weed. General help, advice, knowledge, tips, and flexing about growing marijuana,sticky icky, dank, gas, loud pack. Share your pictures and insights. No stress.",t5_75af82,1730752339.174606
215,r/wildwestplane,654,A subreddit for those interested in a Wild West-themed Magic: the Gathering set.,t5_vcuoa,1730752339.197472
216,r/Amyris_Research,653,"Business, Economics, and Finance",t5_6ernwq,1730752339.218004
217,r/ANKRcrypto,653,Crypto,t5_49tl5m,1730752339.23964
218,r/BoschProClub,653,Crafts and DIY,t5_4qwog1,1730752339.262943
219,r/bothoftheloafs,653,For those moments you come across nice customers in your everyday job.,t5_22hu6v,1730752339.284477
220,r/CatacombKids,653,"Catacomb Kids is a brutal platformer roguelike that pits you against the deadly Catacombs aided only by magic, steel, and your quick reflexes.",t5_2yv6r,1730752339.3072588
221,r/CETME_C,653,"A place to discuss your CETME C questions, builds, parts, upgrades, and modifications. In-stock, deals, buy/sell/trade posts are allowed and encouraged.",t5_4vv4hz,1730752339.330901
222,r/chrono_ark,653,Gaming,t5_37lo6x,1730752339.358403
223,r/CLSU,653,Learning and Education,t5_3hgn1,1730752339.381106
224,r/CodyCantEatThis,653,Programming,t5_34piwm,1730752339.4044402
225,r/Cringeopolis,653,Funny/Humor,t5_3avpc7,1730752339.4280162
226,r/crosstrades,653,Gaming,t5_4p7uk8,1730752339.490259
227,r/Diaclone,653,Hobbies,t5_tri4z,1730752339.53829
228,r/ewanhowell5195,653,Gaming,t5_27u7ks,1730752339.5668108
229,r/filbism,653,Internet Culture and Memes,t5_bueslv,1730752339.5996091
230,r/FinntressWizard,653,A place to gather all fanart of FinnxHuntressWizard,t5_117pnt,1730752339.630448
231,r/forgottheflashwason,653,"Embarrassing Photo? Was flash the issue, well then post that picture here! We love to see those deathly stares of those looking into the souls of others after the flash was left on!",t5_3i5cyk,1730752339.676172
232,r/frys,653,"Business, Economics, and Finance",t5_3gr1b,1730752339.721756
233,r/geicoemployees,653,A GEICO subreddit run by GEICO associates.,t5_5qqdp0,1730752339.7760608
234,r/goncharov1973,653,Internet Culture and Memes,t5_7fcobx,1730752339.829589
235,r/grandfatherclocks,653,Hobbies,t5_3o8dl9,1730752339.882653
236,r/HowToElectronicMusic,653,"A sub to post tutorials, how to's, ask questions, link to free plugins or virtual instruments, post reviews of software or ask for a critique of your music.",t5_37ugo,1730752339.924792
237,r/hundreddaysgame,653,Gaming,t5_26c9dt,1730752339.961195
238,r/Ilysia,653,Gaming,t5_2ab712,1730752339.990498
239,r/ketofastfood,653,Fast food options for a keto lifestyle.,t5_30n8e,1730752340.019607
240,r/KinkyChile,653,"Bienvenidos. Un espacio para hablar de sexualidad, relaciones de pareja, exploración, salud sexual y gustos (fetiches, parafilias). Cuentanos tus experiencias, tus inseguridades, tus dudas o pidenos un consejo. Los prejuicios quedan fuera. Invita a mas miembros para que esta pequeña comunidad siga creciendo. 🫰",t5_9xp10s,1730752340.046154
241,r/MagicManaStrike,653,Gaming,t5_27uhew,1730752340.0695648
242,r/MakingTheClutch,653,"Ever made an amazing ""against all the odds"" comeback in a video game or managed to pull off an incredible play? Share it with us! The subreddit for all your intense, adrenaline-filled gaming moments where you managed to ""clutch"" your way and save the day or single-handedly achieve feats that normally one is not capable of.",t5_nzhwg,1730752340.09342
243,r/MilkersBSC,653,Welcome to MilkersBSC,t5_6xobdr,1730752340.116106
244,r/mk4volkswagen,653,"Welcome to r/MK4VOLKSWAGEN, the Reddit community for fans of the MK4 Volkswagen Jetta, Golf, and R32 models. Join us to connect with other enthusiasts, share photos and videos, and access information and resources on performance upgrades, maintenance, and news.",t5_zj32y,1730752340.138332
245,r/mlbbfanarts,653,Gaming,t5_28xpo6,1730752340.160424
246,r/MrMayor,653,Television,t5_2nlpsz,1730752340.181361
247,r/Mudhoney,653,Music,t5_2yfpa,1730752340.200254
248,r/MusicBrainz,653,Music,t5_3lxih,1730752340.220258
249,r/nacamembers,653,"This subreddit is for NACA members to support each other through the home buying process. We are *not* officially affiliated with NACA. Do not trust everything you read here. When in doubt, ask your assigned mortgage counselor.",t5_7j86ab,1730752340.2399201
