,subreddit,subscribers,topic,subreddit_id,scraped_utc
0,r/3DSculpting,644,Hobbies,t5_3q9zpj,1730752410.949836
1,r/actuallyJDM,644,Cars and Motor Vehicles,t5_4akojk,1730752410.979918
2,r/AKInation,644,Gaming,t5_9h4x0r,1730752411.002814
3,r/AlanTudykGifs,644,Gifs of Alan Tudyk,t5_3ke8e,1730752411.0253289
4,r/ArlingtonHeights,644,"News and stuff about the great Village of Arlington Heights, Illinois",t5_2x1uy,1730752411.047717
5,r/Away,644,Television,t5_2uc9w,1730752411.0862458
6,r/BetterHash,644,Crypto,t5_3p06b,1730752411.1217191
7,r/Bisexualmalevideos,644,Mature Themes and Adult Content,t5_6m1ejs,1730752411.156312
8,r/blackMIDI_Band,644,r/bmbmbm? That’s like naming the Nirvana subreddit r/smellsliketeenspirit.,t5_291mu2,1730752411.193648
9,r/businessdirectory,644,The unofficial Reddit business directory for Redditors by Redditors. Get your FREE business listing and ADD YOUR BUSINESS to share your company with the world!,t5_2t9m1,1730752411.277212
10,r/capoxxo,644,Music,t5_2yomx0,1730752411.4123461
11,r/Caraval_OUABH,644,This community welcomes everyone who got lost and fell in love with the Caraval series.,t5_7te2e5,1730752411.443697
12,r/CatZingano,644,"Cathilee Deborah ""Cat"" Zingano is an American mixed martial artist, currently signed to Bellator MMA, competing in the Women's Featherweight division. Zingano also competed for the Ultimate Fighting Championship, and on April 13, 2013, she became the first woman to win a UFC fight by technical knockout.",t5_3bbrd,1730752411.491344
13,r/ChemBox,644,An in-development chemistry simulation sandbox game.,t5_22ryhg,1730752411.517408
14,r/ComicBookVideoGames,644,Gaming,t5_ttxyp,1730752411.5406332
15,r/Constantinople,644,Welcome to Constantinople,t5_2wwj4,1730752411.563549
16,r/countermine,644,"A sub to aid in the dissemination of information about Geo-Politics and World events from various angles, in an attempt to bring a dialectical conversation to the issues facing the world, which are often obfuscated by black and white dichotomies.",t5_2uxhq,1730752411.586886
17,r/cursedbackstory,644,"Posts should be a cursed image. Crossposts from /r/cursedimages are allowed and encouraged. Backstories in the comments. This is a new sub, so help us spread by tagging the sub when appropriate!",t5_233s6y,1730752411.61021
18,r/cyoagames,644,Play sequential and collaborative Choose Your Own Adventure style role-playing games.,t5_30vvu,1730752411.634529
19,r/Dayane_Hofer,644,Welcome to Dayane_Hofer,t5_5pl4b0,1730752411.657729
20,r/DeadHaven,644,"A House For Your Mind, Not Your Body",t5_3a6kh,1730752411.6804988
21,r/dragonfriends,644,> This is a subreddit for the podcast dragon friends.,t5_3alex,1730752411.715667
22,r/DreamsOfObama,644,"A place to collect quotes or depictions of Barack Obama, specifically, those that never happened. Dreams especially!",t5_ku2kf,1730752411.7393339
23,r/fccupk,644,Learning and Education,t5_3bxtis,1730752411.7624478
24,r/furrycuddles,644,Art,t5_2srebe,1730752411.785074
25,r/hoimemes,644,Memes about the Hearts of Iron game series.,t5_x92so,1730752411.805147
26,r/HomeDecorSolution,644,Home and Garden,t5_b1k2wa,1730752411.826278
27,r/HorrorLabs,644,"Reading, Writing, and Literature",t5_6pyszq,1730752411.847338
28,r/IainMcGilchrist,644,Ethics and Philosophy,t5_3h07x2,1730752411.8681002
29,r/ichbin14undrechts,644,Politics,t5_b4yuq8,1730752411.888798
30,r/imaginarysubwaymaps,644,"Submit your own subway maps - extensions to an existing system, a completely new system in a real city, or a completely new system in an imaginary world!",t5_mwhly,1730752411.9107451
31,r/isseymiyake,644,We like Issey Miyake and EMPHATIC CAPITALIZATION.,t5_3da12,1730752411.9308338
32,r/JamieOliver,644,"A subreddit dedicated to Jamie Oliver. Share Jamie's wonderful recipes, or discuss his shows, cook books, restaurants and so on.",t5_2vzbg,1730752411.951297
33,r/jayswingler,644,all things that jay currently up to,t5_aoaafd,1730752411.973866
34,r/LevelingWithTheGods,644,"The official subreddit for the popular manhwa and novel ""Leveling With The Gods"".",t5_4zaiuk,1730752411.9951391
35,r/Lumixg7,644,"Home of the Panasonic Lumix G7. Pictures, videos, questions and helpful hints and tips.",t5_3brdb,1730752412.017517
36,r/MadnessBand,644,The sub-reddit for the British pop/ska band Madness.,t5_38gvk,1730752412.038711
37,r/MomokaMains,644,Gaming,t5_80thsc,1730752412.0599139
38,r/NBABillionaireClub,644,Sports,t5_80o46v,1730752412.081284
39,r/nuderights,644,Subreddit for the movement to increase nudity acceptance,t5_2wpej,1730752412.101967
40,r/okbuddysmoothskin,644,Gaming,t5_c78lwa,1730752412.1226418
41,r/OldWoodenSailingShips,644,"The majesty of a strong mast made from a single white pine. The nuanced details of the rigging. The beautiful way they cut through the sea. /r/OldWoodenSailingShips is about everything that's old, wooden, and had sails. Share pictures, stories, dreams, and prophecy. Go from a poor, dry child to being a well salted man. All of your dreams can be realities here.",t5_2zj85,1730752412.143809
42,r/onlyebonyy,644,A community for Black sex workers and content creators on OnlyFans to share their media and promote their accounts,t5_2u11uc,1730752412.1667352
43,r/oszintenszolva,644,"Heringh Zsófia őszintén szólva,",t5_6qc7xf,1730752412.188629
44,r/RachelMann55,644,rachelmann,t5_bbcgkf,1730752412.20913
45,r/RailRoute,644,"In Rail Route, you will design, construct, upgrade, and automate your railway network in one of the many maps based on real-life cities worldwide. Dispatch the trains to make the traffic flow and the network grow!",t5_k5p2f,1730752412.22945
46,r/rorymcilroypgatour,644,Gaming,t5_38rwu,1730752412.250089
47,r/SentencingRemarks,644,A place to post court sentencing remarks.,t5_2481kh,1730752412.271359
48,r/Sorasaki_Hina,644,Anime,t5_7a1x8e,1730752412.291302
49,r/SoundEffectSwap,644,🎛r/SoundEffectSwap is a place for redditors to share sound effects or request other people to record them or ID them + Silly Sounds & Shit Posts Can Now Be Posted! Keep It Fun & On Topic 🔊,t5_2wzpu,1730752412.3120482
50,r/studyeconomics,644,Welcome to studyeconomics,t5_3b38v,1730752412.332944
51,r/SumiSakurazawa,644,Anime,t5_1pw3pa,1730752412.3525918
52,r/SVSeeker_Free,644,Podcasts and Streamers,t5_7i35fr,1730752412.3714392
53,r/TalesFromNoreply,644,"This Sub is for sharing funny, interesting or generally worthy of sharing replies to 'noreply' email addresses. Please anonymize your tale before posting.",t5_3a8te,1730752412.3913898
54,r/TaliaLewisColePics,644,For fans of Talia Lewis Cole: Her socials: Youtube: https://www.youtube.com/c/TaliaRose Tiktok: https://www.tiktok.com/@talialewiscole Instagram: https://www.instagram.com/talialewiscole/ Twitter: https://twitter.com/talialewiscole,t5_5bxw5e,1730752412.4123158
55,r/tDCS_BrainStimulators,644,"tDCS - The Transcranial Direct Current Stimulation industry is growing quickly. Get accurate, unbiased information on the latest products and developments.",t5_3axmy,1730752412.432714
56,r/textmemes,644,Post all of your dank ass text memes.,t5_3exy0,1730752412.45345
57,r/thedevilinme,644,Gaming,t5_4pdzxk,1730752412.4741492
58,r/TheTragicallyHip,644,Music,t5_2sota,1730752412.493828
59,r/TokinoSora,644,Anime,t5_3tbltt,1730752412.5133681
60,r/Tokocrypto,644,Crypto,t5_2nmv28,1730752412.5331042
61,r/tourons,644,"A place to vent about tourists acting extremely irresponsibly in our national parks, sacred spaces, and vacation destinations.",t5_3fae3,1730752412.55263
62,r/unwellnetwork,644,Podcasts and Streamers,t5_a5vd3o,1730752412.572406
63,r/VisitingTenerife,644,Place,t5_ao8bpb,1730752412.592252
64,r/Walkable,644,"This is a space for trying to gather good examples, thoughts and ideas on what makes a place walkable and how to foster more of that. If you run or participate in a sub for a small town (50k or fewer people), PLEASE crosspost submissions of original photos of the walkable downtown submitted to that sub. Alternately, just post original content (OC) photos directly here.",t5_28ucc1,1730752412.6116638
65,r/yeah,644,Mature Themes and Adult Content,t5_2r3jx,1730752412.631519
66,r/zephyrusg16,644,Technology,t5_5hbsf4,1730752412.6514602
67,r/actiezegels,643,Marketplace and Deals,t5_9d6nch,1730752412.671422
68,r/alexa_Moraa,643,Welcome to alexa_Moraa,t5_9mdze8,1730752412.692512
69,r/AlexisGZall,643,Mature Themes and Adult Content,t5_3d0sd,1730752412.713962
70,r/AliCycling,643,Sports,t5_3ynpv7,1730752412.7361789
71,r/AskDeaf,643,"A subreddit to ask a question about hearing impairedness/deafness. First person with ""Deafdude"" in their name totally gets mod, but your name must be older than 6/1/2013 to really fuck with my mind. /u/DeafDude awaits?! Well, that username isn't taken. But that doesn't count. Before the date, man.",t5_2xfd8,1730752412.756246
72,r/AuroraArmpits,643,Your ultimate source of high quality pictures of Aurora Aksnes armpits,t5_730t6i,1730752412.777122
73,r/bapanada,643,Religion and Spirituality,t5_4w64ko,1730752412.7975092
74,r/beepBeepBoop,643,beep beep,t5_fbex2,1730752412.8207092
75,r/bestofrealestate,643,"The best, worst, and most notable deals by the members of /r/realestate",t5_4csb59,1730752412.8475451
76,r/blackbootyass,643,Welcome to blackbootyass,t5_8mvy6h,1730752412.872819
77,r/chesapeakebayretrievr,643,Animals and Pets,t5_5023g0,1730752412.896141
78,r/ChurchofTurters,643,"For those who wish to worship the holiest of the Zekenator trinity, TURTERS. This turtle, more beautiful and powerful than both Zeke and Pandoria is to be worshiped by all that play Xenoblade Chronicles 2.",t5_7sdbf,1730752412.920835
79,r/Czinfulencfeet,643,Welcome to Czinfulencfeet,t5_8clqjg,1730752412.9444811
80,r/DadShoeEnthusiast,643,A place for all your dad shoe needs!,t5_2y18b,1730752412.966799
81,r/DataFrog,643,Gaming,t5_8c2vf6,1730752412.989265
82,r/DiddyTheories,643,Celebrity,t5_cl2lmi,1730752413.01125
83,r/DorohedoroSludgePosts,643,a group for memes about the anime and manga Dorohedoro by Q Hayashida Posting Rules 1. No spam or harassment 2. Tag Spoilers,t5_2q0797,1730752413.031852
84,r/Dragunov,643,Dragunov,t5_2x87t,1730752413.051847
85,r/fnafplus,643,Gaming,t5_4vkw4c,1730752413.071711
86,r/grampsgarage,643,Pictures of old treasures found in grandpas garage/shed etc,t5_7gm1lo,1730752413.091736
87,r/Guitar101,643,"Guitar 101 is a friendly community of new and experienced guitarists learning from each other, giving feedback, and sharing cool lessons.",t5_2x121,1730752413.1113899
88,r/hacking_facebook,643,🔥Learn how to hack🔥 💢Hᴀᴄᴋɪɴɢ Sᴛᴜғғ 💢Fʀᴇᴇ Uᴅᴇᴍʏ ᴄᴏᴜʀsᴇs 💢Hᴀᴄᴋɪɴɢ Cᴏᴜʀsᴇs ᴀɴᴅ Tᴏᴏʟs 💢FreePʀᴇᴍɪᴜmAccounts,t5_49i65r,1730752413.162396
89,r/HindutvaFiles,643,"A subreddit meant to chronicle and journal crimes and atrocities committed by members of the Sangh Parivar against humanity, be it in India or Internationally. (Due to the theme of this subreddit, some posts and content may be potentially deemed as 'graphic' and/or 'disturbing'. Viewer discretion is strongly advised).",t5_8c7oeq,1730752413.190399
90,r/HyderabadRedditers,643,This is a place(sub reddit) where all the reddit users of Hyderabad meet talk and discuss,t5_30i6e,1730752413.2117178
91,r/iamSteve,643,Internet Culture and Memes,t5_ce5ok1,1730752413.232832
92,r/internetmusic,643,a place to share 🔥🔥🔥 nu tunes and discuss the way the internet is changing the way we interact with music,t5_39k7h,1730752413.257731
93,r/Its_Alive,643,"A place for anything related to “It’s Alive!” (By BA, hosted by Brad Leone) or its host.",t5_k5p72,1730752413.2792408
94,r/lightlark,643,"Reading, Writing, and Literature",t5_6rwwj6,1730752413.3041039
95,r/Lindsay_Lohan,643,Subreddit dedicated to Lindsay Lohan,t5_2syo9,1730752413.325727
96,r/LiteralHat,643,Art,t5_2w9nt9,1730752413.347094
97,r/MexicanSalsa,643,"All About Mexican Salsa! Salsa recipes, reviews and more.",t5_36kn7,1730752413.3678038
98,r/MLBTheShow17,643,Welcome to MLBTheShow17,t5_3jq4s,1730752413.388733
99,r/MonterreyLibre,643,Politics,t5_bc04ey,1730752413.4091048
100,r/MurlocRPG,643,Gaming,t5_2x2vq1,1730752413.430725
101,r/MXDVS,643,Fashion,t5_2ahnvd,1730752413.452985
102,r/Nana_ImJinAh,643,Celebrity,t5_brvcnn,1730752413.476853
103,r/nevermindthebuzzcocks,643,Music,t5_2vpx9,1730752413.590313
104,r/Nightshade_Free,643,"A discussion and gathering place for those who are intolerant, allergic, or avoidant of nightshade foods and products.",t5_uu6co,1730752413.618059
105,r/petsforadoptioninFL,643,Animals and Pets,t5_4jsrey,1730752413.6442728
106,r/punk_me_irl,643,Welcome to punk_me_irl,t5_3lezb,1730752413.674102
107,r/rcrumb,643,This subreddit is dedicated to comic book artist Robert Crumb.,t5_2z36s,1730752413.7073438
108,r/REQTrader,643,Request Network: A Decentralized Network for Payment Requests,t5_3ofae,1730752413.746907
109,r/Rooshibi,643,Subreddit for posting images of the gamer girl Rooshibi,t5_binehe,1730752413.782007
110,r/SNDLarmy,643,"Business, Economics, and Finance",t5_592cux,1730752413.816881
111,r/srilankainvesting,643,"Everything related to investing in sri lanka Crypto , FD's, Daily CSE Market Watch and etc .. Simply this is a place for people who believe in investing and financial freedom",t5_3tqjq6,1730752413.8526568
112,r/stupidamericans,643,"Americans that are not smart, but stupid. Because, they are American (no racist)",t5_2uoxc,1730752413.881813
113,r/Subbuteo,643,A subreddit for posting about the game of table soccer and Subbuteo! Come learn about/discuss/sell-buy-swap equipment for both the vintage and modern game of table soccer and Subbuteo.,t5_2tg55,1730752413.9101498
114,r/TaoOkamoto,643,Welcome to TaoOkamoto,t5_2xto2,1730752413.935439
115,r/tatianachanel_,643,reddit about tatiana chanell,t5_cn3r6f,1730752413.958487
116,r/tenz,643,Gaming,t5_394v0p,1730752413.980296
117,r/TheCommunitySat,643,"The subreddit dedicated to updates and supporting BatSat, the first cubesat to be designed, tested, and (hopefully) flown by an online community. This will be done 100% by Reddit users all over the world; if you want to help, or are just interested, feel free to join.",t5_27nszr,1730752414.00259
118,r/tokima,643,"Reading, Writing, and Literature",t5_2x4cy7,1730752414.030298
119,r/TontineMSCHF,643,Gaming,t5_5kgwd3,1730752414.062738
120,r/tranmererovers,643,A place for all fans of the Super White Army! Sensible and honest talk about the team we love.,t5_30fh4,1730752414.094243
121,r/TT_Hayley_Snark,643,Welcome to TT_Hayley_Snark,t5_auol10,1730752414.124952
122,r/twenty_something,643,Twenty_Something is a place for people in their twenties to share content relating to this crazy decade of our lives.,t5_2wwyf,1730752414.181974
123,r/twinkletoesnata,643,Welcome to twinkletoesnata,t5_7fl5ke,1730752414.216602
124,r/ufpr,643,Learning and Education,t5_2v4gt,1730752414.2557309
125,r/UnexpectedSatan,643,No one expects the Satan!,t5_341gt,1730752414.29768
126,r/unexpectedtigerking,643,The place for when you find Tiger King references when everyday scrolling,t5_2j03m1,1730752414.381241
127,r/vaproxygame,643,Gaming,t5_9la93y,1730752414.445486
128,r/3dshacking,642,Gaming,t5_2ysiu,1730752414.511633
129,r/3to12months,642,"A place for parents to ask questions, discuss issues, and share advice specific to the 3-12 month age range. We welcome parents with babies in this age range as well as those who have been through it and those who are about to be in it!",t5_7em25n,1730752414.563616
130,r/aaaaaaaaaaaaaa,642,Thas as tha sabraddat far avarybady wha lavas tha lattar A!,t5_2xqkw,1730752414.6024718
131,r/activisionblizzard,642,Gaming,t5_3e32n,1730752414.642271
132,r/AlgoDrops,642,Crypto,t5_5b96f6,1730752414.677969
133,r/alicephoebelou,642,Music,t5_xwp0d,1730752414.715888
134,r/anarchydnd,642,Internet Culture and Memes,t5_7perq1,1730752414.751431
135,r/AquaswapNewEngland,642,Hobbies,t5_3zlrds,1730752414.785076
136,r/AskASurveyor,642,Home and Garden,t5_boyayh,1730752414.820247
137,r/AthensHousing,642,"Houses and apartments, for sale and for rent, in Athens, Georgia USA",t5_4tkfoz,1730752414.855291
138,r/BeautifulLightGame,642,"Welcome to the Beautiful Light subreddit! Beautiful Light is a PvPvP tactical first-person extraction shooter where 6 squads of 3 operators are tasked with entering, securing, and extracting an artifact in a hostile, horrific environment. Face other operators and player-controlled anomalies, but beware: mistakes can risk your life and gear.",t5_8t0hbb,1730752414.895603
139,r/beritbirkeland,642,A reddit for Berit Birkeland.,t5_31oxc,1730752414.9434052
140,r/Bhop,642,"Welcome to the Bhop Source Engine Clips with Edits community! Established in 2013, our subreddit is dedicated to showcasing and celebrating the art of bunny hopping (bhop) within the Source Engine.",t5_2wlsh,1730752414.993175
141,r/BridgertonLGBT,642,Television,t5_8isrkm,1730752415.0469692
142,r/brightonmushrooms,642,Outdoors and Nature,t5_33qcvg,1730752415.101642
143,r/bvndit,642,Music,t5_y2yis,1730752415.1511989
144,r/Certina,642,Have a Certina? Want a Certina? Need a Certina? Then this subreddit is for you!,t5_3a1mx,1730752415.189355
145,r/chhopsky,642,"Forum for chhopsky.tv, creators of New Astoria, Update The Stream, et al",t5_32ydg,1730752415.224263
146,r/ChonksInSinks,642,Animals and Pets,t5_2ds6p9,1730752415.257131
147,r/CHRISTisforEveryone,642,Religion and Spirituality,t5_4i789n,1730752415.288244
148,r/ClassicalIndiandance,642,Art,t5_2wzuk,1730752415.314803
149,r/CoreELEC,642,CoreELEC is a ‘Just enough OS’ Linux distribution for running Kodi® on popular Amlogic hardware.,t5_wskhr,1730752415.341193
150,r/cryptex,642,Crypto,t5_4tssij,1730752415.368832
151,r/CSLPlasma,642,"Welcome to r/CSLPlasma Discuss your experiences, pay rate, referral codes, and more right here in this community! Looking for a NEW DONOR Referral Code for an additional bonus? USE CODE : LFL5HJK8KB https://rewards.cslplasma.com/referral/referral-unique-code/eyJkb25vcklEIjoiMTIzODg0MjkiLCJjb2RlIjoiTEZMNUhKSzhLQiJ9",t5_3e3ash,1730752415.397208
152,r/DestinyMaps,642,Collection of all maps of various areas of the game.,t5_33mq2,1730752415.428852
153,r/DiamondPaintDestash,642,Marketplace and Deals,t5_axu0m6,1730752415.459369
154,r/ExpatsInSwitzerland,642,Life and discussion about living in Switzerland.,t5_3isf2o,1730752415.491273
155,r/FinishThatPicture,642,"A place to figure out what exactly is going on in the picture, preferably using the amazing detective tool MS paint for the job. This post is a wonderful example. https://www.reddit.com/r/quityourbullshit/comments/3kf6gp/totally_didnt_set_this_up/cux8ep0",t5_39w8c,1730752415.518019
156,r/fireinvestigation,642,"Fire Investigators work to find the origin and cause of fires. Fire Investigators need tools, contacts, and references to improve the profession of Fire Investigation. The subreddit is for anyone with an interest in Fire Investigation. Both public and private investigators are welcome. Please post questions, comment professionally, keep this sub as a resource for the profession.",t5_39wy0,1730752415.545718
157,r/g7fousey,642,Podcasts and Streamers,t5_90280l,1730752415.5760052
158,r/Greydidix,642,Mature Themes and Adult Content,t5_77lrbp,1730752415.609247
159,r/hiddenducks,642,Animals and Pets,t5_26rz45,1730752415.645087
160,r/HikeCascadia,642,"Hiking and backpacking in Oregon, Washington, NorCal, and even BC",t5_2y0jt,1730752415.679557
161,r/hype_rider_stocks,642,Community for picking the hottest stocks with really good DD. Get insights into social media clutter and identify trending stocks before they go to the moon! www.hype-rider.com TRADE ALERTS VIA DISCORD - PATREON: https://www.patreon.com/hype_rider,t5_3pz9a7,1730752415.7106261
162,r/imaginarycozyplaces,642,Take r/imaginarysliceoflife + r/cozyplaces and BAM you've got some cool cozy art that looks like the next Chill LoFi Study Beats album art. All art styles are welcome!,t5_230u1g,1730752415.745882
163,r/IndieRap,642,Music,t5_32k6f,1730752415.780614
164,r/INX_Ltd,642,Technology,t5_2d8uhj,1730752415.813886
165,r/JaiShreeRam,642,Religion and Spirituality,t5_ylv2o,1730752415.846974
166,r/katytur,642,Welcome to katytur,t5_374ul,1730752415.877753
167,r/kodiTV,642,"The unofficial subreddit for Kodi and its innovative media player software available for most operating systems and mobile devices. /r/kodiTV/ is used for showing off your systems, hardware and skin customization...",t5_3axnz,1730752415.9121869
168,r/leftrationalism,642,Politics,t5_ld3yz,1730752415.942264
169,r/LineChu_Army,642,Podcasts and Streamers,t5_4is9jf,1730752415.974454
170,r/MatsReddit,642,Welcome to MatsReddit,t5_8q7gdh,1730752416.005302
171,r/meekakitty,642,Music,t5_2w8pa,1730752416.037055
172,r/OperaPMS,642,Technology,t5_ivp3e,1730752416.068871
173,r/ParanormalIreland,642,"r/ParanormalIreland is a community for users interested in the paranormal on the island of Ireland. Whether you have a ghostly or cryptozoological story to tell or want to discuss anything else that is centred around the Irish paranormal scene, you've come to the right place. This sub-reddit will cover places with a paranormal, cryptozoological or folklore connection of any kind on this island. Submissions are welcome.",t5_95ra4u,1730752416.099081
174,r/pgmp,642,This sub is dedicated to the field of Program Management Professionals. This covers professionals who manage multiple projects and project teams aligned towards a common goal.,t5_37kjy,1730752416.12664
175,r/phandom,642,"Dan and Phil - Daniel Howell and AmazingPhil. Here the Phandom can post whatever they want, as long as it relates to Dan and Phil... pictures, Phan proof, anti-Phan proof (God forbid!), reaction vids, etc.",t5_2xzsi,1730752416.156322
176,r/PhillyPizza,642,Food and Drink,t5_3gw2kn,1730752416.182365
177,r/PitMains,642,"This is a subreddit for people who main Pit in Super Smash Bros Brawl, Super Smash Bros for 3DS and Wii U, and Project M. O-oooooooooo AAAAE-A-A-I-A-U- JO-oooooooooooo AAE-O-A-A-U-U-A- E-eee-ee-eee AAAAE-A-E-I-E-A- JO-ooo-oo-oo-oo EEEEO-A-AAA-AAAA",t5_398mq,1730752416.208234
178,r/PlaceRewritten,642,A project to hopefully one day bring r/place back to life.,t5_3jurj,1730752416.2368488
179,r/PMEd,642,"Project Management Education (PMEd); A sub to ask questions, give answers, and share your knowledge. Share appropriate sites, articles, and videos to help those who are studying for tests or working to up their game in their current PM role.",t5_2oqkrt,1730752416.265952
180,r/purrgatory,642,Gaming,t5_50cn67,1730752416.294824
181,r/QuandoRondo,642,Music,t5_11nco2,1730752416.3203561
182,r/Ramcharger,642,Cars and Motor Vehicles,t5_pishr,1730752416.344448
183,r/SecularBangla,642,Religion and Spirituality,t5_cd4tu2,1730752416.371706
184,r/StockMarketsNews,642,This sub is about stock markets worldwide. So you can share news related to all stock markets anywhere.,t5_3ajk9,1730752416.396385
185,r/SymbolicExchanges,642,Ethics and Philosophy,t5_43bniu,1730752416.421195
186,r/TotallyNotSpiders,642,Welcome to TotallyNotSpiders,t5_3f37t,1730752416.451803
187,r/transbians,642,Welcome to transbians,t5_3wffj,1730752416.484481
188,r/vegashookers,642,Welcome to vegashookers,t5_9d6art,1730752416.514561
189,r/WeAreAllKurts,642,"Culture, Race, and Ethnicity",t5_7sjaf2,1730752416.547148
190,r/WhatToCelebrateToday,642,Will tell you about the today's. What to celebrate today. What was in a previous years at the same day. Find the interesting facts to share with friends and desperate your erudition,t5_257tnj,1730752416.58148
191,r/wholesometwitter,642,Welcome to the wholesome side of the internet! This community is for those searching for a way to capture virtue on the internet.,t5_3ikxg,1730752416.612729
192,r/woodyandwilcox,642,"A subreddit for the Woody and Wilcox show, a morning radio show head on several radio stations across the United States. Mostly this is a collection of ""Woody Games"", but all W&W discussion is welcome.",t5_3f264,1730752416.64196
193,r/5stawwrs,641,A place to share wholesome or happy 5 star reviews found online.,t5_10u2fw,1730752416.668447
194,r/absolutemoonits,641,A subreddit dedicated to storing the absolute units amongst bovines.,t5_k0hmv,1730752416.6953568
195,r/Acidchloe666,641,i get nekkid sometimes Onlyfans.com/acidchloee,t5_3okncf,1730752416.7196858
196,r/astroprocessing,641,Hobbies,t5_440oc9,1730752416.745835
197,r/ATPL,641,This subreddit is meant for ATPL students who want to ask questions about their study or answer them.,t5_30zsw,1730752416.772785
198,r/bibio,641,Music,t5_2xa63,1730752416.800411
199,r/bigkunoichi,641,Welcome to bigkunoichi,t5_84uyt7,1730752416.831069
200,r/BiotechDates,641,"Subreddit designed for serious investors to share their research, knowledge, and due diligence on biotech stocks. A moderated community and a good place for newcomers to learn more about PDUFA target dates and FDA decisions. Opinions, content, or commentary presented in this subreddit may or may not be true and are not intended to be investment, financial, or legal advice. Please seek a duly licensed professional for investment, financial, or legal advice.",t5_45au9y,1730752416.858221
201,r/BurningJoints,641,"A place for people with psoriatic arthritis, psoriasis, or any other joint disease related issue to connect over conversations about cannabis.",t5_6kp9k9,1730752416.885064
202,r/cammini,641,Outdoors and Nature,t5_6icdjx,1730752416.912404
203,r/CatsWithEyebrows,641,Post cats with eyebrows!,t5_2ubd8,1730752416.9405482
204,r/ChicagoPolitics,641,"A place to add or view anything to do with Chicago Politics, Policies, and Government issues.",t5_2ura3,1730752416.97071
205,r/DataBuildTool,641,Technology,t5_5h8ayv,1730752416.9994712
206,r/DomoKun,641,A cool place to talk about all things domo!,t5_2qv9k,1730752417.028148
207,r/DXMGroup,641,"Welcome! The point of this group is to combine people that have experience with DXM and to give and share information. There are articles and links in the Menu, below the title of the group. Make a post if you need help, want to share something, want to talk about something, ask questions, or anything. People here are friendly and helpful. They support each other and care for each other.",t5_38ts77,1730752417.053947
208,r/EnfantsRichesDeprime,641,Fashion,t5_81xapo,1730752417.079784
209,r/FinalNewWorld,641,"A subreddit for people playing the Minecraft seed ""FinalNewWorld"" to post updates and discoveries and such. The hope is that this collective effort will keep us chronic re-rollers from re-rolling our worlds once again.",t5_33rln,1730752417.102805
210,r/foundthesomething,641,Things that look like any a form of the thing “SOMETHING” from the game OMORI,t5_5o98b2,1730752417.125281
211,r/GearCity,641,"Start out in your office and control every facet of your company. Design chassis, engines, transmissions, and bodies. Set up branches to distribute vehicles to dealerships. Build factories and set production lines. Handle marketing and racing budgets and hire lobbyists to get juicy government contracts. Make sure your products target the correct demographics and are the right price or your competition will crush you. If you can dream it, you can build it, with GearCity.",t5_2z7k8,1730752417.160167
212,r/gholdenbro,641,Gholdenbro and his adventures with the OU tier! Guest starring other artworks sometimes too!,t5_834f9i,1730752417.1989172
213,r/GrandTourNation,641,A community of former Top Gear and The Grand Tour Fans who want to enjoy the show more than ripping on The American or Celebrity Brain Crash.,t5_3imwa,1730752417.237557
214,r/HandInCookieJar,641,"Being caught in the act, often times getting mad about it",t5_3dhwx1,1730752417.360228
215,r/historicaleducation,641,"PSAs, short films, articles, posters, and anything else informative from days past.",t5_293jko,1730752417.413901
216,r/IglesianicristoHymns,641,Music,t5_bu5558,1730752417.464702
217,r/JacksonBrowne,641,"A community for fans of the great 70s - 80s rocker Jackson Browne. Subreddit created on May 24, 2011, updated on June 3, 2023",t5_2sikl,1730752417.5132842
218,r/johndachoy,641,Communitas Electa Novus Seclorum,t5_c74oe2,1730752417.563982
219,r/LionEmpire,641,Animals and Pets,t5_5n4mdw,1730752417.623273
220,r/Lynden,641,"r/Lynden is the active Reddit community for Lynden, Washington and the Whatcom county area! Do you want lively open discussions, upcoming events, local artist creations, community meet-ups, Lynden history, current news, community outreach, and careful transparent moderation? This place is for you.",t5_2wspf,1730752417.676904
221,r/marvingaye,641,Music,t5_2ydb1,1730752417.730054
222,r/MedievalArmsAndArmor,641,"Information about historically used weapons, armor, and battles.",t5_3axim,1730752417.7774432
223,r/meninist,641,This is a group for discussion about social issues that impact men. Please follow all site-wide rules and keep discussion civil and polite.,t5_2sc38,1730752417.818094
224,r/MiddlesbroughFC,641,Sports,t5_3c8gs,1730752417.8629708
225,r/MonsteraAdansonii,641,SHARE EVERYTHING MONSTERA ADANSONII HERE,t5_2xutee,1730752417.9056041
226,r/PamGang,641,Gaming,t5_waod2,1730752417.9377751
227,r/peenqueendi,641,Podcasts and Streamers,t5_896nte,1730752417.970418
228,r/philliesgifs,641,"Store the dankest gifs and memes here for reuse on /r/phillies, /r/baseball, and anywhere your little heart desires.",t5_3n76l,1730752418.0057669
229,r/playAbility,641,Gaming,t5_avyi7p,1730752418.041535
230,r/plens,641,*woosh*,t5_38xpo,1730752418.07383
231,r/PokemonColosseum,641,This Community is dedicated to the Nintendo GameCube game Pokemon Colosseum.,t5_l90sh,1730752418.107578
232,r/PoseidonBikes,641,A place to discuss all things related to Poseidon bikes!,t5_4qyxgd,1730752418.143224
233,r/PrimalBodyMovement,641,Learning and Education,t5_7k7xr6,1730752418.179043
234,r/rakugakicho,641,なんとなく暇を持て余したときに雑談するためのサブレです,t5_37ug4,1730752418.2241971
235,r/reddittools,641,Reddittools - getting the most out of reddit,t5_2s7mt,1730752418.268845
236,r/ReviewAttorneys,641,Law,t5_704ee3,1730752418.302579
237,r/RumicWorld,641,"For everything related to the works of Rumiko Takahashi: Urusei Yatsura, Maison Ikkoku, Ranma 1/2, Inuyasha, Rinne, etc.",t5_3gro6,1730752418.3361669
238,r/sevenguardians,641,Gaming,t5_3f2lg,1730752418.368354
239,r/ShoulditDIY,641,Welcome to ShoulditDIY,t5_c3oria,1730752418.4005508
240,r/slopheads,641,Music,t5_2g7mau,1730752418.4332569
241,r/Syrian,641,Place,t5_2utza,1730752418.467228
242,r/Thekidnamed,641,Shitposting about When The Kid Named _________ has something happen to him,t5_2aq9fn,1730752418.502642
243,r/TheLedges,641,Mature Themes and Adult Content,t5_30ldqp,1730752418.534693
244,r/timetogetmilk,641,For the moments future dads find out they’re expecting,t5_2nljmv,1730752418.569623
245,r/vacuumforming,641,A subreddit for all things related to any kind of vacuum forming.,t5_32e9s,1730752418.60241
246,r/vietnamcelebs,641,Celebrity,t5_6a7s8q,1730752418.6358342
247,r/Voidigo,641,The official subreddit for the game Voidigo.,t5_2e026w,1730752418.6694772
248,r/WallStreetGamesToken,641,Crypto,t5_4h76hc,1730752418.701997
