,subreddit,subscribers,topic,subreddit_id,scraped_utc
0,r/OceanShores,632,Place,t5_2snbx,1730752479.176159
1,r/PaoB,632,Welcome.,t5_9c2717,1730752479.197849
2,r/Pembroke,632,Place,t5_2sap5,1730752479.216774
3,r/PinoyTraveller,632,Travel,t5_zox43,1730752479.2356749
4,r/PinterHomebrew,632,Food and Drink,t5_49tgdm,1730752479.254806
5,r/PokemonVioletTeraraid,632,Welcome to PokemonVioletTeraraid,t5_7f6icl,1730752479.283576
6,r/Probaetion,632,Fashion Statement & Art Movement,t5_46omkh,1730752479.302714
7,r/RandomActsofCrafting,632,Welcome to RandomActsofCrafting,t5_2w49a,1730752479.3218079
8,r/Replika_Resistance,632,Technology,t5_7ztctf,1730752479.341011
9,r/RocaNews,632,World News,t5_746wm4,1730752479.3603032
10,r/TaylorSwiftMidsection,632,"A community dedicated to admiring Taylor Swift’s gorgeous midsection through the years, everything from pre-bellybutton to present day!",t5_2945mo,1730752479.443458
11,r/TheMorrigan,632,Religion and Spirituality,t5_479o6c,1730752479.467047
12,r/thethiccmagazine,632,Thicc bitches Follow @aphrodysya on IG,t5_6r2udj,1730752479.496201
13,r/ThirdGen,632,History,t5_5smkcv,1730752479.538786
14,r/TongueDrum,632,Music,t5_2n3t81,1730752479.557866
15,r/TreeingWalkerHounds,632,A place to show love for Treeing Walker Coonhounds,t5_2fdm2i,1730752479.576652
16,r/unwholesomejojo,632,Hosting Jojo's biggest bruh moments there are,t5_12uxo8,1730752479.595445
17,r/VeganMetal,632,🌱🤘,t5_12w5as,1730752479.614264
18,r/WhatKamalaHasDone,632,Politics,t5_c0xa6r,1730752479.6332061
19,r/xdadevelopers,632,https://www.xda-developers.com/,t5_2xuns,1730752479.652123
20,r/YuukokuNoMoriarty,632,Anime,t5_ms62t,1730752479.671105
21,r/Albert,631,Podcasts and Streamers,t5_2qqnx,1730752479.6902359
22,r/AlgoExpert,631,Programming,t5_2dfjos,1730752479.709533
23,r/AnimationSmears,631,"A subreddit to celebrate the crazy, weird, and sometimes terrifying occurence of animation smears! Animation smears are stills from animated TV shows/movies that seem to be smeared.",t5_3nnu0,1730752479.7285252
24,r/aops,631,"Subreddit for Art of Problem Solving. Discuss solutions, countdown, anything AoPS related here. (Related Subreddits: r/CompetitionMathUSA)",t5_2uzct,1730752479.7478569
25,r/BPD_Misfits,631,"This is a place of memes, seriousness, etc to escape the endless hell that is Borderline Personality Disorder.",t5_5qneam,1730752479.767304
26,r/brookejameson_,631,*FAN ACCOUNT* A place for fans to post about Brooke Jameson,t5_5xnatb,1730752479.786561
27,r/Cascadeur,631,Technology,t5_3bs1d,1730752479.806015
28,r/CherryPick,631,"Business, Economics, and Finance",t5_cfpcbt,1730752479.825535
29,r/ConanOBrien,631,Welcome to ConanOBrien,t5_2rcz8,1730752479.8447082
30,r/Cricket24_by_BigAnt,631,"One of the most anticipated cricket games is released globally on 5th Oct, 2023. Welcome to the community. This is NOT an official community by any means from/backed by Big Ant Studios but more for the players and the fans of the cricket games in general to share their opinions, tips, community creations, and other content related to the game.",t5_9jetg5,1730752479.86417
31,r/curatedvideos,631,Internet Culture and Memes,t5_8icitf,1730752479.884463
32,r/cynthia_cryswolfSnark,631,Countryqueen_ aka Cynthia videos and screenshots are proof is in the pudding it's you're mouth you're face you're videos theses are facts nothing is lies,t5_7hp3v0,1730752479.903873
33,r/DoumaCult,631,Anime,t5_5w870l,1730752479.922774
34,r/Dreamscaper,631,Gaming,t5_22pjnm,1730752479.941688
35,r/Duplo,631,"Duplo, like Legos but for little kids.",t5_33d9q,1730752479.960753
36,r/ER_memes,631,A lovely place for your ER and EMS humor.,t5_5yoyy7,1730752479.979828
37,r/feynmanlectures,631,"The Feynman Lectures on Physics is perhaps the most popular physics book ever written. It has been printed in a dozen languages. More than 1.5 million copies have sold in English, and probably even more copies in foreign-language editions. A 2013 review in Nature described the book as having ""simplicity, beauty, unity ... presented with enthusiasm and insight""",t5_2sm3c,1730752479.999715
38,r/FO76Settlements,631,Fallout 76 Settlements lets the survivors of the wasteland to show off their home defense!,t5_kbz52,1730752480.019649
39,r/gilmoreguys,631,"Team Dean? Team Jess? Team Logan? Chad Michael Mudface? You're all welcome here, gillys.",t5_3a1wv,1730752480.039213
40,r/GroomingGuide,631,Men's Health,t5_2buhwa,1730752480.058086
41,r/idlerpgdiscord,631,Internet Culture and Memes,t5_n863o,1730752480.076877
42,r/ivorycello,631,Podcasts and Streamers,t5_68syi8,1730752480.095874
43,r/Jenniferlevi,631,Plaats hier de beste Jennifer content 💦,t5_94yxuu,1730752480.114731
44,r/KannadaCinema,631,Movies,t5_2uv7h,1730752480.133595
45,r/LaneyaGrace,631,Welcome to LaneyaGrace,t5_5vstil,1730752480.152471
46,r/Lemax,631,Post your seasonal villages here!,t5_3b9gx,1730752480.171507
47,r/LeoWaldropMusic,631,"🇻🇪 Singer, Songwriter, Petroleum Engineer, Son And Brother. All places THE WORLD. Check Out ""DANCE"" by 👑Leo Waldrop👑📍MIAMI 📞+1 (501) 239-4322",t5_cfzoog,1730752480.1903338
48,r/lifewithpigs,631,Animals and Pets,t5_76gzqa,1730752480.209439
49,r/LoLCosplay,631,Gaming,t5_2woy2,1730752480.228286
50,r/MojoProgramming,631,"Mojo is a new programming language that bridges the gap between research and production by combining the best of Python syntax with systems programming and metaprogramming. With Mojo, you can write portable code that’s faster than C and seamlessly inter-op with the Python ecosystem.",t5_8c4rgn,1730752480.247214
51,r/NaturalSnowBuildings,631,Music,t5_27cfg4,1730752480.2664351
52,r/netzero,631,"Net Zero Energy Homes. Share, ask questions, be awesome.",t5_2x7bb,1730752480.2860422
53,r/north_omaha_cat_lady,631,"If you’ve ever had North Omaha Cat Lady be mean to you, or, if you just don’t like her… we’re your people! This is a snark page dedicated to trashing her “getting her fat b*tch on”",t5_7xx24r,1730752480.305307
54,r/ooc,631,Hobbies,t5_2r4b6,1730752480.3246982
55,r/PeneloMench,631,Celebrity,t5_awoccb,1730752480.34407
56,r/perfectlycutcavesound,631,cave soundtrack cut funny,t5_2owro7,1730752480.3635058
57,r/PharmacistRights,631,"The American Pharmacist National Worker's Party STRONGER TOGETHER A community in its infancy, join and contribute to help create a positive change. This community is to advocate for rights, health and wellbeing of pharmacists, safety, better wages, hours, and support against large corporations, predatory schools, unsafe working conditions, and to document the hardships within the pharmacy profession that most are often blind to. r/PharmacistUnion r/PharmacistUnionNatl r/PharmacistRights",t5_4xei68,1730752480.384326
58,r/piglinrights,631,Gaming,t5_2fefwq,1730752480.4032772
59,r/politico,631,I figured this would be a good place for posts related to politico.com,t5_2tac2,1730752480.4227011
60,r/rolandaira,631,All things related to the Roland Aira gear and users.,t5_37g1p,1730752480.4422321
61,r/router,631,For anyone that needs help with anything related to internet routers,t5_2r60a,1730752480.4615629
62,r/SanaJaved0,631,💚The Official Sana Javed Community💚 - Post Pics about Sana -Talk about Sana - News about Sana,t5_6zsceb,1730752480.4809868
63,r/shamiko,631,Shadow Mistress Yuuko a.k.a Shamiko also needs her own community,t5_230a4y,1730752480.500596
64,r/shortcuit,631,Gaming,t5_2h0ssx,1730752480.520025
65,r/SkyrimLore,631,Skyrim Lore,t5_3b78x,1730752480.5391738
66,r/SlightlyDelayedKarma,631,"Sometimes instantkarma is nice, sometimes karma waits, backs up and totally wrecks your shit.",t5_8zto3,1730752480.558374
67,r/snipersvsthieves,631,"The go to place for discussion, chat and all things related to mobile game Snipers vs Thieves!",t5_3hhv3,1730752480.577703
68,r/SnowgeCoin,631,Crypto,t5_44zgfh,1730752480.597277
69,r/Squale,631,For all fans of Squale watches!,t5_3mxz18,1730752480.6161249
70,r/tahlequah,631,Place,t5_2tv72,1730752480.634986
71,r/TarotDeMarseille,631,"Sub to discuss, ask and share on Tarot de Marseille specifically",t5_2eafru,1730752480.65429
72,r/TaylorHannum,631,Welcome to the community dedicated to all things Taylor Hannum.,t5_3fbat,1730752480.673476
73,r/thebilljensen,631,Activism,t5_6owixk,1730752480.6926851
74,r/TommyinnitIsntReal,631,Celebrity,t5_40ciis,1730752480.711751
75,r/TracysDog,631,Sexual Orientation,t5_4kbpoe,1730752480.730837
76,r/VUURtrek,631,"Business, Economics, and Finance",t5_3hquj9,1730752480.749898
77,r/Westfly,631,Hobbies,t5_261u86,1730752480.768852
78,r/woodworking_machinery,631,"Share knowledge on woodworking brands, tips and tricks, service + repairs, tooling and all sorts.",t5_78pexe,1730752480.787963
79,r/Xiraqis,631,Religion and Spirituality,t5_35cvd0,1730752480.807263
80,r/yojimbros,631,Hobbies,t5_2k5bjt,1730752480.8265321
81,r/ambessamains,630,Gaming,t5_53c7nc,1730752480.845665
82,r/Artisma,630,Art,t5_788ow4,1730752480.865759
83,r/BekaZLewactwa,630,Politics,t5_41bohl,1730752480.885275
84,r/blackandwhitecats,630,Cats in black and white,t5_37bk9,1730752480.904583
85,r/Booksnippets,630,A subreddit where you post a small sample or chapter of a book in order to encourage other readers to go read the full book. Authors are also allowed to post their own books as well.,t5_37tcp,1730752480.92373
86,r/bustabit,630,Crypto,t5_3863l,1730752480.943012
87,r/CharlotteKnights,630,The Reddit home for Knights baseball,t5_2zqgq,1730752480.962282
88,r/CollapseIndia,630,"This is a subreddit primarily for Indian region. Discussion regarding the potential collapse of global civilization, defined as a significant decrease in human population and/or political/economic/social complexity over a considerable area, for an extended time. We seek to deepen our understanding of collapse while providing mutual support, not to document every detail of our demise.",t5_22p1rp,1730752480.981355
89,r/CorollaCrossHybrid,630,A community for all things Corolla Cross Hybrid.,t5_6kc15y,1730752481.000874
90,r/creepyplaces,630,For all your creepy places,t5_jx9a3,1730752481.020735
91,r/diamondbacks,630,Sports,t5_2sudt,1730752481.0391512
92,r/EverythingCryptids,630,This is a subreddit where we post thoughts and sightings on these weird beasts to prove them real or fake. From the beautiful fern flower to the majestic lochness monster.,t5_3gu52,1730752481.057684
93,r/fabulousvehicles,630,"unique, fabulous vehicles of every kind. Trains, cars, trucks, bicycles, bikes, busses, airplanes, whatever you can think of",t5_3egg9,1730752481.0764
94,r/Flycast_texture_packs,630,"Welcome to the OfficalRomRevival Texture Pack Listing Site. *USE COMPACT VIEW ON new.reddit.com FOR BEST RESULTS. This is the SINGLE, FASTEST GROWING, largest collection of Sega Dreamcast, Duckstation, and PCSX2 HD Texture Packs. UPDATED VERY OFTEN. Discord-https://discord.gg/X8YWP8w https://ko-fi.com/romrevival",t5_2efggq,1730752481.094975
95,r/GenZthings,630,r/Genzthings is a new community forum run by GenZ. Our subreddit is primarily for discussions about GenZ things with Meme and Genshin impact meme And you can share this community with your friends. It holds events sometimes and the winner will get one month of Reddit Premium.！100% true,t5_56lhsx,1730752481.1138518
96,r/godotified,630,Art,t5_49q0p1,1730752481.132719
97,r/habitats,630,"A sub reddit dedicated to reptile, amphibian and small animal setups. Here you may post pictures and discussions about setups, or DIY projects.",t5_2znrk,1730752481.151624
98,r/ImaginaryWords,630,Imaginary Words - A subreddit devoted to made-up words and their equally fantastical definitions.,t5_2z1ib,1730752481.170412
99,r/JacksonGalaxy,630,Welcome to JacksonGalaxy,t5_4v6pk0,1730752481.189068
100,r/Justbarbas,630,Podcasts and Streamers,t5_41jdpn,1730752481.2080908
101,r/lgbtchoicesfans,630,Gaming,t5_2itg83,1730752481.226815
102,r/Mafalda,630,Art,t5_2w8ri,1730752481.2443368
103,r/MageHandPress,630,"Greetings, all! This is the official subreddit for Mage Hand Press, a one-stop resource for high-quality, professional third-party content for the 5th edition of the world's most popular role-playing game! Here, you'll find monsters, adventures, art, tons of character options, and much more to enhance your GM'ing or playing experience.",t5_m427h,1730752481.262162
104,r/microscopingbugs,630,Science,t5_5fhf60,1730752481.279813
105,r/MinaTheHollower,630,Gaming,t5_5s6abw,1730752481.297159
106,r/MorphicFields,630,"Discussion about Morphic fields, energetic programming, etheric entanglement, the people who create and program as well as their new releases.",t5_4rn6bz,1730752481.3148851
107,r/mtgpuzzles,630,A subreddit to post all Magic: The Gathering puzzle creations.,t5_3jf5w,1730752481.33592
108,r/mushroomart,630,A subreddit dedicated to artistic expression of mushrooms.,t5_2cwx3v,1730752481.354113
109,r/Nikki_Cross,630,Subreddit for the WWE Superstar Nikki Cross.,t5_uf6dr,1730752481.371737
110,r/O_Maidens,630,Internet Culture and Memes,t5_235e4i,1730752481.38934
111,r/OfftheRanch,630,"Join Matt Carriker and the Demolitia as they have ridiculous amounts of fun in Texas and the world, rebuilding an abandoned resort, caring for some goats, shooting pewpews, and not telling Mere about anything bad.",t5_3is8u,1730752481.406912
112,r/PetSnails,630,Just a place where people can connect from all over the world to chat and share pictures of their pet snails!,t5_36mmw,1730752481.424636
113,r/phfitnessandhealth,630,Fitness and Nutrition,t5_5dz31v,1730752481.442053
114,r/Radrunner,630,The place for the Radpower RadRunner,t5_2q4ej0,1730752481.459585
115,r/recalls,630,"Welcome to /r/recalls This community is dedicated to keeping you up to date about any recalls throughout the United States of America and Canada. All recalls are published on the appropriate government websites, but this scattershot approach makes it almost impossible for an average person to keep abreast of the latest news and safety issues. We are here to help by bringing it all to one simple-to-use community.",t5_2rrld,1730752481.4770072
116,r/Reinasamayoa,630,Everything about this beautiful Curvy Latina...,t5_33waj5,1730752481.4947252
117,r/rescript,630,Programming,t5_3bco6,1730752481.512668
118,r/RoxyMusic,630,Welcome to RoxyMusic,t5_2t84b,1730752481.5305789
119,r/scriptedsquirrelgifs,630,Animals and Pets,t5_2okcla,1730752481.548165
120,r/shaved_cockring,630,Shaved Cocks with rings,t5_8s0ygk,1730752481.565896
121,r/sots,630,The Strategy and Rogue-Like franchise by Kerberos Productions,t5_2srmy,1730752481.5833962
122,r/standupjetski,630,"This is a community for stand up riders and enthusiasts. If you love stand ups, this is the place for you!",t5_2vj2a,1730752481.601088
123,r/SteamMarket,630,Marketplace and Deals,t5_2vtit,1730752481.61857
124,r/StormlightArchiveBC,630,"Created in anticipation of the 3rd book in the series - ""Oathbringer"" - the aim is to cover one chapter of the first two books at a pace of 1 chapter every 2 days. The target is to finish the first 2 books by November 2017, which is Oathbringer's target release date.",t5_3hyfw,1730752481.637137
125,r/suenosypesadillas,630,"Subreddit para postear sus sueños y pesadillas, así como todo lo relacionado.",t5_6723v6,1730752481.655925
126,r/SuperSmashBrothers,630,Welcome to SuperSmashBrothers,t5_2slnd,1730752481.674674
127,r/SwordCoast,630,"D&D CRPGs return, neckbeards rejoice",t5_36ngk,1730752481.6936069
128,r/TampaBayDating,630,"The place to find and meet people in the local area with out trolling lots of sub's. What ever your looking for you can find it here. Don't be shy so put up a post of what your looking for weather it is a Date, Friend or some good old fun. #Hookup #Sexting #Tampagonewild #tampahookup #floridahookup",t5_2wwtp,1730752481.712459
129,r/USAIDForeignService,630,"Subreddit page dedicated for aspiring, current, and retired USAID FSOs. This Subreddit is NOT endorsed or supported in any way by USAID. Do not share anything that may be in breach of non-disclosure agreements. You can join our public Discord chat here: https://discord.gg/2StWjAKS",t5_6mhawm,1730752481.7313018
130,r/veganbookclub,630,"Welcome to r/veganbookclub! This is a place to discuss books, articles, journals, or any ideas relating to veganism, and its history and literature. Have a question about something you've read, or looking for something to study with the group? Then you've come to the right place!",t5_376zs,1730752481.7501051
131,r/wellybabies,630,Podcasts and Streamers,t5_zjo9r,1730752481.7689002
132,r/WongKahei,630,"A fan created space for sharing ViVi pics, ViVi news and all things about LOONA's deer!",t5_11zoll,1730752481.7888992
133,r/YogaPhotos,630,This subreddit is for you to post photos of yourself doing yoga or images of professionals/other for discussion. The purpose is to observe and enjoy the human form in a yogic pose. Artfully done nudes accepted w/ [NSFW] tag.,t5_2y02p,1730752481.808338
134,r/YokaiWatchTrade,630,Gaming,t5_47v390,1730752481.8279948
135,r/zaraheads,630,Music,t5_2wfayq,1730752481.8478138
136,r/ActionPackedPromo,629,Sports,t5_jtia1,1730752481.8676438
137,r/animalpops,629,Animals and Pets,t5_34xr2v,1730752481.88732
138,r/animalsdontexist,629,"not only giraffes and birds (and earth) don't exist, but all the animals! the government uses them to spy on us and stop us from discovering the earth doesn't exist",t5_ygm10,1730752481.905941
139,r/Arkhamasylum,629,A sub to discuss the upcoming Arkham Asylum TV series.,t5_2v85n,1730752481.924861
140,r/Atsumare,629,Anime,t5_24jj15,1730752481.94364
141,r/Barbenheimer,629,Internet Culture and Memes,t5_8rzu58,1730752481.962508
142,r/baskingball1,629,"Community dedicated to the tweets of Baskingball1, and phrases that sound like one of his tweets.",t5_uffui,1730752481.981526
143,r/Bassamps,629,Music,t5_77nqmu,1730752482.000343
144,r/bitcoines,629,"Una comunidad dedicada a Bitcoin, la moneda del Internet. Bitcoin es un dinero digital descentralizado distribuido en todo el mundo. Los bitcoins se emiten y gestionan sin ninguna autoridad central en absoluto: no hay ningún gobierno, empresa o banco a cargo de Bitcoin. Puede que le interese Bitcoin si le gusta la criptografía, los sistemas distribuidos de igual a igual o la economía.",t5_2titc,1730752482.020596
145,r/blackglovefood,629,Are you even allowed to cook without black gloves?,t5_8iyrlh,1730752482.03894
146,r/BladeBouncer,629,Gaming,t5_365igj,1730752482.056685
147,r/Boeing_,629,Careers,t5_cgz9ua,1730752482.074242
148,r/BuenaPark,629,"This is the subreddit for Buena Park, CA. We discuss anything Buena Park, CA-related. Sometimes Cypress and La Palma too.",t5_30gmj,1730752482.091805
149,r/Buildahome,629,"A place to discuss all aspects of past, present or future new home construction from professionals and homeowners. Floorplan questions and review, budget, techniques, materials, ideas, or even that sudden decision you need to make today.",t5_2ymfz,1730752482.10945
150,r/busystonecustomers,629,Fashion,t5_3pygsn,1730752482.128354
151,r/cedarfalls,629,Welcome to cedarfalls,t5_2sgpw,1730752482.147032
152,r/China_Really_Chinese,629,"Culture, Race, and Ethnicity",t5_4o2cyw,1730752482.1668952
153,r/christiancommunism,629,Welcome to christiancommunism,t5_2tydf,1730752482.185149
154,r/CircuitKeepers,629,Technology,t5_7mhfj9,1730752482.203889
155,r/ClosetedTrans,629,A place for closeted trans people to talk about whatever.,t5_2ngq5u,1730752482.221519
156,r/dirtydisneymemes,629,Welcome to dirtydisneymemes,t5_3i2ad,1730752482.239091
157,r/encounteredjesus,629,Religion and Spirituality,t5_6q4q0f,1730752482.2577238
158,r/ForzaCreativeHub,629,Gaming,t5_2npa5w,1730752482.311211
159,r/Gaulish,629,"This sub is for learning the now Gaulish, a dead language. This had many different dialects in its heyday, as there were many different tribes of Gauls. However, much of the language is dead now, and lost, so much of the ""Gaulish"" we learn will be modern reconstruction and addition to fill in the gaps. This was the language of Vercingetorix, a hero of the ancient French people. If you want to learn this language, please subscribe. There will also be cultural information to go along with this.",t5_35oc8,1730752482.330475
160,r/GCashIssues,629,Technology,t5_av6pdt,1730752482.350668
161,r/getsomeheadspacelinks,629,Its shit now thanks to snitches,t5_3377d,1730752482.371149
162,r/GillyAndKeeves,629,Gilly and Keeves is a new sketch show created by John Mckeever.,t5_3kggmr,1730752482.3892999
163,r/gregegan,629,On [Greg Egan](http://www.gregegan.net)'s books.,t5_2skwe,1730752482.40677
164,r/InterestingAnecdote,629,For comments that might not be worthy of BestOf or DepthHub. Interesting stories from the best comment threads around the Reddits.,t5_2uj7j,1730752482.424194
165,r/InternetRiches101,629,"Interesting discussions on ways to strike it rich on the internet. Ask your questions on affiliate marketing, ecommerce, freelance, digital products, online coaching, email marketing, seo, facebook ads, influencer marketing etc.",t5_28kmlg,1730752482.441769
166,r/IRLarmpits,629,"A place to share photos of girls you know with their armpits on display. No NSFW content, no celebrities, only armpits.",t5_7vrb6d,1730752482.4593081
167,r/Jalgaon_,629,Place,t5_6mdfwx,1730752482.477222
168,r/johntillersoftware,629,Gaming,t5_33pj6l,1730752482.494838
169,r/LacanZizek,629,"Reactualizing German Idealism Through Lacanian Psychoanalysis, Apologies to Gilles Deleuze. https://discord.gg/gAGecsd84N http://t.me/lacanzizek",t5_286ija,1730752482.5127912
170,r/lebanon_uncensored,629,Place,t5_bsgfe8,1730752482.530978
171,r/LewisCounty,629,"Welcome to r/LewisCounty, the subreddit for Lewis County, WA! Share a link, talk about local politics, or gossip about something happening in town.",t5_2snbu,1730752482.548673
172,r/lggwatch,629,News and related content about the LG G watch.,t5_30zx4,1730752482.566386
173,r/LostX6Redditors,629,wha.. what even,t5_wq6wk,1730752482.5841029
174,r/MakeItOrBreakItShow,629,Television,t5_5gp84g,1730752482.601486
175,r/mappesenzasardegna,629,Learning and Education,t5_y2bta,1730752482.619189
176,r/MelanyGacia,629,"Post anything relating to Melany Garcia. ONLY post Melany, anything else will be deleted. Her IG & TikTok - @melanyalejandrra",t5_30n9an,1730752482.636677
177,r/Microvision,629,Gaming,t5_2zjpm,1730752482.654283
178,r/misteak,629,Food and Drink,t5_b7on53,1730752482.671821
179,r/NandToTetris,629,"This is a subreddit for those interested in studying or discussing the FREE Computer Science Course [The Elements of Computing Systems](http://nand2tetris.org/course.php) also known as TECS or nand2tetris, because the course starts with simple logical Nand gates and ends with high-level programming (enough to program Tetris!)",t5_35wr2,1730752482.689331
180,r/NeighboursFromHell,629,Ethics and Philosophy,t5_3c455g,1730752482.706933
181,r/OldTimeStrongman,629,Welcome to Old Time Strongman. A place to discuss the tools and methods of getting strong just like your kickass Grandfather.,t5_f67id,1730752482.7243872
182,r/OrsonandOrrinWest,629,"A place to discuss facts, evidence, and theories on missing Cal City boys Orson and Orrin West Orson and Orrin West went missing from their Cal City home on Monday Dec 21, 2020. UPDATE: Trezell and Jacqueline West stood trial starting on March 28, 2023 and were found guilty on 5 of the 7 charges on May 19, 2023",t5_3q6kcj,1730752482.7430341
183,r/OTnN,629,Anime,t5_32mnk,1730752482.761167
184,r/PacificBeach,629,Welcome to PacificBeach,t5_2snj6,1730752482.7788942
185,r/PaganiDesignOfficial,629,"Creating premium timepieces, using quality materials at affordable prices. This is the Official community for Pagani Design Watches.",t5_5vy9qr,1730752482.7966652
186,r/Petio,629,Technology,t5_3i01lo,1730752482.814124
187,r/PhotographyPH,629,Art,t5_2cv624,1730752482.8317912
188,r/PhotoRoulette,629,Gaming,t5_27ht8d,1730752482.849282
189,r/PokePark,629,Gaming,t5_3hahm,1730752482.866102
190,r/rarepepemarket,629,A place to buy and sell your rare pepes! Be sure to watermark your pepes,t5_37n5m,1730752482.88359
191,r/ReactorIdle,629,Gaming,t5_3ailg,1730752482.9011562
192,r/rehimalayan,629,Cars and Motor Vehicles,t5_3fr4z,1730752482.918665
193,r/richgirlfrombcn,629,"Reading, Writing, and Literature",t5_bnxka9,1730752482.9361799
194,r/SavesTheDay,629,A subreddit for fans of the band Saves The Day,t5_2sytl,1730752482.973748
195,r/SeekDiscomfort,629,A community of dreamers who believe the best things in life exist outside the comfort zone⚡️ #seekdiscomfort,t5_oycwg,1730752482.9913652
196,r/ShadCanada,629,Learning and Education,t5_2h9gl8,1730752483.0104141
197,r/ShauntheSheep,629,Shaun the Sheep,t5_334fa,1730752483.030059
198,r/Shrimptalk,629,Animals and Pets,t5_3c93ez,1730752483.047616
199,r/TakeMedicineBack,629,Politics,t5_96hdmg,1730752483.065375
200,r/TransfemFriday,629,Gender,t5_66vv5j,1730752483.082967
201,r/UnitedFeedOfMemes,629,Internet Culture and Memes,t5_3xhi2i,1730752483.1005702
202,r/ureaplasmasupport,629,Medical and Mental Health,t5_6qki4o,1730752483.118127
203,r/whitedudesforharris,629,Politics,t5_c2lqjd,1730752483.135714
204,r/youtubefeet,629,place to post youthbe videos of women's feet.,t5_3fkic,1730752483.15336
205,r/Zoning,629,Law,t5_2tc77,1730752483.173506
206,r/Accor,628,"Business, Economics, and Finance",t5_b0rxjg,1730752483.1928709
207,r/alexusthornley,628,This is about atandyoshitheservicedog/alexusthornley/alexusthornley670/alexusthornley3 for entertainment purposes only,t5_7nu1w0,1730752483.211689
208,r/Andrea_Londo,628,This is a subreddit dedicated to the beautiful actress Mexican actress Andrea Londo!,t5_8fs75c,1730752483.229743
209,r/AntisemitismOnSocials,628,"Culture, Race, and Ethnicity",t5_9gx3n1,1730752483.2472908
210,r/antiXLinux,628,"A community of users of AntiX linux helping each other with running AntiX, Debian without Systemd that is.",t5_21pkf7,1730752483.264724
211,r/aphorisms,628,Welcome to aphorisms,t5_2s4gj,1730752483.282337
212,r/archieandfriends,628,"Reading, Writing, and Literature",t5_5czfnf,1730752483.299789
213,r/ATBHF,628,"For everything that displays Hella Freshness in the least elegant way possible. All things Hella Fresh, and otherwise tasteless. Work done Hella Fresh, you won't know whether to love it or hate it.",t5_m09ym,1730752483.317394
214,r/AxisFootballSeries,628,Sports,t5_j71y1,1730752483.334744
215,r/BAPBAP,628,"A community subreddit for BAPBAP.GG, the fast-paced MOBA Battle Royale coming out to Steam and mobile devices! Share news about the game, fanart, content, discussions - anything you want! Reddit rules are enforced - please participate in the community, don't just have self promotion posts. Low effort or spammed posts will be removed.",t5_5x5bet,1730752483.352392
216,r/bethanyapril,628,Welcome to bethanyapril,t5_5yzxng,1730752483.369848
217,r/booktubesnark,628,Podcasts and Streamers,t5_blmjdn,1730752483.387379
218,r/BPDover25,628,Medical and Mental Health,t5_6i4gfr,1730752483.4048939
219,r/BtechGeeks,628,Learning and Education,t5_byknng,1730752483.422385
220,r/catsaredragons,628,Animals and Pets,t5_2hpzii,1730752483.440119
221,r/CBAlincroft,628,"A subreddit for Christian Brothers Academy in Lincroft, NJ",t5_35g01,1730752483.457665
222,r/ClassicalDrawingStudy,628,Mature Themes and Adult Content,t5_5aayre,1730752483.475424
223,r/CortneyMarie,628,Ms_i_am Cortney Marie post her up bois,t5_36cnbl,1730752483.492832
224,r/CupheadShow,628,For discussion about the Cuphead show,t5_2rnpy2,1730752483.510592
225,r/DarkoUS,628,Music,t5_3rtvl6,1730752483.528301
226,r/DarkThemeMemes,628,Memes that you can browse at night without needing sunglasses.,t5_q348m,1730752483.546467
227,r/DraftingProfessionals,628,"This is a place to discuss Home Design with AutoCAD and related software professionals. Click <a href=""http://goalldraft.com"">Alldraft</a> to go to there Click <a href=""http://alldraft.com"">Alldraft</a> to go to there Click <a href=""http://autodraft.biz"">Autodraft</a> to go to there",t5_351p5,1730752483.564786
228,r/drawingtheline,628,This is a Subreddit for Sharing The Mess City Builders Did By Drawing Lines.,t5_39yo1,1730752483.5823371
229,r/DutchKickboxing,628,Sports,t5_3hqt7,1730752483.599822
230,r/FeetAreMyWeakness,628,"I never used to be into feet but one day it was like a switch was turned on in my brain & I was hooked, now every-time I see some white toes or some sockless soles I get hard as a 🪨 and want them to make their way to my face",t5_bv5pm3,1730752483.617573
231,r/gayfarmer,628,Sexual Orientation,t5_323y2,1730752483.635263
232,r/grafa,628,Crypto,t5_4pseml,1730752483.653978
233,r/hyukoh,628,"혁오(Hyukoh) is a South Korean indie band. Officially formed in May 2014, the band consists of 오혁(Oh Hyuk), 임동건(Im Dong-gun), 임현제(Lim Hyun-jae), and 이인우(Lee In-woo), all born in the year 1993.",t5_3hw2t,1730752483.6718469
234,r/Imaginext,628,A community for fans of all things Imaginext,t5_307ym,1730752483.689421
235,r/KinginYellow,628,"This subreddit is a public space to post and discuss Robert W. Chambers' 1895 fin de siecle work, ""The King in Yellow"" as well as its legacy and related authors/fiction.",t5_354hf,1730752483.708981
236,r/lawschooladmission,628,This is a place to talk about anything related to law school admissions.,t5_3077f,1730752483.728592
237,r/LucecitaCeballos,628,"Mucho de Lucecita ""Potra"" Ceballos y un poco de mi experiencia",t5_6eq0es,1730752483.7482328
238,r/LydiaWilson,628,Lydia Wilson Lydia Violet . Twitch Streamer,t5_9ad5of,1730752483.767515
239,r/MarvelCollectorCorps,628,Hobbies,t5_39i7d,1730752483.7849479
240,r/Memphis901FC,628,Sports,t5_nznq1,1730752483.8025699
241,r/MoonlightPeaks,628,Gaming,t5_7tnbt1,1730752483.821714
242,r/NFLCards,628,Just some people lovin’ football cards,t5_2gnb9i,1730752483.839652
243,r/ocanada,628,"*O Canada! Our home and native land!* A community about Canada, by Canadians, for Canadians.",t5_2udng,1730752483.857093
244,r/okbuddybluearchive,628,An ironic and satirical meme subreddit for the game Blue Archive. ( Blue Archive but for retardadarars 😭 ),t5_7dbrkl,1730752483.874779
245,r/okbuddyskullgirl,628,Gaming,t5_2xl1fe,1730752483.892082
246,r/Old97s,628,"The world's best alt/indie country band deserves a subreddit. ""We basically play really loud folk music"" - Rhett Miller",t5_2v6az,1730752483.909642
247,r/ParkBeyond,628,Gaming,t5_4y9j41,1730752483.926993
248,r/RimworldStreams,628,"Let's Plays, Twitch Streams and other Video Content for the game Rimworld",t5_3664jz,1730752483.944273
249,r/robertplant,628,The Official reddit for Robert Plant,t5_2t7kd,1730752483.96158
