,subreddit,subscribers,topic,subreddit_id,scraped_utc
0,r/PostgreSQL,47444,Technology,t5_2qvw7,1730746331.325378
1,r/CentralValley,47438,Place,t5_2qvav,1730746331.348835
2,r/parasnailing,47438,Animals and Pets,t5_2wwtwk,1730746331.369699
3,r/ISKbets,47435,"Business, Economics, and Finance",t5_3qsyrw,1730746331.390319
4,r/MorbidHistory,47426,History,t5_2xtwy,1730746331.4102259
5,r/wordchewing,47422,Internet Culture and Memes,t5_5z9fyh,1730746331.588137
6,r/40kOrkScience,47405,Tabletop Games,t5_37zbc,1730746331.609913
7,r/Schwab,47402,"Business, Economics, and Finance",t5_3ib57,1730746331.629684
8,r/Falcom,47397,Gaming,t5_32vt5,1730746331.6502998
9,r/html5,47396,Programming,t5_2r7u2,1730746331.670263
10,r/DebateCommunism,47383,Politics,t5_2vkao,1730746331.7000089
11,r/LifeAfterSchool,47377,Family and Relationships,t5_zy2kd,1730746331.720552
12,r/SkyChildrenOfLight,47369,Gaming,t5_1znivi,1730746331.7411041
13,r/TheAcolyte,47364,Television,t5_3jjby9,1730746331.761388
14,r/iLuTV,47350,Podcasts and Streamers,t5_2hbnwo,1730746331.781783
15,r/R6STeams,47350,Gaming,t5_3b8kn,1730746331.8047822
16,r/Linkedinfr,47334,Internet Culture and Memes,t5_2hdpxj,1730746331.839435
17,r/CantBelieveThatsReal,47332,Internet Culture and Memes,t5_2cogoo,1730746331.861574
18,r/ClashOfClansLeaks,47329,Gaming,t5_29ddrl,1730746331.881432
19,r/ElraeN,47326,Podcasts and Streamers,t5_2meulz,1730746331.901045
20,r/Surveying,47311,Careers,t5_2v46o,1730746331.9192262
21,r/seriouslyalarming,47298,For everyday things that should be deemed seriously alarming.,t5_apb4gl,1730746331.938028
22,r/internetdrama,47293,Internet Culture and Memes,t5_2s3ot,1730746331.957023
23,r/RanbirKapoorUniverse,47289,Movies,t5_3p026j,1730746331.9749398
24,r/jumprope,47282,Sports,t5_2tjyk,1730746331.992716
25,r/Tudorhistory,47279,History,t5_2ywe8,1730746332.0115242
26,r/GrandSeikos,47276,Fashion,t5_wjoa6,1730746332.0302331
27,r/TropPeurDeDemander,47270,Learning and Education,t5_89ew6w,1730746332.048825
28,r/DatGuyLirik,47261,Podcasts and Streamers,t5_2yrza,1730746332.067852
29,r/UkraineConflict,47247,World News,t5_30oyx,1730746332.086462
30,r/bravefrontier,47227,Gaming,t5_2zich,1730746332.107732
31,r/collegehockey,47226,Sports,t5_2srx4,1730746332.128783
32,r/warcraft3,47213,Gaming,t5_2rner,1730746332.149838
33,r/GirlsSoccer,47208,Mature Themes and Adult Content,t5_3frta,1730746332.1699781
34,r/fitpregnancy,47198,Women's Health,t5_372t2,1730746332.1898491
35,r/chillmusic,47184,Music,t5_2rnvn,1730746332.210346
36,r/PizzaTower,47180,Gaming,t5_ugz41,1730746332.230696
37,r/Vermiculture,47153,Animals and Pets,t5_2s5ml,1730746332.250619
38,r/240sx,47147,Cars and Motor Vehicles,t5_2sqch,1730746332.271227
39,r/washdc,47146,Place,t5_4sqyr9,1730746332.292164
40,r/blueteamsec,47143,Technology,t5_f66zu,1730746332.313108
41,r/RivalsOfAether,47141,Gaming,t5_32h5b,1730746332.332911
42,r/pastry,47133,Food and Drink,t5_2vgt1,1730746332.3530931
43,r/Nightshift,47132,Careers,t5_2ryf0,1730746332.3729012
44,r/pinayinswimsuit,47130,Mature Themes and Adult Content,t5_5eq6g7,1730746332.392881
45,r/Paranormalvideos,47115,Internet Culture and Memes,t5_2x9hh,1730746332.4125912
46,r/rarecompliments,47105,Funny/Humor,t5_st3u6,1730746332.4327722
47,r/newfriends,47093,Family and Relationships,t5_2unic,1730746332.4525151
48,r/Mildlynomil,47084,Family and Relationships,t5_3jinr,1730746332.471951
49,r/troubledteens,47043,Activism,t5_2se6z,1730746332.491241
50,r/ChineseWatches,47040,Hobbies,t5_3jnpw,1730746332.510429
51,r/cyberpunkred,47037,Tabletop Games,t5_3p022,1730746332.530092
52,r/AMPToken,47034,Crypto,t5_2w071t,1730746332.5715961
53,r/sarasota,47021,Place,t5_2rpyx,1730746332.5911748
54,r/EbonyHotties,47011,Mature Themes and Adult Content,t5_bl0fcl,1730746332.611066
55,r/paralegal,47008,Law,t5_2x243,1730746332.631082
56,r/GalaxyS8,47004,Technology,t5_2wi4l,1730746332.651257
57,r/SS13,47003,Gaming,t5_2s9yk,1730746332.6714292
58,r/Thorgasm,46998,Outdoors and Nature,t5_3fw8x,1730746332.689836
59,r/SkyDiving,46993,Hobbies,t5_2rkgw,1730746332.709783
60,r/nanowrimo,46989,"Reading, Writing, and Literature",t5_2ql34,1730746332.7308931
61,r/Belgium2,46976,Place,t5_nls07,1730746332.754823
62,r/Elephants,46973,Animals and Pets,t5_2rpfr,1730746332.776306
63,r/hobart,46969,Place,t5_2rjvn,1730746332.7955341
64,r/GaylorSwift,46962,Celebrity,t5_mnhlw,1730746332.8145752
65,r/CryptoScams,46959,Crypto,t5_3n82c,1730746332.833289
66,r/GraveyardKeeper,46958,Gaming,t5_3j9dj,1730746332.85281
67,r/StraightsBeingOK,46958,Family and Relationships,t5_2dyrgb,1730746332.87293
68,r/czechmemes,46950,Internet Culture and Memes,t5_3j2sm,1730746332.893444
69,r/esSeries,46948,Television,t5_66pygy,1730746332.914258
70,r/teamliquid,46945,Gaming,t5_2saq7,1730746332.934999
71,r/HairTransplants,46938,Medical and Mental Health,t5_33y6y,1730746332.9553668
72,r/uAlberta,46935,Learning and Education,t5_2spif,1730746332.977089
73,r/GraphicsProgramming,46926,Programming,t5_36tba,1730746332.9984372
74,r/TheCapitalLink,46916,Music,t5_2vka3k,1730746333.020061
75,r/adops,46893,Technology,t5_2umgd,1730746333.041466
76,r/DoctorMike,46872,Television,t5_12sunc,1730746333.062359
77,r/thewoodlands,46871,Place,t5_2sazj,1730746333.082298
78,r/geologycareers,46867,Careers,t5_2x755,1730746333.102802
79,r/ThreadGames,46849,Meta/Reddit,t5_2r097,1730746333.124379
80,r/batonrouge,46836,Place,t5_2s5z1,1730746333.144855
81,r/GarandThumb,46823,Podcasts and Streamers,t5_t5g9y,1730746333.1670349
82,r/learndesign,46823,Learning and Education,t5_2yo7l,1730746333.189555
83,r/turkish,46822,Learning and Education,t5_2svsy,1730746333.212919
84,r/meiaum,46818,Internet Culture and Memes,t5_10ydwk,1730746333.2357109
85,r/Rocks,46807,Hobbies,t5_2rkav,1730746333.257552
86,r/backpain,46792,Medical and Mental Health,t5_2rdud,1730746333.278742
87,r/CelebsUndies,46790,Celebrity,t5_38r88o,1730746333.300392
88,r/45PlusSkincare,46787,Beauty and Makeup,t5_3x4r2p,1730746333.321901
89,r/notreallyfamous,46783,Internet Culture and Memes,t5_351jt,1730746333.3447838
90,r/Sigmarxism,46761,Tabletop Games,t5_xmma8,1730746333.367479
91,r/thesmiths,46751,Music,t5_2spxz,1730746333.389768
92,r/DrawingPrompts,46750,Art,t5_2uwhu,1730746333.411838
93,r/Trove,46731,Gaming,t5_2z0i3,1730746333.4331698
94,r/GossipDK,46730,Internet Culture and Memes,t5_4v2gxq,1730746333.4552362
95,r/NewZealandWildlife,46726,Outdoors and Nature,t5_ynidj,1730746333.477241
96,r/midlyinteresting,46720,Internet Culture and Memes,t5_2vecv,1730746333.497896
97,r/nikerunclub,46720,Sports,t5_3be5y,1730746333.5181499
98,r/trivia,46708,Tabletop Games,t5_2qrj3,1730746333.538482
99,r/telecaster,46698,Music,t5_2rl37,1730746333.559705
100,r/DIY_tech,46679,Technology,t5_32bm0,1730746333.580617
101,r/Coloring,46678,Art,t5_2snhh,1730746333.600396
102,r/WrestleCuties,46666,Sports,t5_4ohjrq,1730746333.620042
103,r/hotsaucerecipes,46655,Food and Drink,t5_3mj00,1730746333.63972
104,r/buildabear,46627,Hobbies,t5_2tl2j,1730746333.658863
105,r/TKASYLUM,46619,Internet Culture and Memes,t5_51onzf,1730746333.6788511
106,r/ZukiMoba,46618,Crypto,t5_53zq3h,1730746333.698348
107,r/abudhabi,46581,Place,t5_2sm4e,1730746333.7183201
108,r/pitchforkemporium,46581,Internet Culture and Memes,t5_36008,1730746333.737687
109,r/povertyfinancecanada,46576,"Business, Economics, and Finance",t5_hd75l,1730746333.7576451
110,r/geneva,46574,Place,t5_2s5qw,1730746333.780173
111,r/whoselineisitanyway,46572,Television,t5_2tayg,1730746333.799753
112,r/PercyJacksonMemes,46568,"Reading, Writing, and Literature",t5_2716zv,1730746333.818727
113,r/psychologymemes,46563,Internet Culture and Memes,t5_o1hg8,1730746333.838529
114,r/Pensacola,46560,Place,t5_2s42v,1730746333.857195
115,r/securityCTF,46554,Programming,t5_2u0v2,1730746333.877238
116,r/elxokas,46541,Gaming,t5_3rwa3m,1730746333.896234
117,r/UnchainedMelancholy,46534,Mature Themes and Adult Content,t5_4prkpu,1730746333.913952
118,r/pigeon,46530,Animals and Pets,t5_2rryn,1730746333.931819
119,r/piratesofthecaribbean,46529,Movies,t5_2tim2,1730746333.950054
120,r/shiey,46521,Podcasts and Streamers,t5_3oqcm,1730746333.967718
121,r/FallGuys,46512,Gaming,t5_12tx1d,1730746333.987651
122,r/Hyperhidrosis,46483,Medical and Mental Health,t5_2rhwk,1730746334.0060549
123,r/SneakyAnimals,46481,Animals and Pets,t5_11320n,1730746334.023936
124,r/Charlottesville,46458,Place,t5_2qhq4,1730746334.041601
125,r/Muslim,46449,Religion and Spirituality,t5_2ri6s,1730746334.059382
126,r/PecsAndPecBouncing,46447,Mature Themes and Adult Content,t5_425ero,1730746334.0776582
127,r/SeattleKraken,46438,Sports,t5_3jzu2,1730746334.097437
128,r/OntarioUniversities,46435,Learning and Education,t5_3etit,1730746334.117204
129,r/ValheimBuilds,46434,Gaming,t5_3y3u35,1730746334.1368
130,r/footballmemes,46431,Internet Culture and Memes,t5_2v6qm,1730746334.156791
131,r/Nujabes,46403,Music,t5_2skx3,1730746334.175533
132,r/aircrashinvestigation,46385,Learning and Education,t5_2zzyw,1730746334.193473
133,r/ActualHippies,46371,Religion and Spirituality,t5_hekgd,1730746334.211006
134,r/pickling,46371,Food and Drink,t5_2u4ek,1730746334.2284548
135,r/girlswithbigmuscles,46370,Sports,t5_3rs7g4,1730746334.2478058
136,r/AppleWatchFitness,46366,Fitness and Nutrition,t5_3a7kc,1730746334.265822
137,r/hoyas,46363,Home and Garden,t5_lltw3,1730746334.284118
138,r/gamedevscreens,46360,Gaming,t5_317gk,1730746334.303057
139,r/MakeupEducation,46356,Beauty and Makeup,t5_37pce,1730746334.322891
140,r/WRC,46355,Sports,t5_2r669,1730746334.34196
141,r/ABA,46349,Science,t5_2s9sl,1730746334.360801
142,r/NewHeights,46347,Sports,t5_7cnrej,1730746334.380296
143,r/Stoic,46346,Ethics and Philosophy,t5_2tvdd,1730746334.399604
144,r/fashionwomens35,46333,Fashion,t5_pcep0,1730746334.4195352
145,r/UCDavis,46332,Learning and Education,t5_2rcax,1730746334.4395
146,r/FeelsLikeTheFirstTime,46325,Internet Culture and Memes,t5_368tm,1730746334.458451
147,r/Nightwing,46319,"Reading, Writing, and Literature",t5_2rmrb,1730746334.5673442
148,r/TranslationStudies,46317,Learning and Education,t5_2uk7r,1730746334.61094
149,r/KazuhaMains,46308,Gaming,t5_3jjtbg,1730746334.708116
150,r/Banksy,46299,Art,t5_2s8s0,1730746334.731391
151,r/ChromaProfiles,46297,Technology,t5_35qhw,1730746334.751334
152,r/writteninblood,46296,History,t5_5fzrvr,1730746334.7711942
153,r/CERN,46294,Science,t5_2r692,1730746334.791578
154,r/fail,46291,Internet Culture and Memes,t5_2qhxj,1730746334.815603
155,r/DanmeiNovels,46283,"Reading, Writing, and Literature",t5_2sbcqs,1730746334.8368042
156,r/Eddsworld,46265,Podcasts and Streamers,t5_2tuhl,1730746334.8643641
157,r/liseliler,46265,Learning and Education,t5_3hx9cx,1730746334.884924
158,r/HeroWarsApp,46263,Gaming,t5_izde7,1730746334.905379
159,r/crocheting,46262,Crafts and DIY,t5_321rq,1730746334.925645
160,r/friendlyjordies,46248,Politics,t5_321dg,1730746334.946791
161,r/CrochetHelp,46242,Crafts and DIY,t5_7eh1y3,1730746334.972886
162,r/cutegirlsfarting,46242,Mature Themes and Adult Content,t5_3cw8x,1730746335.043991
163,r/mad_skills,46235,Internet Culture and Memes,t5_ai2dpa,1730746335.0660381
164,r/NotADragQueen,46220,Gender,t5_801342,1730746335.087727
165,r/DestroyLonely,46213,Music,t5_322y54,1730746335.110689
166,r/onednd,46210,Tabletop Games,t5_6utznd,1730746335.1304388
167,r/Sticks,46209,Hobbies,t5_2t7iv,1730746335.150132
168,r/ADSB,46202,Technology,t5_32uht,1730746335.169918
169,r/MayDayStrike,46194,Activism,t5_5mct13,1730746335.1900659
170,r/GawrGura,46180,Anime,t5_33lnur,1730746335.209145
171,r/CarnivalCruiseFans,46166,Travel,t5_39k94,1730746335.2294679
172,r/ScaramoucheMains,46164,Gaming,t5_3j37wj,1730746335.264993
173,r/QualityAssurance,46159,Careers,t5_2qkg3,1730746335.306891
174,r/Fanatec,46144,Technology,t5_3p7on,1730746335.3561962
175,r/Food_Pantry,46133,Activism,t5_2shg9,1730746335.376023
176,r/eastbay,46105,Place,t5_2s4if,1730746335.397034
177,r/NaoMortoAbraDentro,46101,Internet Culture and Memes,t5_vs3ti,1730746335.416854
178,r/CoronavirusWI,46092,Place,t5_2gw6d3,1730746335.4371688
179,r/FriendsofthePod,46087,Podcasts and Streamers,t5_3joru,1730746335.456994
180,r/CyclingFashion,46085,Sports,t5_3h2oj,1730746335.4769542
181,r/desidiffusion,46084,Technology,t5_7zdsoo,1730746335.495919
182,r/GeometryIsNeat,46083,Art,t5_3nv9f,1730746335.51481
183,r/nononoyesno,46078,Funny/Humor,t5_3cid0,1730746335.536662
184,r/TopChef,46063,Television,t5_2s8jq,1730746335.556422
185,r/uklaw,46040,Law,t5_2qonh,1730746335.576542
186,r/motorsports,46033,Sports,t5_2qjt1,1730746335.597016
187,r/chia,46028,Crypto,t5_2s8lz,1730746335.616599
188,r/BananasForScale,46016,Internet Culture and Memes,t5_2z4pm,1730746335.63584
189,r/brittanydawnsnark,46010,Celebrity,t5_4z5f6i,1730746335.655705
190,r/flytying,46007,Hobbies,t5_2sfbh,1730746335.6768541
191,r/oneshot,46004,Gaming,t5_2yg6l,1730746335.69665
192,r/maui,45992,Place,t5_2rcb6,1730746335.71614
193,r/anime_best_moments,45985,Anime,t5_41t9wk,1730746335.73583
194,r/MelvorIdle,45963,Gaming,t5_24ns61,1730746335.755627
195,r/SebDerm,45959,Medical and Mental Health,t5_31r3z,1730746335.7780962
196,r/MHNowGame,45956,Gaming,t5_88x2gp,1730746335.799326
197,r/TTC,45952,Travel,t5_2sc6k,1730746335.819903
198,r/jaipur,45947,Place,t5_2s6dw,1730746335.843387
199,r/Chinese,45946,"Culture, Race, and Ethnicity",t5_2qilf,1730746335.863874
200,r/AFCSouthMemeWar,45944,Sports,t5_29qzkn,1730746335.884802
201,r/FloridaGators,45939,Sports,t5_2qv2r,1730746335.905133
202,r/FRC,45936,Technology,t5_2rdka,1730746335.9248881
203,r/classifiedsph,45934,Marketplace and Deals,t5_6hpmsd,1730746335.9448352
204,r/TheTempleOfOchako,45931,Anime,t5_hy1uj,1730746335.965225
205,r/OakIsland,45916,Television,t5_2zqxq,1730746335.985249
206,r/Arcade1Up,45914,Gaming,t5_n8n6o,1730746336.006637
207,r/musclecar,45906,Cars and Motor Vehicles,t5_2rntd,1730746336.037179
208,r/edrums,45903,Music,t5_2u12w,1730746336.058764
209,r/funkoswap,45897,Marketplace and Deals,t5_39p9a,1730746336.07923
210,r/babies,45887,Family and Relationships,t5_2rdjz,1730746336.100907
211,r/Bard,45863,Technology,t5_2qsqa,1730746336.1230981
212,r/firebrigade,45861,Anime,t5_3a1u3,1730746336.143533
213,r/Entrepreneurs,45858,"Business, Economics, and Finance",t5_2qxq6,1730746336.16445
214,r/monsterenergy,45854,Food and Drink,t5_2sm5d,1730746336.185159
215,r/MiaPlays,45839,Podcasts and Streamers,t5_2fc4wt,1730746336.205632
216,r/gingercats,45837,Animals and Pets,t5_2v8tm,1730746336.226353
217,r/trumpet,45833,Learning and Education,t5_2qs7x,1730746336.2452428
218,r/HairRemoval,45823,Beauty and Makeup,t5_2wlbz,1730746336.263573
219,r/weidianwarriors,45823,Fashion,t5_6jtqan,1730746336.282022
220,r/What,45822,Internet Culture and Memes,t5_2qo3v,1730746336.3000782
221,r/LordsoftheFallen,45821,Gaming,t5_2xjqz,1730746336.318038
222,r/garfield,45820,"Reading, Writing, and Literature",t5_2t0pp,1730746336.336721
223,r/prochoice,45802,Activism,t5_2rg0n,1730746336.355388
224,r/AnimalsBeingSleepy,45784,Animals and Pets,t5_ezgp7,1730746336.3741922
225,r/eGPU,45782,Technology,t5_2ukno,1730746336.3928099
226,r/turo,45768,"Business, Economics, and Finance",t5_2w26i,1730746336.41117
227,r/gratitude,45760,Ethics and Philosophy,t5_2r74l,1730746336.428981
228,r/AmITheBadApple,45756,Podcasts and Streamers,t5_6ixbfj,1730746336.446605
229,r/hiddencameras,45744,Technology,t5_3kcfd,1730746336.4641201
230,r/Pigifs,45724,Animals and Pets,t5_3ipqs,1730746336.4831328
231,r/WalkableStreets,45723,Travel,t5_3qwxf9,1730746336.500983
232,r/CK2GameOfthrones,45716,Gaming,t5_2vx0p,1730746336.5187001
233,r/fromscratch,45713,Food and Drink,t5_2u446,1730746336.536234
234,r/dairyfree,45704,Fitness and Nutrition,t5_2so4h,1730746336.55317
235,r/lydiavioletofficial,45684,Podcasts and Streamers,t5_803zgg,1730746336.578649
236,r/PokemonMisprints,45681,Hobbies,t5_2ydip9,1730746336.6009011
237,r/LandscapeAstro,45674,Outdoors and Nature,t5_31x8q,1730746336.619901
238,r/MurderBuns,45660,Animals and Pets,t5_2prcfz,1730746336.638418
239,r/schrumpflation,45657,Food and Drink,t5_5oao0m,1730746336.6565278
240,r/ididntknowthatexists,45654,Internet Culture and Memes,t5_8mqdtp,1730746336.6768231
241,r/Shadowverse,45650,Gaming,t5_3c35m,1730746336.696034
242,r/quiteinteresting,45648,Television,t5_2rfzr,1730746336.71441
243,r/ender3v2,45643,Technology,t5_2kaw00,1730746336.733943
244,r/BackgroundArt,45632,Art,t5_2yh4t,1730746336.754008
245,r/crappyanimalcrossing,45626,Gaming,t5_2jslb7,1730746336.7742689
246,r/Vegetarianism,45623,Ethics and Philosophy,t5_2qhzr,1730746336.7951841
247,r/footballtactics,45616,Sports,t5_2st3z,1730746336.816819
248,r/pasadena,45568,Place,t5_2qzl8,1730746336.8371809
249,r/Syracuse,45546,Place,t5_2qn4e,1730746336.857352
