,subreddit,subscribers,topic,subreddit_id,scraped_utc
0,r/SovietComBloc,601,"This subreddit has been created in order to pool multiple Soviet- and ComBloc-related posts involving firearms, gear, militaria, etc.",t5_314zg,1730752656.56398
1,r/StLouisHiking,601,A place to post pictures and info about hiking trails in the St. Louis area.,t5_34fll,1730752656.5861819
2,r/TalesOfXadia,601,Tabletop Games,t5_3wlrs1,1730752656.6051672
3,r/Technics,601,"The home for news, photos, questions and everything else related to our favourite brand",t5_5k7chb,1730752656.62423
4,r/Tutorpreneurs,601,"This sub is for reddit users who own a tutoring business, are interested in starting a tutoring business, or are otherwise trying to break into the tutoring space. This is a place for discussion, troubleshooting, and general support.",t5_mkbew,1730752656.643946
5,r/twokindsofpeople,601,"If you ever see a post that contains the words ""There are two kinds of people in this world"" or something similar, post it here! It is simple as that!",t5_2w0yg,1730752656.673171
6,r/UKBM_,601,Music,t5_5od7vt,1730752656.6927779
7,r/Upholdincwillrobyou,601,Crypto,t5_4de5fv,1730752656.7121081
8,r/visalist,601,Travel,t5_7sokmr,1730752656.731444
9,r/wheelstreetbets,601,"Business, Economics, and Finance",t5_2nay6b,1730752656.750454
10,r/xixatuga,601,Comunidade de celebridades tugas lindas 🇵🇹,t5_c0dw3e,1730752656.832953
11,r/zufalci,601,venované odborníkom na dopisovanie so svojimi vysnívanými budúcimi bývalými,t5_29bej8,1730752656.854987
12,r/3ddesign,600,Share your 3d designs. Any program is acceptable.,t5_2wbep,1730752656.883232
13,r/AkdongMusician,600,Welcome to AkdongMusician,t5_3192m,1730752656.9018612
14,r/AlliewesenbergTrippy,600,"A Sub reddit dedicated to the strong, beautiful, sexy woman of the CTFxC",t5_oqe0g,1730752656.920888
15,r/AngledAroAce,600,Sexual Orientation,t5_3q09dp,1730752656.939929
16,r/baseballsuperstars,600,Gaming,t5_30i8s,1730752656.958719
17,r/Bioprinting,600,"Welcome to r/bioprinting by Josh Universe, a community by The International Biohacking Community dedicated to advancing the revolutionary field of bioprinting through scientific innovation and practical application. Topics include: tissue engineering, organ fabrication, regenerative medicine, breakthroughs in 3D bioprinting technologies, organ fabrication, regenerative medicine, and more. Join r/bioprinting to stay informed, contribute, and help shape advances in bioprinting.",t5_2zedx,1730752656.977466
18,r/brightburn,600,Movies,t5_zz2qu,1730752656.9965382
19,r/BronxNYC,600,A place to discuss the only NYC borough connected to the Mainland US... The Bronx!,t5_7nc0hr,1730752657.01565
20,r/carto,600,Unlock the power of spatial analysis with the world's leading #LocationIntelligence platform. Steering #GIS towards Spatial #DataScience.,t5_32tyj,1730752657.035115
21,r/CombatControlTeam,600,"Combat Control Team, CCT, AFSOC, USAF - pictures & etc. All photos were found on the internet and are therefor considered public domain.",t5_39p22,1730752657.054574
22,r/combatOfAllKinds,600,"Everything warfare related, from ancient combat, martial arts, to modern technology and methods. Tactics, logistics, communications, organization, conventional, unconventional, insurgent, guerrilla warfare, close quarters combat, martial arts also, including: muay thai, brazilian jiu jistu bjj, kali, escrima, arnis, wing chun, jeet kune do jkd, judo, karate, wing chun, kung fu, tae kwon do tkd, aikido, HEMA, WMA, savate, silat, capoeira, systema, sambo, catch wrestling, greco roman, kendo, etc.",t5_x7ew5,1730752657.073782
23,r/creativetech,600,"This is a place to share advancements in technology used for artistic purposes, or to share interesting work in that sort of field. It's hard to quantify, but things involving openFrameworks, TouchDesigner, Unity, Processing, Max/MSP, VR, AR, projection, mobile, etc etc etc.",t5_2u7tx,1730752657.093706
24,r/DIYcandlemaking,600,"This subreddit is dedicated to candles makers of all types. This is the place to ask for help, ask for advice, ask for opinions, share your work and appreciate others work. Please add to the discussion, we are all here out of love of everything candle related.",t5_3mobt,1730752657.1133819
25,r/eastie,600,"A subreddit for residents, workers, visitors of the Eastie neighborhood in Boston, Massachusetts. Moderator(s) wanted - DM.",t5_33jai,1730752657.133587
26,r/Forbidden_City,600,"Welcome to Forbidden_City! Dive into the depths beneath city streets, uncover hidden treasures in forgotten corners, and delve into the rich history of abandoned places. Join us as we explore the unseen.",t5_544vp8,1730752657.154283
27,r/GatlinburgTN,600,Travel,t5_2urfz,1730752657.174071
28,r/gracieparker,600,Welcome to gracieparker,t5_aol9dc,1730752657.1937
29,r/GuildWars2Community,600,"A subreddit dedicated to the community of Guild Wars 2 and Guild Wars. You're welcome post your accomplishments, pictures, stories, artwork, or community involvement. **I.E.** ITs ok to self promote any twitch/podcast/ etc that you do with Guild Wars 2 Community.",t5_3bcvp,1730752657.213176
30,r/hella,600,Welcome to hella,t5_2vrjp,1730752657.233542
31,r/humanure,600,"Composting human waste safely to create a valuable, rich soil amendment and provide a cost effective alternative to septic or sewer. For an in depth dive on the subject, please read The Humanure Handbook by Joseph Jenkins (available for free online [here](http://humanurehandbook.com/contents.html) or as a [PDF](https://citeseerx.ist.psu.edu/viewdoc/download?doi=10.1.1.693.7274&rep=rep1&type=pdf))",t5_2vjkm,1730752657.253425
32,r/ImaginaryStarWars,600,A place to show Star Wars art!,t5_2gu0qo,1730752657.27289
33,r/ImperiumMaledictum,600,Gaming,t5_80qodr,1730752657.2927911
34,r/Indian_Cele,600,Celebrity,t5_bky9el,1730752657.312554
35,r/jessica_barden,600,Jessica Barden,t5_7id2tb,1730752657.332907
36,r/johirek,600,"Szia, ez itt a r/johirek! Ahogy a sub neve is sugallja, ide olyan híreket gyűjtünk, amik a kollektív tudatban elraktározódva nem okoznak traumákat. Lehet a beküldött téma lokális, országszintű vagy globális tartalom is, a lényeg, hogy szolgáljon pozitív hangulattal.",t5_5h27m8,1730752657.3524292
37,r/KeirameVT,600,Internet Culture and Memes,t5_b674j3,1730752657.372173
38,r/KenganMemes,600,"Welcome to Kengan Memes! A subreddit where you get to post some funny Kengan Memes! Don’t worry, even some low quality ones are welcomed.",t5_29urwc,1730752657.391284
39,r/malaysia_zh,600,"这是属于世界各地马来西亚人的华文论坛！ 大家可以聚集在这里用中文来交流。任何关于马来西亚的热点新闻，所见趣闻，社会时事，人文活动，经济理财，居家生活，旅游美食经典分享，心情故事和兴趣爱好等，都可以自由地讨论。 This is a Reddit sub for Malaysia Chinese Community. Welcome all Malaysians from all ethnics, local or abroad who know and interested in Mandarin to join this family We are all Malaysian.",t5_6incvo,1730752657.410676
40,r/MapleRoyals,600,Gaming,t5_329ur,1730752657.430312
41,r/Meowscarada,600,"Subreddit for the Pokemon Meowscarada. Rules: Just be nice lol, AI Art is welcome.",t5_7cgqar,1730752657.44996
42,r/minutemen76,600,Protecting the people at a minute's notice! A subreddit dedicated to the Minutemen Faction,t5_kbc7d,1730752657.469177
43,r/MonedaMND,600,Introducing Moneda: An ICO Seeking To Improve Investing in Cryptocurrency! What's Moneda All About? - Investing in many cryptocurrency assets in one application! - Secure holding of your MND/ETH! - Investment advice from real data! - Social ecosystem for investors to share portfolios! - Easy access to your investments with a Moneda Debit Card! - Much more!,t5_hjiod,1730752657.488492
44,r/MonsterHighG3,600,"Place for g3 enjoyers, and all content for Monster High generation 3",t5_7an5p8,1730752657.5073102
45,r/moonguard,600,WoW's Most Lively RP Server,t5_2u5zt,1730752657.526367
46,r/nanaforaminute,600,"A subreddit for people looking for an E-Nana. Post here, and another kind redditor will send you encouraging messages whenever you would like them. E-Nana’s can also post to find people to send love to",t5_40po45,1730752657.545161
47,r/NarutoBorutoVsBattles,600,Anime,t5_4mn0qr,1730752657.5639129
48,r/Oomph,600,Subreddit dedicated to the band OOMPH!,t5_2xvxw,1730752657.582752
49,r/OralHistory,600,"This is a history sub, only submissions about spoken or interviewed history are accepted. Oral history is the recording, collating and study of first person accounts of past events and lifestyles, and the collection of accounts of recent events in order to preserve an historical record.",t5_2qxut,1730752657.6023428
50,r/policewriting,600,For any writers to come and ask LE questions for their novels.,t5_7phofi,1730752657.621491
51,r/PoliticalSatire,600,Politics,t5_2sd13,1730752657.640672
52,r/radioheadtalk,600,Welcome to radioheadtalk,t5_2thgx,1730752657.6596138
53,r/Skeb,600,Art,t5_3qj0ih,1730752657.678656
54,r/SoCalBaddies,600,Post your girls from the LA/IE/Valley/etc. areas. NO SELF-PROMO,t5_b93hdg,1730752657.6976142
55,r/StocksDD,600,"Like r/PennystocksDD, except any company over $5.",t5_2h223h,1730752657.716531
56,r/StrangelySpecific,600,"Well, that's strangely specific.",t5_23myid,1730752657.735462
57,r/StrapOnPhenomenon,600,"This is a subreddit dedicated to the curious phenomenon where, when an object is connected to the skin for a long time, it will be enveloped by this skin and become a fully functioning organ. This subreddit is a very bad inside joke.",t5_2471b4,1730752657.754865
58,r/TheBackStates,600,Internet Culture and Memes,t5_2u2k98,1730752657.773893
59,r/TheChicks,600,Music,t5_2sp8oa,1730752657.792763
60,r/TheCliqueSeries,600,"Reading, Writing, and Literature",t5_4e6nvk,1730752657.811481
61,r/TheLegendOfGenji,600,"Reading, Writing, and Literature",t5_30kg7q,1730752657.8304472
62,r/Tronxy3DPrinters,600,"A Reddit for Tronxy 3D Printer users, everyone with other printers is welcome to though. The goal of this subreddit is to create a very sleek and structured support and development platform.",t5_3nzrl,1730752657.850645
63,r/ucrhousing,600,Learning and Education,t5_amlvjd,1730752657.8706481
64,r/UWWhitewater,600,Welcome to UWWhitewater,t5_2sqfo,1730752657.8901298
65,r/aceless,599,Sports,t5_5suwda,1730752657.90943
66,r/ArcadeCraniacs,599,Funny/Humor,t5_4brdp4,1730752657.9284182
67,r/ARGuns,599,Mature Themes and Adult Content,t5_30uvb,1730752657.9476638
68,r/BarbaraDunkelman2,599,"For pictures, video, and discussion of the wonderful Barbara Dunkelman",t5_7pohz3,1730752657.9670222
69,r/bestdamnedc,599,The best everyday carry community on the internet,t5_32anaz,1730752657.986114
70,r/black_toenails,599,Are you in love with black toe nails? This community is just for you🖤 here we can adore all pretty feet with the most beautiful nails color- BLACK🫶🏽 Feel free to share with us YOUR original pics and videos of feet🙌🏽,t5_9bq25l,1730752658.0047638
71,r/BretHart,599,Sports,t5_3pvkb,1730752658.023703
72,r/cattlesnakes,599,A community for cats who rattle their tails,t5_bmqo24,1730752658.042799
73,r/ChiefsOfStaff,599,Careers,t5_5vplt3,1730752658.0615911
74,r/ChromieCraft,599,Welcome to ChromieCraft: the open-source server! Powered by AzerothCore and based on Wrath of the Lich King. You can read more about the project here - https://www.chromiecraft.com/about/,t5_3piz9x,1730752658.080579
75,r/comedysuperheaven,599,let me get uhhhhhhh,t5_mk38l,1730752658.0994189
76,r/CommentAwards,599,"The most random, the cleverest, and the most humorous comments found on Reddit.",t5_2z279,1730752658.118413
77,r/CouponingDE,599,"Dieses Sub dient dem Austausch von Coupons, Rabatten und jeder Möglichkeit Geld zu sparen.",t5_91f2yj,1730752658.137874
78,r/CUTLERS_DEN,599,Cutler X and his super hot All-Male Vids for guys who like that kind of thing... Which you probably do. You know with big Ds and butt stuff.,t5_6dpxum,1730752658.1570728
79,r/DIDpartners,599,"Community for those who are in relationships, or even friends with those who have DID and want to learn more about the disorder and how it works.",t5_2ghuvu,1730752658.176202
80,r/dirigera,599,Technology,t5_71gybr,1730752658.195389
81,r/Drumsheds,599,Music,t5_9k8ujj,1730752658.214907
82,r/elementaryschoolers,599,A place to talk about raising kids in elementary school (roughly 5-11),t5_364dgb,1730752658.234178
83,r/exlibertarian,599,"This is a subreddit designed specifically for former libertarians to share their stories of why they de-converted, or people who just enjoy debunking the aspects of libertarianism (i.e. the Austrian School of Economics, the non-aggression principle, Ron Paul's politics, to name a few).",t5_2udlz,1730752658.253417
84,r/FeralHogs,599,Feral hogs,t5_22mjri,1730752658.272615
85,r/foundonrightmove,599,Internet Culture and Memes,t5_5q8j9r,1730752658.292043
86,r/HannahCainHot,599,Celebrity,t5_9ca2ra,1730752658.310997
87,r/HentaiLewdHub,599,The images of lewd hentai from all over the world. Welcome to Hentai Lewd Hub,t5_73nf6e,1730752658.331841
88,r/HoloskyPodcast,599,Podcasts and Streamers,t5_2yu3mu,1730752658.3512168
89,r/jeffersoncitymo,599,The Reddit home for residents and visitors of Missouri's capital city.,t5_2wxpl,1730752658.3709161
90,r/jelqy,599,"respectable, radical, revolutionary home of the boykisser fanfics and gay porn",t5_8pq6mo,1730752658.3900108
91,r/KateGrigorieva,599,Russian model and newest Victoria's Secret Angel,t5_381q0,1730752658.409525
92,r/KDCGameGrumps,599,Kirby's Dream Course with levels made by fan-community of Game Grumps. Subreddit for making it happen.,t5_37bgp,1730752658.428879
93,r/KelleMortensen,599,Celebrity,t5_7rc6gq,1730752658.447826
94,r/LitRPGandTheLand,599,This is a group for readers of The Land :) And LITrpg,t5_y0m5c,1730752658.467123
95,r/LocoRoco,599,Gaming,t5_34im8,1730752658.486513
96,r/MagesOfTheWheel,599,"Reading, Writing, and Literature",t5_atk5mb,1730752658.505323
97,r/Mario_Kart_8,599,Discuss Mario Kart 8 as you wish. /r/MarioKartTV for Mario Kart highlights,t5_31zvj,1730752658.524323
98,r/MedicalOncology,599,Medical and Mental Health,t5_7e9fyv,1730752658.543322
99,r/melinamsxouoffc,599,Welcome to melinamsxouoffc,t5_bud5cr,1730752658.56284
100,r/mtgpulls,599,Tabletop Games,t5_6t4mlh,1730752658.5815349
101,r/mycrimelibrary,599,Law,t5_5b90q0,1730752658.6010072
102,r/myth2,599,"Community dedicated to the entire Myth franchise. A wonderful game made by Bungie 'back in the day'. Come chat, reminisce, find people to play with!",t5_2tnqk,1730752658.620306
103,r/NickBits,599,Television,t5_3npi0,1730752658.639626
104,r/NotTransgender,599,Activism,t5_8b4r4o,1730752658.6586041
105,r/OfficialHUTrep,599,HUT Reputation Profile Database,t5_w6d7w,1730752658.677917
106,r/PejaAnne,599,Podcasts and Streamers,t5_8q14li,1730752658.697026
107,r/Pescari,599,Outdoors and Nature,t5_273jbd,1730752658.715872
108,r/PlutoAnime,599,"Original ""PLUTO"" story based on the series ""Astro Boy"" by Naoki Urasawa & Osamu Tezuka. Premiers on Netflix Worldwide in 2023, directed by M2 studio.",t5_4zgohm,1730752658.735242
109,r/Pukkelpop,599,Music,t5_2umms,1730752658.754333
110,r/rockytop,599,Welcome to rockytop,t5_2s4pa,1730752658.773876
111,r/sailingdoodles,599,Podcasts and Streamers,t5_77itsk,1730752658.793254
112,r/SAOARisingSteel,599,Gaming,t5_26v4lr,1730752658.814116
113,r/scrumptiousmemes,599,For memes that are just too damn tasty for the other subs.,t5_13juqj,1730752658.833517
114,r/shoedetails,599,Details you find in shoes and other tidbits,t5_2auyc8,1730752658.852321
115,r/spacetimecoffeetable,599,"This is a subreddit I created for anyone interested in my ""spacetime"" coffee table concept. I am thrilled to see there are many people interested in collaborating on this project.",t5_35frs,1730752658.8708951
116,r/SpecialistsOnline,599,"A branch of r/WorkOnline with an incline to more seasoned (or at least started) freelancers or contractors. If you haven't started working online yet it might be better to seek advice in r/WorkOnline first. This is a place to discuss topics like: increasing income working online, experience working on known platforms, advice that can help others to escape difficult situations and help each other save valuable time, a place to ask for techniques working with clients. https://foodinscope.com/",t5_3whyfh,1730752658.88975
117,r/StartPrograming,599,"Come to learn programing from online and offline sources. In here resources that is explained is important, if its by step by step or simply by doing examples.",t5_2w731,1730752658.9086561
118,r/TalesFromTheSalon,599,"Being a stylist is tough, but some guests are just a little more challenging",t5_vdiml,1730752658.927438
119,r/TeachEnglishOnline,599,A community to share information on all things teaching english online,t5_10nl54,1730752658.946435
120,r/TheImperfects,599,Television,t5_49fdve,1730752658.965363
121,r/Thumper_Game,599,Gaming,t5_3gzqd,1730752658.984234
122,r/UnexpectedCatSneezes,599,"Unexpected sneezes from cats. But -- is it truly a sneeze, a yawn, or are they at a metal concert? OR!!! What if they're planning world domination?",t5_3oqsi,1730752659.003125
123,r/visionsofchaos,599,Art,t5_55bfw6,1730752659.0218508
124,r/WeCrashed,599,Podcasts and Streamers,t5_2eb1cb,1730752659.040647
125,r/yokocosplay,599,"In this sub you can post Yoko Littner cosplays, questions about Yoko cosplays and anything related to it. You can post nudity except vaginas/penis and actual sex (breasts and nipples are ok if they are NSFW marked). Also check the main Yoko Littner sub reddit and discord server.",t5_2y6wv,1730752659.059479
126,r/1sland,598,The official reddit for 1sland game. Available Now for iOS. www.1slandgame.com,t5_2e6qkp,1730752659.079288
127,r/511tactical,598,A place to share and discuss our favorite gear from 5.11 tactical. And how we use it from career to hobby. Fire/EMS Law Enforcement Military,t5_2b2fse,1730752659.098644
128,r/600YearsAgo,598,Welcome to 600YearsAgo,t5_34lcr,1730752659.11792
129,r/alphatpp,598,twitch plays pokemon live on twitch.tv/alpharadtv (december 2022),t5_66qxki,1730752659.137293
130,r/Anna_Fedorenko,598,Instagram: @anna_fedorenko____ Feel free to upload videos/pictures that need to be about Anna Fedorenko,t5_6dbiee,1730752659.1566231
131,r/archmemes,598,Technology,t5_qt0jf,1730752659.17596
132,r/AskFOSS,598,Technology,t5_5yzyc6,1730752659.195025
133,r/asstittscurves,598,Welcome to asstittscurves,t5_a51i5s,1730752659.214315
134,r/Beermkr,598,Food and Drink,t5_30z4fz,1730752659.233752
135,r/berlin_freelancers,598,"A place for Berliner's freelancers and self-employed to share their stories, help each other and collaborate!",t5_2evuvd,1730752659.252598
136,r/bgradelovers,598,"Subreddit to post B grade movie scenes. Join to watch men fondle, squeeze, lick, kiss and suck fat mallu tits😍. Boob lover's paradise 💋 Anyone can post here. 😍💋💦",t5_6vps5o,1730752659.271998
137,r/BLIAQ,598,"Business, Economics, and Finance",t5_3y1xvd,1730752659.2926002
138,r/bolognafc,598,Sports,t5_3a6gf,1730752659.311645
139,r/Boredinchicago,598,Join the Bored in Chicago community. Post about cool things to do in Chicago! Find likeminded people! Have fun!,t5_22hv3t,1730752659.330816
140,r/chcheats,598,"A place to show off and discuss your favorite places to eat and drink in Ōtautahi /Christchurch! Anything related to restaurants, takeaways, fine dining etc within Ōtautahi /Christchurch is welcome.",t5_93u06l,1730752659.350189
141,r/Chil_In,598,Funny/Humor,t5_5yy5rh,1730752659.369746
142,r/CockapooToken,598,Crypto,t5_4iqsi1,1730752659.389174
143,r/couchgaming,598,"Herein we discus the subject of gaming from one's couch, easy chair, or whatever other comfortable sitting device we so desire, whilst playing PC games displayed on a large television or projector some distance away.",t5_2yt6u,1730752659.408514
144,r/CTESPN,598,Sports,t5_antc6w,1730752659.4277189
145,r/dbotcorexy,598,"D-Bot Core-XY 3D Printer, info, questions, pictures, etc.",t5_3fpv6,1730752659.4469461
146,r/DCcinematic,598,Movies,t5_3gy6x,1730752659.4662452
147,r/denimminiskirts,598,A place where you can post girls wearing denim miniskirts. Simple as that.,t5_6v99lw,1730752659.485246
148,r/DisneyDilemma,598,Funny/Humor,t5_2yyx6g,1730752659.5039911
149,r/DissociativeMusic,598,"r/DissociativeMusic is a place to share, discuss and discover music pertaining to dissociation/dissociatives. Share any and all music, we are not genre specific.",t5_2v30m,1730752659.522773
150,r/Egypt_Memes,598,ميمز عادية ميمز مسلسلات و افلام و انمي ميمز ديرتي ميمز Games اي ميم بس تكون مصري,t5_4yrohy,1730752659.541638
151,r/epicmafia,598,Gaming,t5_2sh6b,1730752659.560529
152,r/freifunk,598,freifunk,t5_2ybua,1730752659.5790799
153,r/FrugalMaleUnderwear,598,"Subreddit for deals for male underwear for all styles, brands, etc",t5_3dbwi,1730752659.597722
154,r/Gorgeous,598,"Welcome to r/Gorgeous! 🌟 This is your destination for the beauty, elegance, and charm of pretty, beautiful, and gorgeous girls—all in a safe-for-work (SFW) environment. Share photos, engage in discussions, and appreciate the grace and allure that these stunning individuals bring to the world. Join our community to enjoy and contribute respectful content that highlights true beauty—inside and out. Remember to keep interactions positive, kind, and within our rules.",t5_2qtkp,1730752659.616708
155,r/GreyHouseBway,598,Welcome to GreyHouseBway,t5_8de2ew,1730752659.63589
156,r/HIMRFAM,598,Podcasts and Streamers,t5_5hi3r6,1730752659.6551738
157,r/horriblefaketexts,598,Welcome to horriblefaketexts,t5_2wv07,1730752659.674268
158,r/HuntingSimulator2,598,Gaming,t5_2ks8jc,1730752659.693402
159,r/IdahoParanormal,598,"A community dedicated to the local legends, monsters, dark history and hauntings of the Gem State. If you'd tell it around a campfire, it belongs here.",t5_7pnpks,1730752659.712841
160,r/ImperfectFit,598,This is everything that /r/PerfectFit is not. All imperfection is welcome here.,t5_2zi3s,1730752659.732277
161,r/IntelliaTherapeutics,598,Unofficial - Intellia Therapeutics Stock Message Board on Reddit. CRISPR technology and stock prices discussion.,t5_26eil5,1730752659.751442
162,r/Irifiyen,598,"Culture, Race, and Ethnicity",t5_49kmyu,1730752659.7719412
163,r/Ironheads,598,Cars and Motor Vehicles,t5_3mhm30,1730752659.79133
164,r/jenreedsnark,598,Welcome to jenreedsnark,t5_8mpjf6,1730752659.8108768
165,r/lazadareviews,598,"A place where you can share your funny lazada reviews, Basically r/amazonreviews. We are NOT affiliated with Lazada, and issues regarding the app or site kindly refer to them directly and resolve them there not here.",t5_yt6zg,1730752659.829996
166,r/Lippies,598,When cats can't help but show their sweet little lips.,t5_26h5l1,1730752659.849073
167,r/Louisianajobs,598,A place to post jobs and job requests,t5_2t9z6,1730752659.868036
168,r/mariowonder,598,Gaming,t5_8nra4h,1730752659.887243
169,r/mlep,598,"Subreddit for cats mlepping. Any mlep is allowed, however strictly no bleps. Mlems too, I guess...",t5_3f4bn,1730752659.9065201
170,r/MONOLISK,598,Gaming,t5_138z06,1730752659.925688
171,r/MounjaroSupportUK,598,Medical and Mental Health,t5_bsil5q,1730752659.944435
172,r/okbuddysprig,598,Internet Culture and Memes,t5_382khi,1730752659.963091
173,r/pem,598,Caring for the little ones,t5_2ujama,1730752659.981931
174,r/PlayGauntlet,598,Gaming,t5_321yv,1730752660.000816
175,r/practicingInfinity,598,Religion and Spirituality,t5_7dd97z,1730752660.019682
176,r/Radyhozumpa,598,"Než něco přidáte, rozmyslete si, jestli to ostatní bude zajímat ( Nechceme tu vaše selfies, ani fotky vašich pejsků, to si dejte k vám na zeď) Všechen obsah co se zde vkládá by měl souviset s komunitou MTEAM. Neptejte se na zbytečné dotazy ve stylu "" Kdy bude další video "" Chovejte se slušně k ostatním, memes jsou memes, ale musí mít nějakou hranici. Pokud chcete pomáhat se zlepšením komunity, nahlašujte příspěvky co porušují pravidla <3 Pravidla se budou průběžně měnit, za porušení je ban.",t5_23ycm7,1730752660.0386539
177,r/SalisburyNC,598,"A reddit for people to post announcements, news, events, pictures or anything from Salisbury NC.",t5_31iuo,1730752660.0579991
178,r/scenequeenrocks,598,Music,t5_7foi77,1730752660.07747
179,r/SmiteOceanic,598,Smite subreddit dedicated to the region of Oceania.,t5_3451h,1730752660.0966809
180,r/SquirtGame,598,For fans of Squirt Game,t5_596zpc,1730752660.1158242
181,r/symfonisk,598,Technology,t5_22l8hn,1730752660.135339
182,r/TencentStock,598,"Business, Economics, and Finance",t5_4fujts,1730752660.154664
183,r/TheArmed,598,Music,t5_5525s0,1730752660.173905
184,r/TheBeautyMalu,598,Celebrity,t5_cdy30y,1730752660.193109
185,r/TheWildsTVshow,598,Television,t5_3jqrs8,1730752660.2125828
186,r/tooyoungtobethissick,598,Medical and Mental Health,t5_btk1y7,1730752660.232405
187,r/Treeography,598,Welcome to Treeography,t5_2trk5,1730752660.253212
188,r/TrueValueInvesting,598,A subreddit devoted to stock analysis following Graham's and Buffet's methodology of value-investing.,t5_2vokb,1730752660.2722208
189,r/UWPHook,598,Technology,t5_3gdmt,1730752660.291234
190,r/WindsorCO,598,A place for all things Windsor Colorado,t5_n2opm,1730752660.310504
191,r/wyzant,598,"A community intended to host discussion about the popular tutoring connection site, wyzant.",t5_3960s,1730752660.329341
192,r/ZZZ_Romance,598,Gaming,t5_caz6sa,1730752660.3482702
193,r/AdoptedDogsAreBest,597,Great pictures of happy dogs and proud owners. Let us show the world how happy you are with your dog.,t5_ok3p2,1730752660.367552
194,r/AfricasSocialists,597,Politics,t5_6cpxhj,1730752660.386805
195,r/AmongUsCringe,597,Gaming,t5_35bvyo,1730752660.405926
196,r/arandanauts,597,A place for Arandanauts to be Arandanauty.,t5_2w7sw,1730752660.425364
197,r/ashoethatfits,597,Shoes! How to get the right size! Fit help and tips.,t5_2wve2,1730752660.444722
198,r/beatmeatoit,597,Mature Themes and Adult Content,t5_2awqld,1730752660.464214
199,r/BeerGlass,597,Sometimes bought and sometimes found.,t5_ic8ad,1730752660.483299
200,r/BlackMothSuperRainbow,597,Fan page for the electronic/psychedelic pop band Black Moth Super Rainbow,t5_2tpg5,1730752660.502638
201,r/BRPHF,597,Crypto,t5_42i8l7,1730752660.5216699
202,r/Btooom,597,Anime,t5_2va1x,1730752660.540722
203,r/CambridgeAudio,597,Technology,t5_4b49mq,1730752660.5596669
204,r/Camp_Jupiter,597,Experience the life of the demigod from the Roman side. Become a member of Camp Jupiter.,t5_27kqse,1730752660.578561
205,r/carsounds,597,"This subreddit is dedicated to the sounds of all cars, including but not limited to; exotics, muscle cars, imports and race cars.",t5_2x1gj,1730752660.597674
206,r/caseofthegoldenidol,597,Gaming,t5_7dh7ku,1730752660.6168268
207,r/Caturday,597,Animals and Pets,t5_2r6ri,1730752660.6363451
208,r/ChainsFR,597,Podcasts and Streamers,t5_6yuu68,1730752660.6558049
209,r/ChevyTrailBlazer,597,Cars and Motor Vehicles,t5_563wyp,1730752660.675191
210,r/ClassicFootballShirts,597,Sports,t5_28z9ru,1730752660.694644
211,r/CyberArmyOfUkraine,597,"Russia invaded Ukraine, commiting numerous war crimes. You can fight for Ukraine's freedom in your underwear, join us today! ""We are creating an IT army. We need digital talents. All operational tasks will be given here: https://t.me/itarmyofurraine. There will be tasks for everyone. We continue to fight on the cyber front. The first task is on the channel for cyber specialists"" -Mykhailo Fedorov",t5_5y1pyt,1730752660.7142541
212,r/cyberpunkcombatzone,597,Tabletop Games,t5_92c9wa,1730752660.734283
213,r/DannyLarson,597,Grace you are a fucking bitch,t5_ai1378,1730752660.7533052
214,r/DatGebeurde,597,"Op deze plaats staan Nederlandstalige verhalen die letterlijk echt gebeurd zijn. Lijkt misschien een beetje op /r/thathappened, alleen is het hier Nederlands. Woehoe!",t5_3el94,1730752660.77222
215,r/DeepHouseDaily,597,"Deep house 🎵, tropical house 🌴 ,or electric house music 🎶, share your favorite house music here. Come visit our sister community, r/HedKandi",t5_344v3,1730752660.790942
216,r/DemonsBeingBros,597,"For when the damned are just being real homies Obviously no real demons, (unless you can find one) screenshots of comics or social media that interprets demons as good (more in rules)",t5_2zhxn3,1730752660.809812
217,r/DeusFrangoehAssado,597,Funny/Humor,t5_4a0rgp,1730752660.8285692
218,r/dictiounarie,597,Made for those new words that Redditors create by accident.,t5_3b3cv,1730752660.84751
219,r/Durian,597,Durian is fantastic. Durian is pungent. Durian is reviled. Durian is loved. Talk about all the species of durian here.,t5_2te7g,1730752660.866721
220,r/Evadesio,597,Save friends. Evade enemies. Journey Together.,t5_3ihkf,1730752660.8857212
221,r/Ezralurkingaround,597,Welcome to Ezralurkingaround,t5_9gwxkr,1730752660.9047449
222,r/FanficRecOrRequest,597,"Reading, Writing, and Literature",t5_3esezd,1730752660.923746
223,r/Fertilizers,597,The Fertilizers Reddit,t5_3ngiw,1730752660.943189
224,r/fineboi,597,Animals and Pets,t5_2hmd4e,1730752660.9621289
225,r/HeavensLostProperty,597,"For the active subreddit to the series ""Heaven's Lost Property"" please visit /r/SoraNoOtoshimono",t5_30pkr,1730752660.9812748
226,r/Hekate,597,"A community for the discussion of topics related to the goddess Hekate within the contexts of Witchcraft, Magick, and Devotion. This is an Occult subreddit. NO SPAM OR ADVERTISEMENTS FOR PERSONAL SERVICES.",t5_3l4ld,1730752661.0005078
227,r/HelloGold,597,"HelloGold is a start-up that creates simple and accessible Gold products for everyone. Founded in 2015 with HQ in KL, Malaysia, HelloGold built the world’s first Shariah compliant gold digital application that changes the way people buy and sell gold.",t5_3jawe,1730752661.0196962
228,r/heroism_game,597,Gaming,t5_147gpm,1730752661.038746
229,r/JocelynHudon,597,The Canadian born Jocelyn Hudon is an American Researcher. Hudon is globally known and recognizes for her acting role in the film The Strain and Becka Jolie on 21 Thunder. She was in this film's fourth season taking up the role of a character: Abby. Hudon has also been seen in other several movies.,t5_2ch2s4,1730752661.058034
230,r/Layasss,597,Welcome to Layasss,t5_951o57,1730752661.077049
231,r/LeeChaeyeon,597,For our main dancer Lee Chaeyeon,t5_2g6zzs,1730752661.0959811
232,r/mckenna_grace_GW,597,18+ discussion on McKenna Grace,t5_bbkbfp,1730752661.115044
233,r/modandroidapps,597,"***Modded android apk*** Modding meaning apps or games that have modded coins/gems or add free content. APK means (Android Application Package) similar to executable file .exe in the windows operating system the extension of apk file is "".apk"".The apk file can be installed in the google's android operating system.",t5_3d2j5,1730752661.134381
234,r/Music_Podcasts,597,"Podcasts relating to musicians, bands, records, instruments, or the music industry in general.",t5_3g3uk,1730752661.153253
235,r/oaklandgardener,597,This is a space for posting pictures of your garden or a garden you have seen in Oakland and Alameda county. Ask questions about native plants to the East Bay.,t5_bt17lu,1730752661.172342
236,r/Ordah,597,"A Sub-reddit for parliamentary discussion and a whole lot of 'ORDAH', 'Mister Speaker...', and 'My Honourable Friend...', as well as parliamentary motions.",t5_z2vbk,1730752661.191869
237,r/PokeLogic,597,"A place to post anything related to the logic of the Pokémon games, anime, or manga!",t5_2v6li,1730752661.212702
238,r/ProfitFirst,597,"Business, Economics, and Finance",t5_4qs8ei,1730752661.231704
239,r/RatQueens,597,This subreddit is for fan discussion of Image Comics' Rat Queens.,t5_2ywr2,1730752661.250968
240,r/RightTitleWrongImage,597,For posts where the poster puts a title that's relevant to the subreddit but puts a wrong image (possibly because they chose the wrong one by mistake),t5_13k6wa,1730752661.270071
241,r/roastingcharlie,597,"A place to go to roast Moist Cr1tikal, penguinz0 or Charlie",t5_2979cw,1730752661.289139
242,r/rubiaodiosaa1,597,Welcome to rubiaodiosaa1,t5_6nd5p9,1730752661.30844
243,r/Sacramentodrivers,597,the place to show the driving skills of those traveling in the Sacramento region,t5_52bdo3,1730752661.327657
244,r/SalC1,597,Podcasts and Streamers,t5_2cwz3j,1730752661.3467252
245,r/SciFiLitRPG,597,"Welcome to r/SciFiLitRPG, a place to celebrate Science Fiction GameLit / LitRPGs and the readers who love them.",t5_902v1k,1730752661.366014
246,r/SkyDieRay,597,Tabletop Games,t5_2ihx1z,1730752661.385694
247,r/snowmaking,597,"Post anything about snow guns, snowmaking, or really anything to do with snow!",t5_2yd9g,1730752661.40519
248,r/soccerwomenliftshirts,597,Sports,t5_bqfay0,1730752661.424426
249,r/Speculating,597,Under construction 8/13/2016,t5_2t018,1730752661.443198
