,subreddit,subscribers,topic,subreddit_id,scraped_utc
0,r/femaletravels,45537,Travel,t5_52jkt4,1730746350.656319
1,r/Zillennials,45527,"Culture, Race, and Ethnicity",t5_27k4r9,1730746350.680224
2,r/GarageBand,45498,Music,t5_2twyd,1730746350.7033
3,r/askaustin,45496,Place,t5_30mqc,1730746350.723982
4,r/uraniumglass,45488,Hobbies,t5_2wbsz,1730746350.744958
5,r/CivPolitics,45472,Internet Culture and Memes,t5_2uzr3,1730746350.774007
6,r/ATC,45471,Careers,t5_2sovd,1730746350.794323
7,r/tari,45462,Crypto,t5_h2mbe,1730746350.813465
8,r/AntiAntiJokes,45459,Funny/Humor,t5_2vjng,1730746350.832986
9,r/EightySix,45456,Anime,t5_n83jt,1730746350.853056
10,r/dolphinconspiracy,45451,Outdoors and Nature,t5_35hpb,1730746350.9375832
11,r/kzoo,45442,Place,t5_2ryk4,1730746350.957438
12,r/bardmains,45435,Gaming,t5_37dgr,1730746350.992586
13,r/X4Foundations,45426,Gaming,t5_3nn44,1730746351.0149388
14,r/MusicForRPG,45414,Tabletop Games,t5_10rwz3,1730746351.0560892
15,r/Coffee_Shop,45412,Food and Drink,t5_2v5pk,1730746351.077813
16,r/fatcats,45412,Animals and Pets,t5_2totu,1730746351.098189
17,r/chargetheyphone,45392,Internet Culture and Memes,t5_26g72f,1730746351.119186
18,r/EKGs,45390,Medical and Mental Health,t5_2y8yl,1730746351.139989
19,r/NylonFeetLove,45389,Mature Themes and Adult Content,t5_4smpcg,1730746351.160921
20,r/Ryujinx,45387,Gaming,t5_i56q1,1730746351.18148
21,r/WindowsHelp,45385,Technology,t5_38hjl,1730746351.202153
22,r/dogslookingdown,45363,Animals and Pets,t5_z5vwd,1730746351.2227461
23,r/Offroad,45349,Cars and Motor Vehicles,t5_2rs3b,1730746351.243258
24,r/Pathfinder,45349,Tabletop Games,t5_2qyq5,1730746351.263734
25,r/cyprus,45344,Place,t5_2qyof,1730746351.283865
26,r/Bacon,45330,Food and Drink,t5_2qhpa,1730746351.303966
27,r/showthistoaloona,45330,Podcasts and Streamers,t5_uqlve,1730746351.324876
28,r/wildhearthstone,45328,Gaming,t5_3c9yt,1730746351.345213
29,r/Golfsimulator,45326,Sports,t5_2ztba,1730746351.365101
30,r/paragon,45308,Gaming,t5_2uu0j,1730746351.3856928
31,r/Defcon,45295,Programming,t5_2qlnb,1730746351.404897
32,r/Waterfalls,45291,Outdoors and Nature,t5_2tnfc,1730746351.4244301
33,r/product_design,45289,Careers,t5_2s2j1,1730746351.444044
34,r/neurology,45285,Science,t5_2tjf3,1730746351.46297
35,r/VirginiaTech,45278,Learning and Education,t5_2r39x,1730746351.48234
36,r/CatsAndPlants,45276,Animals and Pets,t5_sgwbz,1730746351.502291
37,r/Earbuds,45257,Technology,t5_2seth,1730746351.5216289
38,r/MuslimCorner,45248,Religion and Spirituality,t5_7hxp9q,1730746351.540289
39,r/CardiandNicki,45242,Celebrity,t5_32no7g,1730746351.5590332
40,r/footballmanager,45215,Gaming,t5_2rxl9,1730746351.577866
41,r/GunsNRoses,45208,Music,t5_2s4li,1730746351.5967119
42,r/wine_gaming,45187,Gaming,t5_2zg4c,1730746351.615684
43,r/FordBronco,45182,Cars and Motor Vehicles,t5_2tj7e,1730746351.63434
44,r/EnjinCoin,45177,Crypto,t5_3loj0,1730746351.657424
45,r/destiny2builds,45174,Gaming,t5_2ais35,1730746351.694248
46,r/AccidentalKubrick,45170,Movies,t5_3lsjg,1730746351.7143738
47,r/lexfridman,45165,Podcasts and Streamers,t5_2777mj,1730746351.734842
48,r/Athens,45163,Place,t5_2r1a6,1730746351.755245
49,r/underlords,45162,Gaming,t5_117kpk,1730746351.77584
50,r/agi,45129,Technology,t5_2qh8n,1730746351.796082
51,r/goldenknights,45123,Sports,t5_3g1qk,1730746351.81662
52,r/ufl,45115,Learning and Education,t5_2rjcb,1730746351.837086
53,r/lacqueristas,45084,Beauty and Makeup,t5_2sog2,1730746351.8574579
54,r/transfashionadvice,45080,Fashion,t5_2tgcu,1730746351.8785322
55,r/kittykankles,45069,Animals and Pets,t5_26sbra,1730746351.900279
56,r/1970s,45067,History,t5_2sd3f,1730746351.920406
57,r/Motocross,45063,Sports,t5_2qyb0,1730746351.9422238
58,r/lowbatterysounds,45061,Funny/Humor,t5_3abu1,1730746351.963681
59,r/volunteersForUkraine,45060,Activism,t5_5wu0uq,1730746351.983378
60,r/CCIV,45031,Cars and Motor Vehicles,t5_3pnzm3,1730746352.003468
61,r/Amiibomb,45026,Gaming,t5_3jhmx,1730746352.0240798
62,r/hijabi,45023,Religion and Spirituality,t5_3gy6p,1730746352.043272
63,r/NothingTech,45023,Technology,t5_3srnqs,1730746352.062001
64,r/OurFlagMeansDeath,45014,Television,t5_4xhkam,1730746352.080083
65,r/TitansTV,45011,Television,t5_33j8l,1730746352.097964
66,r/oldmaps,45008,History,t5_2ujdh,1730746352.1166358
67,r/BillyStrings,45002,Music,t5_kx869,1730746352.134472
68,r/Mahouka,44982,Anime,t5_31c3i,1730746352.152519
69,r/reinforcementlearning,44982,Programming,t5_2tnvn,1730746352.170511
70,r/ffxivdiscussion,44963,Gaming,t5_22ly7r,1730746352.188746
71,r/Drueandgabe,44959,Celebrity,t5_5gyj76,1730746352.208842
72,r/GameTrade,44957,Marketplace and Deals,t5_2tbft,1730746352.229558
73,r/BadReads,44954,"Reading, Writing, and Literature",t5_2jhgtb,1730746352.248715
74,r/AnimeNoises,44953,Anime,t5_24yqbd,1730746352.2681
75,r/foundthehondacivic,44949,Cars and Motor Vehicles,t5_127r89,1730746352.286336
76,r/BitcoinPrivate,44941,Crypto,t5_9m717,1730746352.304536
77,r/InsideJob,44932,Television,t5_2sf05,1730746352.3235
78,r/ManifestNBC,44927,Television,t5_j8d58,1730746352.342047
79,r/shoppingaddiction,44908,Addiction Support,t5_33bb0,1730746352.361095
80,r/nursepractitioner,44904,Careers,t5_2v7bm,1730746352.3793201
81,r/CryptidDogs,44898,Animals and Pets,t5_23x4ug,1730746352.398057
82,r/olympiquedemarseille,44897,Sports,t5_2zfil,1730746352.415788
83,r/Planespotting,44871,Hobbies,t5_2uv21,1730746352.43365
84,r/AJR,44865,Music,t5_3k4mp,1730746352.451809
85,r/MorbidPodcast,44862,Podcasts and Streamers,t5_10qj6b,1730746352.4695349
86,r/catssittingdown,44857,Animals and Pets,t5_32dzq,1730746352.486958
87,r/monsterhunterclan,44847,Gaming,t5_2zc1g,1730746352.50458
88,r/MathHelp,44843,Learning and Education,t5_2qz84,1730746352.522122
89,r/starfinder_rpg,44824,Tabletop Games,t5_3et65,1730746352.539572
90,r/MHGU,44810,Gaming,t5_moa16,1730746352.556951
91,r/paint,44792,Crafts and DIY,t5_2rr4l,1730746352.574489
92,r/NEET,44786,Medical and Mental Health,t5_2rxjp,1730746352.5919008
93,r/truenas,44783,Technology,t5_zna4k,1730746352.6101062
94,r/PedroDBR,44777,Podcasts and Streamers,t5_57bmmb,1730746352.628917
95,r/sachintendulkar,44763,Sports,t5_2y1xa,1730746352.6466718
96,r/GalaxyS23Ultra,44753,Technology,t5_43btov,1730746352.6643672
97,r/my_celebrity_crush,44753,Mature Themes and Adult Content,t5_5e6w6k,1730746352.681949
98,r/Argentinas_LO,44737,Mature Themes and Adult Content,t5_8fsp2h,1730746352.699774
99,r/Solo_Roleplaying,44716,Tabletop Games,t5_iicpz,1730746352.72105
100,r/LofiGirl,44709,Podcasts and Streamers,t5_2i035a,1730746352.740424
101,r/StarWarsOutlaws,44693,Gaming,t5_8ktkcp,1730746352.7611158
102,r/cake,44678,Food and Drink,t5_2qibu,1730746352.780311
103,r/Luxembourg,44664,Place,t5_2ryqf,1730746352.799389
104,r/turtles,44658,Animals and Pets,t5_2qihr,1730746352.846529
105,r/AdeptusCustodes,44649,Tabletop Games,t5_axckp,1730746353.013153
106,r/KCRoyals,44645,Sports,t5_2s8ut,1730746353.0337
107,r/70sdesign,44643,History,t5_367lg,1730746353.0522041
108,r/AXELNetwork,44643,Crypto,t5_f62nd,1730746353.0698082
109,r/Handball,44643,Sports,t5_2rr72,1730746353.087585
110,r/Cursedgunimages,44632,Internet Culture and Memes,t5_2cxmsq,1730746353.1132128
111,r/Relazioni,44625,Family and Relationships,t5_3d7am9,1730746353.130838
112,r/xTrill,44621,Music,t5_386fy,1730746353.148414
113,r/Bridgerton,44608,Television,t5_1ogxq3,1730746353.166074
114,r/Aktiemarknaden,44607,"Business, Economics, and Finance",t5_3as7e,1730746353.183957
115,r/outfitoftheday,44600,Fashion,t5_2vifd,1730746353.262537
116,r/SailorMood,44597,Anime,t5_2342ec,1730746353.28587
117,r/regina,44586,Place,t5_2rbqo,1730746353.3172429
118,r/Urbanism,44578,Art,t5_2sjwf,1730746353.341674
119,r/SorryLag,44575,Podcasts and Streamers,t5_3isb7h,1730746353.364519
120,r/SWlegion,44573,Tabletop Games,t5_3nqdi,1730746353.388819
121,r/spiderman2,44571,Gaming,t5_3fmjh,1730746353.413256
122,r/media_criticism,44554,World News,t5_3a6w2,1730746353.43431
123,r/Digibyte,44542,Crypto,t5_2zqpf,1730746353.454622
124,r/Lostwave,44514,Music,t5_2ybxi,1730746353.475136
125,r/CAStateWorkers,44507,Careers,t5_3mgws,1730746353.495451
126,r/LegionGo,44503,Gaming,t5_904fdi,1730746353.515248
127,r/runefactory,44484,Gaming,t5_2tkdl,1730746353.534529
128,r/DemonolatryPractices,44483,Religion and Spirituality,t5_rdtcy,1730746353.554102
129,r/hobonichi,44453,Hobbies,t5_2ywdi,1730746353.574029
130,r/whatsinyourcart,44452,Food and Drink,t5_3fxeb,1730746353.59359
131,r/pirataria,44445,Technology,t5_3anl0,1730746353.611564
132,r/remoteplaces,44433,Outdoors and Nature,t5_2uasa,1730746353.630744
133,r/xcloud,44405,Gaming,t5_32kje,1730746353.649457
134,r/veggieshake,44404,Food and Drink,t5_wv81p,1730746353.669481
135,r/baduk,44396,Tabletop Games,t5_2qhqe,1730746353.690955
136,r/Tsunderes,44395,Anime,t5_2wdq4,1730746353.70979
137,r/OMSCS,44385,Learning and Education,t5_2yqns,1730746353.730412
138,r/catastrophicsuccess,44373,Funny/Humor,t5_3jpc3,1730746353.7501829
139,r/kiszamolo,44365,"Business, Economics, and Finance",t5_i9rw3,1730746353.768654
140,r/lesserafim,44365,Music,t5_593j3z,1730746353.787288
141,r/MordekaiserMains,44364,Gaming,t5_37hva,1730746353.805904
142,r/Fieldhockey,44355,Sports,t5_2t9k0,1730746353.8262541
143,r/VancouverIsland,44352,Place,t5_2r9fk,1730746353.8474371
144,r/KTM,44348,Cars and Motor Vehicles,t5_2vdni,1730746353.866602
145,r/gameverifying,44344,Gaming,t5_29bibd,1730746353.8869739
146,r/stray,44343,Gaming,t5_2wxqt,1730746353.906903
147,r/HindiMemes,44341,Internet Culture and Memes,t5_1013gi,1730746353.926813
148,r/LoveIslandAus,44339,Television,t5_jstfi,1730746353.9466739
149,r/arenaofvalor,44337,Gaming,t5_3mynb,1730746353.96527
150,r/writingadvice,44331,"Reading, Writing, and Literature",t5_30ow4,1730746353.984851
151,r/couponing,44325,Marketplace and Deals,t5_2rhjx,1730746354.003071
152,r/SexyGirlsInBikini,44325,Mature Themes and Adult Content,t5_4iri8g,1730746354.021039
153,r/SatisfyingClean,44324,Home and Garden,t5_zxcwi,1730746354.0390651
154,r/creepyvideos,44317,Internet Culture and Memes,t5_2xyu3,1730746354.057641
155,r/dontyouknowimtonyhawk,44315,Celebrity,t5_mx7r4,1730746354.076129
156,r/SuddenlyCommunism,44315,Politics,t5_snqjy,1730746354.095189
157,r/MyHeroAcademia,44313,Anime,t5_34gh3,1730746354.1135511
158,r/ProjectDiablo2,44304,Gaming,t5_2kkfny,1730746354.132614
159,r/EstrangedAdultChild,44281,Family and Relationships,t5_333pr,1730746354.152996
160,r/pinball,44277,Hobbies,t5_2qyd7,1730746354.171957
161,r/psychologyresearch,44273,Science,t5_2z5fb,1730746354.190779
162,r/ImaginaryWeather,44272,Art,t5_37egx,1730746354.21101
163,r/GermanyPics,44271,Place,t5_348ch,1730746354.233026
164,r/tallyhall,44251,Music,t5_30yx8,1730746354.2529511
165,r/hikinggear,44239,Outdoors and Nature,t5_2vz8v,1730746354.2729201
166,r/weightlossdiets,44238,Fitness and Nutrition,t5_r3wyv,1730746354.29217
167,r/juridischadvies,44236,Law,t5_32ajn,1730746354.312227
168,r/PlanetOfTheApes,44235,Movies,t5_2sjdp,1730746354.332729
169,r/Cthulhu,44212,Art,t5_2qmzi,1730746354.3535051
170,r/Wilmington,44203,Place,t5_2r69k,1730746354.371386
171,r/racing,44199,Cars and Motor Vehicles,t5_2qknn,1730746354.3897128
172,r/bloxymemes,44165,Gaming,t5_3sb1ky,1730746354.409935
173,r/unimelb,44152,Learning and Education,t5_2smf4,1730746354.429934
174,r/GalaxysEdge,44150,Place,t5_3ms80,1730746354.449985
175,r/LetsChat,44135,Family and Relationships,t5_2utlb,1730746354.467812
176,r/AskOldPeopleAdvice,44125,A place where you can ask the over 40 crowd questions on any topic.,t5_2jx9b6,1730746354.486939
177,r/KarenFukuhara,44122,Celebrity,t5_3dcha,1730746354.50625
178,r/DollarTree,44119,Careers,t5_333fr,1730746354.5252721
179,r/zilliqa,44118,Crypto,t5_3nl60,1730746354.5453959
180,r/Bookkeeping,44099,"Business, Economics, and Finance",t5_2r0vm,1730746354.5654972
181,r/railroading,44088,Careers,t5_2r35h,1730746354.585748
182,r/CouncilOfCats,44087,Animals and Pets,t5_78dfro,1730746354.606024
183,r/vlandiya,44083,Funny/Humor,t5_8ldr9o,1730746354.626997
184,r/warcraftrumble,44079,Gaming,t5_6bcbgw,1730746354.648625
185,r/fonts,44078,"Reading, Writing, and Literature",t5_2qurp,1730746354.668618
186,r/snacking,44028,Food and Drink,t5_2vgxr,1730746354.686971
187,r/zachbryan,44022,Music,t5_243bja,1730746354.704619
188,r/NintendoDS,44010,Gaming,t5_2qz0d,1730746354.722475
189,r/AskLiteraryStudies,43994,"Reading, Writing, and Literature",t5_2tltc,1730746354.740086
190,r/bravo,43992,Television,t5_2svu5,1730746354.757659
191,r/EliteMiners,43992,Gaming,t5_3583f,1730746354.775636
192,r/swrpg,43990,Gaming,t5_2vzmi,1730746354.794533
193,r/MVIS,43978,"Business, Economics, and Finance",t5_3fgj0,1730746354.813246
194,r/STEW_ScTecEngWorld,43975,Science,t5_6jqv7l,1730746354.832062
195,r/FireflyMains,43966,Gaming,t5_8hg8vy,1730746354.850823
196,r/saxophone,43966,Music,t5_2suce,1730746354.8695521
197,r/SocialismIsCapitalism,43965,Politics,t5_4n4mnw,1730746354.8886058
198,r/analoghorror,43959,Internet Culture and Memes,t5_pus0g,1730746354.907424
199,r/CreedThoughts,43957,Television,t5_2yyfd,1730746354.9268868
200,r/CRH,43938,Hobbies,t5_2umi8,1730746354.945923
201,r/ancientgreece,43921,History,t5_2sasx,1730746354.96494
202,r/CharteredAccountants,43914,Careers,t5_3fh4x,1730746354.983645
203,r/MiddleEarthMiniatures,43912,Tabletop Games,t5_2z3qn,1730746355.002317
204,r/JeepWrangler,43907,Cars and Motor Vehicles,t5_3m2m4,1730746355.0213702
205,r/Hilton,43906,Travel,t5_30g76,1730746355.040929
206,r/CubeWorld,43898,Gaming,t5_2t4bs,1730746355.06097
207,r/AHatInTime,43888,Gaming,t5_2w60p,1730746355.081116
208,r/norfolk,43884,Place,t5_2rt3o,1730746355.100877
209,r/BackyardOrchard,43876,Home and Garden,t5_2xuc5,1730746355.137565
210,r/ImaginaryKnights,43867,Art,t5_2y0mg,1730746355.1899679
211,r/VintageWatches,43864,Hobbies,t5_2uv77,1730746355.210377
212,r/SamsungDex,43858,Technology,t5_4bhpo,1730746355.229412
213,r/WatchAnimalsDieInside,43856,Animals and Pets,t5_4cr55,1730746355.2483132
214,r/Miitopia,43853,Gaming,t5_3h0q4,1730746355.2674391
215,r/SiberianCats,43849,Animals and Pets,t5_362ac,1730746355.28877
216,r/PetMice,43848,Animals and Pets,t5_2sgkq,1730746355.3113291
217,r/wargaming,43825,Tabletop Games,t5_2qthz,1730746355.331839
218,r/canva,43810,Art,t5_112at2,1730746355.353537
219,r/akron,43789,Place,t5_2r7a5,1730746355.374326
220,r/okbuddyblacklung,43779,Gaming,t5_7p8ugg,1730746355.395169
221,r/BGMI,43777,Gaming,t5_4egorf,1730746355.41614
222,r/InstantPotRecipes,43774,Food and Drink,t5_3i62g,1730746355.438004
223,r/AttachmentParenting,43772,Family and Relationships,t5_2rxsh,1730746355.458485
224,r/cfbmemes,43772,Sports,t5_2urol,1730746355.478855
225,r/porto,43767,Place,t5_2rxut,1730746355.499153
226,r/InternetCity,43740,Podcasts and Streamers,t5_35bw9q,1730746355.519346
227,r/DisneyMirrorverse,43739,Gaming,t5_2cfrgu,1730746355.540215
228,r/CapitalismSux,43733,Politics,t5_4r4dmz,1730746355.559644
229,r/TarotDecks,43704,Religion and Spirituality,t5_ib9q9,1730746355.579167
230,r/stoicquotes,43702,"Reading, Writing, and Literature",t5_13ep1b,1730746355.5977972
231,r/LuxuryReps,43681,Fashion,t5_bwadh,1730746355.6165
232,r/Kyoto,43675,Place,t5_2tjwl,1730746355.635605
233,r/protools,43674,Technology,t5_2rl8i,1730746355.654328
234,r/BudgetBrews,43672,Tabletop Games,t5_jteti,1730746355.674664
235,r/dndhorrorstories,43666,Tabletop Games,t5_38smf,1730746355.6936152
236,r/GreekCelebs,43663,Celebrity,t5_6ilpr5,1730746355.712785
237,r/MusicVideos,43658,Music,t5_2qi5b,1730746355.731435
238,r/GothamKnights,43655,Gaming,t5_srnor,1730746355.750481
239,r/unOrdinary,43653,Anime,t5_3k02r,1730746355.769311
240,r/SNSD,43648,Music,t5_2s1g4,1730746355.7880929
241,r/Ghost_in_the_Shell,43643,Anime,t5_2t38b,1730746355.806974
242,r/FamilyMedicine,43642,Careers,t5_2ur05,1730746355.826045
243,r/SquareFootGardening,43636,Home and Garden,t5_2rlah,1730746355.844327
244,r/MyBigFatFabulousLife,43623,Television,t5_36jh7,1730746355.86361
245,r/indiegameswap,43618,Gaming,t5_2ucbc,1730746355.882497
246,r/WritersGroup,43592,"Reading, Writing, and Literature",t5_2rh95,1730746355.901729
247,r/wutang,43592,Music,t5_2s7ol,1730746355.9213388
248,r/LiaMarieJohnson,43582,Music,t5_2truh,1730746355.9402251
249,r/hitanimals,43577,Animals and Pets,t5_38fhl,1730746355.9589791
