,subreddit,subscribers,topic,subreddit_id,scraped_utc
0,r/Overgamez,563,"This subreddit is dedicated to games published by OverGamez, a game publishing company that releases games on Steam and ports, publishes, and exploits console games on Nintendo Switch, Xbox, and PlayStation. Here, you can find the latest news about our games, including new releases, discounts, and more!",t5_2padp3,1730752857.0824928
1,r/PcAdvice,563,Dead. For now.,t5_2wkhr,1730752857.106861
2,r/Punkdiy,563,For diy projects! A place to posts whatever you like without dickheads telling you to fuck off,t5_41lpd7,1730752857.127768
3,r/Purritos,563,Cat,t5_33f5e,1730752857.148978
4,r/QSMPtheories,563,Talk about the loor of the QSMP and share your theories about Quesadilla Island with the community,t5_895qbm,1730752857.1694899
5,r/QueenElizabethClass,563,Welcome to QueenElizabethClass,t5_3npam,1730752857.1999629
6,r/RockyMountain,563,Welcome to RockyMountain,t5_38om7,1730752857.22049
7,r/sammiewarrenx,563,this subreddit is dedicated to beauty youtuber sammie warren,t5_3fd875,1730752857.240723
8,r/Simulacra,563,Art,t5_2s029,1730752857.260323
9,r/SonnyAngels,563,Hobbies,t5_aojnfm,1730752857.281312
10,r/StandUpGifs,563,Animated images of stand-up comedians on-stage.,t5_2vsdg,1730752857.3541288
11,r/SubaruSolterra,563,Cars and Motor Vehicles,t5_4f7r7m,1730752857.3745222
12,r/thaiboxing,563,"Your daily dose of Muay Thai, from tips and techniques to discussions and events, don't be afraid to drop by, all users are welcome!",t5_2xs12,1730752857.407983
13,r/TikTokBegScamCanada,563,"A place to discuss the Canadian TikTok beggars, scammers and cringe",t5_7jerka,1730752857.42699
14,r/tism,563,Music,t5_2uba8,1730752857.446399
15,r/tombdoom,563,Music,t5_5lyh31,1730752857.465961
16,r/TradeMarket_India,563,"Business, Economics, and Finance",t5_c0ag8y,1730752857.485455
17,r/TryingAppleTV,563,Television,t5_4sllhc,1730752857.5044742
18,r/turbowarp,563,Programming,t5_4fecpl,1730752857.523959
19,r/unexpectedhilarity,563,So hilarious. Incredibly so.,t5_zk7fo,1730752857.5435
20,r/unpackinggame,563,Gaming,t5_5a61z4,1730752857.562863
21,r/Virtuix,563,Technology,t5_2xfby,1730752857.5817878
22,r/VisualCommunication,563,"Technique, inspiration, theory, and resources for visual communication. Tactile accessibility and scene description techniques are also welcome. Graphic design, illustration, data art, typography, visualization, animation, spatial design, tactile, 3D presentation ... sharing vision sharing.",t5_390e1,1730752857.6008692
23,r/VivziePopFanCommunity,563,"A place to discuss the community around Vivziepop's work. Discussion, not memes or OC. The community, not the show itself. So this isn't about what happens in episodes, this is about the community of fans.",t5_7xu9vb,1730752857.6211321
24,r/whosyourdaddygame,563,"Subreddit for the infamous game 'who's your daddy' where you paly as either a desperate father trying to protect his baby from harm, or as the baby, as whom you try to kill yourself in any way you can.",t5_3b7f9,1730752857.6402261
25,r/wonhee,563,Welcome to the subreddit for ILLIT member Wonhee!,t5_8m7z61,1730752857.659963
26,r/WorkoutSets,563,"Fitness Guide Recommendations: workout sets for weightlifting, cardio, and all other special workouts.",t5_3hsqx,1730752857.680445
27,r/wrennymoo,563,Welcome to wrennymoo,t5_98as6u,1730752857.69973
28,r/WritersToolbox,563,"Reading, Writing, and Literature",t5_5p36d7,1730752857.719282
29,r/ZelinaVegadomination,563,All hail queen zelina,t5_8ht2iz,1730752857.738797
30,r/1000xcryptogems,562,Crypto,t5_5mmp3x,1730752857.758198
31,r/accidentalfuturama,562,Television,t5_3ts7qq,1730752857.778549
32,r/Actress_adda,562,Welcome to Actress_adda,t5_7tjjsy,1730752857.802071
33,r/AcupunctureTherapy,562,"Acupuncture Therapy is a space for discussing and promoting acupuncture therapeutic effectiveness on specific focused health areas. The current focus area is Acupuncture for Reproductive Health -- including topics of pregnancy, IVF, frozen eggs, infertility, and related menstrual cycles, endometriosis, and fibrosis. The focus area may expand into Cancer therapy in the near future --- community inputs are welcome for the next focus area.",t5_5u9s2g,1730752857.829646
34,r/Alchemint,562,"**SDS** (Standards), operated by the **Alchemint** project, will initially be a smart contract platform on NEO. The price of SDUSD (a stable currency, backed by USD) will be supported and stabilized through the SAR, an automated feedback mechanism and appropriate external incentives. SDS facilitates asset validation, asset trading, leveraged investment and more in a variety of commercial application scenarios to create a free, fair, and fast experience in the Internet world.",t5_g8yq5,1730752857.8513558
35,r/AnArchdemonsDilemma,562,Anime,t5_10f2e6,1730752857.87485
36,r/antitechrevolution,562,Activism,t5_3d2ssq,1730752857.8964942
37,r/arcticfoxes,562,Arctic Fox Things,t5_2y60a,1730752857.9161549
38,r/Ascendedfaketexts,562,For the most A S C E N D E D texts,t5_xmu0j,1730752857.935667
39,r/asiatravel,562,"Welcome to Asia Travel! Share your travel experiences, photos or videos, reviews, warnings (about travel scams, bad tour operators, natural disasters, or travel dangers), lost and found, anything about traveling in Asia.",t5_2tff8,1730752857.9551492
40,r/AssetMantle,562,Crypto,t5_5z34w7,1730752857.9754019
41,r/AteTheNed,562,Funny/Humor,t5_2stcig,1730752857.995453
42,r/AthleticDesiBabes,562,Mature Themes and Adult Content,t5_agommq,1730752858.0147278
43,r/BabeCockTrans,562,"BABE + COCK + TRANS = BABECOCK TRANS! THIS SUB IS 18+ ONLY. THIS GOES FOR CONTENT AND POSTERS. No SFW pictures of women, keep all content, all parts of it, NSFW. It does not have to be splitscreen, however the content has to contain a babe and a cock. There has to be a 5.0 / 5.0 babe to cock ratio at any given time. Videos that do not meet this criteria will be removed.",t5_cbgkng,1730752858.034208
44,r/BadPlacesToSneeze,562,Funny/Humor,t5_68m7iq,1730752858.053303
45,r/banbury,562,Place,t5_2ztux,1730752858.0725288
46,r/CaptainToad,562,Gaming,t5_324qf,1730752858.091611
47,r/chesscoaster,562,Caught brushing your teeth on Splash Mountain? Perhaps playing poker on Space Mountain. Or were you that guy playing chess on the Log Flume?,t5_2xp9s,1730752858.111464
48,r/corespace,562,Gaming,t5_313dq,1730752858.1315851
49,r/darkestnight,562,"The fan base and discussion central for ""Darkest Night"", a podcast produced in the collaboration of NoSleep and The Paragon Collective.",t5_3h909,1730752858.1512
50,r/DieppeNB,562,Place,t5_7kzfpz,1730752858.170481
51,r/Directus,562,Programming,t5_4xp44c,1730752858.189315
52,r/DreamcoreNolstalga,562,Art,t5_5z2dp1,1730752858.2083058
53,r/Ebonyfitgirls,562,a subreddit that shares the appreciation of fit black and mixed women,t5_7bldyp,1730752858.2274308
54,r/EllaMai,562,Music,t5_mt3jy,1730752858.2464828
55,r/eurobeer,562,"A chill place where we discuss European beers, pubs, bars and breweries (and other stuff related to European beer)",t5_320xo,1730752858.265858
56,r/gasbuddy,562,Technology,t5_31zc8,1730752858.285726
57,r/gunrapids,562,"r/GunRapids is a subreddit to discuss about crimes in Grand Rapids, drill music, GR hip hop culture, up and coming artists, and underground scenes. Includes neighboring areas such as Wyoming, Kentwood, and Grandville",t5_b090im,1730752858.304996
58,r/Hawkman,562,Hawkman is a superhero from DC Comics who has been soaring through the skies and saving lives since 1940.,t5_2v47x,1730752858.3267899
59,r/Idiotswithtasers,562,Funny/Humor,t5_3ja7oz,1730752858.34689
60,r/JessMcFadyen,562,Celebrity,t5_3hxick,1730752858.370241
61,r/JTFCON,562,"Company page of JTF Consulting LLC. Purveyors of fine small arms and parts, also pretty cool dudes. FFL07 Based in Texas that puts quality and customers first.",t5_5v7uj0,1730752858.3986712
62,r/LittleRockHardcore,562,Music,t5_7onml9,1730752858.4238982
63,r/LoopyPro,562,Music,t5_5khcwx,1730752858.451308
64,r/LukeTheNotable,562,A subreddit for fans of LukeTheNotable.,t5_hkydy,1730752858.478322
65,r/LuluWilsonActress,562,All Hail the Queen.,t5_51fg8r,1730752858.504561
66,r/Lunesta_Eszopiclone,562,Welcome to Lunesta_Eszopiclone,t5_59264t,1730752858.5325701
67,r/MakeItOld,562,"Taking pieces of modern day culture, and instead making them appear like they came from an older age, whether that is changing it's layout, creating an old style advertisement, making or changing it's cover/box art/design.",t5_iti1r,1730752858.5588422
68,r/MakeNoiseMusic,562,Music,t5_bs29of,1730752858.58772
69,r/MarioKart64,562,"Reddit community for the Nintendo 64 game, Mario Kart 64!",t5_2sj91,1730752858.615781
70,r/mendokusaii,562,Official subreddit of Mendokusaii.,t5_37tiz,1730752858.643764
71,r/milliehannahpics,562,All things Millie,t5_4vemgl,1730752858.66944
72,r/MitsuruAdachi,562,Anime,t5_2qh64d,1730752858.695563
73,r/Naturejab,562,Podcasts and Streamers,t5_bgicl3,1730752858.7162309
74,r/nicesaveoujia,562,"Some AskOujia questions have predictable answers, but some hard working redditors are here to save the day!",t5_29l0lx,1730752858.739684
75,r/NotGayBut,562,For all the things you have to wear socks for. Discord server will be made if requested.,t5_28hkep,1730752858.762937
76,r/Nubia,562,Technology,t5_3iuf6,1730752858.78552
77,r/nvest_ai,562,Empower your investing with AI. Nvest is a crypto data & analytics platform powered by Machine Learning & built by a decentralized community. We help traders and investors make better decisions. Complexity Simplified Elegantly,t5_h68ja,1730752858.8062248
78,r/PoliticalRevolutionWA,562,**/r/PoliticalRevolutionWA** is the Washington branch of **r/Political_Revolution**. This subreddit is meant to raise support and awareness for progressive candidates in Washington and issues in the state that align with the political revolution as envisioned by Senator Bernie Sanders.,t5_3f0gz,1730752858.828646
79,r/RealEDC,562,Hobbies,t5_3m7tc,1730752858.848469
80,r/RealOhioMarijuana,562,Ohio’s Most Educated Patient Network,t5_3pqoyw,1730752858.869478
81,r/ResinEngineering,562,Hobbies,t5_4t7yh7,1730752858.888695
82,r/Roxanne_Wolf,562,Art,t5_5kdi8x,1730752858.908227
83,r/Savethebees,562,In here we talk about bee facts and how we can save the bees.,t5_2sd8p,1730752858.932097
84,r/Sibahn,562,Welcome to Sibahn,t5_39jlc,1730752858.9572248
85,r/SuperStarfish,562,Gaming,t5_2grala,1730752858.9797912
86,r/tanzelcore,562,The offical reddit community dedicated to discussing and sharing tanzelcore music,t5_8h1itp,1730752859.0008461
87,r/technoblade_rocks,562,This Community is all about sharing the messages about Technoblade that our members write on rocks hidden all around the world.,t5_87ed2f,1730752859.0238452
88,r/thepowerballads,562,"Community to discuss Power Ballads by our favorite Hair Metal, Hard Rock, AOR and Glam bands. Visit www.thepowerballadz.com",t5_3d9gts,1730752859.048658
89,r/TIHO,562,Today I helped out,t5_6qko9v,1730752859.0712268
90,r/twosentenceanger,562,"Reading, Writing, and Literature",t5_2n2t45,1730752859.1276228
91,r/UPSLSoccer,562,Sports,t5_3enjo,1730752859.1512861
92,r/USSLongIsland,562,Art,t5_2mygcy,1730752859.173326
93,r/Alexprout,561,Alex prout aka rwillys girlfriend,t5_2cgjci,1730752859.194976
94,r/anitariley_x,561,Anita Riley,t5_9kbffg,1730752859.216935
95,r/antennapod,561,"This is the unofficial sub-reddit for AntennaPod, the Open Source podcast application. For support and contact to the developers, visit forum.antennapod.org",t5_9qkct,1730752859.239187
96,r/antiSnakeOil,561,"A place for people to gather and poke fun at pseudoscience and nutraceuticals. Post pictures of people promoting ""cleanses"" or nonsense pills and fads.",t5_abr62,1730752859.260756
97,r/BeHereNowNetwork,561,"The Be Here Now Network offers weekly doses of digestible Eastern philosophy from a range of spiritual teachers in the form of mindfulness podcasts, articles and videos. For spiritual seekers and mindfulness advocates, our consciousness podcasts are a leading source for insightful information. We believe that we can change the world by changing our own hearts and radiate that presence out to the world, one heart at a time.",t5_i7r7y,1730752859.282315
98,r/BoxCritters,561,Gaming,t5_3k0n3,1730752859.30403
99,r/CelebrityFistFights,561,Celebrity,t5_7q0lr1,1730752859.326116
100,r/CharlesWesleyGodwin,561,Music,t5_4u18bk,1730752859.353659
101,r/chefnino,561,Anime,t5_b16omr,1730752859.379533
102,r/ChurchOfGen,561,Internet Culture and Memes,t5_2ar1pu,1730752859.40147
103,r/ClickieZoo,561,This subreddit is for fans of the Android/iOS game Idle Zoo Tycoon! The game where you collect animals and run your own zoo,t5_3hjck,1730752859.422148
104,r/ComSciSociety,561,Society of Computer Science from all UNIVERSITIES in the Philippines,t5_ahb750,1730752859.446306
105,r/CreditAnalysis,561,"This is a spot for analysts, lenders, or anyone with an interest in commercial credit analysis to discuss the topic.",t5_3npri,1730752859.4673002
106,r/CryptoChemists,561,"Everything you've always wanted to know about past, present and future blockchains, crypto-currencies and how it's all changing the world",t5_3ubpfi,1730752859.4871511
107,r/dragonballdokkan,561,You can whatever you want post vids on yur summons or talk about what next summons will be like have fun and don't be rude rules: dont be a little scumbag and get angry at other players be nice also no NSFW sorry just no,t5_2uy1c7,1730752859.5069928
108,r/duckpics,561,Welcome to duckpics,t5_2tcuv,1730752859.526707
109,r/Dunmer,561,"Welcome to Morrowind, a home to discuss any and all aspects of Dunmer culture.",t5_2vt9d,1730752859.546133
110,r/emmyroohoo,561,"Safe and respectful community for 20 year old public figure and tiktoker, Emily Kirschner. emily.kirschner emily_kirschner emmyroohoo",t5_6xawz6,1730752859.565377
111,r/ENFPselfies,561,"A place for ENFPs to share their selfies. All other MBTI types are welcome to post their selfies, too!",t5_4is5lh,1730752859.584599
112,r/Epic_Economics,561,"Business, Economics, and Finance",t5_5afxl0,1730752859.60539
113,r/fakeolympicevents,561,"Discuss your favorite fake Olympic events, and help us think of as many as possible.",t5_o26nb,1730752859.625346
114,r/foundthedads,561,When you find the dads,t5_2l9ynx,1730752859.645702
115,r/GameBoyZero,561,Welcome to GameBoyZero,t5_3eshu,1730752859.666728
116,r/gayaugusta,561,"Welcome to Gay Augusta, A place for those in the gay community in the CSRA to share photos, create friendships and enjoy the beautiful world we live in. The focus is on community and mutual support.",t5_3yzff3,1730752859.6865542
117,r/giagonzexposed,561,Gia 🩷 message to be invited to Discord https://discord.gg/9bqTG5gGFj,t5_aloy0c,1730752859.706974
118,r/GLORIOUSSons,561,"This subreddit is for the Kingston, ON band The Glorious Sons' fans",t5_3oo9r,1730752859.7268229
119,r/hack4good,561,"Geeklist #hack4good unites the world's leading minds to build solutions to humanity's greatest problems. Uniting across every country of the world, we are comprised of software engineers, hackers, ui/ux designers, product developers, founders, thought leaders and civic-minded organisations. We give products built at our hackathons perpetual life to create real impact in the world.",t5_334ds,1730752859.746581
120,r/halopc,561,This is a sub dedicated to all things Halo on PC/Mac! Halo: Combat Evolved was released on Windows and Mac OS X in 2003. Since then it has earned its place as one of the greatest FPS to ever hit the platform.,t5_2uqbz,1730752859.766191
121,r/haskell_jp,561,Programming,t5_3lyvj,1730752859.7862
122,r/homemadebeauty,561,DIY beauty / DIY skin care / DIY makeup / recipes / tips / advice Come share your kitchen experiments with beauty and skincare concoctions. All curious minds are welcome.,t5_3kbz5,1730752859.8054059
123,r/HugeBreastedLadies,561,"A place for women with huge breasts and those who admire them. *NO ADVERTISING OF ANY SUBSCRIPTION SITE (IE. ONLYFANS, FANSLY, ETC)",t5_bixccz,1730752859.8263612
124,r/JackCarrStories,561,"Reading, Writing, and Literature",t5_2x9fa4,1730752859.846892
125,r/JenniferMika,561,A subreddit dedicated to influencer Jennifer Mika Nelson.,t5_736b1y,1730752859.867713
126,r/jerkingtoyou,561,wants everyone cum,t5_8fm918,1730752859.8885272
127,r/Kasheer,561,Place,t5_fml6d,1730752859.909086
128,r/lossmemes,561,Welcome to lossmemes,t5_3pae4,1730752859.929197
129,r/luhrixlive,561,Podcasts and Streamers,t5_cf5t6y,1730752859.948873
130,r/MDMAScience,561,Science,t5_6p6s3v,1730752859.968704
131,r/MetallicaButFun,561,Music,t5_74u067,1730752859.988294
132,r/modsprotogencreator,561,Art,t5_2vjvg6,1730752860.008266
133,r/morganadams,561,Podcasts and Streamers,t5_xqd3x,1730752860.0300858
134,r/Neet_india,561,Learning and Education,t5_36evuh,1730752860.0505211
135,r/ObscureDocumentaries,561,Movies,t5_qv66f,1730752860.071331
136,r/OhioDebate,561,Hobbies,t5_3ijz2,1730752860.091041
137,r/Ostfriesland,561,Travel,t5_3oem7,1730752860.112383
138,r/pep,561,Medical and Mental Health,t5_36pyq,1730752860.1325529
139,r/Pixlriffs,561,A subreddit dedicated to the youtuber Pixlriffs,t5_3g209,1730752860.152401
140,r/PolenDeutschland,561,"Polen und Deutschland bei Reddit: Diskussionen, Neuigkeiten, Angebote, Hilfe, Bilder, Videos und mehr über Polen. ... Kauf bei Polen über Community-Erfahrungen",t5_6q4s0y,1730752860.172053
141,r/postanimal,561,"Anything and everything related to the Chicago psychedelic rock band, Post Animal. I made this because it hadn't been made yet and I fucking love this band. Feel free to discuss anything you'd like here but try to keep it limited to the topic of the band and other psych groups out there.",t5_jgmaa,1730752860.192538
142,r/RedditClouds,561,Outdoors and Nature,t5_6x7i2i,1730752860.21293
143,r/ReEND,561,Gaming,t5_aqmopu,1730752860.233191
144,r/ScarletBlazer,561,Fashion,t5_6w7jce,1730752860.252842
145,r/SexTalksTamil,561,This group is to promote Sexual well being of Tamil people by sharing their thoughts and clearing their doubts with fellow mates of this community. Be respectful and stay kinky,t5_azajlu,1730752860.272233
146,r/ShadowrunAnarchyFans,561,A place to discuss the rules-lite version of Shadowrun.,t5_y5en3,1730752860.2914839
147,r/snapcamera,561,Technology,t5_qvf9b,1730752860.310993
148,r/snowboardtrade,561,/r/snowboardtrade is a subreddit created to buy/sell/trade snowboards and snowboarding gear.,t5_334ci,1730752860.336952
149,r/Spose,561,Welcome to Spose,t5_2tyio,1730752860.3595352
150,r/studio,561,A place for music and capturing the vibe on tape or bits.,t5_2rjgu,1730752860.379586
151,r/supermariorpg,561,"A subreddit dedicated to Super Mario RPG: Legend of the Seven Stars, the beginning of the beloved Mario RPG games. Share art, memes, and more about the legendary SNES title that brought icons like Geno and Mallow to life.",t5_3ltrr,1730752860.399414
152,r/thereallilmar,561,A group for all of Lilmar’s fans. Positivity only!,t5_68h43z,1730752860.419363
153,r/TigerBonzo,561,Subreddit o Tigerze tego typu. Znajdziesz u nas śmieszny content celebryty ze śmietnika. Miłej zabawy. Benc.,t5_2537w7,1730752860.439126
154,r/TrueEnterpreneur,561,"Welcome to TrueEntrepreneur page about entrepreneurship!Here,you will find a wealth of information and inspiration for those who are interested in starting their own business or becoming an entrepreneur.We share stories about successful entrepreneurs and their life stories,as well as provide valuable tips and advice for those just starting out.Whether you are a seasoned pro or a budding entrepreneur,you’ll find something of value here. Join our community and connect with likeminded people.",t5_7sqmo4,1730752860.458883
155,r/UnexpectedSenate,561,Welcome to UnexpectedSenate,t5_mo2mi,1730752860.478762
156,r/WarOnDrugs,561,Welcome to WarOnDrugs,t5_2s71p,1730752860.49843
157,r/WSMFPanicfreaks,561,"This subreddit is for all things associated with Widespread Panic. Please submit your tour stories, videos, pictures, things remembered (We miss you Mikey!), and anything else that you would like WSMFP related.",t5_2y7lf,1730752860.5181272
158,r/1bitmonochrome,560,Art,t5_4ogxsi,1730752860.53756
159,r/American_Food_Fight,560,Food and Drink,t5_bpjtad,1730752860.557055
160,r/Antipsychlibrary,560,"This is a sub for 1) reporting the crimes & abuse of violent psychiatrists/psychologists. And 2) of papers (eg academic, legal, etc) which challenge the claims of violent/abusive mental health workers.",t5_3g1s2,1730752860.576402
161,r/ArtemisOfTheBlue,560,Podcasts and Streamers,t5_3c5ly4,1730752860.59514
162,r/AtoW,560,AbbeyToTheWilson,t5_6hqpjo,1730752860.615392
163,r/AutumnBegonia,560,Gaming,t5_38jteg,1730752860.6355891
164,r/BrawlClopedia,560,Gaming,t5_2lwtym,1730752860.6551712
165,r/CamilaCabellosLegs,560,A subreddit dedicated to the legs of the goddess Camila Cabello.,t5_29n1sv,1730752860.674347
166,r/CaseeBrim,560,Welcome to CaseeBrim,t5_5tc4ag,1730752860.693272
167,r/cat_kivlin,560,"Pictures of the stunning cat kivlin found in the public domain , DM for removals",t5_73i76h,1730752860.71232
168,r/catyawn,560,"Videos, GIFs and pictures of cats yawning. Can be other animals too.",t5_hdwfx,1730752860.753669
169,r/coilyhair,560,For the love of type 4 hair,t5_28ydox,1730752860.800609
170,r/CultivationChatGroup,560,"A group of people that like the chinese webnovel cultivation chat group, and pretend to be in the Cultivation Chat Group.",t5_pzqqh,1730752860.906903
171,r/DAppNode,560,DAppNode is an open source software aiming to create a decentralized hardware layer. https://github.com/dappnode https://dappnode.io/,t5_uj3as,1730752860.9403589
172,r/DeltaEmulatorSkins,560,Gaming,t5_bdrftx,1730752860.96527
173,r/DIYSkatespots,560,This sub is dedicated to fostering the knowledge of building your own skatespot.,t5_2yhg8,1730752860.988411
174,r/DubbedAnime,560,Welcome to DubbedAnime,t5_30ntq,1730752861.012137
175,r/Earth2ioMeta,560,"For the experienced Earth2 community. Expand your foundational knowledge here. We will delve into the most efficient ways of managing land, construction, resource generation, sales and more. I also want to be able to brainstorm ideas with each other. Constructive criticism is welcome.We will create the meta. Most Effective Tactics Available.",t5_3llxa8,1730752861.0358222
176,r/Faune,560,"A community for writers, creatives, and AI aficionados. Faune brings dynamic LLMs to iOS, MacOS, iPad, and Vision Pro. https://faune.ai",t5_ayja2s,1730752861.058725
177,r/findmarionbarter,560,"A subreddit devoted to finding Marion Barter, or finding out what happened to her. Closely mapping the case through the podcast The Lady Vanishes.",t5_7ci3yy,1730752861.08145
178,r/FlightFreeTravel,560,"Flight-Free Travel is a place for people looking to cut down on flying and travel flight-free from the UK. As well as being better for the environment, flight-free travel is about rediscovering the joy of overland travel, by making the journey part of the adventure. 🚅 🚌 ⛴️",t5_ap7zhx,1730752861.103306
179,r/ForgedintheDark,560,A subreddit for all things related to the tabletop roleplaying system used in games like Blades in the Dark and Scum and Villainy.,t5_1weoib,1730752861.1252348
180,r/FoxyGen,560,Music,t5_2wils,1730752861.147014
181,r/FubecaMarbleRuns,560,Podcasts and Streamers,t5_2ufbrx,1730752861.1691341
182,r/FureverWithUs,560,Animals and Pets,t5_49p1yp,1730752861.1910698
183,r/gangstarr,560,"A place to post anything to do with Gang Starr, the influential East Coast hip hop duo that consisted of the late MC Guru and the DJ/producer DJ Premier.",t5_2ydb9,1730752861.213268
184,r/gear,560,For discussing anything gear related..,t5_2su8g,1730752861.2352781
185,r/IndieTrading,560,"A community for developers and traders using Indie, the specialized programming language for creating technical analysis indicators on the TakeProfit platform. Share code, discuss strategies, and explore custom indicator development using TakeProfit's integrated IDE tools.",t5_cdi0hm,1730752861.258254
186,r/July2025Bumps,560,"A gathering place for July 2025 Bumpers. Expecting parents of all genders and sexual orientations, their partners, and adoptive parents are all welcome. July due dates, as well as those due in June and August are welcome in this group.",t5_6894mz,1730752861.297855
187,r/KoreanAmerican,560,Welcome to KoreanAmerican,t5_2w146,1730752861.323881
188,r/lilliaslovebuns,560,"This is a snark/ discussion page for the tik tok creator lilliathings, Disclaimer, and Fair Use Notice: The opinions expressed on this page are those of the poster and do not reflect the views of this sub-reddit as a whole or the moderators. All material posted is strictly used for criticism, commentary, and open discussion.",t5_bw6pb7,1730752861.349706
189,r/LizardBest,560,Activism,t5_2ksnkd,1730752861.37696
190,r/Luck,560,Welcome to Luck,t5_2saog,1730752861.402304
191,r/michaelkiwanuka,560,Music,t5_2zqyd,1730752861.427541
192,r/mildlyinappropriate,560,All things mildlyinappropriate,t5_2wvwg,1730752861.4536471
193,r/MotorcycleCam,560,Welcome to MotorcycleCam,t5_27myem,1730752861.479436
194,r/museheadband,560,This is a place to share your experience and how you use the Muse. This is also a great place to share thought on it's various application and development discussions.,t5_2vg71,1730752861.504875
195,r/narcosfootage,560,Welcome to narcosfootage,t5_5m822z,1730752861.5316758
196,r/NellVerlaque,560,"A sub for admiring, appreciating, and discussing actress Nell Verlaque",t5_74rs6m,1730752861.5609112
197,r/noellapalomentosnark,560,This a place to SNARK on Noel. Enjoy 🤪,t5_9x6s1u,1730752861.595306
198,r/passagespodcast,560,Podcasts and Streamers,t5_abyrsa,1730752861.629969
199,r/polzetglaza,560,"A subreddit dedicated to surreal horror memes, usually expressed with Rage Comic characters. Its origins lie in the Russian internet, but users from every place in the world can enjoy these glimpses into the darkest recesses of our minds! ползучие глаза, многоязычный форум, присоединиться к нам",t5_2b984i,1730752861.669019
200,r/PriyaBhavaniShankar,560,For fans of Priya Bhavani Shankar,t5_5j5rhl,1730752861.7084942
201,r/programmingbasics,560,"It doesn't matter if you are already a programming nerd, or if you don't even know what the first greeting should be to the world...here you can learn at your own pace. Submit questions about problems you're having, create subgroups with those who are at your experience level, or coordinate projects with others! Looking for admins...preferably with knowledge of a language already. The 3 D's ----------- Don't be a dick. Don't post pictures of your dick. Don't post pictures of others dicks.",t5_2xkcm,1730752861.739636
202,r/PubgNewStateOfficial,560,Gaming,t5_4jfc4d,1730752861.76831
203,r/QuickQuestion,560,"Everything about the podcast 'Quick Question with Soren and Daniel'. Check out their youtube channel at: https://www.youtube.com/@QQPodcast If you have a math question, the r/math mods are telling you to go to this thread. Not here: https://www.reddit.com/r/math/s/maSCwWAANb",t5_2tpd8,1730752861.792882
204,r/redditstock,560,"Welcome to /r/RedditStock, the community dedicated to discussing Reddit’s own stock (NYSE: RDDT). Please note: This subreddit is not for investment advice or stock endorsements. Always do your own research and consult with a financial professional before making any investment decisions",t5_4x7l6b,1730752861.8170629
205,r/Reindeeryiff,560,Mature Themes and Adult Content,t5_7suv3b,1730752861.839544
206,r/RequiemForADream,560,Welcome to RequiemForADream,t5_31i1g,1730752861.8621519
207,r/scooterclassifieds,560,"Looking for a scooter part, or even a whole scooter? Want to sell yours? Come, sell and buy scooter stuff!",t5_2u7rq,1730752861.8848581
208,r/scoutrifle,560,Welcome to scoutrifle,t5_3el2v,1730752861.905217
209,r/StarfieldShipDecor,560,Gaming,t5_bk3a8j,1730752861.925003
210,r/SushantSinghRajput,560,Celebrity,t5_z5zcb,1730752861.944763
211,r/TalesFromMiddleEarth,560,A place to post and discuss Tolkienverse Fan Fiction,t5_3ewt7,1730752861.963916
212,r/TikTokBuySellTrade,560,Marketplace and Deals,t5_b6u5gt,1730752861.984416
213,r/TokyoSeddit,560,Welcome to TokyoSeddit,t5_2sag8,1730752862.003907
214,r/twosevenxyz,560,"Watch videos together online. Stay connected always! (For faster responses from the devs/mods, reach out via Discord/Twitter)",t5_22qzh5,1730752862.022594
215,r/twoxtelugu,560,Gender,t5_6qjukp,1730752862.0418181
216,r/UKMCPatientCommittee,560,Medical and Mental Health,t5_5we1fy,1730752862.0610611
217,r/unimpressedcats,560,"Cats who look peeved, irritated, and thoroughly unimpressed.",t5_38psw,1730752862.080144
218,r/ValueWalk,560,"Business, Economics, and Finance",t5_hb8ma,1730752862.099772
219,r/Vcds,560,A place to discuss VCDS,t5_23egcz,1730752862.121514
220,r/VerzuzTV,560,Music,t5_2ngnxx,1730752862.14172
221,r/Ysmara_Martinez,560,.,t5_3oov1j,1730752862.161793
222,r/20thcenturyboys_manga,559,This is a subreddit for Naoki Urasawa’s magnum opus 20th century boys and its sequel 21st century boys.,t5_6nm7j2,1730752862.18139
223,r/AddiesDive,559,Hobbies,t5_591gw1,1730752862.201134
224,r/AnythingGoesCinema,559,Welcome to AnythingGoesCinema,t5_2t88d,1730752862.2215412
225,r/arcadestick,559,"All things arcade sticks! Discuss your latest custom, mod or arcade stick related ideas!",t5_3aj6l,1730752862.241313
226,r/ayearofproust,559,"Reading, Writing, and Literature",t5_5fo5lw,1730752862.26071
227,r/BaldHeadCamOfficial,559,Welcome to my Reddit! You'll find the same content as my Instagram & YouTube,t5_9v0vkv,1730752862.280166
228,r/CaribaHeine,559,A dedicated subreddit for fans of Cariba Heinz (H2O),t5_2v5jc,1730752862.299705
229,r/CaylinWorship,559,We all love u Cay! ❤️,t5_84iyja,1730752862.318691
230,r/crossington,559,Funny/Humor,t5_7rd1t7,1730752862.337905
231,r/dCommunity,559,d,t5_4afsv0,1730752862.357404
232,r/DermatologyPA,559,**Welcome to /r/DermatologyPA!** The goal of this community is to connect Dermatology Physician Associates to enhance professional development and advance our presence in the field,t5_8im77e,1730752862.3775082
233,r/fakechinese,559,偽者集合,t5_8sg09v,1730752862.397231
234,r/fenomy,559,Welcome to fenomy,t5_5mwqwy,1730752862.417529
235,r/fourkingscasino,559,Gaming,t5_22yedj,1730752862.437601
236,r/gorefights,559,Mature Themes and Adult Content,t5_6xqfym,1730752862.4572742
237,r/hirariann,559,subreddit for cosplay model hirariann patreon.com/hirarian instagram.com/hirariann twitter.com/official_hirari twitch.tv/hirariann hirariann.com,t5_122vvi,1730752862.4772968
238,r/HMSSheffield,559,Anime,t5_279lgt,1730752862.496537
239,r/HOTTESTBANDINTHEWORLD,559,Music,t5_4ltlqr,1730752862.515588
240,r/imaginarymicrostates,559,"A subreddit devoted to alternate history, specifically focusing on microstates.",t5_3wjhh3,1730752862.5358698
241,r/ItsAlwaysSunnyInInaba,559,Did I create a subreddit of a subreddit for a series of AI shitposts/masterpieces? Yes.,t5_97wru8,1730752862.5547898
242,r/jordanjensen,559,Celebrity,t5_7jac53,1730752862.573956
243,r/juncacash_JCC,559,Welcome to juncacash_JCC,t5_5fh5t5,1730752862.593236
244,r/KajalRaghwani,559,Welcome to KajalRaghwani,t5_5n7bjw,1730752862.612275
245,r/katebeckinsale_legs,559,Welcome to katebeckinsale_legs,t5_81tvb3,1730752862.631927
246,r/KushBusters,559,We are a subreddit dedicated to testing and [dis]proving popular and unpopular marijuana myths. Please submit a myth and our userbase will try to test it out!,t5_38ktd,1730752862.6513128
247,r/MadScientistLabs,559,Post all types of mad science labs-- a place where you come to do the work of the mellow-dramatic bombastic and cluttered chaos for the minds of insane.,t5_25m04y,1730752862.670624
248,r/MikeGlennon,559,"Racism is bad, and if you like racism, Mike Glennon fucking hates you. We're going private for 24 hours in solidarity with Ellen Pao. You know what do in the meantime: kneel before the ginger giraffe. Kneel before him.",t5_39bnc,1730752862.6901681
249,r/MildRedditDrama,559,For those tiffs that are too mild for /r/SubRedditDrama to handle.,t5_36hum,1730752862.710027
