,subreddit,subscribers,topic,subreddit_id,scraped_utc
0,r/Breaks,555,"We love bass, beats and breakbeats.",t5_2rnc5,1730752897.304569
1,r/CatsWhoTalkBack,555,Animals and Pets,t5_79r9k3,1730752897.3272161
2,r/commentimaledetti,555,Meta/Reddit,t5_2n7m3t,1730752897.347471
3,r/cryptocurrency_ja,555,暗号通貨、あるいはブロックチェーンを使った技術について,t5_37htp,1730752897.36713
4,r/demonbuneyes,555,Animals and Pets,t5_6tpobl,1730752897.386464
5,r/eeepcmasterrace,555,Technology,t5_al1iz,1730752897.415732
6,r/FemboyCouples,555,Picture based SFW subreddit for femboy couples ^•^,t5_7ddju8,1730752897.434762
7,r/Fightstar,555,Music,t5_394f7,1730752897.453902
8,r/Finally,555,"Welcome to r/Finally, have something that has finally happened your life and you want to share, post it here. Nothing is too big or too small.",t5_2qnqp,1730752897.473261
9,r/FIND_THAT_GIRL,555,Mature Themes and Adult Content,t5_90s3hc,1730752897.492702
10,r/Forgemains,555,Gaming,t5_2dfrvm,1730752897.569195
11,r/foundmilesahxd,555,Meta/Reddit,t5_amu2h6,1730752897.588141
12,r/fugitives,555,A sub dedicated to sharing information on fugitives. US Marshals Service Communication Center 800.336.0102.,t5_37ub3,1730752897.618619
13,r/GordonLightfoot,555,Gordon Lightfoot,t5_30twa,1730752897.6361542
14,r/GretchenMol,555,Celebrity,t5_7znb3x,1730752897.653795
15,r/Hugoverse,555,The best game in any universe. Comments enabled.,t5_m99m7,1730752897.671413
16,r/iambobriha,555,This community is dedicated to Alyona Bobriha (i_am_bobriha). Photos and videos of her content are published here. Watch and enjoy) Her Tg: https://t.me/Bobriha_koroleva_tubikov Her IG: https://instagram.com/i_am_bobriha?igshid=MW5kcTVlYnRmbmpkeg==,t5_7tnp7g,1730752897.689501
17,r/inattentiveadhd,555,Welcome to inattentiveadhd,t5_6ypn6u,1730752897.708284
18,r/InfinitySeries,555,Gaming,t5_2wrnq,1730752897.726947
19,r/Inkolism,555,Art,t5_7d1kpi,1730752897.745811
20,r/ketocooks,555,Welcome to ketocooks,t5_2sldv,1730752897.764492
21,r/lesbianhypno,555,Mature Themes and Adult Content,t5_4uchfz,1730752897.7831218
22,r/LockdownHypocrites,555,A subreddit dedicated to cataloging incidents where pro-lockdown politicians & public figures have been caught breaking lockdowns.,t5_3eu9a9,1730752897.801986
23,r/Lollipopthecat,555,Animals and Pets,t5_40u1wh,1730752897.820796
24,r/LUFCstreams,555,Streams for Leeds United games only. I will include any links i have but i encourage you to post yours if you have one. After the games i will remove any stream links and post highlights where possible. MOT.,t5_279y68,1730752897.84028
25,r/Madox,555,Funny/Humor,t5_3tnwoi,1730752897.859353
26,r/MaggieLindemann_,555,Music,t5_4dqwud,1730752897.878363
27,r/MetalBass,555,This is for the bassists who get downvoted on r/bass. Here you can post your most metal basses and gear. Every type of gear is encouraged.,t5_2wrwb,1730752897.897589
28,r/metalturkiye,555,Bu subreddit Türk metal dinleyicilerinin Türkçe bir şekilde tartışabilmesi ve mizah üretebilmesi için kurulmuştur. r/metal ve r/MetalMemes'in hibrit hali gibi düşünebilirsiniz. (Hardcore Punk ve alt türlerini paylaşmak serbest),t5_2nrrcy,1730752897.91645
29,r/MyceliumMaterials,555,A place to share progress & ask questions regarding materials made from mycelium,t5_3wnhat,1730752897.935128
30,r/Natsuiro_Matsuri,555,Anime,t5_3mlwyh,1730752897.954043
31,r/Novelideas,555,"Reading, Writing, and Literature",t5_2y3iv,1730752897.972916
32,r/OpenChamber,555,"A sub for discussing the dangers of echo chambers, along with conversations about politics in general in relation to media, public accountability, and information.",t5_s3o3m,1730752897.991959
33,r/perfecttiktok,555,Only post Gorgeous Tiktok creators. No minors!!! 18+ Only!!!,t5_7v8clz,1730752898.0111349
34,r/PinnaclesNP,555,"Pinnacles National Park in San Benito County & Monterey County, California.",t5_3af8b,1730752898.0301409
35,r/pokemongomontreal,555,"This subreddit is for tips/locations (any way to help out others) who are playing Pokemon GO in Montreal, QC.",t5_3fdnz,1730752898.0492601
36,r/portorange,555,Welcome to portorange,t5_2skkf,1730752898.068882
37,r/ridgebackinu,555,"We are an ERC-20 token inspired by Rhodesian Ridgebacks, the most caring dog breed we have decided to create a $RIDGE token for the fastest growing #RidgebackInu crypto community! We have the fastest growing crypto community with a lot of people who want to support us and help us find the right person for donations! Taxes from our token is going to the donations wallet which is later donated to those in need. For more info visit: https://ridge.fi",t5_5cfwtv,1730752898.093157
38,r/shoebillsarentreal,555,Shoebills. Conspiracy. Not real. That's all. I'm bored in Spanish class right now.,t5_2ftjfa,1730752898.119958
39,r/tallwalls,555,Wallpapers for vertical monitors.,t5_31qzw,1730752898.145395
40,r/TalonMetalsInc,555,"Business, Economics, and Finance",t5_3xkxdd,1730752898.168481
41,r/tauchain,555,Programming,t5_39rbq,1730752898.1905012
42,r/thaiglseries,555,Welcome to thaiglseries,t5_7wgtji,1730752898.217597
43,r/thankyoubarbara,555,"When the vulnerable were being pillaged by the dark forces of KAREN(s), a glimmer of hope appeared when the white knight named BARBARA struck the heart of her first KAREN. A new era arose from her heroic act establishing a coalition through all races, genders, species and ages with one single cause: the expulsion of all KAREN(s).",t5_2n2dwg,1730752898.240957
44,r/thebiggestloser,555,A place to discuss NBC's 'The Biggest Loser' reality show.,t5_2te75,1730752898.26378
45,r/TheWalshFamily,555,"Kennedy, Claudia, Brandon",t5_ubcol,1730752898.2889469
46,r/To_Yeet_a_Predator,555,"In January 2020, I sent my husband to work with a kiss. Before he got off work, I found a video on his tablet from a hidden camera in our bathroom, that showed my 14 year old niece nude. I called the police, immediately, and our lives changed in a split second. I've told my story on multiple subs, now I'm going to share the whole thing, with screen shots and evidence on my own sub. I'll also show the journey from my lowest low to healing, and the start of my new life.",t5_6bkyy4,1730752898.3099651
47,r/traacraft,555,Welcome to traacraft,t5_yv0q7,1730752898.3316731
48,r/trainsimworld2,555,Gaming,t5_31jibh,1730752898.3566458
49,r/UniSG,555,"Grüezi, Willkommen, Welcome and Bienvenue to the subreddit for all things HSG. Whether you are a student or interested in becoming one, a professor or an alumni, this is the place to post, ask and share stuff.",t5_33pj5,1730752898.382454
50,r/vectorartrequests,555,Art,t5_35so4,1730752898.404713
51,r/warisshell,555,The official subreddit for the game War is Shell. Check out my twitter @Futilrevenge (Developer) and @diplodocus03 (Music/Sound) for more info on the game!,t5_l71y9,1730752898.425697
52,r/Whatisthissound,555,A place where you can upload a video or sound file that you don’t know and hopefully figure out what it is,t5_22ubi1,1730752898.449135
53,r/WWIICoD,555,This is the subreddit for Call of Duty: WWII coming November 2017,t5_3jpwk,1730752898.470954
54,r/ArtTooHigh,554,Home and Garden,t5_45xv2i,1730752898.4918242
55,r/BelgianEmpire,554,History,t5_5awj8f,1730752898.513545
56,r/billcallahan,554,Welcome to billcallahan,t5_3ca1n,1730752898.533657
57,r/Bloomtown,554,Gaming,t5_8l5m7t,1730752898.553588
58,r/boris,554,Fashion,t5_2snjl,1730752898.572712
59,r/buzzfeedsucks,554,"A place where you hate on buzzfeed for hating on reddit for hating on buzzfeed for hating on Robbie Rotten, and now Iron Man, Severus Snape and basically any character under the sun who is liked by people. Your continous subpar journalism has impressed none, and we have had enough of your continuous efforts to hate on what literally everyone on the internet likes. [A message to buzzfeed](https://www.youtube.com/watch?v=S8kCKCpO2Qw)",t5_q4gwu,1730752898.592552
60,r/commercialinsurance,554,All Things Commercial Insurance! This subreddit is not to be used to advertise your business.,t5_hxb4w,1730752898.612075
61,r/debtorsanonymous,554,"Business, Economics, and Finance",t5_2f1pu6,1730752898.631329
62,r/dystopianhiphop,554,"A subreddit for dark, dystopian world-is-ending-rapshit. Not very strict on what is strictly HipHop and what's related. Brit-core, Grime and horrorcore is welcome.",t5_2ufz5,1730752898.651951
63,r/Eiyuuou,554,Anime,t5_5eufb1,1730752898.671454
64,r/EmojiCats,554,A subreddit about the famous “emoji cats” in TikTok and YouTube Shorts.,t5_6j9der,1730752898.7162051
65,r/FFTCG,554,Subreddit for the Final Fantasy Trading Card Game.,t5_3g2jw,1730752898.766389
66,r/freebiesEU,554,Welcome to freebiesEU,t5_2tufn,1730752898.8091679
67,r/goldspeechedits,554,Welcome to goldspeechedits,t5_5y8zav,1730752898.83655
68,r/HangtwHot,554,Subreddit for the beautiful Hangtw,t5_a9e3mh,1730752898.859773
69,r/HereComeTheMummies,554,Come let your Freak Flag fly! Love the funky Mummies from Nashville? You've found your subreddit!,t5_2wvuc,1730752898.881693
70,r/HGWells,554,"Reading, Writing, and Literature",t5_33qgy,1730752898.9022348
71,r/homedistiller,554,Shared information regarding the creation of distilled spirits for beginners to advanced distillers. To ask specific questions or to do more research.,t5_2gxqhw,1730752898.923957
72,r/IfaOsha,554,A community for practitioners and those with questions. Mainly Lucumi Ifa and Osha/Ocha (Santeria) but open to all diasporic traditions.,t5_u1603,1730752898.944524
73,r/ilovecorgis,554,Subscribe us if you love ❤ corgis! We post beautiful corgi pictures every day!,t5_nl0wm,1730752898.9639199
74,r/KeyBroke,554,Technology,t5_c2w8ae,1730752898.983295
75,r/knime_users,554,Technology,t5_4nfsj3,1730752899.0066292
76,r/leadgen,554,"A lead is simply a person or business that may eventually become a client. This is a sub-reddit for sharing tactics and tricks to collect, nurture, and convert leads.",t5_3ckux,1730752899.0348558
77,r/LesbianYoutubers,554,Sexual Orientation,t5_n8lb0,1730752899.063403
78,r/lobsterfeet,554,Animals and Pets,t5_5enctg,1730752899.0894332
79,r/ManiaMods,554,A place for discussing and sharing mods for Sonic Mania’s PC release.,t5_3o1rt,1730752899.1165051
80,r/mercadoauto,554,"O sub português para venda, compra e troca de carros, motos, barcos peças auto etc Tudo o que pertença ao mundo automóvel e afins Não se esqueçam de ler as regras e visitar o nosso Discord!",t5_b6f851,1730752899.150107
81,r/mexicanfunny,554,"r/mexicanfunny is a subreddit dedicated to sharing memes in spanish that somehow relate to mexican, portuguese or south american culture. These memes tend to make little to no sense, are incredibly scuffed, or have already been done months before. Adding comedic value to them.",t5_11fdvq,1730752899.177671
82,r/ModReserves,554,Join the Mod Reserves!,t5_26cw03,1730752899.202053
83,r/movetonashville,554,Place,t5_aphoye,1730752899.226929
84,r/MovieStills,554,This subreddit is dedicated to collecting the best movie stills available.,t5_2v7eq,1730752899.257013
85,r/offthegoop,554,Internet Culture and Memes,t5_22l8n5,1730752899.282657
86,r/OpalinSky,554,The subreddit of the amazing metal band. Listen to their new album Dream Shift now!,t5_83n9t4,1730752899.3044622
87,r/orange_irl,554,Memes about queer people in denial,t5_5mtq94,1730752899.329761
88,r/paigeycakeysexy,554,pics and vids of PaigeyCakey and her girlfriend Rianna Lint 😍,t5_8si6t2,1730752899.403761
89,r/pokemongaole,554,Gaming,t5_5gsmwv,1730752899.4267058
90,r/PokemonGOBoulder,554,"Anything to do with Pokemon Go in Boulder, Colorado. Meetups, Sightings, eventually trades and gym stuff.",t5_3fdtp,1730752899.447646
91,r/Polylastic,554,Polylastic Reddit Community,t5_4df78n,1730752899.470017
92,r/portwinestain,554,"A community for people with portwine stains. Discussions, venting and questions are all encouraged!",t5_2vwi3,1730752899.490011
93,r/ProgramAudioSeries,554,Podcasts and Streamers,t5_26td3y,1730752899.5094678
94,r/RainbowQueen,554,הסאב ראדיט הרשמי של ריינבו קווין https://youtube.com/c/RainbowQueen,t5_10w9xy,1730752899.529325
95,r/SamandCatTV,554,Television,t5_2z87x8,1730752899.54822
96,r/Schoollunch,554,"The subreddit for the poisonous evil that the Lunch Lady alien cult has been feeding us. Together, we can reveal the shit they feed us.",t5_31zgb,1730752899.56714
97,r/SixDegrees,554,Welcome to SixDegrees,t5_2s5du,1730752899.587029
98,r/SixFlagsThemeParks,554,If you live near one or are a fan of Six Flags. This is the place for you.,t5_39a8z,1730752899.607386
99,r/SolitaireCashPromo,554,Welcome to SolitaireCashPromo,t5_53b7cw,1730752899.649419
100,r/SouthBay,554,Place,t5_6bfjyu,1730752899.68261
101,r/SparkleSex,554,Subreddit with horny artworks of Sparkle from Honkai Star Rail.,t5_aul7iz,1730752899.728645
102,r/StarlightGlimmer,554,A subreddit for the My Little Pony character Starlight Glimmer.,t5_37amc,1730752899.766025
103,r/stephsabraw,554,Place of worship for the bootyful baddie goddess Steph Sabraw,t5_6w2ck1,1730752899.8020601
104,r/stilllifephotography,554,"A place to post, enjoy and discuss Still Life Photography! food photography also welcome :)",t5_30cn2u,1730752899.83427
105,r/streetperformers,554,Music,t5_2s2gp,1730752899.867486
106,r/subsifellfortwice,554,Subs you fell for twice,t5_xqaty,1730752899.938537
107,r/synchronizedswimWTF,554,"For all those pics, videos, gifs, etc. of synchronized swimmers who look like they're either possessed by the devil, in an unreasonable amount of pain or just making some variation of an insane face.",t5_2upd1,1730752899.975829
108,r/talkwithgpt2bots,554,Technology,t5_2kub6t,1730752900.002388
109,r/TodayIMarvinedUp,554,Welcome to TodayIMarvinedUp,t5_33zkh,1730752900.029102
110,r/tommycraze,554,Internet Culture and Memes,t5_28vrdk,1730752900.0576699
111,r/transformersprimes,554,A subreddit about transformers prime and aligned continuity.(we don't speak about rid) discuss stuff about the show and fanfics are allowed but they can't be to sexual. You can even show off your toy collection. Post memes and enjoy yourself. Hope you enjoy! -Hashimorex,t5_4ele0r,1730752900.0879629
112,r/TVGemss,554,Different Scenes from TV Shows 👏🏽,t5_7pm2nw,1730752900.12331
113,r/UAtcg,554,Tabletop Games,t5_7qv7f7,1730752900.160342
114,r/UtahRoyalsFC,554,Sports,t5_4dx9r,1730752900.198988
115,r/Valentina_Ferragni,554,Pagina dedicata alla FAVOLOSA Valentina Ferragni. Qui vengono pubblicati i suoi migliori contenuti.,t5_7fw2s1,1730752900.238644
116,r/ValeriaLukyanova,554,"Valeria Lukyanova, know as The Human Barbie, is a russian model, devoted to body build to look like the Barbie doll.",t5_2wo5f,1730752900.280292
117,r/ValorantAccountMarket,554,Gaming,t5_azxigt,1730752900.317769
118,r/viborgff,554,Sports,t5_6iy5yj,1730752900.35422
119,r/VicMensa,554,Music,t5_2ziss,1730752900.387038
120,r/voxels,554,Somewhere to grok the fullness of voxel rendering.,t5_2rjkk,1730752900.419899
121,r/Wootrade,554,Wootrade,t5_3byafu,1730752900.4740338
122,r/xPhilosophy,554,"Experimental philosophy (xPhi for short) uses scientific methods to study our philosophical judgments, the psychological mechanisms of these judgments, and the metaphilosophical implications of these judgments and their mechanisms. (xPhi is often contrasted with ""armchair philosophy"", which uses speculative arguments that often appeal to our intuitions rather than scientific analysis of data).",t5_k0ya9,1730752900.51441
123,r/ZiennaBlackedFantasy,554,"Zienna Sonne Blacked Fantasy - A Zienna community dedicated to posting BNWO content, which can be fictional, OC and experimental. All content must promote and support the supremacy of BNWO. Chat: https://discord.com/invite/eBMfdc34Qu",t5_bh80zl,1730752900.543827
124,r/670TheScore,553,Podcasts and Streamers,t5_2yt6n,1730752900.57143
125,r/AdoptableDogsTexas,553,Animals and Pets,t5_9k3mcl,1730752900.599992
126,r/AntWorld,553,"Ants are eusocial insects of the family Formicidae and, along with the related wasps and bees, belong to the order Hymenoptera. Ants evolved from wasp-like ancestors in the mid-Cretaceous period between 110 and 130 million years ago and diversified after the rise of flowering plants. More than 12,500 of an estimated total of 22,000 species have been classified.",t5_3ec2b,1730752900.6275148
127,r/anythiny,553,Welcome to anythiny,t5_7pkdk6,1730752900.656677
128,r/ArmyOfTwo,553,Gaming,t5_2vd7i,1730752900.686018
129,r/ArquiteturaDeSoftware,553,Programming,t5_byv8f5,1730752900.714835
130,r/Autoinflammatory,553,"A new community for patients/loved ones seeking information or support for autoinflammatory diseases/periodic fever syndromes, and for healthcare providers to share information/engage in discussion-- not to be used as a place for diagnosis.",t5_f1eml,1730752900.741908
131,r/Ayane,553,"Community for fans of Ayane, the kunoichi master, illegitimate daughter of the tyrant Raidou, and rival/half-sister to the main heroine, Kasumi, from the Dead or Alive franchise.",t5_7alweb,1730752900.7710779
132,r/Beefacts,553,"There are over 20,000 known species of bees across the globe, existing on every continent except Antarctica. This subreddit is dedicated to the exploration of these species, highlighting the many interesting and unusual facts about our friends from the apoidea family.",t5_38h3o,1730752900.811219
133,r/BFCIA,553,Podcasts and Streamers,t5_cicaj8,1730752900.852015
134,r/bigbabygucci,553,Music,t5_2bduqm,1730752900.887476
135,r/Biocosmism,553,Russian cosmism was a philosophical and cultural movement that emerged in Russia in the early 20th century.,t5_2wp57,1730752900.922576
136,r/Black_Torch,553,Anime,t5_3iqlu,1730752900.966341
137,r/Blender420,553,Open Source artwork for open-minded people.,t5_37sh2,1730752901.0112
138,r/BritBliss,553,Subreddit for the cosplayer/gamer/model Brit Bliss,t5_ikie1,1730752901.055199
139,r/Btown_Social,553,A subreddit for people to meet others in Bloomington and explore local activities,t5_74a08f,1730752901.089189
140,r/CAIhadastroke,553,Technology,t5_9mi7qf,1730752901.119592
141,r/CanIRunThisGame,553,Gaming,t5_2vxoi,1730752901.145491
142,r/celebritycompilation,553,Welcome to celebritycompilation,t5_7ws8sv,1730752901.170042
143,r/ChainsOfAsmodeus,553,Tabletop Games,t5_9y4lll,1730752901.1918101
144,r/CindysFeet,553,Community dedicated to my feet 😊💕 https://fans.ly/CindyTrueBush https://linktr.ee/cindytruebush_,t5_7u5ls9,1730752901.213581
145,r/CloveMains,553,"Official subreddit for Clove, Controller agent in Valorant!",t5_ayh23e,1730752901.2351549
146,r/CuteDucks,553,Only cute ducks cuz awesome,t5_2xgzh,1730752901.279138
147,r/DawnofWar2,553,Welcome to DawnofWar2,t5_2t9yc,1730752901.305671
148,r/devialet,553,Technology,t5_3amv5,1730752901.3272011
149,r/DnDDoge,553,Hobbies,t5_4g7rjg,1730752901.3481221
150,r/DoItAmazing,553,A Subreddit dedicated to everything related to MBK's South Korean girl group DIA.,t5_39xyf,1730752901.369767
151,r/ErnstYoungLLP,553,Welcome to EY. A space to discuss everything about Ernst and Young! (not official),t5_9yqugs,1730752901.390663
152,r/FanfictionHype,553,"Reading, Writing, and Literature",t5_478rtp,1730752901.410414
153,r/GachaWorship,553,Gaming,t5_a4k8t8,1730752901.4330409
154,r/GeForceNOWExploits,553,Programming,t5_2nn26i,1730752901.453418
155,r/GiaRadionova,553,Welcome to the community dedicated to all things Gia Radionova.,t5_3fij0,1730752901.472686
156,r/gifendore,553,Sometimes you don't want to wait for a long gif to finish or you want to see the end for longer than a split second. Now you can with u/gifendore! Use this subreddit to summon gifendore and get the last frame from a gif or video. https://brandawg93.github.io/Gifendore/,t5_xd1va,1730752901.497066
157,r/Glendora,553,Welcome to Glendora,t5_2tcq2,1730752901.523275
158,r/Grashros,553,fans of the manga Grashros,t5_4d407,1730752901.544121
159,r/HotTwerks,553,Welcome to HotTwerks,t5_bcd5hn,1730752901.565043
160,r/HunchbackOfNotreDame,553,"This subreddit is dedicated to Victor Hugo's novel Notre Dame de Paris and all its masterful theater, film, and song adaptations.",t5_22yrko,1730752901.5863428
161,r/Iamvickiblankss,553,Welcome to Iamvickiblankss,t5_76bf6h,1730752901.606184
162,r/itsacarpetbeetle,553,Animals and Pets,t5_60wsdw,1730752901.6275258
163,r/JenniferCoolidge,553,Welcome to JenniferCoolidge,t5_72i0f1,1730752901.647312
164,r/joshcohenmusic,553,Music,t5_3hhud,1730752901.666893
165,r/JustEUflags,553,Post here a photo or a video with EU flag(s).,t5_26etj9,1730752901.6863549
166,r/k12cybersecurity,553,"Just another place to talk about IT security in the K-12 space. Post articles, talk about strategies. One thing I want this community to be is open and free. Please do not post copywritten material. If you wish to publish your own work make sure you list with an opensource license. There are so many groups that are looking to make money on just advice. Finally make sure your information is as anonymous as you can. We don't need this to be a zone for attack vector research.",t5_4rgq4v,1730752901.706018
167,r/KronikNightmares,553,Welcome to KronikNightmares,t5_51p4gi,1730752901.726017
168,r/Mageo,553,Gaming,t5_2bqfdp,1730752901.745919
169,r/MaggieCivantos,553,Spanish actress.,t5_272jic,1730752901.765415
170,r/magnumdong,553,The home of all dongtent.,t5_3ddfu,1730752901.785198
171,r/MainViVala_Diamond,553,"All about Vivala ,Ari ,and Jania We don’t do all that spam (AND NO PORN NIGGA JUST GO WATCH PORN THAT SHIT FREE😂)",t5_6k8sth,1730752901.845411
172,r/PennStateHousing,553,A dedicated subreddit for Penn State/State College/University Park people to network for housing. Reddit/Mods take no responsibility for the actions or potential risks associated with facilitating this message board. Please use at your own risk,t5_2woit,1730752901.888254
173,r/PrequelTrebuchetBread,553,A dedicated Allied hub for out troops in the great meme war of the Allies lead by prequelmems trebuchetmemes and garlicbreadmemes.,t5_h71w5,1730752901.929999
174,r/ProjectArrythmia,553,Gaming,t5_2b7e6e,1730752901.961136
175,r/Promod,553,Gaming,t5_2yyu4,1730752901.986476
176,r/prowindowcleaning,553,Careers,t5_9vh8d9,1730752902.008359
177,r/PrusaMK4,553,This is a Subreddit for the hopefully someday coming Prusa i3 MK4. The Reddit for Prusa in general is r/prusa3d .,t5_5ez7ah,1730752902.030463
178,r/quiltingforsale,553,"For quilters to post any quilting related items that they would like to sell, trade, or give away.",t5_2w5nu,1730752902.050142
179,r/RaisewaTaningaIi,553,Anime,t5_agj28c,1730752902.069441
180,r/rianjohnsonmemes,553,Movies,t5_28ycf6,1730752902.0886889
181,r/rpgmo,553,RPG MO is a free to play browser game which can be played here: https://mo.ee/,t5_2xkj1,1730752902.1081789
182,r/S2T,553,A place for deep thoughtful discussion on a complex topic,t5_2m3xcf,1730752902.127548
183,r/SaveTheOA,553,Get updated on whats happening with the #SaveTheOA Grassroots Movement's campaign! Discuss and post about your thoughts and ideas for future events.,t5_22uz1g,1730752902.146809
184,r/socialimprovement,553,Family and Relationships,t5_b9u6xa,1730752902.166045
185,r/spiritfarergame,553,"A place to discuss the game, Spiritfarer until the original that is participating in the Reddit blackout, returns.",t5_8r471p,1730752902.185357
186,r/teamsleep,553,Welcome to teamsleep,t5_2vwts,1730752902.204588
187,r/tf2fashion,553,"A place to show off your latest Team Fortress 2 loadouts that you are proud of. Comical, serious, sexy, you name it.",t5_2w1sb,1730752902.2255418
188,r/TheBigBrunch,553,"A sub Reddit for Dan Levy's upcoming show, The Big Brunch.",t5_5aastn,1730752902.2452018
189,r/thecesspoolOG,553,A place to debate the bottom feeders who are fighting to be on top,t5_4rhqtj,1730752902.264087
190,r/TheWatch,553,Television,t5_30gyd,1730752902.283444
191,r/ThisOutOfWater,553,"A subreddit for photos of things that are normally submerged underwater, but are currently exposed.",t5_2oikl3,1730752902.302753
192,r/timetravelpragmatism,553,A religion from the future. for the future.,t5_2sevu,1730752902.321932
193,r/TVigil,553,A place to discuss the BBC's new TV series Vigil (to stream on Peacock in the US).,t5_4dv6j1,1730752902.3414059
194,r/TVTooHot,553,"You thought that TV looked good above your fireplace, huh?",t5_5olr1l,1730752902.3609421
195,r/TWStories,553,For the writer *and* the gamer.,t5_2yobp,1730752902.3801951
196,r/UVAbasketball,553,Your sub for all things relating to Cavaliers Hoops.,t5_3ffsp,1730752902.3999
197,r/VladNcl,553,Welcome to VladNcl,t5_7i31we,1730752902.418936
198,r/WaifuUpscales,553,A subreddit specifically to host links to Waifu2x upscaled content.,t5_3k65k,1730752902.4399328
199,r/WhispersOfAntiquity,553,"Whispers of Antiquity is an upcoming alternate history mod for Hearts of Iron 4. Our universe is a universe where the US joined the Central Powers in World War I, leading the world down a path of history very different from our own. In this timeline, the Central Powers won the war with great cost, Austria-Hungary fell to a socialist revolution, and Italy fell to extreme revanchist nationalists that proclaim a new ideology bent on restoring the glory of the old days- Antiquarian Nationalism.",t5_m4mjw,1730752902.4597828
200,r/writingscifi,553,"This sub is dedicated to writing original science fiction with an eye towards publishing/self-publishing, be that print, ebook, video game, stage or screen. Discussions of craft, marketing, business, career development and planning are all welcome.",t5_35ziv,1730752902.479558
201,r/xxxingames,553,Welcome to xxxingames,t5_787bms,1730752902.499506
202,r/YouTubeThumbnailHub,553,Learning and Education,t5_6f35m0,1730752902.5187578
203,r/Yukong,553,Yukong is upcoming Honkai Star Rail 4* character of the Imaginary Element - Path of Harmony.,t5_8b6kn0,1730752902.537952
204,r/Alicebluwu,552,Welcome to Alicebluwu,t5_6zjvsd,1730752902.5571089
205,r/AnimationShortAwards,552,Movies,t5_35gub1,1730752902.576285
206,r/anotherplace,552,Meta/Reddit,t5_3nrb0,1730752902.595377
207,r/barebow,552,Sports,t5_5uomc6,1730752902.6147132
208,r/Beacon23,552,Television,t5_6acnez,1730752902.633844
209,r/beforeiko,552,Mature Themes and Adult Content,t5_45cccc,1730752902.652856
210,r/Bookblogger,552,"A community for new, experienced, aspiring book bloggers who can't stop talking about books! This is a place where we can share posts/tips/advice/announcements that can be useful/helpful for other book bloggers.",t5_3arsp,1730752902.671993
211,r/boostedservice,552,A community for Boosted Board owners attempting to figure out what is possibly wrong with their board. Post photos and videos for the community to try and diagnose. This community is not responsible for any problems that may arise due to incorrect service or attempted fixes. We also have an Istagram: @BoostedService,t5_1a1xz2,1730752902.691164
212,r/BuckTommy,552,Television,t5_bhrkyn,1730752902.711645
213,r/Canyonlands,552,Welcome to Canyonlands,t5_3d5vn,1730752902.731169
214,r/CasualFootball,552,Sports,t5_7fssgz,1730752902.75014
215,r/catsintoilets,552,Animals and Pets,t5_2p2c3r,1730752902.769057
216,r/CelebCleavages,552,Appreciation sub for best celebrity cleavages on the internet. Just NO photoshoped pictures,t5_6yvwnk,1730752902.788461
217,r/ChaosTalking,552,"Reading, Writing, and Literature",t5_353wd,1730752902.8077178
218,r/ChatGPTMeta,552,Trendy r/chatgpt topics,t5_8ej5bb,1730752902.8272698
219,r/chromatin,552,Science,t5_bn5pi4,1730752902.84625
220,r/ChurchOfGravel,552,Gaming,t5_2uywu6,1730752902.865973
221,r/collectivesoul,552,Welcome to collectivesoul,t5_2uc5g,1730752902.885859
222,r/crypto_jp,552,"暗号資産（仮想通貨）に関する最新のニュースや話題を共有するサブレディットです。暗号資産の市場動向、技術革新、規制動向、投資戦略などに興味がある方は、ぜひ参加してください。暗号資産に関する知識や経験を持つ方も、初心者の方も、気軽に投稿やコメントをして、コミュニティを盛り上げてください。 crypto_jp subreddit is for sharing the latest news and topics related to crypto assets (virtual currencies) and blockchain. If you are interested in market trends, technological innovations, regulatory developments, investment strategies, etc. of crypto assets, join us.",t5_7pomh6,1730752902.905139
223,r/DSOrchestra,552,Music,t5_2h10dh,1730752902.924203
224,r/ElizabethWatkins,552,Mature Themes and Adult Content,t5_4b1v7m,1730752902.943619
225,r/FirstThingsFirstFS1,552,Television,t5_7v7y62,1730752902.9629471
226,r/FrontPageRejects,552,Posts that were clearly headed to the front page but got removed due to breaking sub rules.,t5_3ekus,1730752903.005596
227,r/GirlyVibes,552,Your #1 Place for all things girl products and reviews!,t5_ci3lip,1730752903.023411
228,r/graciethebrat,552,"This subreddit is made to discuss Graciethebrat, use it to show love, support, advice or to spread information 💟 Discord server: https://discord.gg/njHGjFb4",t5_bqt5cr,1730752903.042519
229,r/Gravl,552,Technology,t5_bkh557,1730752903.061196
230,r/HardCoreHeroQuest,552,Tabletop Games,t5_679suy,1730752903.079948
231,r/hiringGermany,552,Careers,t5_3k7mw,1730752903.099092
232,r/Ichbin40undMongo,552,Fett am lachen!,t5_auj5mz,1730752903.117922
233,r/IrishCarCulture,552,Cars and Motor Vehicles,t5_4f3y03,1730752903.136804
234,r/Jeromeasf,552,Welcome to Jerome's Subreddit!,t5_lm6vh,1730752903.1561222
235,r/JoseeTheTigerAndFish,552,Anime,t5_2ziujy,1730752903.175068
236,r/KhyatiSharma,552,Welcome All Khyati Sharma Aka Pyaari Naari Lovers…! ❤️,t5_8o6928,1730752903.193872
237,r/LilNasTwitter,552,"Screenshots of Lil Nas X being hilarious or insightful on social media, it doesn't need to just be twitter obviously.",t5_1cm6by,1730752903.214033
238,r/literallynothing,552,get the fuck outta here,t5_2z2yu,1730752903.233097
239,r/LMAMMMTFM,552,Was your mom the Tom Ford of your neighborhood? Show off your bitchin' mom-made threads here,t5_23byio,1730752903.25217
240,r/LoveDeadline,552,Television,t5_aklp88,1730752903.271276
241,r/Matlock_CBS,552,"Subreddit for Matlock on CBS starring Kathy Bates. Follows Madeline Matlock as she rejoins the work force at a prestigious law firm, where she uses her wily tactics to win cases and expose wrong doing.",t5_cauqad,1730752903.290349
242,r/MovieTurkey,552,"Sevdiğiniz filmleri, dizileri, aktörleri paylaşabilir; isterseniz filmler için anket açabilirsiniz. Film, dizi önerisi alabilirsiniz.",t5_2ocyah,1730752903.309498
243,r/MushroomCult,552,Welcome to MushroomCult,t5_2tqtb,1730752903.328511
244,r/MushroomMarket,552,"A marketplace for anyone looking to sell anything mushroom related. Spore solutions, prints, agar, liquid culture, spawn/substrates. If it's legal where you live, sell it or trade it here. If it's not keep it to PM's.",t5_26aywz,1730752903.347766
245,r/NewOrleansFoodies,552,Food and Drink,t5_7q91kd,1730752903.3676128
246,r/NGUIndustries,552,Discord: https://discord.gg/TuUHG8W74f,t5_3g0rtv,1730752903.3874612
247,r/NiHaoBootyHole,552,Welcome to NiHaoBootyHole,t5_6fjw4t,1730752903.406749
248,r/okbuddyneff,552,Williard neffew fukui-san chefs kiss poggers,t5_2uy6jb,1730752903.426013
249,r/OverthinkingClubPH,552,"Tara na at mag overthink! Share your stories about your relationships, situationship, or career. Sasamahan ka namin mag delulu at mag overthink! 🤸‍♀️🤸‍♀️🤸‍♀️",t5_8qlpre,1730752903.445359
