,subreddit,subscribers,topic,subreddit_id,scraped_utc
0,r/czechrepublic,43571,Place,t5_2tahu,1730746369.750967
1,r/AgeofMythology,43541,Gaming,t5_2tf0k,1730746369.774109
2,r/miltonkeynes,43539,Place,t5_2sldz,1730746369.794235
3,r/AstroGaming,43524,Technology,t5_32aow,1730746369.814389
4,r/golftips,43513,Sports,t5_2re9x,1730746369.83492
5,r/SwiftUI,43511,Programming,t5_12hozx,1730746369.86396
6,r/Inktober,43505,Art,t5_2yoh1,1730746369.884012
7,r/HoodedEyes,43490,Beauty and Makeup,t5_2zol8,1730746369.906382
8,r/HomestarRunner,43481,Internet Culture and Memes,t5_2rj30,1730746369.9292722
9,r/ERAYileBoslugaDogru,43479,Podcasts and Streamers,t5_4kedf9,1730746369.9495308
10,r/YogaWorkouts,43476,Fitness and Nutrition,t5_3mu03,1730746370.036743
11,r/KingstonOntario,43472,Place,t5_2s8kp,1730746370.0588338
12,r/NameMyDog,43470,Animals and Pets,t5_3cbed,1730746370.0890958
13,r/oscarrace,43465,Movies,t5_3byr7,1730746370.110122
14,r/OttawaSenators,43462,Sports,t5_2qojw,1730746370.130427
15,r/videochatting,43441,Mature Themes and Adult Content,t5_52fm37,1730746370.150439
16,r/Spore,43436,Gaming,t5_2qiv4,1730746370.169732
17,r/GrayZoneWarfare,43412,Gaming,t5_9u1oz3,1730746370.189035
18,r/ScienceTeachers,43404,Science,t5_2s5rr,1730746370.2084548
19,r/PonyTown,43379,Gaming,t5_3fap4,1730746370.2271528
20,r/cowboyboots,43373,Fashion,t5_2s7ji,1730746370.245041
21,r/PatMcAfeeShowOfficial,43367,Podcasts and Streamers,t5_2ocymz,1730746370.262903
22,r/mythbusters,43365,Television,t5_2qtxd,1730746370.28062
23,r/Horticulture,43356,Home and Garden,t5_2qor7,1730746370.298442
24,r/doctorsUK,43347,Careers,t5_59h6f4,1730746370.3160021
25,r/vertcoin,43347,Crypto,t5_2zq7t,1730746370.3335838
26,r/TwilightZone,43338,Television,t5_2rqlh,1730746370.35126
27,r/loopdaddy,43333,Podcasts and Streamers,t5_hsm87,1730746370.368997
28,r/beeandpuppycat,43313,Television,t5_2xrdy,1730746370.386733
29,r/BEFire,43311,"Business, Economics, and Finance",t5_11cinh,1730746370.404507
30,r/JoshuaWeissman,43302,Food and Drink,t5_23kfb2,1730746370.422035
31,r/ExclusivelyPumping,43296,Women's Health,t5_3aeag,1730746370.440058
32,r/theketodiet,43295,Food and Drink,t5_2vztm,1730746370.458539
33,r/words,43283,"Reading, Writing, and Literature",t5_2qma2,1730746370.478244
34,r/NFTgiveaway,43276,Crypto,t5_42byu8,1730746370.497161
35,r/elliottsmith,43275,Music,t5_2rmbn,1730746370.515608
36,r/CoffeePH,43274,Food and Drink,t5_5rv4gw,1730746370.537864
37,r/microblading,43270,Beauty and Makeup,t5_3npsg,1730746370.557655
38,r/sitcoms,43268,Television,t5_2tjtp,1730746370.577426
39,r/LeCreuset,43267,Hobbies,t5_39yjk,1730746370.595778
40,r/Conures,43262,Animals and Pets,t5_2uvez,1730746370.6147258
41,r/philly,43261,Place,t5_2qhee,1730746370.633213
42,r/WireWrapping,43258,Crafts and DIY,t5_2z89v,1730746370.651775
43,r/RaftTheGame,43255,Gaming,t5_3iazl,1730746370.67045
44,r/iPadOS,43243,Technology,t5_12hcgd,1730746370.68853
45,r/CamilaCabelloLewd,43241,Mature Themes and Adult Content,t5_g82cd,1730746370.706843
46,r/AirpodsPro,43237,Technology,t5_26yfnx,1730746370.726037
47,r/Katemara,43229,Celebrity,t5_2uzqh,1730746370.7453032
48,r/RockClimbing,43227,Sports,t5_2qk00,1730746370.7642932
49,r/PhotographyProTips,43221,Art,t5_2u9mv,1730746370.7834282
50,r/BeMyReference,43219,Careers,t5_3jaizs,1730746370.802331
51,r/Yamaha,43219,Cars and Motor Vehicles,t5_2tbyx,1730746370.821831
52,r/baldursgatememes,43206,Gaming,t5_3865zd,1730746370.842449
53,r/mintmobile,43199,Technology,t5_hyahj,1730746370.863018
54,r/peopleplayground,43196,Gaming,t5_21ud1t,1730746370.884583
55,r/PTCGL,43170,Gaming,t5_4ykz97,1730746370.905987
56,r/WeDoALittlePosting,43170,Internet Culture and Memes,t5_4q1a3u,1730746370.929661
57,r/AWLIAS,43157,Science,t5_2vmwn,1730746370.951997
58,r/gametales,43150,Tabletop Games,t5_2wqgc,1730746370.974488
59,r/SimpsonsFaces,43139,Television,t5_3960q,1730746370.996358
60,r/GTA6_NEW,43137,Gaming,t5_8l5wbz,1730746371.017972
61,r/barexam,43136,Learning and Education,t5_2qm2z,1730746371.041147
62,r/CIVILWAR,43127,History,t5_2qutr,1730746371.064176
63,r/newengland,43120,Place,t5_2qqb6,1730746371.085415
64,r/philodendron,43111,Home and Garden,t5_yyivc,1730746371.10704
65,r/playingcards,43092,Tabletop Games,t5_2snqk,1730746371.1283588
66,r/E30,43088,Cars and Motor Vehicles,t5_2sfyt,1730746371.1497338
67,r/tampabayrays,43058,Sports,t5_2s2cl,1730746371.171092
68,r/singaporehappenings,43050,World News,t5_70s6ew,1730746371.193492
69,r/fnki,43049,Anime,t5_3oudr,1730746371.214705
70,r/longcats,43043,Animals and Pets,t5_3802h,1730746371.237205
71,r/awwnimate,43040,Anime,t5_32gfx,1730746371.2601972
72,r/SEGAGENESIS,43037,Gaming,t5_2s7x2,1730746371.281339
73,r/dustythunder,43025,Meta/Reddit,t5_7ptzkk,1730746371.303179
74,r/DailyShow,43013,Television,t5_2qlhz,1730746371.326145
75,r/Waterdogs,43011,Animals and Pets,t5_2485of,1730746371.3470879
76,r/EstrangedAdultKids,43000,Trauma Support,t5_6v66ir,1730746371.3684878
77,r/KafkaMains,42989,Gaming,t5_66sxpz,1730746371.389898
78,r/entj,42986,Ethics and Philosophy,t5_2r36o,1730746371.411626
79,r/prephysicianassistant,42986,Learning and Education,t5_351iw,1730746371.433259
80,r/sexualassault,42967,Trauma Support,t5_321qi,1730746371.454504
81,r/StarTrekDiscovery,42965,Television,t5_3fl43,1730746371.476761
82,r/OyasumiPunpun,42945,Anime,t5_3fnel,1730746371.498398
83,r/AllInclusiveResorts,42940,Travel,t5_xpdf0,1730746371.520155
84,r/seoul,42930,Place,t5_2r1oz,1730746371.5438468
85,r/humorousreviews,42920,Internet Culture and Memes,t5_2xfla,1730746371.56543
86,r/Legitpiercing,42914,Fashion,t5_305lh,1730746371.586499
87,r/Rlanguage,42906,Programming,t5_2sbkr,1730746371.6065788
88,r/nocode,42894,Technology,t5_3gbip,1730746371.627348
89,r/lionesses,42893,Sports,t5_2ay1ij,1730746371.646954
90,r/runningmusic,42888,Music,t5_2tr7w,1730746371.666414
91,r/WastedGachaTalent,42865,Mature Themes and Adult Content,t5_2t20jy,1730746371.686344
92,r/Pacybits,42864,Technology,t5_3pcns,1730746371.706521
93,r/flonkers,42852,Animals and Pets,t5_s9ii8,1730746371.726719
94,r/girlsgonewired,42844,Programming,t5_2v7hs,1730746371.7472608
95,r/JaydaWayda,42844,Mature Themes and Adult Content,t5_2gx49c,1730746371.766796
96,r/TreesSuckingAtThings,42843,Outdoors and Nature,t5_2ujn7,1730746371.786138
97,r/SwimmerBabes,42831,Mature Themes and Adult Content,t5_yylci,1730746371.805554
98,r/GrahamHancock,42822,History,t5_2tyzp,1730746371.824718
99,r/Carhartt,42809,Fashion,t5_2zk9u,1730746371.8441
100,r/321,42807,Place,t5_2s7u4,1730746371.863199
101,r/EmergencyRoom,42800,Careers,t5_2xnap,1730746371.8823512
102,r/PennStateUniversity,42790,Learning and Education,t5_2rgmf,1730746371.947242
103,r/Earwolf,42785,Podcasts and Streamers,t5_2se24,1730746372.197629
104,r/WOSH,42780,Internet Culture and Memes,t5_2yslw,1730746372.221623
105,r/chiptunes,42772,Music,t5_2qlmr,1730746372.242943
106,r/seaglass,42760,Outdoors and Nature,t5_2tyue,1730746372.262849
107,r/apps,42749,Technology,t5_2r9px,1730746372.2860281
108,r/okoidawappler,42748,Internet Culture and Memes,t5_w2zxy,1730746372.316204
109,r/sheranetflix,42745,Television,t5_pfoy5,1730746372.337006
110,r/MakeWay4QueensGuard,42740,Internet Culture and Memes,t5_m8r97,1730746372.3576472
111,r/CelebsBikiniUndies,42739,Mature Themes and Adult Content,t5_5iai1r,1730746372.377822
112,r/Bubbles,42737,"We love all kinds of bubbles, the soapy kind, air bubbles in stuff, and all the cool science behind them! Please join us for some bubbly fun today! 🫧",t5_2rtzm,1730746372.3996139
113,r/Challenger,42732,Cars and Motor Vehicles,t5_2wojr,1730746372.469821
114,r/BudgetKeebs,42720,Technology,t5_536kzr,1730746372.490656
115,r/UnrealEngine5,42714,Gaming,t5_2nrc55,1730746372.523211
116,r/PokemonGoTrade,42702,Gaming,t5_3bdwg,1730746372.5424159
117,r/punkfashion,42700,Fashion,t5_2tm40,1730746372.5644748
118,r/olympia,42697,Place,t5_2r63n,1730746372.587014
119,r/spacemarines,42689,Tabletop Games,t5_37j5t,1730746372.6087282
120,r/COROLLA,42688,Cars and Motor Vehicles,t5_2t9rg,1730746372.628184
121,r/Throwers,42683,Hobbies,t5_2s97a,1730746372.647541
122,r/canyoneering,42681,Outdoors and Nature,t5_2sbhe,1730746372.667603
123,r/Soundbars,42681,Technology,t5_36v0n,1730746372.688576
124,r/samuraijack,42679,Television,t5_2tlpl,1730746372.708308
125,r/ZaidZIZ,42670,Podcasts and Streamers,t5_7m3s68,1730746372.727476
126,r/DavidDobrik,42656,Podcasts and Streamers,t5_3h595,1730746372.747115
127,r/FatFIREIndia,42653,"Business, Economics, and Finance",t5_ti1ua,1730746372.7661052
128,r/optometry,42647,Medical and Mental Health,t5_2shdt,1730746372.785749
129,r/gtd,42598,Learning and Education,t5_2qhck,1730746372.804391
130,r/openttd,42589,Gaming,t5_2royw,1730746372.823228
131,r/innout,42588,Food and Drink,t5_2s3cl,1730746372.842955
132,r/NeverPauseAvatar,42583,Television,t5_2wkfnc,1730746372.863009
133,r/boeing,42582,"Business, Economics, and Finance",t5_2uyxp,1730746372.882108
134,r/Cplusplus,42580,Programming,t5_2qh6x,1730746372.9008372
135,r/EuroTruck2,42578,Gaming,t5_2vcw5,1730746372.919376
136,r/IOT,42572,Technology,t5_2shj9,1730746372.938209
137,r/europeanunion,42564,Politics,t5_2tli1,1730746372.957806
138,r/portraits,42557,Art,t5_2sxa6,1730746372.980403
139,r/indoorbouldering,42549,Sports,t5_3nub1,1730746373.0003042
140,r/PhotographyIndia,42548,Hobbies,t5_4yh9zj,1730746373.02
141,r/EvelynnMains,42547,Gaming,t5_38tok,1730746373.0391948
142,r/LeedsUnited,42529,Sports,t5_2teb8,1730746373.058687
143,r/TeenWolf,42526,Television,t5_2sjll,1730746373.077806
144,r/MercyMains,42525,Gaming,t5_3e8bz,1730746373.096756
145,r/bachelorette,42514,Television,t5_2xbz4,1730746373.116309
146,r/Mensmittenwithkittens,42513,Animals and Pets,t5_wh49p,1730746373.135296
147,r/DebateAVegan,42512,Ethics and Philosophy,t5_2sa7z,1730746373.154516
148,r/GreatnessOfWrestling,42505,Sports,t5_4cindo,1730746373.178303
149,r/murakami,42499,"Reading, Writing, and Literature",t5_2tdp4,1730746373.202417
150,r/imaginedragons,42496,Music,t5_2urqu,1730746373.224767
151,r/MTGLegacy,42477,Tabletop Games,t5_2x2p0,1730746373.246159
152,r/awenime,42470,Anime,t5_2w4kz,1730746373.266359
153,r/RocketLeagueFriends,42457,Gaming,t5_391mc,1730746373.287035
154,r/revengestories,42449,Internet Culture and Memes,t5_2w8ku,1730746373.3078568
155,r/PhR4Dating,42432,Family and Relationships,t5_6ko46r,1730746373.3303838
156,r/Lizards,42429,Animals and Pets,t5_2tqk0,1730746373.351651
157,r/dancingwiththestars,42428,Television,t5_2tu45,1730746373.372656
158,r/untitledgoosegame,42428,Gaming,t5_nvc27,1730746373.391484
159,r/DragRaceTea,42423,Television,t5_6ukypn,1730746373.411596
160,r/norsemythology,42412,History,t5_34380,1730746373.4309068
161,r/HauntedMound,42404,Music,t5_2es9of,1730746373.450594
162,r/Gouache,42402,Art,t5_39b2k,1730746373.5071502
163,r/Myfitnesspal,42400,Fitness and Nutrition,t5_2swj9,1730746373.555978
164,r/TheVirginZone,42393,Podcasts and Streamers,t5_3ko313,1730746373.589888
165,r/acorns,42391,"Business, Economics, and Finance",t5_2w8q4,1730746373.61743
166,r/CovidVaccinated,42390,Medical and Mental Health,t5_3gppqs,1730746373.6407099
167,r/AnimeWallpapersSFW,42383,Anime,t5_2i3j8f,1730746373.662695
168,r/plantabuse,42382,Home and Garden,t5_2eeco7,1730746373.6848562
169,r/nds,42373,Gaming,t5_2qoyv,1730746373.7063339
170,r/framework,42364,Technology,t5_2s5og,1730746373.728099
171,r/CozyFantasy,42352,"Reading, Writing, and Literature",t5_6bw0vt,1730746373.749486
172,r/ageofempires,42348,Gaming,t5_2s06e,1730746373.7715352
173,r/PinayBeauties,42346,Mature Themes and Adult Content,t5_4jclfw,1730746373.792744
174,r/kenopsia,42339,Internet Culture and Memes,t5_2wio9,1730746373.813942
175,r/thebadbatch,42328,Television,t5_2mt0q5,1730746373.835526
176,r/ImaginaryTamriel,42315,Art,t5_2zsiz,1730746373.854971
177,r/MediaSynthesis,42314,Technology,t5_f2bje,1730746373.8752089
178,r/DenseGifs,42286,Internet Culture and Memes,t5_3pxdb,1730746373.8956192
179,r/ImaginaryPathways,42285,Art,t5_3aawe,1730746373.916407
180,r/explainlikedrcox,42284,Television,t5_2wsv9,1730746373.936714
181,r/TheKillers,42277,Music,t5_2t0lf,1730746373.957671
182,r/locs,42275,Beauty and Makeup,t5_2vfg9,1730746373.982136
183,r/ModelCars,42272,Hobbies,t5_2se1w,1730746374.003514
184,r/ladiesinsuits,42267,Fashion,t5_33lqa,1730746374.025286
185,r/cakeday,42265,Meta/Reddit,t5_2ssfu,1730746374.04688
186,r/AVoid5,42254,Internet Culture and Memes,t5_3fr2z,1730746374.068046
187,r/PHMotorcycles,42251,Cars and Motor Vehicles,t5_3sof6x,1730746374.086675
188,r/bigfloppa,42250,Internet Culture and Memes,t5_2pz5fw,1730746374.105698
189,r/HondaCB,42242,Cars and Motor Vehicles,t5_2udhl,1730746374.124071
190,r/avfc,42233,Sports,t5_2s569,1730746374.141849
191,r/mitsubishi,42233,Cars and Motor Vehicles,t5_2sla7,1730746374.159507
192,r/ImaginaryWildlands,42232,Art,t5_2xz44,1730746374.1776278
193,r/feedthememes,42229,Internet Culture and Memes,t5_iuwgn,1730746374.196408
194,r/cupcakes,42228,Food and Drink,t5_2rcs6,1730746374.215028
195,r/StopEatingSeedOils,42228,Food and Drink,t5_pc8kv,1730746374.233985
196,r/reckful,42222,Podcasts and Streamers,t5_2veof,1730746374.253155
197,r/NavyBlazer,42217,Fashion,t5_32edi,1730746374.272287
198,r/newsokur,42211,World News,t5_36v9d,1730746374.291816
199,r/Insta360,42210,Technology,t5_3p91q,1730746374.311577
200,r/Fixxit,42206,Cars and Motor Vehicles,t5_2sti8,1730746374.33097
201,r/etymologymaps,42196,Hobbies,t5_2yzko,1730746374.350132
202,r/AlishaLehmann,42194,Mature Themes and Adult Content,t5_2g61kx,1730746374.36834
203,r/hottoys,42193,Hobbies,t5_2v5mb,1730746374.386337
204,r/shuffle,42189,Hobbies,t5_2slk5,1730746374.40412
205,r/McLounge,42181,Careers,t5_2unmb,1730746374.42188
206,r/nairobi,42181,Place,t5_2tblm,1730746374.439712
207,r/AskTechnology,42179,Technology,t5_2t6b3,1730746374.460059
208,r/fascinating,42179,Internet Culture and Memes,t5_2qh9m,1730746374.4793441
209,r/couchsurfing,42176,Travel,t5_2qs85,1730746374.498037
210,r/AnimalsWithoutNecks,42167,Animals and Pets,t5_2v9h7,1730746374.517063
211,r/subaruimpreza,42165,Cars and Motor Vehicles,t5_32wyb,1730746374.5359612
212,r/FashionPlus,42163,Fashion,t5_2td8j,1730746374.554688
213,r/Cakes,42144,Food and Drink,t5_2r17v,1730746374.5729191
214,r/mscsmedia,42143,Mscs Media podcast. Interviews with unique interesting individuals from all sorts and backgrounds. Everything from educational interviews to individuals who,t5_3ig1ii,1730746374.591748
215,r/paypigsupportgroup,42141,Mature Themes and Adult Content,t5_6pdjmd,1730746374.612195
216,r/caving,42137,Outdoors and Nature,t5_2roda,1730746374.630749
217,r/Slimemolds,42125,Outdoors and Nature,t5_2qnxa,1730746374.650496
218,r/WritingHub,42124,"Reading, Writing, and Literature",t5_2vn8h,1730746374.669439
219,r/MarketingMentor,42122,"Business, Economics, and Finance",t5_b0cr6v,1730746374.688672
220,r/Dresses,42120,Fashion,t5_2qt6h,1730746374.708297
221,r/chocolate,42116,Food and Drink,t5_2qhvm,1730746374.728526
222,r/InfinityTrain,42116,Television,t5_3hcsn,1730746374.7478158
223,r/indepthstories,42107,World News,t5_2r5ld,1730746374.769383
224,r/coldshowers,42101,Medical and Mental Health,t5_2t389,1730746374.793083
225,r/Concordia,42101,Learning and Education,t5_2rsnl,1730746374.8150458
226,r/TWD,42097,Television,t5_2szqa,1730746374.83671
227,r/Cornwall,42091,Place,t5_2r2lk,1730746374.859057
228,r/ImaginaryElves,42087,Art,t5_2y0k5,1730746374.8813162
229,r/UnexpectedSeinfeld,42087,Television,t5_3e5gc,1730746374.902975
230,r/ClubPenguin,42073,Gaming,t5_2serh,1730746374.924604
231,r/Im5andthisismacaroni,42069,Food and Drink,t5_35xgt,1730746374.946012
232,r/Lettering,42062,Art,t5_2type,1730746374.970635
233,r/SimCity,42061,Gaming,t5_2ryr3,1730746374.993366
234,r/dkloenseddel,42057,Careers,t5_8ctohl,1730746375.0155149
235,r/WholesomeFantasyArt,42056,Art,t5_5vvzk0,1730746375.0360289
236,r/SheenaShaw,42051,Mature Themes and Adult Content,t5_35lqj,1730746375.05824
237,r/ZeldaTearsOfKingdom,42046,Gaming,t5_7179v7,1730746375.081901
238,r/veganketo,42033,Food and Drink,t5_2ujnp,1730746375.106237
239,r/Dislyte,42031,Gaming,t5_436za6,1730746375.127944
240,r/ImaginaryCybernetics,42028,Art,t5_337uv,1730746375.1500301
241,r/memeuniverse,42023,Television,t5_3957u,1730746375.1709282
242,r/anchorage,42014,Place,t5_2qwcp,1730746375.191645
243,r/HIIT,42013,Fitness and Nutrition,t5_2sqp2,1730746375.211822
244,r/GenV,42011,Movies,t5_2yef8f,1730746375.232051
245,r/BiKingex,42009,#Biking ⚡️For all blockchain users Provide spot futures contracts ⚡️Safe and reliable digital service platform https://www.bikingex.com,t5_4u7exy,1730746375.2530618
246,r/iwanttorun,41989,Medical and Mental Health,t5_42jf61,1730746375.273794
247,r/HyperX,41985,Technology,t5_3g1oe,1730746375.294064
248,r/buccos,41979,Sports,t5_2rr01,1730746375.315156
