,subreddit,subscribers,topic,subreddit_id,scraped_utc
0,r/Karlson,530,"A subreddit for discussing the Karlson games. Karlson 2d, Karlson, and Milkman Karlson.",t5_2r8w9,1730753042.977399
1,r/KingdomKpop,530,Music,t5_3zojla,1730753043.0013728
2,r/lordofdiceGlobal,530,The official Lord of Dice reddit!,t5_f5ai8,1730753043.022675
3,r/MarioMaker2Courses,530,Share your courses from Mario Maker 2 here!,t5_18kjxv,1730753043.0440671
4,r/MikeFeeney,530,Celebrity,t5_adgclg,1730753043.072326
5,r/morganverahott,530,Welcome to morganverahott,t5_c1dwew,1730753043.107877
6,r/Multiverselabs,530,Technology,t5_4g9daa,1730753043.129029
7,r/NightValeIRL,530,"Which real life towns, locations, landscapes etc either give you Nightvale vibes or match up with your head canon of what Nightvale looks like?",t5_10q559,1730753043.150069
8,r/NoRankedSkinGang,530,Gaming,t5_b6ptns,1730753043.1725771
9,r/okbuddytitanic,530,The Shitposting home of the Titanic Movie,t5_8wx0ze,1730753043.195251
10,r/outfithelp,530,"Sometimes, we don’t have a sister or best friend to approve our outfits...or even after asking them, we still want another opinion. You want to make sure you look good for that date/job interview/party. This is a community to get those answers!",t5_2wt21,1730753043.2988439
11,r/PDFLibrary,530,"Ever wanted to read a book, but were much too lazy to drive to the library or just didn't want to buy an ebook? Me too! Post any book in PDF form to spread the knowledge!",t5_2ygh4,1730753043.32218
12,r/Pheasants,530,"Pheasants is meant for any pheasant enthusiasts. Please share your pictures, feel free to ask questions, and this includes keeping, hunting, harvesting, preparing, storage and cooking questions or advice.",t5_2wqga,1730753043.3764422
13,r/rachelXchristenSnark,530,Celebrity,t5_b8k633,1730753043.4025972
14,r/RenoDungeonCrawlers,530,Tabletop Games,t5_77chsj,1730753043.425706
15,r/requote,530,Change quote attribution for great profit,t5_2y517,1730753043.4493551
16,r/RestrictedVideos,530,Welcome to RestrictedVideos,t5_bed25g,1730753043.472718
17,r/RocketLeagueArtis,530,Gaming,t5_2xo8z2,1730753043.495541
18,r/rwbymemes,530,Agh. Oh no.,t5_35bt8,1730753043.518631
19,r/Sauces,530,Food and Drink,t5_2u53x,1730753043.54168
20,r/ScottishPeopleVideos,530,People being Scottish on Video.,t5_23c6z1,1730753043.564615
21,r/Solokeys,530,Technology,t5_138ett,1730753043.587805
22,r/SPPD,530,Unofficial Subreddit/community for the Android/IOS app South Park:Phone Destroyer.,t5_3m54m,1730753043.6112561
23,r/StonedMice,530,Just Stoned Mice,t5_zfmz3,1730753043.634012
24,r/SummerHouseUncensored,530,Television,t5_4duy76,1730753043.656825
25,r/TaylorSwiftPic,530,"Here at Taylor Swift Pic we want to have fun while sharing pics of the lovely Miss Taylor Swift. Members are encouraged to post, share, and be active in the sub.",t5_72jj73,1730753043.680193
26,r/The_Remnant,530,Podcasts and Streamers,t5_l011l,1730753043.7032042
27,r/TheresmoreGame,530,Gaming,t5_69c1ip,1730753043.726166
28,r/totallynotaman,530,I like flowers and stuff.,t5_3p5xm,1730753043.748977
29,r/tudarmstadt,530,Learning and Education,t5_36y4s,1730753043.771275
30,r/twosentencefunny,530,Welcome to twosentencefunny,t5_q9k6n,1730753043.793599
31,r/unilife,530,Welcome to unilife,t5_2tlww,1730753043.815439
32,r/VPN_Info,530,"Get the latest news and info on VPNs. Have a question or need help picking out a VPN? Ask us, we're here to help!",t5_2w4pj,1730753043.837562
33,r/WeirdTracks,530,"A subreddit spawned from /r/weirdwheels and /r/weirdwings with the same intent, only with Tanks! We want to see all of those crazy designs that were developed throughout the years. All Tanks are allowed, including Armoured Cars whether they are prototypes production vehicles or even paper tanks.",t5_23bm2p,1730753043.8598359
34,r/WheresWaymond,530,"If you are a self-respecting Workaholics fan, or just seen a few episodes, you probably know the character known as Waymond. The actor that plays this character, Waymond Lee, finds himself lost in other shows and it is our job to find him. This subreddit is for occurances of Waymond in other shows that are not Workaholics and just for general Waymond discussion.",t5_2vqff,1730753043.884298
35,r/womandrivend0ris,530,Welcome to womandrivend0ris,t5_4zwd6b,1730753043.9089699
36,r/WWESmackDownLive,530,"WWE SmackDown Live is a community on Reddit dedicated to WWE's Tuesday Night SmackDown, aired live.",t5_3fmzv,1730753043.931865
37,r/2beta2t,529,Gaming,t5_3kdai,1730753043.953795
38,r/AbiAyresSnark,529,Podcasts and Streamers,t5_an76d9,1730753043.9769652
39,r/abletonfeedback,529,This subreddit is a place for aspiring Ableton producers to post their material. Critical feedback is encouraged!,t5_2vrpz,1730753043.9993432
40,r/AhmadiMuslims,529,Religion and Spirituality,t5_91z6k3,1730753044.020888
41,r/AlabasterDawn,529,"Alabaster Dawn is an Action RPG that builds on the best aspects of Radical Fish Games’ previous title, CrossCode. It features a deep combat system, challenging puzzles, and a mysterious world teeming with secrets, all bundled up in an engaging story. The shadow of Nyx has fallen—warping the world into a wasteland and vanishing the gods and their people. Now, Juno the Outcast Chosen, awakes to an impossible task: bring it all back. https://store.steampowered.com/app/3110760/Alabaster_Dawn/",t5_c5z4a4,1730753044.0419111
42,r/aliciazore___,529,Welcome to aliciazore___,t5_5umdta,1730753044.061688
43,r/AmericanSMW,529,"/r/AmericanSMW is the subreddit for American Single Malt Whiskey fans, enthusiasts, and producers. The subreddit welcomes reviews, excitement over acquisitions (bottle pictures), news, enjoyment, discussion, and general hype. Blends of ASMs and bottlings that might be borderline ASM depending on how the rules are written are welcome as well.",t5_5b95vy,1730753044.0820491
44,r/ArkLifeNews,529,Gaming,t5_3kbkgc,1730753044.101368
45,r/ASSCLAPPINGV2,529,Welcome to ASSCLAPPINGV2,t5_a9xo5w,1730753044.1211982
46,r/AucklandDrinks,529,"A glass full of Auckland, once a month (or so).",t5_38qpc,1730753044.140894
47,r/BBWLayla,529,Mature Themes and Adult Content,t5_alj1f1,1730753044.161547
48,r/BBWSingles,529,Welcome to BBWSingles,t5_7pp0id,1730753044.180865
49,r/BoaBand,529,Music,t5_6gnmf0,1730753044.201623
50,r/boffer,529,"This reddit is for simulated or boffer combat, and for those who love that. Amtgard, Dagorhir, Belegarth, SCA boffer, and any other sport- or combat-centric boffer systems.",t5_2sunw,1730753044.2210271
51,r/BoilerRoomSets,529,Full Boiler Room DJ/Artist Sets,t5_3gy0e,1730753044.24158
52,r/boringstuffautomated,529,"A subreddit of random programs, scripts, and code snippets we've used to automate small or large tasks on our computers.",t5_4boc7,1730753044.261132
53,r/ColemanHughes,529,Politics,t5_pu1qx,1730753044.280983
54,r/comasonry,529,"A forum about mixed gender Freemasonry (""Freemasonry for all genders"" or ""co-Masonry"") and women-only Freemasonry. Needless to say, other Freemasons and non-members are welcome too as long as you don't come complaining about 'our' form of Freemasonry. This forum accompanies an informative website https://comasonry.3-5-7.nl Please be respectful to each other, also to members of organisations that your own doesn't recognise.",t5_3bhkn,1730753044.3017962
55,r/covidculture,529,"Since December 2019 we've been learning how our next year or so living with COVID-19 must be constrained. Putting aside the horror of this pandemic, this subreddit collects examples showing how we are adapting to our new reality. Given that we have friends and family who will die and others facing ruin, labelling this covidculture may be seen as crass or insensitive---we'll have to see. But there is adventure in change.",t5_2i16s3,1730753044.321415
56,r/EDMRadio,529,The official subreddit for the now-defunct EDMradio.,t5_2u6gu,1730753044.342113
57,r/fiberlaser,529,Hobbies,t5_5w5jsl,1730753044.36264
58,r/flippernoob,529,Technology,t5_721ije,1730753044.382185
59,r/GamersRoundtable,529,Gaming,t5_7romkq,1730753044.401834
60,r/geocollin,529,Celebrity,t5_6uii45,1730753044.422345
61,r/GSkill,529,Technology,t5_38eb5,1730753044.4424
62,r/habitatstyle,529,"A new subreddit dedicated to the art of recreating habitat-inspired stagings for cacti and succulents, focusing on both the staging's visual aesthetics and chemical composition of substrates. Instagram @ Lophonation",t5_bz0pll,1730753044.46275
63,r/HarukanaReceive,529,"Haruka is a girl who has a complex about how she is very tall, and Kanata is about to give up beach volleyball because she is too short. With Haruka's height and Kanata's experience, the two girls form a pair to play beach volleyball in Okinawa.",t5_lb6o9,1730753044.484164
64,r/heartbleach,529,"The world can be a dark place, and can stagger your faith in humanity. This a place to post things that make you happy, and a place to make other people happy as well.",t5_39sbs,1730753044.5049732
65,r/Iainmbanks,529,Welcome to Iainmbanks,t5_2wtfv,1730753044.5246851
66,r/improductratings,529,"IMProductRatings is the subreddit for internet marketing launches on JVzoo, Clickbank and Warrior Plus.",t5_ao4qxz,1730753044.545307
67,r/KuzuPeko,529,A sub that was created around the Danganronpa ship between Peko Pekoyama and Fuyuhiko Kuzuryu.,t5_m9lfu,1730753044.5658739
68,r/lawofattractionrap,529,"Here at r/lawofattractionrap, we strive to align our mood with rap music that expresses positivity, self-empowerment, and self-love. Aligning ourselves in this way will attract the positive, self-empowering and self-loving manifestations we desire.",t5_3i7fz,1730753044.586098
69,r/llamalifeapp,529,"Welcome!! 🦙 Llama Life is a productivity tool designed to help ADHDers actually work through their to-do lists, not just create them. ✨ We invite you to add any feedback, questions, feature requests, tips & tricks related to Llama Life, as well as general productivity questions and banter. 🫶🏼 Also, let us know what you're working on and if you need some community support, we would love to hear from you! ~Marie, Nhi & Guille",t5_3fngrb,1730753044.605897
70,r/LuckylandSweepstakes,529,Home of all Luckyland Slots Sweepstakes information,t5_8yz2t4,1730753044.6290329
71,r/madladies,529,"Like r/MadLads, but... Ladies. Wow",t5_3gblq,1730753044.65381
72,r/Mature_Nylons,529,Welcome to the best place to find the older women (30 plus) showing off in nylons and tights.,t5_bfr5jy,1730753044.676685
73,r/MebTazminat,529,1416 Sayili Kanun Kapsaminda YLSY Meb Bursu Alip Tazminata Dusenler Grubu,t5_gw7ns,1730753044.6992111
74,r/memecaching,529,A place for all your geocaching related memes.,t5_2xy5c,1730753044.7236109
75,r/MotoGuzzi_v85TT,529,This sub started to capture my journeys on my new 2019 V85 TT. I've opened it up so you can share your journey too by posting pictures and telling your stories behind them. Show off where you have been!,t5_zlz7e,1730753044.7453508
76,r/MPJE,529,Learning and Education,t5_kbsgt,1730753044.767045
77,r/NaoSalvo,529,/r/NaoSalvo is the first non-official subreddit for NãoSalvo's readers and listeners. This subreddit is intented to be a space for discussion about the very interesting material produced or uncovered by NãoSalvo's media.,t5_gx5va,1730753044.7890828
78,r/neutrinos,529,"A place for learning about and discussing neutrino physics, one of the most active areas of research within particle physics.",t5_30bk1,1730753044.811199
79,r/NYStateOfMind2,529,State of NY News Urban Culture Fashion Reddit,t5_3h3z1b,1730753044.832052
80,r/OCCT,529,Technology,t5_36iuj6,1730753044.853
81,r/PokemonSapphire,529,Gaming,t5_6jdkfa,1730753044.872532
82,r/poshjosh1999,529,History,t5_314s2x,1730753044.8935082
83,r/puyo24,529,Gaming,t5_3wqrfs,1730753044.913103
84,r/QWave,529,Art,t5_3yrnay,1730753044.93389
85,r/RDR2horsemishaps,529,"#1 Red Dead Redemption 2 horse mishaps hub. Videos and GIFs that’ll make you laugh, cry, and feel every emotion on the spectrum. RDR2 is all about the horses, let’s keep it real.",t5_qlxs4,1730753044.953632
86,r/RedVests,529,This subreddit for discussion of Lowe's Home Improvement. This subreddit is not affiliated with Lowe's.,t5_2jeu98,1730753044.974277
87,r/rufio,529,Animals and Pets,t5_2lbkdv,1730753044.9937458
88,r/SakurajimaMai,529,Anime,t5_rwoc7,1730753045.015579
89,r/shreddercats,529,Animals and Pets,t5_bwo9s1,1730753045.037218
90,r/STARonFox,529,**Subreddit for the Lee Daniels series STAR**,t5_3i0jc,1730753045.058177
91,r/steven,529,Welcome to steven,t5_2qi39,1730753045.07918
92,r/sundogs,529,"Come forth and join us, for we wish to spread the glory of the Sundogs.",t5_3bn14,1730753045.0990012
93,r/superspeeders,529,Super Speeders is a DVD series turned into Youtube Channel. The series consists of 7 full length movies and hundreds of online videos. Super Speeders brand represents an automotive lifestyle where the enjoyment of driving exceeds the fear of completely illogical traffic laws across the world.,t5_30jvq,1730753045.119657
94,r/T2TTOOstock,529,This community is for sophisticated conversation on T2 as a company and TTOO as a stock,t5_97f5zf,1730753045.13921
95,r/teraraids,529,Gaming,t5_6v5vj9,1730753045.158647
96,r/tfomeran,529,Internet Culture and Memes,t5_y4sg3,1730753045.179683
97,r/ToughTrebizondMemes,529,"The history of the Pontus and Caucasus, with a special focus on the Empire of Trebizond (1204-1461). However, memes about the region's history including the Pontic Kingdom, Georgia, and Alania are all welcome as well.",t5_3as411,1730753045.199241
98,r/TravelGreece,529,"Everything about travelling in Greece. Athens, Thessaloniki and Greek Islands",t5_lagtc,1730753045.220067
99,r/TrishandVinceMcMahon,529,Celebrity,t5_3qu4l3,1730753045.239767
100,r/TyLee2020,529,A community for Ty Lee fans. Please no NSFW :)),t5_2r8gwm,1730753045.260354
101,r/VimeoStaffPicks,529,"An assortment of Vimeo's finest videos, hand picked by their video loving staff.",t5_32toa,1730753045.280909
102,r/voyboy,529,Voyboy is alright.,t5_30ibj,1730753045.301379
103,r/WatchPeopleDraw,529,Art,t5_oicfc,1730753045.320796
104,r/WDTSG,529,WDTSG is apparently a thing,t5_2vd44,1730753045.351729
105,r/YouNow,529,Podcasts and Streamers,t5_2wmid,1730753045.3878
106,r/AsianCinemaRetro,528,Welcome to Asian Cinema Retrospective! A place for all things about Asian Film Movements and beyond!,t5_8unif7,1730753045.409396
107,r/averagefinancecanada,528,Welcome to averagefinancecanada,t5_9a1iej,1730753045.4311712
108,r/BathThinkin,528,Funny/Humor,t5_2a62h3,1730753045.452987
109,r/bestofbotreplies,528,Showcasing the best or most humorous bot replies.,t5_2a26mo,1730753045.475142
110,r/BFDIVoting,528,a subreddit made to host fan voting for Battle for Dream Island. its also the place Pen won 6 seasons on.,t5_6s7zuk,1730753045.497215
111,r/BritishBornChinese,528,"Culture, Race, and Ethnicity",t5_2y0fq,1730753045.519253
112,r/carillonium,528,CAROM Coin,t5_49rv4v,1730753045.541196
113,r/CatStevens,528,"A place to get in touch about Cat Stevens, also known as Yusuf Islam, one of the most influential singer-songwriters. Welcome to our fan subreddit!",t5_2ue2j,1730753045.564791
114,r/CitizensClimateAUS,528,Activism,t5_2usug9,1730753045.5856352
115,r/ClassyInHeels,528,"This is a SFW community to post images, videos, and anything else related to classy and elegant women wearing heels",t5_8jl3ta,1730753045.6055942
116,r/DealForager,528,Marketplace and Deals,t5_3lypq3,1730753045.6251578
117,r/DearYishan,528,Welcome to DearYishan,t5_2xzza,1730753045.644568
118,r/DoctrineOfHandyWorks,528,Crafts and DIY,t5_7dj2qk,1730753045.664437
119,r/DrugsOrMentalIllness,528,Sub to determine if actions are due to drugs or mental illness.,t5_13pleo,1730753045.68435
120,r/DUI_ThingsToKnow,528,Law,t5_bx7472,1730753045.703817
121,r/ECFanAddictClub,528,"A subreddit for infamous banned EC Comics and related materials! EC Comics (Entertaining Comics) was an American publisher of comic books, which specialized in horror fiction, crime fiction, satire, military fiction, and science fiction from the 1940s through the mid-1950s, notably the Tales from the Crypt, and humor magazine MAD.",t5_s1yv0,1730753045.724428
122,r/edgyMemesINC,528,a place for all of your favorite bannable Memes and memes in general,t5_28sf73,1730753045.7449641
123,r/FantasyMusic,528,This subreddit is intended to be a collection as well as a place to discuss music related to anything in the fantasy genre.,t5_2yky2,1730753045.76457
124,r/Feldenkrais_Community,528,Fitness and Nutrition,t5_72vxtp,1730753045.785462
125,r/fo76WOTW,528,Gaming,t5_52h1ha,1730753045.806304
126,r/fountainsofwayne,528,A subreddit for the american band Fountains of Wayne,t5_2xlmt,1730753045.8270102
127,r/freetrials,528,"Welcome to /r/freetrials, the ultimate community for discovering and sharing the best free trials available online. Our subreddit is dedicated to helping you save money and try out amazing products and services without any upfront costs. Whether you're looking for software, streaming services, fitness programs, or anything in between, you'll find it here. Join us to share your finds, get advice from fellow deal hunters, and stay updated on the latest and greatest free trial offers. Happy trials.",t5_37nuy,1730753045.8477561
128,r/funkymode,528,Post mockups with games if they had a Funky mode,t5_axp4x,1730753045.868534
129,r/Geophyte,528,Home and Garden,t5_wtiy4,1730753045.889153
130,r/gta9,528,Gaming,t5_2xmm6,1730753045.9089
131,r/GTARPTwitch,528,Gaming,t5_3jza6,1730753045.92964
132,r/HearingLossTeens,528,Medical and Mental Health,t5_2rcda6,1730753045.953376
133,r/HentaiGenerator,528,Anime,t5_7spy4d,1730753045.9752178
134,r/init7,528,Technology,t5_4hb10j,1730753045.995748
135,r/Istrokeahad,528,Like ihadastroke but worse,t5_2a8h30,1730753046.015104
136,r/KaraNate_EamonBec,528,Podcasts and Streamers,t5_aycxlu,1730753046.0356128
137,r/komando,528,Podcasts and Streamers,t5_7abn2h,1730753046.05482
138,r/Lego_MOCs,528,Subreddit for cool custom builds I've seen,t5_3ljxy,1730753046.0768042
139,r/linearquest,528,"Linear Quest is a 2D action RPG where you try to progress forward. Level up your character, gear up, learn new skills and fight tons of monsters.",t5_3b2oq,1730753046.0965781
140,r/littlenatie_,528,Welcome to littlenatie_,t5_7gibxv,1730753046.116813
141,r/lowbrowart,528,A subreddit for artists and fans to share and discuss lowbrow art.,t5_2torh,1730753046.136144
142,r/LudoBand,528,"For fans of the legendary St. Louis based alt-rock band, LUDO. The band consists of lead vocalist/guitarist Andrew Volpe, lead guitarist/back up vocalist Tim Ferrell, moog/synth and back up vocalist Tim Convy, and drummer/back up vocalist Matt Palermo.",t5_lzk79,1730753046.1556659
143,r/Lumineth,528,Tabletop Games,t5_2j1yud,1730753046.17469
144,r/MicrosoftTeamsEDU,528,Community discussions surrounding the use of Microsoft Teams in education.,t5_2n7xws,1730753046.19555
145,r/MidnightOil,528,Music,t5_314v4,1730753046.214636
146,r/moneyview,528,"Business, Economics, and Finance",t5_42ebbs,1730753046.23424
147,r/mylk,528,"r/mylk is the place for all things nondairy milk, yogurt, and cheese. Debate with others, post your favorite recipes, and milk some nuts!",t5_2opzny,1730753046.253761
148,r/mysterioushealth,528,Medical and Mental Health,t5_6ieyhz,1730753046.273416
149,r/NiGHTS,528,"Subreddit for night time pictures! Sunsets, Sky, Stars, You name it!",t5_32ijj,1730753046.29299
150,r/notlikeotherpeople,528,Welcome to notlikeotherpeople,t5_qdbgp,1730753046.312737
151,r/OliviaTiedemann,528,"For the simps of Olivia Tiedemann, the sexiest cook on the Internet.",t5_bi2wt2,1730753046.332491
152,r/penaltychecker,528,Support for Google Penalties in particular for users of Fruition's Google Penalty Checker.,t5_7ps990,1730753046.351305
153,r/PlushiesGoneWrong,528,For plushies that have been manufactured... let’s just say quite badly.,t5_v2cao,1730753046.3704379
154,r/PokemonGoGreensboro,528,"The official subreddit for Pokemon Go players in Greensboro, North Carolina, USA and the surrounding Triad, NC area. Post here if you are going to be setting up lures, if you found a good hotspot, if you want to organize gym battles, or anything at all really if it has to do with playing Pokemon Go in Greensboro.",t5_3fe3p,1730753046.390034
155,r/POSEIDON,528,This subreddit is dedicated to our Lord Poseidon,t5_2rv4a,1730753046.4098072
156,r/ProshotTheatreMeta,528,"Subreddit for meta discussion around proshot theatre. What shows have been professionally shot, what digital versions exist, etc. Links to files are not shared here!",t5_2p3qf7,1730753046.4294379
157,r/Protests2020,528,Discussing the protests against the state.,t5_2pfu5g,1730753046.4486132
158,r/retroprogramming,528,A subreddit for talking about programming for systems long obsolete.,t5_3eyp4,1730753046.46813
159,r/RoyGolfCoach,528,Sports,t5_7n4uce,1730753046.48878
160,r/sarahlawrence,528,Learning and Education,t5_2s5ux,1730753046.509071
161,r/SashaAlexSloan,528,Music,t5_4sr21u,1730753046.529254
162,r/SekiroMemes,528,Welcome to SekiroMemes,t5_thpit,1730753046.549912
163,r/severe_wx,528,Outdoors and Nature,t5_864are,1730753046.57036
164,r/ShinyPokedex,528,Gaming,t5_2g4dxy,1730753046.5912802
165,r/shipoffools,528,Gaming,t5_3akdu,1730753046.6125739
166,r/SockRemovalGifs,528,Gifs and videos of girls removing their socks/stockings!,t5_6j07vi,1730753046.6678
167,r/SpaceTanuki,528,"Subreddit for our favourite Space Tanuki, Suletta Mercury from Gundam Witch from Mercury",t5_7wwqlz,1730753046.706968
168,r/Swissquote,528,"Alles rundum Swissquote, einer der grössten schweizer Online-Broker",t5_3z1cse,1730753046.73178
169,r/TheAirlineProject,528,"Welcome to **The Airline Project**. If you have any questions or suggestions, please feel free to post and we will answer as soon as possible!",t5_368e6,1730753046.756202
170,r/thecoingame,528,Gaming,t5_xnghw,1730753046.785228
171,r/TheKinderGuy,528,Internet Culture and Memes,t5_3e32tj,1730753046.813408
172,r/thestaircasedeaths,528,The Staircase Death Of Kathleen Peterson And Liz Ratliff. All Michael Peterson Discussions Welcome.,t5_mefjy,1730753046.838302
173,r/Transincidental,528,Art,t5_43hdfy,1730753046.862894
174,r/UIcomplaints,528,The unemployment sub is is a bit locked down this is a space to rant and let the negativity out.,t5_35obl7,1730753046.893701
175,r/UnnecessaryArrows,528,Why is there an arrow?,t5_io701,1730753046.9304478
176,r/VinylCollections,528,This subreddit allows users to post or talk about the vinyl records that they and other people have.,t5_2ziyy,1730753046.963592
177,r/volunteerplants,528,Home and Garden,t5_4rsr7z,1730753046.994027
178,r/w_alani_2,528,this community is for tiktok user w_alani_2😍😍,t5_89zyn1,1730753047.024467
179,r/WilmonFanfics,528,"Reading, Writing, and Literature",t5_7wvd66,1730753047.054684
180,r/3nchantr3ss,527,For our hypnotic captor!,t5_6obcov,1730753047.0846238
181,r/AlexaBlissHotSexyBody,527,Welcome to AlexaBlissHotSexyBody,t5_7x1njw,1730753047.1122408
182,r/almostloss,527,"For things that almost, but don't quite, fit the Loss format. For reference, visit /r/lossedits",t5_m489k,1730753047.139145
183,r/amalficoast,527,Place,t5_43dgax,1730753047.264935
184,r/anison_jp,527,アニメソングのサブレ,t5_37dwd,1730753047.290275
185,r/AskAustria,527,"r/AskReddit but only asking Austrians If you ever had the urge to hear the opinions or experiences of Austrians, this is your sub Fragt Österreicher um ihre Meinungen, Erfahrungen, Erlebnisse, etc.",t5_2mb9af,1730753047.314985
186,r/BielayPiston,527,Subreddit del canal de youtube Biela y Pistón,t5_2774dn,1730753047.340757
187,r/BLOmegaverse,527,Anime,t5_4wj6ry,1730753047.368802
188,r/churchofpokemon,527,"Welcome followers, to the Church of Pokémon!",t5_2wc4c,1730753047.401789
189,r/ciderexchange,527,"This subreddit is for those who brew/ferment their own hard ciders, perrys, meads, and wines. I would even encourage people who don't brew to send (with permission) their local favorites in order to receive some of that delicious homebrewed goodness.",t5_33js2,1730753047.426338
190,r/colorschemes,527,For sharing your favorite color schemes.,t5_2yi52,1730753047.4499571
191,r/comfortcharacters,527,Internet Culture and Memes,t5_358wlh,1730753047.473666
192,r/COTHtales,527,Religion and Spirituality,t5_8oqtvm,1730753047.5178292
193,r/CountryhumansUsers,527,A sister subreddit of r/countryhumans for ocs and metas related to r/countrhumans,t5_2alzoj,1730753047.54459
194,r/Crossout_CarShow,527,This is a subreddit to show off all your spectacular Crossout builds! Have common sense!,t5_3loc0,1730753047.568893
195,r/DamianaGarden,527,"Welcome to the Damiana Garden. A dedicated community to talk about turnera diffusa, also known as damiana.",t5_59rrao,1730753047.592542
196,r/Damnthatsdisturbing,527,Welcome to Damnthatsdisturbing,t5_31hh8,1730753047.6158888
197,r/desi_catfight,527,"A sub-reddit for sharing clips and discussing about desi women's catfights from to India, Bangladesh, Nepal, Bhutan, Pakistani, Sri-Lanka etc South asian countries. #FemalePower #GirlFightClub #DesiCatfight",t5_4s7qjx,1730753047.639761
198,r/DinosaursButBetter,527,Hobbies,t5_c0o69b,1730753047.663137
199,r/dotmobile,527,Technology,t5_xpaf9,1730753047.6879418
200,r/dubair4rfriends,527,"Looking to make new friends in Dubai? You’ve come to the right place! Our community is all about connecting with like-minded people for fun and friendly activities. Whether it’s grabbing a coffee, watching a movie, enjoying some drinks, or any other exciting plan you have in mind, feel free to post your invites here. Join us and start making meaningful connections today!",t5_6k7sq8,1730753047.712973
201,r/eu4ball,527,Countryball comics about the EU4 time period and game.,t5_3a5x1,1730753047.7375638
202,r/Fight_Cave,527,Welcome to Fight_Cave,t5_8ftslm,1730753047.7640278
203,r/Finishhimxxx,527,gourmet blowjobs to see,t5_9hma2f,1730753047.79004
204,r/Gangplank,527,Gaming,t5_30vb4,1730753047.8169951
205,r/graal,527,Gaming,t5_2s2c3,1730753047.843148
206,r/griffithdidnowrong,527,Our leader Griffith has the dream to one day rule his own country. Will you help him in his quest?,t5_llx41,1730753047.868983
207,r/HookupsInHampshire,527,Mature Themes and Adult Content,t5_8mxbnn,1730753047.894837
208,r/hydrographics,527,A community for Hydrographics (Water Transfer Printing) hobbyists and professionals.,t5_2vten,1730753047.920861
209,r/JessicaSmetana,527,Jessica Smetana is a sports reporter and podcast host with Meadowlark Media. She is a main cast member on The Dan Le Batard Show with Stugotz.,t5_5dwhgd,1730753047.947526
210,r/Kinky_Couple59and37,527,"Fun couple that likes being Kinky with each other, for your Enjoyment and for ourselves.",t5_7s4ybp,1730753047.973208
211,r/KoisuruAsteroid,527,Anime,t5_x96az,1730753047.999211
212,r/Kryptovaluutta,527,Keskustelua kryptovaluutoista,t5_k9plg,1730753048.021887
213,r/LaBelleProvince,527,Tout à propos de la belle province.,t5_nfssl,1730753048.051143
214,r/LeonorOfSpain,527,Welcome to LeonorOfSpain,t5_9sx4ik,1730753048.0826051
215,r/lfc,527,Welcome to lfc,t5_4u443y,1730753048.1123421
216,r/LibertyFallen,527,LibertyFallen is a collaborative Alternate History project asking what if the USSR won the cold war?,t5_8aixde,1730753048.147669
217,r/LuigisBalloonWorld,527,A subreddit for submitting codes and and videos of Luigi’s Balloon World challenges,t5_g3jtd,1730753048.175235
218,r/MapleLinks,527,"Woke up, didn't choke up Saw my AK, it was broke up Put it together like a jigsaw Got my nine, and my Rambo knife off the floor",t5_2qn85,1730753048.2019389
219,r/MARKstock,527,"Business, Economics, and Finance",t5_584b74,1730753048.2254112
220,r/MckennaKaelinSnark,527,a snark page dedicated to SimplyKenna/Cozykitsune - (more to come),t5_b02hna,1730753048.247319
221,r/millMTG,527,A subreddit for discussing Mill in Magic: the Gathering.,t5_3no6s,1730753048.269032
222,r/MineralMacros,527,Outdoors and Nature,t5_7694mb,1730753048.289543
223,r/MonoUTron,527,"Do you love counterspells? Do you love mana? How about big, fat, expensive threats? Do you wanna throw down with combo and control in Modern? Check out Mono U Tron!",t5_3c1gv,1730753048.309848
224,r/mournemountains,527,Hobbies,t5_5zs3o3,1730753048.329904
225,r/NARM,527,Trauma Support,t5_6t19aa,1730753048.3496919
226,r/Nicolebta_,527,Welcome to Nicolebta_,t5_86sfxw,1730753048.3698392
227,r/NordicNarrator,527,"A sub for my favourite stories that I've posted on /r/WritingPrompts, and stories sparked from my own imagination.",t5_r7pfb,1730753048.389581
228,r/OnePercentAdvice,527,A sarcastic (and sometimes useful) collection of advice only for the remarkably wealthy.,t5_12nn3z,1730753048.407647
229,r/PaldeanWooperCult,527,Gaming,t5_6t9ttp,1730753048.425518
230,r/PopPriceGuide,527,"A place for announcements from PopPriceGuide staff, as well as a place for our users to let us know about the missing items, wrong information, or any thing else you want to discuss.",t5_3j6jt,1730753048.4440918
231,r/PriyankaJawalkar,527,"Priyanka Jawalkar of Taxiwalla fame is an absolute bombshell of an actress in the South Indian film industry; Born on 12 November 1992 in Anantapura, AP, India is of Marathi descent. She has studies fashion and Statistics and has done dress designs; Though being into fitness she has a naturally curvy (34B-26-34) but rectangular body type. She has transformed from being cutely chubby in 2015 to having a more athletic body; She stands at 1,6m with 50kilos;",t5_3lvbr7,1730753048.462516
232,r/Rblxcross_trading_,527,Gaming,t5_4n4kp8,1730753048.480764
233,r/Repdesignerwatch1,527,Fashion,t5_8k3i9j,1730753048.498657
234,r/schoolbathrooms,527,"A place for pictures of school bathroom drawings, graffiti, and cool or weird other stuff.",t5_3h9fj,1730753048.516376
235,r/Shedinja,527,Celebrity,t5_309vp,1730753048.534693
236,r/shibori,527,For shibori (Japanese tie-dye) and craft related discussion.,t5_2un8t,1730753048.554754
237,r/SHOWBIZ_TSISMIS,527,Celebrity,t5_atyxhh,1730753048.574796
238,r/sighswoonsnark,527,Internet Culture and Memes,t5_5ttso6,1730753048.596855
239,r/SmugAlana,527,Official Subreddit of SmugAlana,t5_9n1ql1,1730753048.61746
240,r/T2Rugby,527,Sports,t5_3hr02,1730753048.637525
241,r/TastyVideos,527,"A place to share your favorite tasty videos and video recipes from sites like BuzzFeed, Delish, Thrive Market and more.",t5_3g44y,1730753048.6576252
242,r/TaynaraWolf,527,Mature Themes and Adult Content,t5_4ptr5t,1730753048.677645
243,r/thecryptos,527,The Cryptos is a webcomic exploring the hidden lives of cryptocurrencies.,t5_aaonp,1730753048.697711
244,r/ThoriumBrowser,527,Technology,t5_6pno6q,1730753048.717618
245,r/tonnotcoin,527,Crypto,t5_azhrik,1730753048.737626
246,r/unitingforukraine,527,Law,t5_6e8xft,1730753048.75751
247,r/urushi,527,Art,t5_5ixz24,1730753048.778707
248,r/WatchesSavvy,527,Fashion,t5_andnl3,1730753048.800021
