,subreddit,subscribers,topic,subreddit_id,scraped_utc
0,r/universityofoklahoma,520,Learning and Education,t5_5q7z6j,1730753111.1350322
1,r/vintagebeef,520,A subreddit dedicated to VintageBeef & his fans. Discuss anything related to VintageBeef here!,t5_2ue8x,1730753111.158787
2,r/voidwagon,520,A community for all bandwagon and picrew posts that would otherwise be posted to r/voidpunk,t5_6dgdxt,1730753111.1789298
3,r/Volwassen_ihe,520,Nederlandse memes zonder al die koters,t5_12701t,1730753111.200198
4,r/WeCantMakeThisStuffUp,520,"Share your stories of crazy Karen encounters, insane work stories, or just downright hilarious human interactions!",t5_6wc5kz,1730753111.2200599
5,r/wex,520,This is the unofficial subreddit for Wex.nz. We are not affiliated with the website. We cannot help with the withdrawal of funds or support tickets.,t5_3ohfa,1730753111.249072
6,r/whatthedogdoin,520,Funny/Humor,t5_4ci4hy,1730753111.2680461
7,r/zerochannet,520,High quality manga and anime images,t5_76qh2m,1730753111.287582
8,r/ageism,519,Welcome to ageism,t5_2qie2,1730753111.3065221
9,r/AndAudition,519,"This is the subreddit for the audition program &Audition, an audition program to add members to the first J-Pop Boy Group by Hybe Labels Japan. It is set to air on 9th July, 2022, every Saturday at 13:30 JST",t5_5a7u6p,1730753111.3263412
10,r/androidone,519,Welcome to androidone,t5_32bka,1730753111.411048
11,r/AnimalsBeingHeroes,519,Welcome to AnimalsBeingHeroes,t5_2wrcg,1730753111.43182
12,r/Arabvnny,519,Don’t do no bitch nigga shit in my sub,t5_4x7rxs,1730753111.461893
13,r/ArtificialAesthetics,519,Art,t5_8dsilk,1730753111.482492
14,r/asharms,519,Gaming,t5_zsu4d,1730753111.5030348
15,r/ataxia,519,Medical and Mental Health,t5_2sg8p,1730753111.523128
16,r/BansheeDefense,519,Marketplace and Deals,t5_7tpbxq,1730753111.542022
17,r/BbystarTwerking,519,Any videos of bbystar shaking that azz,t5_cmx6d7,1730753111.560925
18,r/BeautifulCouples,519,"SFW subreddit for IRL Alpha Couples. Keep it respectful and classy, please!",t5_7i3odu,1730753111.579791
19,r/Beyond_the_Wall,519,A place to discuss the tabletop role-playing game Beyond the Wall and Other Adventures.,t5_xebbg,1730753111.5988228
20,r/botpijnsap,519,Auw ai oei mijn pijnlijke botten,t5_3nr7a,1730753111.617923
21,r/Brighthammer,519,"Welcome to Brighthammer, In the Noble Brightness of the far future, there is only peace",t5_3eijh,1730753111.637654
22,r/CallHerDaddySnark2,519,Welcome to CallHerDaddySnark2,t5_8fzkh5,1730753111.6579149
23,r/canadianstartups,519,A sub-reddit for those involved in the Canadian startup scene.,t5_2ymd2,1730753111.677262
24,r/CasualMoscow,519,Place,t5_atqwwj,1730753111.697063
25,r/ChadYears,519,Funny/Humor,t5_2tbow9,1730753111.716661
26,r/chodinomics,519,"Culture, Race, and Ethnicity",t5_60z2jb,1730753111.735666
27,r/CZRimfire,519,Mature Themes and Adult Content,t5_4qkn4v,1730753111.7547
28,r/dankkizancik,519,Funny/Humor,t5_3022u1,1730753111.773612
29,r/EliteCCN,519,Elite Dangerous Subreddit Home for the Colonia Citizen Network (CCN),t5_3gczn,1730753111.7926989
30,r/fabcarmenvillalobosfa,519,Welcome to fabcarmenvillalobosfa,t5_74k9pd,1730753111.81236
31,r/financialcoaching,519,"A supportive community for aspiring and trained financial coaches all around the world. Roll up your sleeves, ask questions, share ideas and learn from one another on best practices for running your financial coaching business! The more successful we are, the more people we can help and the better our world can become!",t5_hec5v,1730753111.832195
32,r/FlappyBird,519,Gaming,t5_2zr68,1730753111.850987
33,r/garbagemenarelegends,519,Careers,t5_4zjbpd,1730753111.869761
34,r/GarfieldMinusEveryone,519,Garfield but nobody's there,t5_1gbz2q,1730753111.888834
35,r/gearupdates,519,"A place that gathers all the major brands' device updates, let that be Polar, Garmin or Wahoo. The main source can be found here: http://gpsinformation.net/allory/new.htm",t5_6cdoah,1730753111.910733
36,r/globaleclipse,519,Music,t5_znjwj,1730753111.930856
37,r/Halfframe,519,"All about halfframe filmcameras, photos and questions related to them.",t5_4bojb,1730753111.9508128
38,r/HavaD,519,Celebrity,t5_bi2hga,1730753111.971328
39,r/how2shirliHOT,519,shirli hot Instagram: https://www.instagram.com/how2shirli?igsh=MXdrNThvdHVibnZzaA==,t5_arwylc,1730753111.992366
40,r/huntcook,519,An unofficial online community for players and fans of *Hunt Cook: Catch and Serve*! mobile game (created by Select Button Inc.),t5_3edqe,1730753112.0144482
41,r/ImaginaryDestiny,519,Welcome to ImaginaryDestiny,t5_332fm,1730753112.035373
42,r/jessicamichelserfaty,519,Welcome! This is a community for sharing photos/videos of the gorgeous Jessica Michel Serfaty.,t5_7q3g49,1730753112.055711
43,r/JohnVervaekeMemes,519,A subreddit dedicated to John Vervaeke memes and edits. Join r/DrJohnVervaeke for general discussions about the good doctor.,t5_37k0h5,1730753112.0769868
44,r/katyaelisehenrySnark,519,"A safe space for all to snark on Katya Elise Henry the failed & uncertified ""fitness"" influencer and her family. Be sure to follow all the rules.",t5_8rvhn2,1730753112.096617
45,r/leonkennedy,519,leon kennedy misogyny awareness,t5_4oowro,1730753112.115825
46,r/LexieGraceLove,519,Model and social media personality. Sister of Anna Faith Carlson.,t5_3fndn,1730753112.136018
47,r/libertarianmemeUK,519,Politics,t5_376hvx,1730753112.156717
48,r/madelame,519,Madeline Petsch,t5_5j3ubs,1730753112.177207
49,r/May2024Parents,519,A space for discussion for expecting parents with EDD on or around May 2024.,t5_992ljo,1730753112.197098
50,r/mds,519,Medical and Mental Health,t5_2qyx2,1730753112.2192059
51,r/MentalHealthNZ,519,Medical and Mental Health,t5_5c6qem,1730753112.242971
52,r/metalrecommendations,519,"Welcome to /r/metalrecommendations, the hub of recommendations and suggestions for fans of metal music.",t5_3bh1u,1730753112.2725399
53,r/Miracleman,519,"Art, discussion and anything related to Miracleman/Marvelman",t5_2va8f,1730753112.304063
54,r/netskope,519,"A subreddit for the cloud security service, Netskope",t5_38gro,1730753112.3339121
55,r/NewEnglandSkiing,519,Post anything about skiing in New England!,t5_hx420,1730753112.355094
56,r/PandemicLifeHacks,519,Medical and Mental Health,t5_2glfbd,1730753112.3757591
57,r/patmetheny,519,"A place to celebrate the jazz guitar genius of Pat Metheny and all of his groups, ensembles and collaborations.",t5_37ue3,1730753112.396078
58,r/PlasticTheGame,519,"Plastic is a multiplayer 3rd person shooter with visceral destruction and combat over the land, air, and sea. https://www.plasticthegame.com",t5_stat4,1730753112.415638
59,r/PokemonGOBrampton,519,Catch em' all in Brampton!,t5_3ffh2,1730753112.4349282
60,r/PunAirForce,519,"Welcome to PAF, the official Anti Pun air force. Rule the skies with us! If you have questions or concerns, report to Head-General u/TrueFlameslinger (Aka: Perfectly Acceptable Flamethrower by LNSW)",t5_y0it9,1730753112.4542139
61,r/r4rDubai,519,"This is a subreddit for all the people in Dubai as well as open to anyone based in or visiting UAE to find platonic or non-platonic friendships, soulmates, travel buddies, activity partners, etc",t5_6sgk92,1730753112.473226
62,r/rbeginner,519,"Reddit is amazing for finding expert groups, and when getting into the programming language R, there are groups for that. However, all those groups operate at quite an expert level, so that new beginners feel quite lost and don't know whats going on. Thus, this subreddit is for all those who are getting started with R(Studio) and want to talk about it/help each other.",t5_2bdesr,1730753112.4937952
63,r/realestatewholesale,519,Welcome to realestatewholesale,t5_32xwa,1730753112.513652
64,r/RubyGillman,519,Television,t5_82ied3,1730753112.53249
65,r/sabyhersi_,519,Welcome to sabyhersi_,t5_axzm3o,1730753112.551476
66,r/sixfeetabovepod,519,Podcasts and Streamers,t5_av4kke,1730753112.5708082
67,r/snoonet,519,Welcome to snoonet,t5_2u00a,1730753112.5896719
68,r/SofiaBarraganBoutine,519,Welcome to SofiaBarraganBoutine,t5_6p6l7l,1730753112.6084921
69,r/solarisxlr,519,"Solaris is a blockchain platform offering tools for decentralized application development utilizing widely popular Microsoft technologies of C# using .NET Core platform. Solaris is powered by XLR, the native coin on the Solaris blockchain.",t5_3psxo,1730753112.6275089
70,r/SoraNoWoto,519,A subreddit for the anime Sound of the Sky (Sora no Woto),t5_30551,1730753112.646604
71,r/Tchia,519,Gaming,t5_3jje3c,1730753112.665785
72,r/thanatology,519,"than·a·tol·o·gy /ˌTHanəˈtäləjē/ the scientific study of death and the practices associated with it, including the study of the needs of the terminally ill and their families.",t5_2trsw,1730753112.68535
73,r/TheKindestCommunity,519,Internet Culture and Memes,t5_am1vxy,1730753112.705118
74,r/TheThreeBroomsticks,519,A place to post and find favourite recipes from the Harry Potter universe!,t5_2zk54,1730753112.724709
75,r/TurboDismount,519,"Post anything related to the game! Fanart, let's plays, funny pics - you name it!",t5_2zlad,1730753112.746311
76,r/turkestan,519,Place,t5_2x9cu,1730753112.766752
77,r/TyDollaSign,519,V3 bouta rip heads off The home of everything Ty Dolla $ign.,t5_34l8s,1730753112.786298
78,r/UBB,519,Comunitatea studenților UBB pe Reddit,t5_4zvbin,1730753112.806467
79,r/UnderwaterFilms,519,Share your underwater movies !,t5_6hr11i,1730753112.8319418
80,r/unexpectedcinemasins,519,For all those Unexpected Cinema Sins references,t5_3l6hq,1730753112.858571
81,r/victoriakoblenko,519,Celebrity,t5_5zgjmm,1730753112.887957
82,r/vielskerOnkelReje,519,"Dette er en subreddit, der har til formål at vise børneTV-værten Mads Geertsen (aka Onkel Reje), at vi er mange, der støtter ham. Vis at du støtter ham. Vi sørger for, at han mærker vores kærlighed til ham. Skriv en besked, send et billede eller gør noget vildt! For vi elsker Onkel Reje.",t5_8c560r,1730753112.911871
83,r/WalkingPads,519,Fitness and Nutrition,t5_8tl7us,1730753112.933789
84,r/wealldesirethis,519,Post stuff here that is desirable to everyone.,t5_12782g,1730753112.977081
85,r/YAHOOFINANCE,519,=YHFINACE is a Google Sheets formula similar to =GOOGLEFINANCE,t5_3p87cr,1730753112.9962602
86,r/youfibre,519,Technology,t5_2p5bof,1730753113.0153658
87,r/zylush,519,All things to do with Yogscast Zylush,t5_2y6qw,1730753113.036096
88,r/AFLBIRDTEAMS,518,Sports,t5_2rx93w,1730753113.054976
89,r/atzcollection,518,"Welcome to r/atzcollection, r/8TEEZ's affiliated sub dedicated to collecting! Show off your ATEEZ collection, buy/sell/trade your ATEEZ merch, get help, and talk with other collectors!",t5_5zuc2c,1730753113.074126
90,r/Autocultivo420,518,"Bienvenido a r/Autocultivo420, un subreddit dedicado al autocultivo de cannabis. La idea es tener un espacio donde poder compartir dudas, soluciones, experiencias... acerca de todo lo que rodea a nuestras amadas plantitas.",t5_5qbce0,1730753113.094044
91,r/AZKi,518,Anime,t5_3tbi9t,1730753113.118315
92,r/belkadidnothingwrong,518,#belkadidnothingwrong,t5_3is5n,1730753113.144325
93,r/brucecampbellmemes,518,Any and all memes Bruce Campbell.,t5_26qjeo,1730753113.169457
94,r/bryancallen,518,Welcome to bryancallen,t5_2texp,1730753113.192172
95,r/BuildingWatches,518,A place to showcase how you build your watch and to share with others who want to learn.,t5_66dc3m,1730753113.214206
96,r/bulletstorm,518,Welcome to bulletstorm,t5_2saw3,1730753113.236325
97,r/cheaters_exposer,518,Welcome to cheaters_exposer,t5_5ohsq9,1730753113.257462
98,r/CitygirlsGoon,518,A place to goon to the sexy duo Jt and Yung Miami from city girls,t5_barg9w,1730753113.277007
99,r/cosa,518,COSA is a Twelve Step recovery program for those whose lives have been affected by compulsive sexual behavior.,t5_30pb0,1730753113.296198
100,r/DrawMyOc,518,One stop community for all your OC art needs! Feel free to request or offer your skills for art!,t5_2hf5ky,1730753113.3175628
101,r/Drinnies,518,Podcasts and Streamers,t5_5e6e2k,1730753113.337808
102,r/exywam,518,Trauma Support,t5_35p934,1730753113.3585541
103,r/FerenOS,518,"News, Discussion, and Support for literally anything",t5_urdtb,1730753113.379305
104,r/Floral,518,"**WELCOME!** An appreciation to the life, love, and joy the Floral Pattern brings to the world. Post pictures, stories, video, anything related to our beloved Floral pattern.",t5_32dl0,1730753113.400501
105,r/FloridaBeer,518,A place for beer lovers in Florida.,t5_2v2wl,1730753113.421385
106,r/FlowFree,518,Gaming,t5_3nvoi,1730753113.441623
107,r/GearHead,518,Welcome to GearHead,t5_2r99l,1730753113.462307
108,r/GuessTheSet,518,"All submissions should include [LO] or [ALT] in the title. I have plans to write a bot that allows the OP to reply to guesses with ""solved!"", thus adding a flair score to the user. The [LO] tag belongs to MOC built using the left over bricks. [ALT] belongs to builds using ***only*** bricks from a singular set",t5_o8ma8,1730753113.48234
109,r/hesrifamily,518,welcome to snark page about the hesri family aka keemokazi Sara saby serene Sophie sima nermin aka their mother hesri all posts are welcome here snark sarcasm opinions and all,t5_c2ijau,1730753113.5030699
110,r/HITRUST,518,"Business, Economics, and Finance",t5_378zy,1730753113.523682
111,r/hypocondria,518,For all the hypocondria about there.,t5_29l7on,1730753113.543945
112,r/Ikemen,518,Cybird’s otome games!,t5_29f1a4,1730753113.566296
113,r/IsThisEvenLegal,518,Subreddit for everything with questionable legality. Remember to read the rules before posting!,t5_omq41,1730753113.586806
114,r/JessiLawlessgossip,518,A place for Lawless to pretend she’s a “celebrity” 👀 ☕️,t5_84ybl1,1730753113.607198
115,r/JSCammie,518,The official subreddit for JSCammie.com! A free SD 1.5 & SDXL AI Image Generator!,t5_b8rrvn,1730753113.627378
116,r/LateLateShow,518,"A community for fans and viewers of The Late Late Show! Currently hosted by James Corden, formerly hosted by Craig Ferguson, *formerly* formerly hosted by Craig Kilborn.",t5_2vrlx,1730753113.647991
117,r/LibertyEndures,518,"We would like all Citizens to discuss the media broadcasts and products from the world of Liberty. This currently includes the podcast broadcast Liberty: Critical Research, and more!",t5_39pl0,1730753113.668179
118,r/LinkinParkOG,518,Music,t5_cea4o6,1730753113.6880698
119,r/loopylizards,518,Welcome to loopylizards,t5_2tmmk,1730753113.708312
120,r/majorcrimes,518,Welcome to majorcrimes,t5_2xgmb,1730753113.728099
121,r/mammothclub,518,"r/mammothclub is a community for discussion of all thing Mammoth Club with a few exceptions. Please be respectful towards others. Please do not attack anyone's personal appearance. Have fun! Open discussion, memes, jokes, and criticism is acceptable.",t5_6twwkm,1730753113.7479959
122,r/MilitarumTempestus,518,Hobbies,t5_296e79,1730753113.7668219
123,r/ModerationTheory,518,A forum for the discussion of the moderation theory in reddit's subreddits. [message the mods](http://www.reddit.com/message/compose?to=%2Fr%2FModerationTheory) for submission privileges.,t5_2zfmq,1730753113.786013
124,r/Moonsqueezes,518,"Business, Economics, and Finance",t5_5n9jxw,1730753113.80497
125,r/Morocco_entrepreneur,518,"Business, Economics, and Finance",t5_5lw2b3,1730753113.8239841
126,r/MVGA,518,Make Vlaenderen Great Again,t5_239nhv,1730753113.843298
127,r/netlabels,518,Welcome to netlabels,t5_2rd53,1730753113.863431
128,r/NewFriendsEverywhere,518,A casual subreddit for Chat,t5_2nl1kt,1730753113.882981
129,r/Olomouc,518,Place,t5_2rpy5,1730753113.90253
130,r/PCUSA,518,"This is a subreddit for sharing information and discussions particularly significant to the Presbyterian Church (U.S.A.). It is for members of this denomination or people interested in discussing the concerns of this denomination. If you want to share all the information on the most recent GA, this is where to do it.",t5_2uf90,1730753113.922005
131,r/Peerstreet_Creditors,518,"Business, Economics, and Finance",t5_8qk1mh,1730753113.940892
132,r/PokeGoChattanooga,518,"A small subreddit for the Pokemon Go players in or around Chattanooga, TN.",t5_3fcof,1730753113.960115
133,r/PropertyBrothers,518,Subreddit for the HGTV show Property Brothers and all the related spin offs,t5_2xs5n,1730753113.9796748
134,r/Quran_focused_Islam,518,"Unlike all other belief systems, Islam has a built-in reset switch. Islam's primary document is not only demonstratively preserved but serves as a timeless touchstone for those in search of the real Islam.",t5_2nkp65,1730753113.999135
135,r/RealLifeMTG,518,Tabletop Games,t5_3gbub,1730753114.018676
136,r/RedDeadFightsXbox,518,"A subreddit for Xbox users playing Red Dead Redemption 2, who are interested in user-created match ups. /r/RedDeadFightsXbox Reddeadfightsxbox",t5_sv1te,1730753114.0380852
137,r/redfoottortoise,518,Animals and Pets,t5_5xoi0a,1730753114.059225
138,r/Ringling,518,Welcome to Ringling,t5_2t15l,1730753114.078518
139,r/sapphicartwork,518,Art,t5_5sgd6q,1730753114.098397
140,r/snowtopia,518,"Design the ideal ski resort, keep increasingly-demanding skiers satisfied and enjoy the relaxed atmosphere of your resort in a never-ending winter. Game is under development and currently in Open Alpha",t5_h3p99,1730753114.11838
141,r/software_mentors,518,Careers,t5_5ifl88,1730753114.139002
142,r/stabyhoun,518,"A subreddit dedicated to one of the rarest, and best, breeds of dogs in the world.",t5_rbak9,1730753114.159501
143,r/StampFairtex,518,Welcome to StampFairtex,t5_66spzi,1730753114.1801019
144,r/StarTruckerOfficial,518,Gaming,t5_cfpqj1,1730753114.2005289
145,r/steam_codes,518,do you have steam codes you do not use? you can give them away here!,t5_3b93j,1730753114.220811
146,r/SwiftPlaygroundsApps,518,Technology,t5_4k5f7g,1730753114.241628
147,r/tattooididntlike,518,Tattoos that are done well but for whatever reason we don’t like. It’s all light hearted,t5_7y7wcd,1730753114.261653
148,r/Teenagersbutcooler,518,Internet Culture and Memes,t5_b065w0,1730753114.2812212
149,r/teenagersbutevil,518,Same idea as the other r/teenagers subreddits. Only difference is that we are unhinged. Don’t break site rules and don’t be overly mean to each other. That’s all.,t5_5r7xi9,1730753114.30087
150,r/toasterovenmasterrace,518,Welcome to toasterovenmasterrace,t5_326v9,1730753114.319871
151,r/TorimaMinshukuYadori,518,Anime,t5_99c3fl,1730753114.339144
152,r/TrickyTactics,518,Gaming,t5_b62fjd,1730753114.359274
153,r/UDFlyers,518,Sports,t5_3iqii,1730753114.378756
154,r/UMT_,518,Learning and Education,t5_9dgj6x,1730753114.3985012
155,r/vonitah,518,Cuenta official de Vonitahgaming en Reddit. Puñeta! Detrás de mi vida gamer. Behind my gaming life. https://onlyfans.com/vonitah,t5_71s8r6,1730753114.41799
156,r/WallStreetWagers,518,WallStreetWagers,t5_3hlrz,1730753114.437203
157,r/xoxodrop,518,Crypto,t5_6gycs0,1730753114.479897
158,r/zeroknowledge,518,The zero knowledge subreddit is a spot to come together and chat about all things zero knowledge systems and related privacy technology,t5_3ebsv,1730753114.500096
159,r/22re,517,Welcome to 22re,t5_2yov7,1730753114.518162
160,r/accelerators,517,Science,t5_34nsb,1730753114.536337
161,r/ADHDExchange,517,"Welcome to /r/ADHD Exchange, where you can find a new hobby for your short-term fixation while ridding yourself of the evidence of your former favourite hobbies!",t5_3b0i1,1730753114.554113
162,r/AIAnimeArtwork,517,Mature Themes and Adult Content,t5_cf3w09,1730753114.5749629
163,r/ArmaOverthrow,517,Gaming,t5_3mvy6,1730753114.593458
164,r/Aromanian,517,"Culture, Race, and Ethnicity",t5_42fyav,1730753114.611209
165,r/Backcountrycamping,517,Anyone who has any tips or tricks of the trade for backcountry camping can post here. Survival tips are welcome as well. You can post reviews or pictures of where you've camped.,t5_32oqg,1730753114.629034
166,r/batonrougednd,517,"A place to organize, find players for, and discuss tabletop and live-action games in the greater Baton Rouge area.",t5_2uovn,1730753114.649596
167,r/BoysandFlugzeug,517,Art,t5_455t6m,1730753114.67058
168,r/brownmundestuff,517,Funny/Humor,t5_6w0kr9,1730753114.691366
169,r/Caerphilly,517,A Sub-Reddit dedicated to all matters related to Caerphilly,t5_2zm52,1730753114.712578
170,r/CallieHaverda,517,"Leia Forman on ""that 90s show""",t5_7pbiuv,1730753114.759455
171,r/ChaewonKim,517,NSFW + SFW sub for LE SSERAFIM'S Kim Chaewon,t5_byycfr,1730753114.81828
172,r/Clippy,517,A tribute to the Greatest Microsoft Office Assistant of all time!,t5_2vh8j,1730753114.862921
173,r/CODMobileLATAM,517,Comunidad Latina de Call of duty mobile,t5_2fnd29,1730753114.886393
174,r/CTI,517,"Welcome to r/CTI Cyber Threat Intelligence Community This subreddit is your go-to space for sharing the latest cyber threat intelligence news, insights, and valuable resources. Stay informed, collaborate with others, and strengthen your understanding of the ever-evolving cybersecurity landscape. Remember to never click on / navigate to unusual urls or content. When in doubt be cautious! Official r/CTI Discord Server (Still early work-in-progress!) https://discord.gg/TVzGgYFK7q",t5_2utw1,1730753114.9106472
175,r/DogFitness,517,Welcome to DogFitness,t5_33yql,1730753114.933839
176,r/drawnthicc,517,"For the thickest of art, be it western or eastern",t5_8iuqny,1730753114.955822
177,r/DriverSanFrancisco,517,"Welcome to the Driver San Francisco Subreddit! This community is dedicated to appreciating and celebrating the game Driver San Francisco. Whether you're here to discuss gameplay, share memories, or connect with fellow fans, this is the perfect place to dive into everything that makes Driver San Francisco such a beloved game. Join us and share your love for this unique driving experience!",t5_2peoaj,1730753114.9778838
178,r/Drogrammers,517,"For programmers who live the ""high"" life. If you use HASH tables and binary TREES often, you are in the right place. This sub is for anything related to marijuana and coding.",t5_3lqsx,1730753115.000413
179,r/Every60Seconds,517,A place for discussion about the Mtn Dew & Doritos contest for the Xbox One X,t5_3oja9,1730753115.021744
180,r/Flintstones,517,Television,t5_2tptx,1730753115.0431528
181,r/FlutterMemes,517,Programming,t5_bhimfy,1730753115.065102
182,r/fortuna95,517,Sports,t5_w0gyu,1730753115.0865312
183,r/FredericLore,517,Very nice and epic gamer do uncharacteristic thing,t5_28hi49,1730753115.107918
184,r/FusionVFX,517,"Fusion VFX is dedicated for the community Fusion (Resolve & Studio), an amazing node-based VFX compositing software progam that actually affordable and capable.",t5_3yitsq,1730753115.1297321
185,r/GaladrielStineman,517,Welcome to GaladrielStineman,t5_34ioi,1730753115.151924
186,r/GirlsSittingAtTables,517,Girls sitting at tables,t5_36ahq,1730753115.1732469
187,r/GoNetspeed,517,Technology,t5_2773ks,1730753115.199656
188,r/GretaVanFleetMemes,517,Memes about Greta Van Fleet,t5_2abrqh,1730753115.220969
189,r/Haarper,517,Celebrity,t5_2wa6nr,1730753115.2421591
190,r/Haleigh_onthedaily,517,"Welcome to supporting Haleigh Ozio Sturrock and her personal cheating stories on IG. This sub is a place for Haleigh supporters and snark on Haleigh’s ex and his mistress, their bizarre family and all related to this bizarre situation! Note: Group is not officially affiliated with this situation.",t5_bvlv03,1730753115.263993
191,r/hoopscoach,517,Where users can discuss the Android app College Hoops Coach,t5_3i0ye,1730753115.284418
192,r/huronaroleraoficial,517,"Reddit oficial de Hurona Rolera ✨👾 Manda tus memes, preguntas, ideas…. ¡Aquí encontrarás contenido exclusivo que no hay en otras redes!",t5_alikt8,1730753115.303861
193,r/ImperialRadch,517,Discuss Anne Leckie's Imperial Radch novels and the shorter stories within that universe. Ancillary Justice (2013) Ancillary Sword (2014) Ancillary Mercy (2015),t5_38koc,1730753115.3235981
194,r/Imsorrypeppa,517,Peppa why did it have to end this way,t5_21tssl,1730753115.342699
195,r/JoePickett,517,A place to discuss the Joe Pickett books from C.J. Box and the new show on Spectrum Originals.,t5_5fni0s,1730753115.3631518
196,r/JuliaGoldaniTelles,517,For fans of Julia Goldani Telles,t5_2u64o,1730753115.3836548
197,r/KoreaPics,517,Photos and Images of the Land of Morning Calm.,t5_34649,1730753115.405303
198,r/kosmic,517,Welcome to kosmic,t5_30o53,1730753115.425909
199,r/ladytron,517,Music,t5_2vx1g,1730753115.44636
200,r/lefties,517,Welcome to lefties,t5_2r6ge,1730753115.489665
201,r/LGBTQpolitics,517,Politics,t5_atfiut,1730753115.5106518
202,r/LucillaJigglyTwitch,517,Unico reddit ufficiale di LucillaJiggly! Leggete il post fissato e il regolamento! Instagram: https://www.instagram.com/lucilla.jiggly/ Twitch: https://www.twitch.tv/lucillajiggly,t5_4wyg8j,1730753115.532326
203,r/Mallary,517,A compendium of the legendary Mallary/Mallory of Fantasy Fest fame.,t5_6cifui,1730753115.551423
204,r/millane,517,Subreddit dedicated to Millane,t5_8ve89o,1730753115.570156
205,r/Mirkofanclub,517,Welcome to Mirkofanclub,t5_6v7vyh,1730753115.5894048
206,r/MNXXF,517,"Business, Economics, and Finance",t5_3y3nrd,1730753115.608268
207,r/Mousesports,517,A community subreddit for a worldwide leader in professional gaming. Discuss all things mousesports!,t5_35v70,1730753115.627189
208,r/NMTR_Stock,517,"Business, Economics, and Finance",t5_3zve6q,1730753115.645702
209,r/NoSellerSelfies,517,"A selfie/fashion/outfit/positivity/friendship sub for non sellers only. Open to all genders. Positive and encouraging posts are welcome too! If you need support don’t hesitate to ask! This is an all ages sub so please do not post anything sexual in nature. Any questions or concerns, feel free to message me! Happy posting! ☺️",t5_71oehr,1730753115.663567
210,r/OINP,517,Law,t5_auygfz,1730753115.682444
211,r/okbuddygreentea,517,Funny/Humor,t5_2t1npg,1730753115.700377
212,r/OpenADSB,517,OpenADSB - An iOS application that visualizes ADS-B VRS (Virtual Radar Server) and dump1090 air traffic on an interactive map.,t5_3ho2x,1730753115.720602
213,r/Qatar_Meet_Friends,517,"Attention all love-seekers! Are you tired of swiping left and right on dating apps with no luck in finding the one? Look no further, because Qatar is the place to be! Nestled in the heart of the Middle East, Qatar offers a unique blend of tradition and modernity, making it the perfect setting for romance to blossom. Whether you're exploring the vibrant streets of Doha, taking a stroll along the picturesque corniche, or enjoying a romantic dinner at one of the city's many exquisite restaurants,",t5_acbfdc,1730753115.7386382
214,r/RedLetterMediaFans,517,Movies,t5_2wub1b,1730753115.75707
215,r/ResoniteVR,517,Unofficial subreddit for Resonite on Steam.,t5_9iy49g,1730753115.775269
216,r/ScienceJobs,517,A community to share science and research positions worldwide. Anyone is welcome to post or share interesting positions for scientists in academia and industry.,t5_7ccwsk,1730753115.793626
217,r/sexyjanhofer,517,Welcome to sexyjanhofer,t5_ucn6a,1730753115.811323
218,r/SilphRoadMtnWest,517,The Mountain West Region of the Silph Road,t5_3d5m7,1730753115.8290071
219,r/Smallclaims,517,Law,t5_2eb7ni,1730753115.8472478
220,r/snarkingtepechafamily,517,Funny/Humor,t5_87byam,1730753115.866017
221,r/StudentsOfDentistry,517,A place for dental students to discuss dentistry & dental-related opportunities.,t5_2nrj2p,1730753115.8845289
222,r/suddenlynapalm,517,🔥,t5_c1ws9j,1730753115.902836
223,r/SuperStarTheBoyz,517,"SuperStar THEBOYZ is a rhythm-based game, developed by Dalcomsoft, featuring THE BOYZ. It is also a sister game to the other SuperStar series games: SMTown, JYPNation, BTS (RIP), Pledis (RIP), Starship, Woollim, Iz*One (RIP), GFriend (RIP), YG, FNC, The SuperStar, KANGDANIEL, PNATION, ATEEZ, Brand New, CLASS:y, OHMYGIRL, LOONA, & STAYC. The game was released on December 15, 2021.",t5_59q3x3,1730753115.920752
224,r/SurrealSubreddit,517,"Welcome to a community for all things surreal! Enjoy yourself, follow the rules, and know that this is a safe and fun space the chill out.",t5_29hpyc,1730753115.938247
225,r/Synduality,517,Gaming,t5_6x7j8c,1730753115.95677
226,r/Theives,517,"Discussions for loss prevention, asset prevention, and a knowledge base where both sides of the parties can come together to understand each other. Some of us are here for greed, while others are just trying to get by. Please no hate speech, no talk of violence, please do not describe how to commit a crime, do not self snitch. This is not a free for all form. I am taking back to MOD the postings as best as I can.",t5_zhz1m,1730753115.977644
227,r/thisisosaka,517,This is the sub-reddit for the hiking/walking group going by the name This is Osaka! Welcome!,t5_79v83x,1730753115.997673
228,r/tinykittens,517,<3 pictures of tiny kittens! <3,t5_3cwn4,1730753116.015649
229,r/trytosmileagain,517,Music,t5_9rpfag,1730753116.033738
230,r/UnexpectedInsideJob,517,A subreddit for unexpected quotes from the Netflix show Inside Job,t5_7egd03,1730753116.0516732
231,r/UnleashClub,517,Gt3 Club,t5_8p1r2v,1730753116.0719302
232,r/vltreddit,517,"Official Reddit of Velocity Gaming , Post memes to get it reacted by the CCs and Players",t5_6ew63r,1730753116.091098
233,r/wardrobespecialist,517,Welcome to wardrobespecialist,t5_a508q2,1730753116.109664
234,r/webdoki,517,Medical and Mental Health,t5_catye3,1730753116.1281888
235,r/2952,516,流亡苞米中央，永不陷落的苞米大会堂。,t5_81ba1s,1730753116.1464362
236,r/Ace_Jewelrydesign,516,"I hope all is well with you guys, the main purpose of this community was created is to share my own brand of jewelry, we strive to make designer, high quality jewelry available to all fashion lovers at a low price. Can be shipped to all North America",t5_atfa24,1730753116.1645598
237,r/africanbullfrogs,516,Animals and Pets,t5_u6y94,1730753116.185813
238,r/AlHaithamArtifacts,516,Gaming,t5_7em0vb,1730753116.205806
239,r/antifloorgang,516,"r/antifloorgang is a subreddit for discussion about not only bad floor gang 'memes' but also for discussion about any bad Pewdiepie memes, and also a place to share issues about r/Pewdiepiesubmissions",t5_2mthcb,1730753116.224994
240,r/ApexMobileLFG,516,"Find others willing to play Apex Legends: Mobile. Duos, Trios, Ranked! LFG only. Visit /r/ApexLegendsMobile for game-related discussion, clips, and more!",t5_5ztxwv,1730753116.2432
241,r/Arhatship,516,"Welcome to r/Arhatship. This is a place for mature and thoughtful discussion on serious meditation practice that can lead to complete awakening as defined by Siddharth Gautam in the ten fetter model. Members are encouraged to speak completely from their first hand experience or from the desire to gain first hand experience. This is not a suitable place for discussing topics of a theoretical, metaphysical, religious, speculative nature.",t5_5d5e8q,1730753116.261046
242,r/BATASNatin,516,Law,t5_4ddsny,1730753116.279042
243,r/BoundTogether,516,"We’re a monogamous, feminist couple with kids in our 40s who practice BDSM in the bedroom and in the scene. We started this community to share our experiences and to foster discussion and questions about kink.",t5_v4na0,1730753116.2969239
244,r/BoycottYoutubeAds,516,Welcome to BoycottYoutubeAds,t5_aa282r,1730753116.314605
245,r/BrosHelpBrosReconcile,516,Family and Relationships,t5_7q7tjl,1730753116.3322601
246,r/BusinessClassFlights,516,"Here everyone can post deals, reviews, reports or questions about Business & First Class flights",t5_4y37or,1730753116.349994
247,r/CatholicVideos,516,This subreddit is dedicated to the sharing of videos that can relate to Catholics. This is everything from humor to sermons.,t5_37cir,1730753116.368403
248,r/chinese_lesbian,516,没有眼里所无法看见的花朵，更无心中所不愿思慕的明月。 这里是华人lesbian社区，请畅所欲言。,t5_6fml4p,1730753116.3879511
249,r/CookieRunCursedComics,516,Gaming,t5_2gjpmv,1730753116.406124
