,subreddit,subscribers,topic,subreddit_id,scraped_utc
0,r/LinuxDrama,510,Technology,t5_c7maf8,1730753177.8100832
1,r/MarriageBootCamp_TV,510,Celebrity,t5_257p50,1730753177.850378
2,r/Mazdutide,510,Follow the development of GLP-1/ glucagon agonist,t5_6v8q5x,1730753177.886273
3,r/mediocre_art,510,Art,t5_54pd63,1730753177.920149
4,r/Megaliths,510,"News and information about megaliths, megalithic structures, and petroglyphs - the art and architecture of antiquity. Archeology and history of Stone Age megaliths.",t5_2zqg9,1730753177.953749
5,r/ModdedTDI,510,Cars and Motor Vehicles,t5_7be24b,1730753178.001608
6,r/MosesSumney,510,Music,t5_746h2,1730753178.035926
7,r/NetPass,510,NetPass is a homebrew application for the Nintendo 3DS that allows you to receive StreetPasses over the Internet.,t5_3ggwp,1730753178.0711942
8,r/news_release,510,"Press Release, business news release",t5_7poxxc,1730753178.105695
9,r/NotNotJustBikes,510,Podcasts and Streamers,t5_cdotia,1730753178.140001
10,r/OpenVMS,510,Technology,t5_2s971,1730753178.2775009
11,r/OS2,510,Technology,t5_2z15f,1730753178.316494
12,r/OttessaMoshfegh,510,Just a community of people enjoying and discussing the writing of the author Ottessa Moshfegh,t5_3dhu6y,1730753178.3736792
13,r/PaycheckTheBurglary,510,Alright Ramblers Lets Get Ramblin' This subreddit is a Parody of the r/paydaytheheist subreddit Memes and Shitposts Welcome,t5_3hcch,1730753178.415862
14,r/predictivetextprompts,510,Use the predictive text feature on your phone's keyboard to create stories or sentences out of prompts.,t5_3prnm,1730753178.4586
15,r/RedditBiography,510,Welcome to RedditBiography,t5_2ssy1,1730753178.500952
16,r/Redditch,510,Sports,t5_2rtiz,1730753178.543387
17,r/Richardthedolphin,510,Richard wishes you a almost spooktober,t5_2mai3l,1730753178.5865679
18,r/samgellaitry,510,Welcome to samgellaitry,t5_37aui,1730753178.629206
19,r/shrimpqueen,510,Internet Culture and Memes,t5_afpsh5,1730753178.671962
20,r/SketDance,510,"""Sket Dance"" is a popular anime and manga series that follows the adventures of the Sket Dan, a high school club dedicated to helping others with their problems and requests. The series is known for its mix of comedy, drama, and heartwarming moments as the Sket Dan takes on various odd jobs and helps their classmates and others in need.",t5_2utjc,1730753178.7065222
21,r/sotcettes,510,the only sotce fan community on reddit :),t5_agnvfe,1730753178.7433631
22,r/SouthernSayings,510,Welcome to SouthernSayings,t5_2664pp,1730753178.779215
23,r/spottheprotagonist,510,When seeing a main character is way too obvious.,t5_39ito,1730753178.813437
24,r/SuperTuxKart,510,"SuperTuxKart is a Free 3D kart racing game, with many tracks, characters and items for you to try. Wikipedia describes it as a Mario Kart-like arcade racing game featuring the Linux mascot Tux.",t5_2xsfn,1730753178.8457558
25,r/TapDigMyMuseum,510,Gaming,t5_2n678v,1730753178.875
26,r/TataMotorsIndia,510,Cars and Motor Vehicles,t5_b02let,1730753178.905015
27,r/TemuTradesUSA,510,Marketplace and Deals,t5_bh0qvm,1730753178.9330938
28,r/TestDriveGames,510,Gaming,t5_2p2rzv,1730753178.961251
29,r/timepolice,510,Please report anachronistic and paradoxical behaviour below. Remember to stay away from all relatives of the opposite gender whilst travelling backwards through time to avoid David Lister / Philp J. Fry like scenarios. Your co-operation has/is/will/'will have been' appreciated. Thank you.,t5_111usd,1730753178.991884
30,r/ToledoOhioFreaks,510,Welcome to ToledoOhioFreaks,t5_cgks75,1730753179.0204868
31,r/trangia,510,Welcome to trangia,t5_261bxg,1730753179.045324
32,r/TrueUnvaccinated,510,Welcome to TrueUnvaccinated. Topics must revolve around being unvaccinated or around the Covid vaccines.,t5_7ile60,1730753179.070015
33,r/turntableFM,510,Music,t5_2sjzh,1730753179.092899
34,r/Unravel_game,510,Gaming,t5_3c0i9,1730753179.116695
35,r/vihreatkuulat,510,"Alireddit yhdelle Suomen hienoimmista luomuksista. Ja myös yhdelle Suomen hyväksikäytetyimmistä herkuista. Eli siis näille: http://bit.ly/VihreätKuulat |---| JOS JOKIN ON ÄÄRIMMÄISEN KIROTTUA, MUISTA LAITTAA TÄGI [**NSFW**] |---| Kattokaa wikia!",t5_tpmxk,1730753179.1395688
36,r/VirginiaWine,510,A place for the discussion & promotion of Virginia based wines & vineyards,t5_3attk,1730753179.163319
37,r/wallsarenotreal,510,Funny/Humor,t5_2nqglb,1730753179.185078
38,r/WarhammerShadespire,510,"Welcome to /r/WarhammerUnderworldsShadespire; a place to discuss Warhammer Underworlds: Shadespire, A Fast-Paced Game of Tactical Arena Combat!",t5_3jjn9,1730753179.205226
39,r/WomenBand,510,Music,t5_2dryof,1730753179.224582
40,r/YAlibrarians,510,Careers,t5_4diixv,1730753179.24372
41,r/zebec,510,Crypto,t5_57x4uj,1730753179.262891
42,r/8thgenaccord,509,Welcome to 8thgenaccord,t5_qzcix,1730753179.282003
43,r/AlchemistReservations,509,"Trade, offer or request reservations at the fabulous Restaurant Alchemist in Copenhagen (https://alchemist.dk)",t5_7c9uob,1730753179.301236
44,r/Anabaptism,509,"This is a place to share about Anabaptist related movements worldwide and discuss Anabaptist beliefs and practices. This tradition, historically, comes out of the part of the Reformation known as the Radical Reformation. Millions of Christians worldwide are involved with traditions and denominations descended from or influenced by the Anabaptists including Mennonites, Amish, Hutterites, Baptists, certain Brethren traditions and denominations, and many more expressions.",t5_2y90o,1730753179.3202748
45,r/AQB,509,"Business, Economics, and Finance",t5_4wvf6u,1730753179.339796
46,r/AstaweaveHaven,509,"A subreddit for HoYoverse's new game, Astaweave Haven (CN: 星布谷地).",t5_bvepww,1730753179.360199
47,r/Axis_of_Evil,509,Politics,t5_bqtve3,1730753179.37996
48,r/BakiAppleFritters,509,Anime,t5_a96om1,1730753179.400064
49,r/Bangladeshi_Ranna,509,Food and Drink,t5_4t72p7,1730753179.42329
50,r/BoatDetailing,509,Hobbies,t5_3f7sj,1730753179.4433322
51,r/bobbyscar,509,The most electrifying man in Smash,t5_39qsd,1730753179.46398
52,r/Borkball,509,Welcome to Borkball,t5_338gc,1730753179.4825668
53,r/BravoRHofDallas,509,"This Reddit page is dedicated to all things Real Housewives of Dallas. Whether that be episodes of the show itself or any gossip surrounding past and current housewives and their beaus. We don’t have too many rules, but we do ask that you stay respectful to one another. If you can do that, please stay awhile!",t5_psep6,1730753179.5020711
54,r/CBSToughAsNails,509,Television,t5_2paw9o,1730753179.520654
55,r/Collegetrees,509,"For when /r/eldertrees, and /r/trees doesn't cut.",t5_2vkag,1730753179.539886
56,r/cringecomments,509,Welcome to cringecomments,t5_2wbwj,1730753179.55867
57,r/CSN_Coyotes,509,Learning and Education,t5_805l50,1730753179.577635
58,r/DigitalConvergence,509,"Adventures in the convergence of computer vision, 3D modeling, micro-computing, and wearable tech.",t5_33zkb,1730753179.5964868
59,r/dndterrain,509,Welcome to dndterrain,t5_6cafjn,1730753179.615229
60,r/doubleyolk,509,Pictures of double yolks. Pictures of triple yolks. Pictures of quadruple yolks... those are double double yolks.,t5_31d6z,1730753179.63401
61,r/drugsorgod,509,Post media to determine if its drugs or crazy religious people doing crazy shit,t5_27f9ue,1730753179.65468
62,r/ellaroseee__,509,Mature Themes and Adult Content,t5_5rdvy0,1730753179.6735308
63,r/emma_wortelboer,509,Podcasts and Streamers,t5_8ooyiy,1730753179.69262
64,r/Erwin_GuP,509,Anime,t5_2i4vxq,1730753179.711583
65,r/FilmIsNotDead,509,Film community. A place to share your work and chat about film!,t5_2tb74,1730753179.730408
66,r/Ghostbusters_RPG,509,"A place to discuss Ghostbusters: A Cheerfully Frightful Roleplaying Game and Ghostbusters International, both by West End Games, and other Ghostbusters-related pen-and-paper roleplaying games.",t5_3fi1p,1730753179.7495759
67,r/highschoolmusical,509,"A community dedicated to Disney's High School Musical movies: High School Musical, High School Musical 2, High School Musical 3: Senior Year, and Sharpay's Fabulous Adventure.",t5_2qtdo,1730753179.7686179
68,r/HokutoNoKen,509,A community to talk about Hokuto no Ken [Fist of The North Star] and anything associated. Take on your journey. We still fight!,t5_2sux1,1730753179.787665
69,r/iToolsPoGoSpoofing,509,Gaming,t5_2or7q8,1730753179.80714
70,r/Jagverse,509,Subreddit de divulgación científica y tecnológica en Español! Una fuente constante de información para todas aquellas personas que deseen aprender algo nuevo cada día.,t5_399o4,1730753179.827499
71,r/LawfulGood,509,"Everything Lawful Good. Acting as the consummate good person, lawful good people combine the virtues of sacrifice, justice, and order. They strive to tell the truth, keep their word, help those in need, speak out against injustice, and oppose evil. Lawful good is the most moral alignment because it embodies honor and compassion. It can be dangerous when fanatical. There is only so much one person can give, and only so much one person can maintain.",t5_113y8k,1730753179.848181
72,r/LinuxUsersIndia,509,Technology,t5_4yzb3b,1730753179.869626
73,r/madbyte,509,Official subreddit of Madbyte token. https://madbyte.com and https://madcapx.com and https://madxfield.com,t5_9mvuv,1730753179.890027
74,r/McMinecraftHell,509,Gaming,t5_2q4o0v,1730753179.910081
75,r/MemeternetExplorer,509,Internet Culture and Memes,t5_828530,1730753179.93017
76,r/michelleyeoh,509,"A subreddit dedicated to the one, the only goddess of HK action cinema.",t5_4q3gd3,1730753179.9502919
77,r/MinnesotaEnts,509,A place for Ents from Minnesota to chill and discuss the snow and trees,t5_2wgme,1730753179.971138
78,r/MOTHERv3,509,Anime,t5_7q8tre,1730753179.991679
79,r/NaimKabir,509,I write stories sometimes—thank you for reading. Feedback welcome.,t5_37ox4,1730753180.0122721
80,r/naominovik,509,"A place for fans to discuss Naomi Novik, author and co-founder of AO3. Check out her latest novel, The Last Graduate. Please see the various subreddits linked below for series-specific discussions.",t5_2u3a5,1730753180.032568
81,r/NewMusicFriday,509,"A place to talk about new music. A weekly post for Spotify's New Music Friday along with ""New To Me"" posts when you discover a new album or single to you. With links to where you can listen to the discussed music. All styles welcome, all opinions are valid.",t5_397in,1730753180.0528278
82,r/NOLAmissedconnections,509,Welcome to NOLAmissedconnections,t5_49h9hk,1730753180.072835
83,r/nurseanesthesia,509,Welcome to nurseanesthesia,t5_2tgtq,1730753180.093197
84,r/OfficialKrisFanclub,509,The subreddit for our favorite (and only?) human in Deltarune!,t5_t6a2w,1730753180.113316
85,r/okayarabnecrophilia,509,Funny/Humor,t5_3j8jit,1730753180.133715
86,r/OnlyKarma,509,A place to earn karma for OnlyFans and other!,t5_btpwxu,1730753180.155561
87,r/Optery,509,Technology,t5_4tsn7k,1730753180.175806
88,r/PaintedCards,509,"Painted or Altered cards whether they be Pokémon, Yugioh, or Magic. Post them here, with tips and discussions.",t5_4bp3v,1730753180.195926
89,r/PalworldServer,509,Gaming,t5_amj9ge,1730753180.216178
90,r/pawwlitics,509,Cute political things,t5_2vhs0,1730753180.236471
91,r/PerryThePlatypus,509,Welcome to PerryThePlatypus,t5_2u2i9,1730753180.256225
92,r/Pizza_Time,509,For celebration and acknowledgment of Pizza Time,t5_3kgox,1730753180.276306
93,r/Quarry,509,"For the amazing, criminally underrated Cinemax show.",t5_349os,1730753180.295805
94,r/reallifealolans,509,"When it’s more than just a different colour Inspired by u/seedlove420’s post on r/reallifeshinies, this subreddit is for physical anomalies rather than color changes!",t5_3czj4j,1730753180.317357
95,r/retails,509,Welcome to retails,t5_3b0hy,1730753180.3381639
96,r/retiredsub,509,Welcome to retiredsub,t5_3012t,1730753180.357579
97,r/RosinFamily,509,Rosin Colophony or colophonium translucent brittle SYNONYMS paste wax adhesive amber cement exudate glue mucilage pitch plaster resin tar cohesive substance,t5_80tprh,1730753180.376426
98,r/RussiaRussiaWar2023,509,Welcome to RussiaRussiaWar2023,t5_8ohkum,1730753180.3959308
99,r/Sadboyprolific,509,Post things related to the artist sadboyprolific 🖤🖤,t5_2gju5c,1730753180.415324
100,r/seedlings,509,this subreddit appreciates the time and care it takes to nurture a tree from a tiny seedling.,t5_2u5dg,1730753180.4346392
101,r/Shrewsbury,509,Place,t5_2tyey,1730753180.4541812
102,r/SignalSimulator,509,Come join us over at our official Discord server! discord.gg/SignalSimulator,t5_ku6y0,1730753180.472838
103,r/SocialSciences,509,Welcome to SocialSciences,t5_2r07c,1730753180.491625
104,r/SofiaCosteOf_,509,Mature Themes and Adult Content,t5_ca291x,1730753180.5105128
105,r/StiiizyHemp,509,Mature Themes and Adult Content,t5_88g7ou,1730753180.529682
106,r/straightkisser,509,Boy kisser and girl kisser but Str8 (banner created by u/EffectiveDry8223),t5_axnwyh,1730753180.54881
107,r/Sydizens,509,Podcasts and Streamers,t5_3fiplk,1730753180.567831
108,r/theydideatityoucoward,509,Non cowards that actually did eat it!,t5_cdbw6s,1730753180.586638
109,r/TimeTune,509,TimeTune's official Reddit community,t5_268bwq,1730753180.6054661
110,r/TobyFox,509,"Here we discuss god, AKA: Toby fox",t5_4w77i2,1730753180.6245902
111,r/TruffleHunting,509,"We hunt truffles. Ask questions, post finds, truffle memes also acceptable.",t5_2xiuo,1730753180.645426
112,r/WhyTheory,509,A podcast hosted by Todd McGowan and Ryan Engley. Why Theory brings continental philosophy and psychoanalytic theory together to examine cultural phenomena.,t5_2q1n3w,1730753180.664881
113,r/xToolP2,509,A place to discuss the xTool P2 desktop laser cutter,t5_86gaxm,1730753180.683894
114,r/xTrillEditsv2,509,A collection of user made EDM edits and mashups. May be downloaded and used for DJing or other personal use.,t5_iywh3,1730753180.7027562
115,r/ABDLPromo,508,Mature Themes and Adult Content,t5_btlozw,1730753180.721897
116,r/AdventureTravel,508,"Adventure Travel is for the non-tourist traveler who doesn't mind getting a bit dirty. From hikes to kayaking and more, we're all about being adventurous when we travel.",t5_2r8oo,1730753180.741451
117,r/AfricanSafariUnedited,508,Outdoors and Nature,t5_c3qnxo,1730753180.7657442
118,r/AnimeFarts,508,Anime,t5_2gl9b7,1730753180.785902
119,r/antinatalismus,508,Ethics and Philosophy,t5_2lrz6u,1730753180.8053892
120,r/ApplebeesSucks,508,Food and Drink,t5_72s3j,1730753180.8252878
121,r/aroundtheworldmc,508,"AroundTheWorldMC is a Minecraft server dedicated to learning languages. The current IP is aroundtheworldmc.net, and we're running Paper 1.16.4 Our discord is https://discordapp.com/invite/NBF2gVy, and we have a live map at [map.aroundtheworldmc.net](https://map.aroundtheworldmc.net). For more language learning info, check out /r/languagelearning.",t5_3i83b,1730753180.84387
122,r/askawiccan,508,"A place to get questions about Wicca and Neopaganism answered by trained and practicing Wiccans. Feel free to ask questions about the history of Witchcraft, current practice, religious theory, or other questions regarding the Wiccan faith.",t5_35njx,1730753180.8637388
123,r/AtlanticHockey,508,"A subreddit based on the Atlantic Division in the NHL. Welcoming all fans of the Boston Bruins, Buffalo Sabres, Detroit Red Wings, Florida Panthers, Montreal Canadiens, Ottawa Senators, Toronto Maple Leafs and Tampa Bay Lightning.",t5_2y6ov,1730753180.883276
124,r/ATWQ,508,A subreddit dedicated to Lemony Snicket's All The Wrong Questions book series.,t5_it1de,1730753180.902294
125,r/bangorme,508,"Topics loosely related to Bangor, Maine",t5_2xi8n,1730753180.920053
126,r/BlackeyedStories,508,This is the official subreddit for the YouTube channel [Blackeyed Blonde](https://www.youtube.com/channel/UC624cv3GzGyW-1RHqi3cUMw). Here fans and subscribers alike can submit their stories (true or fiction) to be narrated on my channel!,t5_gqndl,1730753180.937398
127,r/bucci_gang,508,A wholesome sub intended for the appreciation of the man with the Sticky Fingers.,t5_yw3zm,1730753180.955891
128,r/Callmanager,508,Technology,t5_36mf3,1730753180.9735959
129,r/CancerResearch,508,Science,t5_4ws17c,1730753180.991122
130,r/CRDigitalDrops,508,"Crunchyroll Digital Drops is the new home for Crunchyroll fans to engage with anime stickers, digital figures and rare e-memorabilia from across the Crunchyroll universe. With new content dropping regularly, join anime fans on the chase to find rare, covetable digital drops from many of your favorite anime series.",t5_21rg24,1730753181.008775
131,r/curlsbyjayy,508,Curlsbyjayy / Atumnn / jadacurlss,t5_6j6ccn,1730753181.027415
132,r/day1cptQuestions,508,Learning and Education,t5_84pieo,1730753181.0462651
133,r/Deming,508,Welcome to Deming,t5_2u41w,1730753181.0657
134,r/djangoes,508,Welcome to djangoes,t5_2scvd,1730753181.085197
135,r/drabmajesty,508,Drab Majesty,t5_msx0t,1730753181.104217
136,r/Dracula_Army,508,سلام به دراکولاآرمی خوش آمدید حتما جوین سابردیت شو تا باهم میم های خنده دار ببینیم😂🧛‍♂️,t5_7bjmpd,1730753181.1248808
137,r/DrunkText,508,A subreddit dedicated to those woeful and regrettable texts you send and receive under the influence.,t5_2vfyl,1730753181.1547189
138,r/edeneternal,508,The subreddit for the PC MMORPG Eden Eternal,t5_2sjfy,1730753181.1749618
139,r/EmergencyVideos,508,"Videos of Emergency situations from around the world. Police body cams, dashcams, and more",t5_igdou,1730753181.195264
140,r/EvaGreenWorld,508,all about Eva Green,t5_30sw4w,1730753181.21747
141,r/EverythingIsAnAK47,508,Mature Themes and Adult Content,t5_3jywp,1730753181.238531
142,r/FantasyBishoujo,508,"Subreddit for Fantasy Bishoujo Juniku Ojisan to, Life With an Ordinary Guy Who Reincarnated Into a Total Fantasy Knockout, Fabiniku,; Isekai Bishoujo Juniku Ojisan!",t5_579rtj,1730753181.2601259
143,r/farfromshore,508,"Development log of Far from shore, the game where you can catch fish, monsters and your worst nightmares. Developed by load bearing crab",t5_27rd24,1730753181.280582
144,r/FortniteBR_LFG,508,"Looking for a place to post about finding a duos partner, a squad, or a mentor to practice with in Playground? Look no further than r/FortniteLFG! Don't forget to check out the r/FortnitePS4 subreddit Discord at https://discord.gg/cDTpd9Y for scrims and to squad up with other PS4 players! For Xbox players, check out r/FortniteXbox",t5_pfct4,1730753181.3004959
145,r/GothGirls_,508,a subreddit for and of Goth Girls. Flaunt your beauty ladies. Boys are welcome to flaunt too!,t5_8mzr9w,1730753181.3201878
146,r/hannapunzelx,508,contenido de Hanna a la venta,t5_c8w28w,1730753181.338614
147,r/Hearthlings,508,Welcome to Hearthlings,t5_2sddo,1730753181.3575711
148,r/higheredtechnology,508,A discussion surrounding the evolving use of technology in the higher education field.,t5_2uvqw,1730753181.3772411
149,r/hopefulinfertility,508,Family and Relationships,t5_6gp1xq,1730753181.3970602
150,r/ikigusare,508,Anime,t5_ag12e2,1730753181.4161248
151,r/jamestaylor,508,Welcome to jamestaylor,t5_2se90,1730753181.435308
152,r/jenniferthompson,508,Mature Themes and Adult Content,t5_2u0mns,1730753181.45406
153,r/JeremyAllenWhite,508,a subreddit dedicated to actor Jeremy Allen White,t5_8qu90a,1730753181.472896
154,r/kaimashumor,508,Funny/Humor,t5_22hpir,1730753181.491609
155,r/ladybugs,508,Animals and Pets,t5_2ul8u,1730753181.510517
156,r/Lexilogical,508,A place to consolidate the various stories I've written.,t5_35xhz,1730753181.5295072
157,r/MMNmod,508,"Mors Maris Nostri is a Hoi4 mod and TNO spinoff set around a post-nuclear Mediterranean Sea. Play as one of many nations, new and old, in the post apocalyptic Mediterranean.",t5_4ocans,1730753181.5482712
158,r/mrmichaelsquid,508,"Reading, Writing, and Literature",t5_3h8ts,1730753181.567329
159,r/MultiTrackDrifting,508,A Subreddit dedicated to all things Multi Track Drifting.,t5_2vcfq,1730753181.586215
160,r/NotToBragBut,508,What makes you proud of yourself today? Share it with us!,t5_346gm,1730753181.605
161,r/OutlawsOfAlkenstar,508,This is a subreddit for the Pathfinder Second Edition adventure path Outlaws of Alkenstar.,t5_6h3wp1,1730753181.625037
162,r/ouyamasterrace,508,long live ouya,t5_2z3yu,1730753181.644299
163,r/OverwatchNews,508,"Welcome to Overwatch News! All submissions must be links to news or updates about Overwatch. Please use the Meta Discussion sticky for discussion about the subreddit iself. Have a suggestion, discussion question, or Overwatch fan-art to submit? Head to /r/Overwatch",t5_362vk,1730753181.6637802
164,r/PathologistsAssistant,508,"A group for pathologists assistants to discuss grossing, pathology, work, jobs, opportunities, and the field. Please do not request medical advice or opinions. Please keep material relevant and factual.",t5_31b1tj,1730753181.683511
165,r/PearlXMaXXXine,508,Television,t5_azoosk,1730753181.702645
166,r/peklopumparina,508,"Pro největší pumpaře a pumpařky! Zde můžete postovat svoje memásky a ocásky, bude nám tu dobře. Farewell ♥",t5_w5pyo,1730753181.7203789
167,r/piratepartyofcanada,508,"The Pirate Party of Canada is a pro-internet, pro-science, progressive political party [that was] federally registered in Canada.",t5_2rgbp,1730753181.738257
168,r/PokerQuest,508,Gaming,t5_zlmvn,1730753181.755739
169,r/Progressives,508,Politics,t5_2quk9,1730753181.782201
170,r/punpatrolpatrol,508,We patrol for pun patrol,t5_x3tb2,1730753181.8029492
171,r/qdomyos_zwift,508,http://qzfitness.com,t5_5c18xy,1730753181.822856
172,r/RadaManojlovic,508,Subreddit for Serbian pop-folk singer Radmila Rada Manojlović,t5_23dk97,1730753181.842839
173,r/rainworldscavengers,508,"Welcome to the bowl, here we act like scavengers (because we are) and have fun. Just read the rules before you join.",t5_7oqwfh,1730753181.8625011
174,r/replygore,508,Because Reddit is full of idiots who don't know how to use grammar or spell properly.,t5_37cpl,1730753181.8824131
175,r/RinaChanBoard,508,Anime,t5_2hl0w2,1730753181.90639
176,r/SawanoHiroyuki,508,Music,t5_melnw,1730753181.929264
177,r/SmallWeddings,508,"r/SmallWeddings exists to bridge the gap between larger traditional weddings and elopements. With the rise of smaller micro weddings in the past few years - we're a community that's dedicated being a resource for those starting their wedding planning, in the middle of planning and celebrating your perfect day! Check out our sister subreddits r/eloping /r/elopingincolorado r/elopinginiceland",t5_a5eab5,1730753181.952607
178,r/snapchatmemes,508,Your best memes coming from Snapchat's filters,t5_3mnig,1730753181.97552
179,r/SouthFloridaPolyamory,508,A community for South Florida polyamory and other types of ethical non-monogamy discussion and event planning.,t5_6cx18y,1730753182.0043762
180,r/stiffsockspod,508,A place to discuss content from the Stiff Socks Podcast staring Trevor Wallace and Michael Blaustein. https://podcasts.apple.com/us/podcast/stiff-socks/id1449678510 https://www.patreon.com/stiffsockspod https://trevorwallacecomedy.com https://www.blaucomedy.com/,t5_7gi9zy,1730753182.027369
181,r/talesofredemption,508,When a bad story goes good.,t5_2n4827,1730753182.048907
182,r/TangleTower,508,Gaming,t5_254zjy,1730753182.0704682
183,r/Tapirfest,508,"Gather all you exmo, nevermo, or even struggling members! We're holding a gathering every General Conference! Let's see how popular this can get!",t5_hu846,1730753182.091817
184,r/TarsalCoalition,508,Medical and Mental Health,t5_3a0qv,1730753182.111849
185,r/Terrarya,508,Gaming,t5_2so9oz,1730753182.133285
186,r/thehotelier,508,"A subreddit for fans of the rock band ""The Hotelier.""",t5_333mh,1730753182.1556008
187,r/TransitOrientedDev,508,Transit Oriented Development,t5_4nv2yw,1730753182.176024
188,r/Tridactyls,508,Internet Culture and Memes,t5_9rq7mv,1730753182.196439
189,r/ts_katerina,508,Dedicated to the gorgeous Shemale Katerina from Kiev,t5_3j9c80,1730753182.216552
190,r/UCEAP,508,Travel,t5_2gq4is,1730753182.2388291
191,r/UnicornsMusic,508,Music,t5_2t93m,1730753182.259459
192,r/UnitedStatesOfAL,508,Television,t5_5377tf,1730753182.282279
193,r/VectorInAFlyingSuit,508,"Only pictures of Vector in a flying suit are allowed. They can be adapted however you want, though.",t5_ids3e,1730753182.302869
194,r/WaveCheck,508,This is a subreddit for only the freshest waves of them all.,t5_urv0f,1730753182.3241348
195,r/WorldCrossovers,508,For people who want to crossover their world with someone else's. From roleplay to events.,t5_2i51nq,1730753182.3447309
196,r/YunliMains,508,Gaming,t5_aub6cz,1730753182.36506
197,r/zebrafinches,508,Animals and Pets,t5_4zzk1d,1730753182.38531
198,r/3DprintedTextiles,507,Technology,t5_69odc0,1730753182.405324
199,r/3DPrintingIdeas,507,Discover and share your favourite 3d printing ideas and files.,t5_37xj3,1730753182.42583
200,r/AbelTesfaye,507,a reddit All about the goat/ Abel/TheWeeknd,t5_4wdqke,1730753182.4459488
201,r/AestheticWiki,507,Art,t5_7qvkdl,1730753182.466701
202,r/AffordableHousing,507,"Business, Economics, and Finance",t5_2qwck,1730753182.486979
203,r/AgentStats,507,Subreddit of Agent-Stats.com - A Ingress Statistic Tracking Project,t5_qsy2f,1730753182.5076852
204,r/aliensvspredator2,507,Gaming,t5_n3ify,1730753182.527904
205,r/AtlantaDream,507,Everything Dream basketball 🔴,t5_31rha,1730753182.548199
206,r/audiovideo,507,Audio Video professionals subreddit,t5_2yvod,1730753182.5684018
207,r/AvironActive,507,Fitness and Nutrition,t5_31gp47,1730753182.5890791
208,r/Battlefield2024,507,only battlefield thats the only rule,t5_40sn78,1730753182.6108181
209,r/BeastsEvolved,507,"Beasts Evolved is a strategy based game that unfolds around monster development, evolution, and world exploration. As you dive deeper into the story, evolve your monsters to best suit your needs and the way you wish them to interact with the world. Study Glyphs, develop combat strategies, summon Astra, and customize to your heart's content as you raise adorable little monsters into soul crushing beasts of chaos.",t5_3px0j,1730753182.632555
210,r/BelindaMorgan,507,"Fan page for the gorgeous Australian model, Belinda Morgan 5'9 / 41-35-44",t5_n37r7,1730753182.654922
211,r/BetterThanUsTV,507,"Subreddit for the Russian television show „Luchshe, chem lyudi” also known as „Better than Us“ – now streaming worldwide on Netflix (except Russia & China). „Better than Us“ is a Science-Fiction series created by Andrey Junkovsky, produced by ""Yellow, Black and White"" in cooperation with ""Sputnik Vostok Production"" for the russian tv channel C1R • It is highly recommended to watch the series in Russian with your native language‘s subtitles •",t5_23pxvl,1730753182.681649
212,r/BluesPills,507,Blues Pills is a subreddit for the appreciation of the band Blues Pills and is a place to post news regarding the band.,t5_3d24e,1730753182.704343
213,r/BootsRiley,507,"Community for discussing the work of Boots Riley, director, producer, screenwriter, musician, and leftist activist. He is known for ""Sorry to Bother You"" (2018) and ""I'm a Virgo"" (2023-). He is the lead vocalist of The Coup and Street Sweeper Social Club.",t5_8osjlj,1730753182.726101
214,r/brittaniborenleach,507,"This is a snark page. If you are here to defend BBL, you will be banned. If you make others uncomfortable or anyone suspects you are BBL, Jeff, or a family member/friend, you will be banned. Do not insult others, or you will be banned.",t5_bq9uyv,1730753182.747042
215,r/claerith,507,Hobbies,t5_4fcbqx,1730753182.768536
216,r/conflictresolution,507,Welcome to conflictresolution,t5_2ujak,1730753182.78906
217,r/conspiracytheorists,507,wey kno the trueth dey thienk we bliend but wei kniow. Toigeuther wei taik down illuminate. taths whait we do,t5_2wy8l,1730753182.809443
218,r/CryptidHuntingsociety,507,a society for the documentation and organization of cryptid hunting and encounters,t5_xad8z,1730753182.82959
219,r/dimeracksraw,507,Welcome to dimeracksraw,t5_bzindi,1730753182.850263
220,r/DirectorCameos,507,"Collecting interesting, well-hidden, weird, wonderful and inspiring ways a film director could sneak himself into the picture, without getting too much attention.",t5_cid7u,1730753182.870573
221,r/Divergences,507,For the WIP HOI4 divergences of darkness mod.,t5_mbu7c,1730753182.8913338
222,r/drunkwalkerranch,507,Drunkwalker Ranch is a home for pseudoskeptical fans of the show The Secret of Skinwalker Ranch.,t5_6qgjyl,1730753182.9124749
223,r/duckioyt,507,Official subreddit for the youtube Duckio! YouTube: Duckio || Minecraft server: mc.ducc.gg || Discord server: https://discord.gg/P5PEu8w,t5_2lkjt8,1730753182.932677
224,r/DuelingNexus,507,Tabletop Games,t5_39m0ng,1730753182.9539
225,r/Element3D,507,"Subreddit about Element 3D - Video Copilot plugin for Adobe After Effects. Element 3D is a third-party plugin that allows actual 3D models to be created from scratch or exported to Adobe After Effects, and rendered and composited at a high level of quality and impressive speed.",t5_3lead,1730753182.97322
226,r/eurovisionMusic,507,Music,t5_3f7ig,1730753182.9922938
227,r/Feudalism,507,Welcome to Feudalism,t5_2t1yf,1730753183.0112798
228,r/FlowerEssences,507,Women's Health,t5_6psejd,1730753183.030783
229,r/gdmbr,507,"This is a subreddit dedicated to the Great Divide Mountainbike Route, a 3000-mile long distance cycling route from Jasper, Canada to Antelope Wells, New Mexico",t5_2ukma,1730753183.049973
230,r/GlasgowEnts,507,Welcome to GlasgowEnts,t5_2teay,1730753183.068682
231,r/HackathonHackers,507,The all-inclusive hackathons group.,t5_326kc,1730753183.087497
232,r/HinduBooks,507,Religion and Spirituality,t5_7sijhy,1730753183.106217
233,r/HotGirlsinLooseSkirts,507,Just a bunch wimmenz wearing loose skirts,t5_31tyh,1730753183.125074
234,r/Hothot,507,Fan,t5_2b2w8j,1730753183.14395
235,r/howmuchdidyoupay,507,Not sure if you're getting a good deal or getting ripped off? Ask here how much did other redditors pay.,t5_111444,1730753183.162888
236,r/IDWTLOTPA,507,Internet Culture and Memes,t5_5hhvl4,1730753183.1831381
237,r/imminence,507,Music,t5_5d8uxh,1730753183.202325
238,r/IndianRiders,507,A community dedicated to the motorcycle enthusiasts in India,t5_iwor5,1730753183.221035
239,r/internetdeclaration,507,"We believe that a free and open Internet can bring about a better world. But to keep the Internet free and open, we must promote these principles in every country, every industry, and every community. And we believe that these freedoms will bring about more creativity, more innovation, and a better society. Join us in keeping the Internet free and open.",t5_2ud2s,1730753183.241066
240,r/jonesroad,507,Beauty and Makeup,t5_57qh93,1730753183.260414
241,r/KimYoJongAnime,507,Celebrity,t5_2m5u09,1730753183.280195
242,r/Kodaline,507,For all your Kodaline needs,t5_2w34m,1730753183.300682
243,r/LaserLeagueTheGame,507,Gaming,t5_f5x96,1730753183.320527
244,r/LAUSD,507,Learning and Education,t5_2j4pd3,1730753183.34008
245,r/LearnBulgarian,507,Learning and Education,t5_3f4mn,1730753183.359668
246,r/LostInRandom,507,"Hey! We are the unofficial subreddit for the game Lost In Random! This is the place to share your experience, ask questions and more!",t5_12s0y2,1730753183.379084
247,r/magiaexedra,507,Gaming,t5_bn14o8,1730753183.39863
248,r/MexicoGifs,507,Colleccion de Gifs de nuestra cultura popular Mexicana.,t5_2wi4y,1730753183.417881
249,r/MichaelaMcManus,507,A sub for Michaela McManus fans!,t5_quglm,1730753183.437527
