,subreddit,subscribers,topic,subreddit_id,scraped_utc
0,r/RiMusicApp,492,Music,t5_ccclvu,1730753307.107893
1,r/RobbBanks,492,Music,t5_387cc,1730753307.130423
2,r/RoisinMurphy,492,Music,t5_5vr5c4,1730753307.1503968
3,r/SecurityGuardsOnly,492,"Ever wonder how serious a Security Guards job can be; Officers showcased here on ""Shots Fired"" need wonder no longer. Bring your best Vest, and Flair. an r/Guards affiliate",t5_35c12,1730753307.169682
4,r/soleprojectnetwork,492,This subreddit is all about self promotion! Let us know where we can find you!,t5_454aej,1730753307.189101
5,r/Squish4All,492,Hobbies,t5_75dc64,1730753307.2178402
6,r/ssmf,492,Summer Set Music and Camping Festival,t5_3d436,1730753307.236748
7,r/steveross,492,Art,t5_6mh5pf,1730753307.259459
8,r/tac0girl,492,Over 500k followers all time,t5_6ut60k,1730753307.2786582
9,r/TexasBirding,492,"New community about the beautiful birds of Texas! Feel free to join and share your passion with others! Here we have discussions, photos, advice and more. Please spread the word of this sub because the more the merrier.",t5_3znswe,1730753307.299281
10,r/TheGospelOfTheGauge,492,Spreading the Gospel of one of the most misunderstood and mythical firearms.,t5_94ibr3,1730753307.3771808
11,r/theoutpostcw,492,"Talon is a survivor. The last of the Blackblood race, she also endured the destruction of her entire village by a gang of brutal missionaries. Years after that life-defining attack, she travels to a lawless fortress along the edge of the civilized world, tracking the individuals who killed her family. As she makes the journey, she discovers that she possesses a mysterious supernatural power that she must now learn to control, not only to save herself but to defend the world against the tyranny.",t5_llsmc,1730753307.397575
12,r/TotallyNotVampires,492,For normal people and not creatures of the night.,t5_9ejf2,1730753307.425473
13,r/toyfoxterriers,492,"For all things Toy Fox Terrier. Share your pictures, stories, training tips, or anything else related to this fantastically intelligent breed.",t5_o7zfd,1730753307.444918
14,r/tracking,492,You may be looking for r/AnimalTracking,t5_2sa7b,1730753307.465709
15,r/TrueCopypasta,492,"This subreddit was made in response to a general dissatisfaction with the current state of /r/copypasta, where I believe most posts are either better suited to /r/emojipasta or are unfunny and unoriginal reiterations of memes.",t5_nnifm,1730753307.4855711
16,r/Unexpectedreddead,492,Red dead is unexpected,t5_sut1n,1730753307.505028
17,r/Valsalia,492,Funny/Humor,t5_3l429,1730753307.5251899
18,r/WomenOfLegoMasters,492,Admiring the beauty of Lego Master’s women,t5_7bjzvv,1730753307.5453582
19,r/xkcdhatguy,492,Pulsating Crystals Go Here,t5_2v8euh,1730753307.565713
20,r/YikesILoveIt,492,"For the /r/thanksihateit that are actually good, or vice-versa",t5_z4lu1,1730753307.58514
21,r/yourweek,492,Welcome to yourweek,t5_2qha7,1730753307.605667
22,r/90sJDM,491,A subreddit dedicated to strictly 90s JDM cars! Share some pictures of your 90s JDM pictures with everyone!,t5_295tx0,1730753307.624746
23,r/asa,491,Science,t5_2r5d3,1730753307.6434171
24,r/AshleyBoettcher,491,"Ashley Boettcher (born September 3, 2000) is an American teen actress. Boettcher has acted since the age of five and is best known for her role as Mel Fuller in the Amazon Studios Original Series Gortimer Gibbon's Life on Normal Street.",t5_2vsx8,1730753307.662538
25,r/AusHomeLoans,491,"This community is created to educate & help those that wants to learn more about what's required in getting a home loan, investment property loan, car loan, or commercial/business loan. All information here is general in nature & credit advice is not provided on this chat. If you require specific advice, please contact us directly to discuss further. If you have any specific topics you want to discuss, please post on this community forum. We're supported by Mortgage Choice Hunters Hill.",t5_56jehk,1730753307.681588
26,r/AviBabyyyy_Fantime,491,Message admin for her fansly Telegram,t5_c9xqms,1730753307.700269
27,r/babigomidlk_,491,22 year old influencer and model Babi Gomide @babigomidlk https://www.instagram.com/babigomidlk/ https://www.tiktok.com/@babigomidlk,t5_7bt8w8,1730753307.71942
28,r/BiggieSmalls,491,Welcome to BiggieSmalls,t5_2t5ub,1730753307.738187
29,r/BikerMiceFromMars,491,The original Biker Mice From Mars subreddit,t5_2ynuj,1730753307.7570188
30,r/Columbus_Underbelly,491,"This sub is to share the darkest secrets, hidden gems, shenanigans, and general dirt of Cap City, aka Columbus Ohio. Rules are few and you better have thick skin…",t5_9mcyss,1730753307.775744
31,r/commonwealth,491,World News,t5_2ryzn,1730753307.794626
32,r/coydog,491,A sub about coyote-domestic dog cross,t5_2bnse8,1730753307.8147259
33,r/crimesagainstcastiron,491,The #1 subreddit dedicated to the prevention of cookware abuse.,t5_p5cai,1730753307.834021
34,r/devinmillarsub,491,This is the subreddit for everything Devin Millar!,t5_42gjnl,1730753307.852989
35,r/Dirtywave,491,Community for discussion surrounding production on the M8.,t5_7cppwf,1730753307.871928
36,r/DogeMeme,491,Post your doge content here!,t5_2zi5v,1730753307.8907032
37,r/Dubbo,491,Place,t5_2wcla,1730753307.9099982
38,r/EstadoDeMexico,491,Place,t5_6p6r6r,1730753307.929
39,r/FamilyConstellations,491,Family and Relationships,t5_3ibau,1730753307.948032
40,r/fastly,491,Technology,t5_36zvj,1730753307.967018
41,r/FoundTheToyotaCamry,491,When people post r/Foundthehondacivic or r/Foundthetoyotacorolla,t5_2ahbih,1730753307.9857888
42,r/frenchhateclub,491,Internet Culture and Memes,t5_4a6wlh,1730753308.004627
43,r/Freya_Allan,491,Subreddit dedicated to the English Actress Freya Allan,t5_5f9gjj,1730753308.0235991
44,r/Gardenofthesea,491,Subreddit for the VR Title Garden of the Sea by Neat Corporation,t5_568ssy,1730753308.0426939
45,r/GearsLFG,491,Looking for someone to play with/against?,t5_39rl3,1730753308.0617118
46,r/GISMajor,491,"A forum for resources and questions for GIS students and other related majors,",t5_33yn7,1730753308.081088
47,r/Hashmasks,491,Art,t5_3vfvjl,1730753308.1008031
48,r/HotSexyGrills,491,A subreddit dedicated to sharing pictures of hot and sexy grills,t5_3ej84,1730753308.120258
49,r/InsectCognition,491,"A subreddit dedicated to gathering information about insects, particularly social behavior, response to pain, and discussion of how it relates to potential sentience and rights.",t5_28x8yv,1730753308.139789
50,r/InternationalPreMeds,491,"The community where international students who are pursing studies in medicine can share their concerns, opinions, or even just at-the-moment thoughts. Help each other out because boy, are we all going to need it!",t5_mplbt,1730753308.159311
51,r/Intheoffice,491,"This is a community for anyone who works in an office environment. Administrative Assistants, Clerks, Receptionists, and all the other office titles out there. You can complain, ask questions or just hang out with other office workers. It's like your office-only cooler, possibly.",t5_2w9hc,1730753308.178591
52,r/IrvineWelsh,491,Welcome to IrvineWelsh,t5_2uo7b,1730753308.1975
53,r/LakeCountyCa,491,A subreddit for the Communities of Lake County California,t5_2u8g7,1730753308.216295
54,r/LaureBoulleau,491,Home of the Former french soccer player Laure Boulleau,t5_2olicz,1730753308.235255
55,r/LeenaSayedOnlyFans,491,Welcome to LeenaSayedOnlyFans,t5_6fz7j8,1730753308.2541828
56,r/lordofthepottermemes,491,Internet Culture and Memes,t5_7a5f9j,1730753308.27343
57,r/LowCalCocktails,491,Food and Drink,t5_6hudwn,1730753308.293241
58,r/marketingmemes,491,making fun of the craft and our clients since 2019,t5_27u3w0,1730753308.312727
59,r/Mr_PGang,491,Gaming,t5_2d8nth,1730753308.333295
60,r/Mystical_Madelyn,491,Gender,t5_702kdw,1730753308.3523772
61,r/nikeplusrunning,491,Here people can view and share their Nike+ user names with other redditors for some friendly competition within the app to keep motivated!,t5_2ybg4,1730753308.371726
62,r/NorthKoreaTech,491,Discussion and analysis of technology coming from North Korea (the democratic peoples republic of korea.),t5_r4yp3,1730753308.391177
63,r/NotEvenBones,491,"Nita doesn’t hunt supernatural beings and sell their body parts on the black market – her mother does that. Nita only dissects the magical bodies for her mother. However, Nita's about to get a real taste of the family business and there is no turning back. Now, Nita must decide whether she is willing to become a monster... (Based on the YA novel by Rebecca Schaeffer.)",t5_2glfdq,1730753308.4105458
64,r/oddfellows,491,"For discussion of Odd Fellows of any Order: Independent, Manchester Unity, Grand United, or any other recognized body of Odd Fellows.",t5_2w0fe,1730753308.429661
65,r/OfficeJs,491,"A place for questions and discussion on all things relating to the JavaScript API for Office, including Script-Lab and Office Scripts.",t5_okxrx,1730753308.448722
66,r/okcompanionimbicile,491,This sub is for the discussion and planning of the elimination of all libtards and libtard pee pee face activities. Any content and discussion relevant to the topic of libtrad is ok companion imbicile by our books. No being big stupid poo poo dum dum and no being big frick towards fellow companion; only allowed towards libtards. TEXT,t5_p009z,1730753308.468072
67,r/onthegrid,491,Hacked By GayHacked By GayHacked By GayHacked By GayHacked By GayHacked By GayHacked By GayHacked By GayHacked By GayHacked By GayHacked By GayHacked By GayHacked By Gay,t5_2ufu4,1730753308.487288
68,r/OrangeKeys,491,"Business, Economics, and Finance",t5_3e27q,1730753308.506337
69,r/otkboots,491,Share your Overknee Boots here!,t5_2i1d0k,1730753308.525156
70,r/PeekAPhone,491,Gaming,t5_43yl36,1730753308.544478
71,r/PicklingIsTheProcess,491,"Pickling is the process of preserving food by anaerobic fermentation in brine or vinegar. The resulting food is called a pickle. This procedure gives the food an interesting twist in flavor. In East Asia, vinaigrette (vegetable oil and vinegar) is used as the pickling medium.[1] Another distinguishing characteristic is a pH 4.6 or lower,[2] which is sufficient to kill most bacteria. Pickling can preserve perishable foods for months. Antimicrobial herbs",t5_35hjx,1730753308.563914
72,r/projectgaia,491,Tabletop Games,t5_rsqto,1730753308.582836
73,r/radiOrbit,491,"A place to hang out and talk about the information, music and guests presented on Mike Hagan's radiOrbit. https://mikehagan.com/main.htm",t5_oun2j,1730753308.602311
74,r/RetroWeb,491,Technology,t5_2v4nsn,1730753308.6221151
75,r/RomanticArt,491,Welcome to RomanticArt,t5_2tjrp,1730753308.64182
76,r/RunWSteveThePirate89,491,Fitness and Nutrition,t5_3pp7aq,1730753308.6613371
77,r/Sechelt,491,Welcome to Sechelt,t5_2u37v,1730753308.6806898
78,r/SecondThought,491,Politics,t5_5o9xel,1730753308.703074
79,r/ShortwaveMilitaryComm,491,Technology,t5_414lyi,1730753308.722294
80,r/SongTransitions,491,Share a smooth transition between songs good enough to send chills down your spine.,t5_2bi8t1,1730753308.741892
81,r/starmarine,491,News and discussion for the Star Marine Game Mode and PvP combat in the Persistent Universe.,t5_37c38,1730753308.7615948
82,r/StarWarsWhatIf,491,Movies,t5_3n248,1730753308.781235
83,r/sterlingvermin,491,"The Sterling Vermin Adventuring Co. is a blog for D&D 5e. It contains new player options, rules, monsters, and more to be used with the world's greatest role-playing game. www.sterlingvermin.com",t5_3byy2,1730753308.802801
84,r/The10000thDentist,491,Meta/Reddit,t5_52hknq,1730753308.822401
85,r/ThePerfectionists,491,Subreddit for Sara Shephard's The Perfectionists book series and upcoming ABC Family television series.,t5_34k3x,1730753308.841255
86,r/TrueChristianPolitics,491,Politics,t5_2vwpj5,1730753308.8599591
87,r/TwoWChromosomes,491,Gender,t5_b748i9,1730753308.8785431
88,r/Uranohoshi,491,Anime,t5_5aj1rl,1730753308.897074
89,r/WatchgyanTribe,491,Fashion,t5_bl4al0,1730753308.915887
90,r/wonderwomangame,491,A community for the new Wonder Woman game coming from Monolith Productions.,t5_5gr8z9,1730753308.9350321
91,r/WorstServerEver,491,Gaming,t5_2yeej,1730753308.953898
92,r/xbanxarmy2,491,Welcome to xbanxarmy2,t5_bdc7vt,1730753308.9726589
93,r/XboxOneThemes,491,Post your favorite themes/achievements you use on your Xbox One.,t5_345zx,1730753308.9945228
94,r/AfroTech,490,"A subreddit for all topics related to themes in AfroTech, a conference started by Blavity.",t5_3orkz,1730753309.014438
95,r/AlabamaFishing,490,"Welcome to r/AlabamaFishing. A place for everything fishing related in Alabama fresh or saltwater. Feel free to post pics of your catches, big or small, ask questions about where the hot spots might be or not be. If you’re planning a fishing trip to Alabama in the near future you might find this subreddit helpful.",t5_24xym6,1730753309.03392
96,r/ALDmod,490,Hearts of Iron IV: A Legionary Dream A project to bring a post-apocalyptic scenario to the game of HOI4.,t5_gyxm5,1730753309.052981
97,r/ArcherandOlive,490,Art,t5_30ow30,1730753309.07199
98,r/bigfatlpjiji,490,Official Subreddit of **bigfatlp/bigfatjiji**,t5_2zo4t,1730753309.091029
99,r/Breanna_Yde,490,Celebrity,t5_5eq1vq,1730753309.1102521
100,r/brookewyattsnark,490,Snark page for @povbrookewyatt,t5_9sgvc7,1730753309.1297479
101,r/Carleasedeals,490,Dedicated subreddit for everything on car lease deals! No self promotion allowed your post will get removed!,t5_8vx4lc,1730753309.1489449
102,r/chromanauts,490,Chromabot HQ,t5_2xdqd,1730753309.1678772
103,r/CollapseReady,490,Preparation for collapse of civilization and political action for change that benefits the common people and the environment.,t5_948wd1,1730753309.187048
104,r/cyan,490,low on cyan? maybe you can find some here.,t5_2qiwt,1730753309.206037
105,r/DanielNaroditsky,490,This community is about spreading the message of our Prophet GM Daniel Naroditsky. Note: This is a fan created subreddit and not affiliated with the prophet him self.,t5_3rofvg,1730753309.224938
106,r/dlsud,490,Learning and Education,t5_af9m9h,1730753309.2432451
107,r/Dogswhocrochet,490,"Welcome to dogswhocrochet!! This sub is all about our furry friends, whether they are yarn guadians, yarn stealers, blanket hogs, toy destroyers or just plain adorable (they all are)",t5_7kctzp,1730753309.261722
108,r/Enceladus,490,Articles and discussion about Saturn's moon Enceladus.,t5_2uv05,1730753309.281486
109,r/EuropeanPortuguese,490,A place to learn European Portuguese,t5_5hb0kt,1730753309.300725
110,r/face_morph,490,A place for sharing and admiring face morphs of all shapes and sizes.,t5_30345,1730753309.319725
111,r/firsttimehigh,490,A sub for posting videos of people high for the first time,t5_5wgaev,1730753309.3385532
112,r/fnfr34,490,this was made as a joke and now I regret it,t5_475slb,1730753309.357276
113,r/FortniteMaps,490,The best place to share your Fortnite Creative Map Codes,t5_wn607,1730753309.376257
114,r/frecklenosekitty,490,Animals and Pets,t5_3bu1i2,1730753309.395176
115,r/frobamazone,490,obama is frozone,t5_2vv9l,1730753309.4143648
116,r/FugueMains_,490,Gaming,t5_c0ca3u,1730753309.4336011
117,r/Funiverse,490,"Welcome to Funiverse on Reddit, the go-to place for entertainment, humor, and astonishing facts Here, we celebrate the quirky, the hilarious, and the amazing. From laugh-out-loud human and animal moments to intriguing insights into the world's wonders, we've got it all. Dive into our eclectic mix of funny videos and fascinating facts. Join our community of fun lovers and let's brighten your day, one post at a time. Subscribe to Funiverse for your daily dose of joy and awe",t5_axarmx,1730753309.452951
118,r/Gasification,490,A friendly place to discuss various gasification approaches and their potential.,t5_2wcm8,1730753309.472329
119,r/gaybros_test,490,"Gaybros is an online mens interest community that aims to build a brotherhood around shared interests, promote self acceptance, and bring people together. We talk about, well, guy stuff. Sports, cars, video games, military issues, working out, gadgets, gear and more.",t5_2wpz4,1730753309.4947479
120,r/gaycumvideos,490,A place for guys to post masturbation pics or vids Rules: 1. Be respectful of people’s posts 2. Anyone can post here even if you’re not gay! 3. No onlyfans/pay content promotion,t5_7yuvbe,1730753309.514859
121,r/GroundZeroMedia,490,"This subreddit is for fans Clyde Lewis' show, Ground Zero. Here we can discuss the events of his show, share ideas freely, and talk about the things that go bump in the night. Some content might be creepy, weird, or very strange, but that is the nature of Ground Zero! Have fun everyone!",t5_34es7,1730753309.5343392
122,r/growyourdream,490,"Sharing advice and ideas, tips & tricks about overcoming personal growth challenges together",t5_9zsjvy,1730753309.553667
123,r/HandsomeSquidwards,490,When too much filler makes you look like handsome Squidward from Sponge Bob Squarepants.,t5_2sxdhf,1730753309.573324
124,r/HiredGirlfriend,490,Mature Themes and Adult Content,t5_cewgxv,1730753309.5924401
125,r/its21charactersnot20,490,Meta/Reddit,t5_cnv80v,1730753309.612035
126,r/Jrose11,490,Internet Culture and Memes,t5_2l1r4h,1730753309.631606
127,r/KollyClub,490,Movies,t5_c7kct4,1730753309.6511202
128,r/KylieBunbury,490,Kylie Bunbury,t5_2vyp1,1730753309.670725
129,r/LumenTechnologies,490,"Business, Economics, and Finance",t5_34hzjd,1730753309.690149
130,r/MassArt,490,Welcome to MassArt,t5_2spgk,1730753309.709301
131,r/mbtisensors,490,A space for sensing types of mbti,t5_5ek5jw,1730753309.728575
132,r/MovieTalkBabes,490,Welcome to MovieTalkBabes is a subreddit dedicated to women from AMC and Collider.,t5_wv5u2,1730753309.747916
133,r/MSMWhatIsThisEgg,490,Gaming,t5_7l2p59,1730753309.768281
134,r/OurAnimeMemes,490,This is a community for people to post memes and have fun. No overbearing Mods and most importantly have fun. Also I would absolutely appreciate anyone who spreads this page around.,t5_2yg4pc,1730753309.787455
135,r/PaintOverIt,490,Painters painting over things instead of moving them.,t5_3m37d,1730753309.809275
136,r/percussivemaintenance,490,Funny/Humor,t5_2yidu,1730753309.836591
137,r/PerspectiveEnd,490,PerspectiveEnd is a growing Transformers toy review channel on Youtube.,t5_440vvl,1730753309.863731
138,r/Poetic_Alchemy,490,"We are a community focused on teaching and experimenting with poetry. Members are encouraged to post their original works, while learning new techniques to help them find their unique voice. There is also a celebration of the underrated art of providing great criticism.",t5_2qagtd,1730753309.8880231
139,r/properlads,490,"A place for Proper Lads to show some decency! Only the most proper of posts, hand picked and aged like a fine Chardonnay.",t5_4bp04,1730753309.9114208
140,r/RepublicOfChina,490,Activism,t5_4v5od0,1730753309.935251
141,r/sanchovies,490,Gaming,t5_2cril7,1730753309.9550898
142,r/santementale,490,Medical and Mental Health,t5_3baah,1730753309.9764092
143,r/smartmoneyconcepts,490,Welcome to smartmoneyconcepts,t5_5h5kx6,1730753309.99958
144,r/SpiritualMentalHealth,490,Medical and Mental Health,t5_6qejpp,1730753310.0242088
145,r/SRXTheGame,490,Gaming,t5_4ecg3f,1730753310.048481
146,r/stownpodcastorigins,490,Welcome to stownpodcastorigins,t5_3jy1s,1730753310.0718641
147,r/TexasLegal,490,"This is a place to discuss issues affecting Texas law. This sub is not intended to provide legal advice. If you need help finding a lawyer, a good place to start is with the State Bar of Texas Lawyer Referral & Information Service at www.texasbar.com/selfservice",t5_340xi,1730753310.096428
148,r/themagneticfields,490,Welcome to themagneticfields,t5_2tmsj,1730753310.125847
149,r/titanfolkeconomy,490,Anime,t5_11w5gc,1730753310.1517491
150,r/vaporswift,490,"Discuss everything related to Vapor, a web framework for Swift.",t5_3feh3,1730753310.175433
151,r/Wavestate,490,Subreddit dedicated to the Korg Wavestate.,t5_364a5o,1730753310.198889
152,r/AgingBiology,489,A place for intelligent discussions related to the the biology of aging.,t5_34l0n,1730753310.222831
153,r/bakingcorner,489,"Monthly baking challenges! Showcase your favorite recipes, your trials, and your tribulations. The month of November is pumpkin pie 🥧.",t5_9pmmbe,1730753310.244517
154,r/bestgirlyuri,489,Yuri is best girl Yuri is best girl Yuri is best girl Yuri is best girl,t5_datst,1730753310.2678668
155,r/BiancaOlier,489,El contenido más sensual y pervertido de la hermosa Bianca,t5_69pe4s,1730753310.291479
156,r/BJADivorce,489,"Welcome to the Brian Jordan Alvarez fan page! Where you can discuss anything BJA related but especially his soap opera ""Divorce""",t5_2bpb9q,1730753310.3164291
157,r/Blitzbowl,489,Subreddit for a new Blood bowl game by Games Workshop,t5_g03oi,1730753310.346709
158,r/boxingtips,489,Tips for boxing!,t5_2hotf3,1730753310.37601
159,r/brexpdev,489,"Bem-vindo à /r/brexpdev! Esse sub foi inspirado por /r/ExperiencedDevs. A idéia é facilitar a conversa entre pessoas que tem experiência na area, deixando assuntos mais abrangentes (dicas para iniciantes, recomendações de carreiras, memes, etc) para outros subs. Leia as regras para saber o que vale e o que não vale nesse sub (por favor, reporte qualquer coisa que não siga as regras). Regras estão sujeitas a modificações de acordo com a vontade da comunidade, a medida que essa cresça.",t5_7zlobd,1730753310.407798
160,r/catslickingstuff,489,Welcome to catslickingstuff,t5_sol80,1730753310.4456818
161,r/ciscomeraki,489,Subreddit for Cisco Meraki.,t5_3aqgp,1730753310.4921432
162,r/CombatFootageUkraineR,489,"From the Frontline(s) in Ukraine, we bring you the latest news and videos. Ukraine is fighting for its survival & freedom & we will win.",t5_b9kymy,1730753310.536578
163,r/Conservativelifestyle,489,Politics,t5_3afu5r,1730753310.573924
164,r/CUTCO,489,Careers,t5_2tfmv,1730753310.619355
165,r/DanielDaeKimMemes,489,Celebrity,t5_28s2qm,1730753310.7305129
166,r/darkhumourthings,489,Internet Culture and Memes,t5_84faih,1730753310.7733161
167,r/DeathCircleForJerk,489,I FUCKING LOVE BEAN GIBANDO AND I WILL FOLLOW YOU INTO THE DARK IS SO GOOD OMG OMG OMG DAVE DEEPER IS SO CUTE!!!!!!! LOLZ!!!!,t5_pler5,1730753310.8388412
168,r/Deitypaedia,489,"A subreddit dedicated to the discussion, documentation, and appreciation of mythology, deities, and other important figures from any and all religions around the world.",t5_37czai,1730753310.957386
169,r/DSU,489,A subreddit for all students of Dakota State University.,t5_2spgg,1730753311.024032
170,r/fantasybaseballnews,489,"A subreddit dedicated solely to fantasy baseball news and the discussion of strategy and statistics. NO TRADE THREADS, NO ADD/DROP THREADS, NO SIT/START THREADS. This sub is only for breaking news or discussion of advanced strategy.",t5_31osj,1730753311.072533
171,r/Fifa21ProClubs,489,Gaming,t5_37s86f,1730753311.113982
172,r/filmcamerarepair,489,Crafts and DIY,t5_4rrm7x,1730753311.1463091
173,r/FNaFAR_Community,489,"FNaF AR Community! based off the FNaF AR Community Discord Server, the creator of said Server brings you the FNaF AR SUBREDDIT!",t5_2n7zsw,1730753311.174913
174,r/FortniteCombos,489,For posting Fortnite outfit combos. Post to your liking! We don't black out for random reasons because I could care less!,t5_ut4qu,1730753311.1998432
175,r/ftmvoice,489,Gender,t5_4swk47,1730753311.222813
176,r/gaymaturelond,489,Hot mature men,t5_3i770n,1730753311.244428
177,r/genesissocial22,489,Welcome to genesissocial22,t5_69wwjk,1730753311.266624
178,r/GirlsWithPipes,489,Images of female humans with pipes,t5_2ukmf,1730753311.2896872
179,r/goldbox,489,Discuss all your favorite SSI D&D RPGS here!,t5_39m83,1730753311.31039
180,r/GuobaMains,489,Gaming,t5_4z428o,1730753311.334929
181,r/GymMemesOfficial,489,A sub for gym memes and motivation. Reposts are allowed in moderation. Low effort and lazy memes welcome.,t5_22rsf1,1730753311.365259
182,r/Humaneness,489,"Humaneness: - characterized by tenderness, compassion, and sympathy for people and animals, especially for the suffering or distressed - Subject to or indicative of the weaknesses, imperfections, and fragility associated with humans",t5_2s8yk,1730753311.388414
183,r/interseXtion,489,Movies,t5_4o7y7g,1730753311.410849
184,r/IronAssault,489,Gaming,t5_4rxghb,1730753311.433876
185,r/jailyne0jeda,489,Welcome to jailyne0jeda,t5_9v07dy,1730753311.453425
186,r/Jake_And_Nicolle,489,Community for the Youtubers Offgrid w/ Jake & Nicolle who now have moved to Hawaii and bought a 5acre property there.,t5_60y3qm,1730753311.472662
187,r/jobhuntwoes,489,Welcome to jobhuntwoes,t5_345rm,1730753311.491597
188,r/justaftertheend,489,Gaming,t5_4bxr1n,1730753311.5104861
189,r/JustJerklessJuly,489,Addiction Support,t5_2n2r3c,1730753311.529501
190,r/kickersarepeopletoo,489,A subreddit dedicated to the appreciation of kickers and their craft,t5_3hukp,1730753311.550316
191,r/KidLAROI,489,Celebrity,t5_29ywl2,1730753311.5764868
192,r/kodekloud,489,"KodeKloud discussion, news, support, and learnings. Unlock a Fantastic 10% Discount on All Plans with Code *KKREDDIT10*",t5_6ucny5,1730753311.601856
193,r/Korrathegame,489,The Legend of Korra: The Game's subreddit. Talk about Platinum Game's new official game which is out now!,t5_33zsy,1730753311.627032
194,r/LittleGoodyTwoShoes,489,Gaming,t5_9k2urb,1730753311.650719
195,r/LolEcchi,489,A new subreddit for League of Legends Ecchi.,t5_39ei3,1730753311.675503
196,r/maltego,489,Welcome to maltego,t5_38tnl,1730753311.7016919
197,r/manity,489,'MANITY! *FUCK YEAH!*,t5_2w46y,1730753311.724635
198,r/misleadingslides,489,Find or make a slide you wouldn't ride (at your own risk). I'm not responsible for anything that may happen though so you can't sue me.,t5_raxrc,1730753311.746089
199,r/MorkieShorkieYorkie,489,Animals and Pets,t5_3177hq,1730753311.767741
200,r/muddmops,489,Art Gallery of cough syrups from around the globe 🌎,t5_by0zyn,1730753311.7900941
201,r/multifools,489,Combining several good ideas usually creates a bad but hilarious result.,t5_2b24vs,1730753311.8110359
202,r/MusescoreDownloads,489,Music,t5_2p2ar9,1730753311.831788
203,r/oldstreetbets,489,"THIS IS NOT AN ANTI GME SUBREDDIT. 90% of wsb is now a shit hole filled with fresh accounts shitposting GME. Although wsb seems to now serve a new purpose, its old purpose should still be remembered. Post your DD's here, discussions, and I'll see that GME/ AMC posts are limited to only the most relevant. This isnt inteded as a replacement sub and more as a refuge.",t5_3wfor6,1730753311.851694
204,r/OlliOlli,489,Gaming,t5_32md9,1730753311.870637
205,r/OmahaMetroCycling,489,"A place for Omaha/Council Bluffs area cyclists to share Pictures, Routes, Group Rides and anything else bicycle related.",t5_2xj97,1730753311.889566
206,r/OTLK_Investors,489,All information about trading OTLK - Outlook Therapeutics,t5_4i6h8u,1730753311.9088378
207,r/pegpete,489,Dedicated to that hot cartoon MILF!,t5_3ig5n,1730753311.928112
208,r/PurgatoryRPG,489,Gaming,t5_46qzwo,1730753311.9489799
209,r/Reddit_Emblem,489,Gaming,t5_3bgb4,1730753311.968655
210,r/RevelNails,489,Beauty and Makeup,t5_4i7jbd,1730753311.9987159
211,r/RNA,489,"Welcome to r/RNA, your gateway to the dynamic world of RNA! 🧬 Explore breakthroughs, share insights, and dive into discussions on transcription, translation, modification, and more. Stay updated on cutting-edge research, connect with multidisciplinary experts, and access educational resources. Join the conversation—decode the language of life with us! 🔬🌐📚 #RNA #ScienceCommunity",t5_2unqp,1730753312.045951
212,r/SandraBirchmoreCase,489,Law,t5_btef47,1730753312.094743
213,r/ScreenwritersOver40,489,Movies,t5_3okkju,1730753312.1431072
214,r/SFXD,489,Technology,t5_267hob,1730753312.1737542
215,r/SilverPeak,489,"Community for Silver Peak SD-WAN users to collaborate. Ideas, configs,best practice, and general things of managing the system.",t5_10aauj,1730753312.198493
216,r/SixOfCrowsDuology,489,"A subreddit about our beloved duology: Six of Crows by Leigh Bardugo. Whether it's discussions, artwork, fanfiction, whatever you want to post you can post it here as long as it's about Six of Crows or the Dregs!",t5_nabil,1730753312.223518
217,r/smallrevolutions,489,Welcome to smallrevolutions,t5_2ta0s,1730753312.248757
218,r/somali_sex,489,welcom,t5_c4ruaz,1730753312.2780359
219,r/StupidActsOfGenius,489,Title is self-descriptive. Though also an oxymoron. More description TBD,t5_3z8c6m,1730753312.3071702
220,r/subnetting,489,This is a Subreddit dedicated to Subnetting IP networks.,t5_300d8,1730753312.335729
221,r/SutekhMinusSutekh,489,Television,t5_bta3oi,1730753312.3648
222,r/TacticalDroids,489,A community that focuses on the T-Series Tactical Droids from Star Wars. It is currently helping r/PrequelSeparatist by offering tactical droids.,t5_2itqah,1730753312.39237
223,r/ThighsOnFire,489,Mature Themes and Adult Content,t5_bd0uh3,1730753312.417105
224,r/TrophyUnderwearGayBi,489,This is a place where are you can show underwear you've taken from your buddy or stolen from a Gym anything that somebody has wore before you. Even traded with somebody online.,t5_6kg3j1,1730753312.440099
225,r/undergrads,489,A subreddit for the American-Canadian adult animated sitcom UnderGRADS TV show & upcoming (2023-2024) movie.,t5_2w0sa,1730753312.461665
226,r/USExpatTax,489,"A community for US expats with interest in, or questions about, taxes. Questions, recommendations, tips, news, discussion about policy & law. US federal, state, and/or local taxes.",t5_391df,1730753312.4836962
227,r/Viborg,489,News in and about Viborg,t5_3ck5r,1730753312.5057669
228,r/vinylheads,489,Life from a dead format. Reddits exclusive vinyl record community.,t5_332q6,1730753312.5302458
229,r/WeberSummitKamado,489,Food and Drink,t5_4mr34n,1730753312.550706
230,r/WildNothing,489,Music,t5_36h3j,1730753312.570339
231,r/WoodFireCooking,489,"A place to share photos & video of wood fire cooking, setups, and finished results. Tips and tricks are appreciated, but must include a photo or video. PROHIBITED: Gas grills Pellet anything Flat-tops Smokers Marshmallows",t5_304lww,1730753312.5896351
232,r/ZelenskyyJokes,489,Like Chuck Norris jokes but for Ukrainian President Volodymyr Zelenskyy. Jokes written in Ukrainian obviously welcome.,t5_5xe20w,1730753312.609108
233,r/Ab_Aeterno_VR,488,Gaming,t5_4jwe92,1730753312.628281
234,r/Addigy,488,Technology,t5_3pyea,1730753312.650572
235,r/AI_Waifu_Trainer,488,Anime,t5_787t1j,1730753312.6708522
236,r/amaturevideosebony,488,This community is for a mature sex videos,t5_ax859o,1730753312.689736
237,r/AmericanBasketballFed,488,Multiplayer league for the Redditor-made game BasketballGM.,t5_3cb57,1730753312.7095659
238,r/Anoncoin,488,"Anoncoin (ANC) is a peer-to-peer digital cryptocurrency that focuses on privacy and anonymity for its users. Created in June 2013, it was the first and only currency to have built-in support for both the I2P darknet and Tor network. **web:** [anoncoin.net](https://anoncoin.net/) **github:** [https://github.com/Anoncoin](https://github.com/Anoncoin)",t5_2xh5y,1730753312.729235
239,r/ArthurTV,488,Welcome to ArthurTV,t5_2txil,1730753312.748439
240,r/berserklejerklejerk,488,Making fun of just about everything in r/berserk and r/berserklejerk,t5_6kdfyn,1730753312.768024
241,r/BlaqkAudio,488,Welcome to the Blaqk Audio Subreddit! Please post any and all things Blaqk!,t5_3c1kf,1730753312.7872372
242,r/BMWi4M50,488,Cars and Motor Vehicles,t5_5fm31n,1730753312.806589
243,r/BRZ_GR86,488,"Welcome to r/BRZ_GR86! Think of this sub as an interactive online magazine Focusing on the 2nd Generation Toybaru sports cars. Let this serve as a unified body of knowledge, and community of true driving enthusiasts for what might be one of the best sub 50k drivers cars ever made, and certainly one of the best you can buy today at any price.",t5_ai3lpu,1730753312.825679
244,r/CanadianAnarchism,488,Politics,t5_6ezm6k,1730753312.844938
245,r/CatOwnerProblems,488,You own a cat? Then you have experienced some or all of these.,t5_310zk,1730753312.864202
246,r/celebrityWikiFeet,488,Welcome to celebrityWikiFeet,t5_7tts8x,1730753312.8833568
247,r/CitizensOfDalaran,488,RAISE YOUR EYES TO THE SKIES AND OBSERVE!,t5_3d8a8,1730753312.902484
248,r/clonehighJFK,488,"A place where fans of JFK can share art, memes, and anything else related to the-er-uh man himself.",t5_328md5,1730753312.9215019
249,r/CRBP,488,"Business, Economics, and Finance",t5_3whcc2,1730753312.9402292
