,subreddit,subscribers,topic,subreddit_id,scraped_utc
0,r/clearice,482,Food and Drink,t5_fkj8f,1730753373.450481
1,r/crossoverthrash,482,"The best crossover albums, local shows, merch, and general discussion of bands including DRI, ST, S.O.D., Municipal Waste, Cro-Mags, Nuclear Assault, Agnostic Front and more.",t5_3juhv,1730753373.474894
2,r/csgoromania,482,Comunitatea românească de Counter-Strike 2.,t5_b6gtk,1730753373.497538
3,r/CursedNetflix,482,Welcome to CursedNetflix,t5_243yzu,1730753373.5180008
4,r/de_gifs,482,"German language gifs; made with german captions and/or from german-speaking media sources. Feel free to post educational gifs, reaction gifs or nature gifs. Just make sure they ""speak"" german. And no shittytumblrgifs, please.",t5_34avh,1730753373.538257
5,r/DeepikapadukoneFan,482,Every Spicy Stuff Related To Deepika Padukone.,t5_5s2wvj,1730753373.568992
6,r/derektrucks,482,"Heralded as one of the worlds child prodigies Derek Trucks proved to be one to place your musical bets on. In his early teens he was asked to play with BB King and The Allman Brothers Band, with whom he still holds a spot. He has played in his own Grammy winning Derek Trucks band as well as his newest Grammy winning pairing with Susan Tedeschi, his wife. Keep hittin' the note.",t5_2t73g,1730753373.589087
7,r/DoppleHangs,482,A place for videos of people meeting their doubles and impersonators. Inspired by this post: https://www.reddit.com/r/funny/comments/vv6emp/jeff_goldblum_meets_jeff_goldblum_by_matt_friend/ifi1l7j/,t5_6odet8,1730753373.6087859
8,r/Dryden,482,The place for all your daily Dryden Ontario news and events,t5_2uk8r,1730753373.627709
9,r/EleonoraBoi,482,Celebrity,t5_2m0czz,1730753373.6465
10,r/ElijahVue,482,Law,t5_auoigv,1730753373.735476
11,r/ErikGaveUpImmunity,482,Television,t5_2rygeu,1730753373.75693
12,r/erzascarletfandom,482,Erza:welcome to the Erza fandom i hope you enjoy your stay here with me pls no ai art,t5_7eihao,1730753373.810538
13,r/europeinthelens,482,Travel,t5_6uwz3f,1730753373.8315709
14,r/ExpiredOptions,482,"Discuss, learn, and share your investment experience with like minded investors. All levels are welcome.",t5_99lui4,1730753373.875116
15,r/ExposingLLDM,482,Activism,t5_6jopu2,1730753373.896359
16,r/fallout76casual,482,Gaming,t5_bcxh4v,1730753373.9186392
17,r/fatprincess,482,Fat Princess is a multiplayer PS3 game where players fight over a princess and cake.,t5_2ru22,1730753373.941271
18,r/Fifa21CareerMode,482,Gaming,t5_37hty0,1730753373.964108
19,r/finaldiss,482,lol penis xddddddddddddddddddddddddddddddddddddddddddd omg im stuff XDXDXDDDDDDDDDDDXd Subscribe to T-series for free iPhone Xs Bottom text lol,t5_zl6bc,1730753373.985816
20,r/First_Tattoos,482,Welcome to First_Tattoos,t5_2t0c7,1730753374.0071738
21,r/FourthSentenceBetter,482,"When the third sentence is worse, but the fourth sentence makes it better",t5_29ghod,1730753374.0284932
22,r/Frightguard,482,Art,t5_3yoohp,1730753374.0503948
23,r/GtaHelpersTime,482,Gaming,t5_4l6lqk,1730753374.071955
24,r/HaloWarsModding,482,Gaming,t5_454d10,1730753374.0923991
25,r/iDidTheMeth,482,iDidTheMeth,t5_31hme,1730753374.112724
26,r/InvisibleDrax,482,Drax has mastered the ability of standing so incredibly still that he's become invisible to the eye. This sub acts as a repository to store GIFs users claim to have seen Drax in for further investigation.,t5_2nr3ag,1730753374.132542
27,r/JenniferEllison,482,Welcome to JenniferEllison,t5_661777,1730753374.15254
28,r/joseju,482,Funny/Humor,t5_2rdd00,1730753374.172267
29,r/kafuka,482,Sayonara Zetsubou Sensei,t5_34ays,1730753374.1923451
30,r/karolgfanpage,482,Welcome to your favorite page of Karol g🌸✨ Bienvenidos a tu página favorita de Karol G🍃🔥,t5_ang813,1730753374.214407
31,r/kebabs,482,Food and Drink,t5_2rgla,1730753374.234038
32,r/KielGays,482,"Gays aus Kiel und Umgebung! Bitte mit Alter und genauer Herkunft melden. Hier werden Suchanzeigen, Umfragen, Diskussionen und Fragen an die Community akzeptiert!",t5_6ktg6y,1730753374.253933
33,r/LauraCartier,482,Community dedicated to the beautiful French model Laura Cartier!,t5_3d26u5,1730753374.2739289
34,r/LeadClimbing,482,"~~Climbing, on the sharp end. Trad, sport, aid, doesn't matter as long as it's on lead.~~ lol we aren't pussies",t5_2w4l3,1730753374.2946649
35,r/LegacyTheOrteilGame,482,Legacy: A civilization-based idle game,t5_39ap2,1730753374.316216
36,r/LoveMagick,482,"This is a Community for People to Learn and Discuss Love Magick, Share DIY Love Spells, and Get in Touch with Trustworthy Spellcasters who Can Assist with Love Work",t5_36jxbi,1730753374.337496
37,r/MensHairstyleAdvice,482,This is a community to seek and offer advice on all men’s hairstyles. Ranging from all styles and all lengths. Keep it civil and constructive.,t5_8mhib1,1730753374.360034
38,r/MicrowaveTooLow,482,for microwaves that are simply too low.,t5_agdoun,1730753374.381394
39,r/moemahou,482,Anime,t5_2ul9b1,1730753374.401757
40,r/MusicTurkey,482,Sevdiğiniz müzikleri paylaşabileceğiniz Türkiye'nin müzik sayfası. Diğer topluluklarımıza bakmayı unutmayın.,t5_2o8502,1730753374.42237
41,r/NAmiata,482,"NA Miata Everything! Anyone with an interest in cars, JDM, or anyone who owns, has owned or will own a Miata is welcome. |This server is primarily for NA Miatas, but any other generation of Miata or similar vehicle is allowed in moderation|",t5_2gvhms,1730753374.442366
42,r/nflprospects,482,Welcome to nflprospects,t5_9nkir,1730753374.466222
43,r/NICKALLSTARS,482,Gaming,t5_4r4i5g,1730753374.487186
44,r/noseriding,482,"A sub with a focus on longboard surfing, noseriding, logging, single fins, traditional longboarding, performance longboarding, clean waves, relaxed style, and good vibes.",t5_3igef,1730753374.5082612
45,r/okbuddyronald,482,okbuddyronald is a community for the legally-safe creation of memes through editing any panels of Bill Watterson’s strip Calvin and Hobbes to only contain the character Ronald,t5_b7cime,1730753374.529023
46,r/OperationEssex,482,Gaming,t5_pnqdd,1730753374.5504892
47,r/PassportBrosOnTop,482,Travel,t5_a2g16k,1730753374.5700202
48,r/paulisdead,482,"Paul is a dead man. Miss him, miss him, miss him. This Subreddit is for all who know the truth and those that are seeking it.",t5_2x6mi,1730753374.590137
49,r/PicQuotes,482,Welcome & share your favorite quotes here! Don’t forget to add the quote in the title of your post.,t5_31pkv,1730753374.6095629
50,r/PokemonRaffles,482,"This is the place for Pokèmon card enthusiasts to participate in raffles for a chance to win cards they might not be able to afford otherwise. Whether you are a seasoned collector or just starting out, our community offers a fair and exciting way to get your hands on amazing cards. Join us, participate in raffles, and enjoy the thrill of potentially winning that coveted card for your collection! Disclaimer: Always participate at your own risk. This is not a gambling site.",t5_bxkltt,1730753374.630048
51,r/polypoc,482,Tired of all the representation of polyamory being middle class white people?,t5_33szg,1730753374.649759
52,r/pupper_irl,482,Welcome to pupper_irl,t5_3ckx0,1730753374.6686091
53,r/randomMitchHedberg,482,Everything related to Mitch Hedburg randomness. Preferably things that are new and in the spirit of Mitch to keep his legacy alive and thriving.,t5_3bt82p,1730753374.6875489
54,r/RealHotSelfie,482,A community for SFW selfies,t5_cjjp8w,1730753374.706938
55,r/RPGVO,482,Marketplace and Deals,t5_2wvhb,1730753374.7265978
56,r/RVSolarPower,482,"A place for RV and camper owners to share experience and ideas related to solar, off-grid RVing, etc. Generator/alternator/etc-augmented solar charging topics welcome.",t5_2yxvsc,1730753374.745992
57,r/RyconRoleplays,482,"Behold, the official community subreddit for RyconRoleplays, the voice of character Leon Aventus of Skyrim, and many others! Gather round to talk about Rycon, share his works, submit fan art or simply converse with follow Legion members!",t5_3fbgl,1730753374.765253
58,r/SailorSaturn,482,Anime,t5_2klpof,1730753374.7846668
59,r/Scorfuma,482,"A community sub focused on the precious couple Scorpia and Perfuma from She-Ra and the Princesses of Power. Discussion, cosplay images, fan art, fan fiction, tattoos, theories, and videos are welcome! Hate of any kind is not allowed here!",t5_2opkob,1730753374.804435
60,r/SeagullsStanding,482,Seagulls standing on stuff.,t5_3k3tm,1730753374.824033
61,r/selfroast,482,Welcome to selfroast,t5_mhzg8,1730753374.843585
62,r/sensai,482,"A place to discuss the Sens.AI headset. Share and connect with others. Please be respectful to one another. Managed by Non-Representative, Affiliate Moderator.",t5_6gx4gz,1730753374.862984
63,r/ShaggedMarriedAnnoyed,482,Podcasts and Streamers,t5_2h0u3g,1730753374.882244
64,r/ShardsOfArmor,482,The subreddit is about the development process of Shards Of Armor. Any feedback is appreciated.,t5_8ehjd6,1730753374.902391
65,r/SneakerBotCommunity,482,A community to openly talk about sneaker bots.,t5_3i0f0,1730753374.922484
66,r/SunMeadowTemple,482,Religion and Spirituality,t5_5y74g1,1730753374.9426408
67,r/TaguigCity,482,Place,t5_7nhip4,1730753374.9622788
68,r/Tartaglia,482,Gaming,t5_3e6nyx,1730753374.9821079
69,r/TeachersUK,482,Careers,t5_50kq54,1730753375.001944
70,r/TheOilDrop,482,Sports,t5_8cz5oa,1730753375.022706
71,r/TherapyWisdom,482,Medical and Mental Health,t5_3abr1w,1730753375.041823
72,r/TheWinterKing,482,"Reading, Writing, and Literature",t5_5pgjjw,1730753375.0616362
73,r/tinycooking,482,To bring together the joy of sharing tiny cooking.,t5_3dbcp,1730753375.081333
74,r/trevorsomething,482,Music,t5_38iw3,1730753375.1036239
75,r/UFC4CAFS,482,Gaming,t5_30ypr6,1730753375.124298
76,r/UnexpectedWaluigi,482,Welcome to UnexpectedWaluigi,t5_a0fcm,1730753375.145526
77,r/VGen,482,Art,t5_9b32o6,1730753375.16664
78,r/watchsells,482,"We’re bigger than Timepiece Gentleman and Luxury Bazaar A community to josh and joke on the crazy lengths Watch dealers, Guru’s, Influencers, and YouTubers will go to make dem sells! Here, we joke on the obvious truth of the scam, and anyone is fair game.💅 (Luxury Bazaar Grey Market Timepiece Gentleman Vehicle Virgins Daily Driven Exotics Shmee150 ac3.) posting items for sale will get you banned.",t5_4wch0k,1730753375.187972
79,r/wheelstrategy,482,A community dedicated to the Wheel investment strategy,t5_2nazgb,1730753375.20912
80,r/WifeRant,482,Family and Relationships,t5_rrsoj,1730753375.2302148
81,r/zetime,482,"Information, Trivia, Discussions, Pictures and Polls about the ""ZeTime"" by MyKronoz.",t5_3jwfs,1730753375.2512739
82,r/accidentalslavery,481,Welcome to Accidental Slavery,t5_11l73y,1730753375.27249
83,r/adoptmekidsaredumb,481,Gaming,t5_b8grd8,1730753375.293921
84,r/Alec,481,"Anything about the corporate political front group ALEC - the ""American Legislative Exchange Council"" - and its government and corporate members and financial supporters.",t5_2qyyl,1730753375.3158379
85,r/AlexandraBerggren,481,Subreddit for fans of IG Model Alexandra Berggren Show her some love IG: @alexxandraberggren YT: https://www.youtube.com/channel/UCRizPAt5NPLn3_iTqOjJjQw/featured,t5_2fcfvm,1730753375.3365939
86,r/AmazonInfluencerLab,481,"Here we discuss how to improve our amazon influencer business. This is a place to ask questions and learn! Our goal is to create a community for established amazon influencers. With the huge rise of people trying to join, we want to avoid the subreddit being full of messages about “how to get approved”. With the lack of info on this program, we need a spot to learn from other’s success.",t5_7zx5kw,1730753375.358034
87,r/arkhamrehabrehab,481,Internet Culture and Memes,t5_apwq7d,1730753375.3793228
88,r/ArmorMoe,481,Art,t5_2u609r,1730753375.400634
89,r/AsianDollExclusive,481,Welcome to AsianDollExclusive,t5_anxrl3,1730753375.420424
90,r/AustraliaIT,481,Careers,t5_4uqbhs,1730753375.440147
91,r/BaltimoreUncensored,481,"Uncensored discussion of Baltimore, crime, police, social policy and related topics.",t5_2h9g49,1730753375.459915
92,r/BBWBlackWife,481,Welcome to BBWBlackWife,t5_6by7zu,1730753375.480045
93,r/BlackMaleFeetandToes,481,"For all Ebony Male Feet Lovers❣️ Interracial and LGBTQ friendly, no matter the background all are welcome! We’ve seen the difference and have complained enough. I created this Subreddit since noticing the neglect Black Male Feet and Toes often get in subreddits that claim or seem to be more generalized but with an obvious imbalance in them. This is not a subreddit for race play but rather a way to niche down and support our own without bias. Content creators or enjoyers of Black Male Feet‼️🦶🏽",t5_9vtq8m,1730753375.500181
94,r/carolcorps,481,"The Reddit home for the fan community that has built itself around the Carol Danvers version of Captain Marvel, the writings of Kelly Sue DeConnick and generally being nice to one another at cons.",t5_31jmj,1730753375.5219252
95,r/CCIS,481,Welcome to CCIS,t5_2rv15,1730753375.541578
96,r/ChimpanzeesBeingBros,481,"A place for sharing videos, gifs, and images of chimpanzees being bros.",t5_26cu89,1730753375.561048
97,r/ciscolive,481,Technology,t5_387d1,1730753375.5804539
98,r/CompressedMemes,481,A compressed meme is a meme that has lost a lot of quality due to compression artifacts.,t5_mrxjr,1730753375.6003468
99,r/corningwarefans,481,Welcome to the Corningware fan club! Corningware is a collectible line of cookware and dishes manufactured by the Corning Glass Company.,t5_1283m7,1730753375.619594
100,r/CrazyWarningSigns,481,A place to post funny warning signs Credit to u/HYPERHAMSTER534 for the community icon,t5_22jxvc,1730753375.639293
101,r/CrossTradeRoblox,481,Gaming,t5_3wcfbo,1730753375.658911
102,r/Dagestan,481,Place,t5_2wzka,1730753375.678266
103,r/DenverGrows,481,A place for growers in the Denver area to gather and collaborate.,t5_2x8h7,1730753375.6982028
104,r/DepressionPoems,481,"A subreddit for poems made by depressed people. Not necessarily sad poems, just poems made by depressed people for others to read and relate to or simply just enjoy",t5_26ibj9,1730753375.718265
105,r/Destiny2ClanFinder,481,"- Guardians, use this social space to find a clan that suits you. - Clans, use this space to find the proper Guardians to fill your ranks.",t5_3ob7o,1730753375.738734
106,r/diablolore,481,Gaming,t5_3724l,1730753375.759967
107,r/DifferentDimensionMe,481,A subreddit for the Different Dimension Me/Me In Comics AI generator,t5_7hsol8,1730753375.780852
108,r/Edinburgh_Rugby,481,Sports,t5_3z05gu,1730753375.8013692
109,r/Edwardsville,481,"Reddit home of Edwardsville, Illinois",t5_2usbv,1730753375.822196
110,r/EmbarassingMoments,481,Funny/Humor,t5_3ntkr,1730753375.8419101
111,r/fableforge,481,Gaming,t5_2s4q5,1730753375.861376
112,r/FENTFanatics,481,Celebrity,t5_s01aj,1730753375.8810308
113,r/FinalFantasyMusic,481,Music of the Final Fantasy Franchise,t5_31uzr,1730753375.900745
114,r/Florence_Pugh_Pics,481,Welcome to Florence_Pugh_Pics,t5_6ork7j,1730753375.921658
115,r/Flowstates,481,"A community dedicated to understanding the science of ""Flow States"" and how to experience flow more consistently, with more depth, and for longer durations of time.",t5_12mx1f,1730753375.942487
116,r/fluteANDsax,481,Welcome to fluteANDsax,t5_2txp9,1730753375.963555
117,r/FrithChronicles,481,"Reading, Writing, and Literature",t5_2w3sxh,1730753375.984113
118,r/futurestuff,481,"Subreddit full of interesting stuff of the future! Submit links, pics, ideas, and everything futuristic. Discuss possible future politics, urban planning, education, technology, medical advances or just anything that could happen in the future.",t5_2vhfo,1730753376.004253
119,r/gamescapes,481,Gaming,t5_cifmy8,1730753376.025335
120,r/gamifeye,481,"Turn your neighbourhood into a reward-packed game board! Just like a coffee shop rewards you with a free drink after five purchases, GamifEYE takes this idea further, allowing anyone to incentivize anyone else with any type of reward.",t5_cdevy5,1730753376.0450518
121,r/GlutenFreeBeer,481,After seeing posts in r/Homebrewing r/Beer and r/glutenfree ....I decided this was needed .,t5_3npuf,1730753376.064458
122,r/Hermes_lovers,481,Fashion,t5_8gfj33,1730753376.083858
123,r/Hoe_Math,481,Hub for all things hoe_math,t5_9ukj2g,1730753376.103424
124,r/Ibuki_StreetFighter,481,"Street Fighter players who love Ibuki. Sharing artwork, cosplay, gameplay tips + more! SFIII SFIV SFV SFVI",t5_5p7jtx,1730753376.1227572
125,r/InstantRegretGIFS,481,I've made a terrible mistake,t5_32dwt,1730753376.142304
126,r/JusticeSocietyAmerica,481,"Here we talk about the Justice Society of America, the first superhero team ever created. Invented by Gardner Fox and Sheldon Meyer in 1940. We share fan content, news, art , memes, and ask questions.",t5_5nveja,1730753376.161634
127,r/kbin,481,Technology,t5_8j1eld,1730753376.181122
128,r/ketosupport,481,Welcome to ketosupport,t5_2twp4,1730753376.2007492
129,r/KnightsMandelot,481,Gaming,t5_2s38np,1730753376.220319
130,r/liberalreality,481,"Liberal Reality is a place to espouse progressive views and push back against the backward Republican/Bankster mindset. Gordon Gekko was fake, but like some other imaginary friends, Republicans model their lives after his words. For too long, political leftists have been sheepish. This subreddit is a place for you to be strong, then kill some time having good debates with fellow leftists. It’s not our fault reality has a liberal bias. We’re just down with the truth.",t5_2vne4,1730753376.239915
131,r/LuxuryRetailTherapy,481,Fashion,t5_cdga7q,1730753376.259306
132,r/MaineFishing,481,"Welcome to r/MaineFishing. A place for everything fishing related in Maine, fresh or saltwater. Feel free to post pics of your catches, big or small, ask questions about where the hot spots might be or not be. If you’re planning a fishing trip to Maine in the near future you might find this subreddit helpful.",t5_24zhhc,1730753376.278752
133,r/mcc,481,"For students attending Monroe Community College in Rochester, NY! Talk about classes, professors, majors, minors, meet-ups, clubs, or just try to spread the word on something! Remember to tell your friends about this subreddit! http://www.monroecc.edu/",t5_2sevi,1730753376.298579
134,r/Memes4U,481,The home of edgier than edgy memes.,t5_3mvxh,1730753376.3182132
135,r/michaelconnellybooks,481,"Reading, Writing, and Literature",t5_7d6776,1730753376.337614
136,r/Minnesotajobs,481,Careers,t5_2c9k8o,1730753376.356971
137,r/misleadingredcircle,481,For when circles in pictures suck,t5_jihcs,1730753376.3764632
138,r/monicasavaxx,481,Welcome to monicasavaxx,t5_c7vrph,1730753376.395905
139,r/morbiussweep,481,Movies,t5_63zxqz,1730753376.4156
140,r/MusicDirectors,481,This is a subreddit for music directors working in theatre and opera to chat about stories and tips of the industry! All levels of MDs welcome!,t5_mg092,1730753376.435335
141,r/ncgroupsexfantansies,481,Welcome to ncgroupsexfantansies,t5_7fxhhn,1730753376.455141
142,r/osarymakers,481,"We are rosary makers and rosary enthusiasts! Collectors welcome! Rules: 1: No Satanic rosaries/prayer beads. (I love your enthusiasm to create, but I feel like they'll create more drama than a positive atmosphere.) 2: There are some cultures who call their prayer beads, rosaries. Those go under Prayer Beads. 3: No politics, no religion bashing, etc. 4: All types of rosary styles allowed. 5: Be kind. Be helpful. Be creative.",t5_37iyjk,1730753376.475223
143,r/PartyPenguin,481,The official PartyPenguin subbie® for penguin gifs and discussion.,t5_zhw5v,1730753376.494729
144,r/PragyaJaiswal_,481,Unofficial community for Pragya Jaiswal fans.,t5_89p409,1730753376.515732
145,r/ProffesorEggnogWrites,481,"Reading, Writing, and Literature",t5_46xsjo,1730753376.5350149
146,r/psychosintrucks,481,Welcome to psychosintrucks,t5_7zq9my,1730753376.5540009
147,r/Redheads_TheRedViking,481,Null,t5_2z05fz,1730753376.573324
148,r/RomanceLit,481,This subreddit is dedicated to readers and authors of romance and all things chick lit.,t5_2wj03,1730753376.592651
149,r/RoniandNessa,481,"A fan subreddit where we can appreciate and share Merrell Twins content. (Youtubers, Actors)",t5_3rw9t7,1730753376.614654
150,r/RP1SFX,481,Ready player one audiobook enhanced with sound effects.,t5_3kg93,1730753376.634668
151,r/Series7examforum,481,This subreddit is being rebranded to focus on the series 65 exam. You are more welcome to ask questions about the series 65 exam and other exams. The moderator of series 65 prep is a full time tutor for the series 65 exam and related exams. The moderator also has created a podcast for the series 65 exam.,t5_uoecn,1730753376.654124
152,r/skimaine,481,A Place for Maine Skiers and talking about Maine Ski Resorts.,t5_35nyq,1730753376.6736262
153,r/SonyImages,481,This subreddit is dedicated to images taken on Sony cameras. Please see the sidebar for more details.,t5_3iwhm,1730753376.6940238
154,r/speckledbeans,481,Animals and Pets,t5_7vw3cg,1730753376.71441
155,r/sploafing,481,This sub is for animals who simultaneously r/sploot and r/loaf,t5_9n95uz,1730753376.735103
156,r/starwarsartwork,481,"Submit your favorite Star Wars art, be it official works or fan art related to the SW universe.",t5_355z4,1730753376.755017
157,r/TalkingExhales,481,Welcome to TalkingExhales,t5_acw7j1,1730753376.774701
158,r/tamil_nadu,481,"Tamil Nadu is one of the 29 states of India. Its capital and largest city is Chennai . Tamil Nadu lies in the southernmost part of the Indian Peninsula and is bordered by the union territory of Puducherry and the South Indian states of Kerala, Karnataka, and Andhra Pradesh.",t5_3i2xd,1730753376.7948842
159,r/TeamUSA,481,Sports,t5_2sn27,1730753376.814881
160,r/theneighborhoodcbs,481,Television,t5_n902z,1730753376.834731
161,r/traindriversview,481,This is a subreddit for submitting videos of trains that are from the drivers POV.,t5_3fagm,1730753376.854202
162,r/Trendpics,481,This subreddit is for pics/gifs of beautiful/sexy females. Feel free to post your own,t5_iec82,1730753376.873672
163,r/twitterbots,481,A place to post or talk about any Twitter bots (Even ones you have made). Found a cool bot on Twitter post it here! Have a bot idea? Post it here!,t5_38r8f,1730753376.8926709
164,r/UkChilliGrowers,481,Home and Garden,t5_ajcrfo,1730753376.911506
165,r/UniversityUK,481,"A place where we can all discuss, applying, where to go and what is happening at your Uni and if you have a good picture you've taken you can share it here.",t5_30yle,1730753376.930256
166,r/UNKLE,481,Music,t5_3fio9,1730753376.9492748
167,r/Yennefer,481,Mature Themes and Adult Content,t5_377m8,1730753376.9681122
168,r/2swedish4you,480,Funny/Humor,t5_5do6ma,1730753376.9869142
169,r/AdoptionFog,480,Welcome to AdoptionFog,t5_91snut,1730753377.007385
170,r/AlphaJayShow,480,Television,t5_3wff3,1730753377.026763
171,r/art_science,480,"For work that erases false distinctions between art, science and philosophy. Art/Science is focused on art that advances the understanding of science and technology, or science and technology that has an impact on our understanding of art. Art/Science is not a place for science communication projects (such as botanical illustrations) but for sharing opportunities, artworks, or writing that seek to blur the philosophical distinctions between art, science, technology and research.",t5_2vorl,1730753377.046182
172,r/audreamOF,480,feel free to post what you have. selling = ban trading = ban,t5_4qx9ts,1730753377.065551
173,r/AzioCorp,480,Technology,t5_5qnxam,1730753377.0850382
174,r/BlackenedDeathMetal,480,Welcome to BlackenedDeathMetal,t5_2wpy3,1730753377.103267
175,r/bookworms_Delhi,480,Hobbies,t5_4vysb5,1730753377.121328
176,r/CatFantasyGacha,480,Gaming,t5_c9on17,1730753377.1403022
177,r/cemresolmaz,480,Mature Themes and Adult Content,t5_aj1fyz,1730753377.1588988
178,r/cloudengineering,480,Welcome to cloudengineering,t5_4uv7q2,1730753377.1774101
179,r/ConspiracistIdeation,480,For academic articles and discussion about the psychology underlying conspiracist ideation.,t5_3re57f,1730753377.195314
180,r/creepykiller,480,Law,t5_2rbiph,1730753377.2138271
181,r/dimebagdarrell,480,Celebrating the life and accomplishments of Pantera guitarist Dimebag Darrell.,t5_6oy0ak,1730753377.232697
182,r/dontclickthat,480,Post stuff that is DONT CLICK THAT like disgusting content inside of links,t5_at627j,1730753377.2516239
183,r/Downfall_Game,480,"The official Subreddit of Downfall - An ODST story, a halo fan-game project! Join the discord here >>> https://discord.gg/ZRKRrr3",t5_2cew3r,1730753377.2704709
184,r/DreamIslandsACNH,480,Subreddit dedicated to dream codes! ☁️ Share your beautiful island or find a code so you can visit someone else’s 💫 Please use post flairs!,t5_2xef2g,1730753377.28915
185,r/Dungeons,480,The place to share maps ypu created for D&D and any other role-playing games! also just a place for birds eye maps!,t5_2s4dw,1730753377.3077319
186,r/EscapefromTarkovGuns,480,Post your Escape from Tarkov-like weaponry here. Also avoiding bad modding in EFT Reddit.,t5_2apxnd,1730753377.326677
187,r/explainmelikeimsix,480,Learning and Education,t5_117jds,1730753377.3453782
188,r/EyeSoothingflags,480,A subreddit for flags that are perfect.,t5_257rix,1730753377.364172
189,r/facialhair,480,Beauty and Makeup,t5_2ttkl,1730753377.383054
190,r/FindTheThing,480,A sub for pictures of hidden animals and the like.,t5_35x9i,1730753377.403373
191,r/FordFusionSport,480,All Fusion Sport ... all the time.,t5_2zg8vz,1730753377.4235468
192,r/FreakingRomance,480,"This community is dedicated to a ""Webtoon"" (on webtoon.com) called Freaking Romance . . You can share predictions, questions, ships, or anything else that has to do with the Webtoon! . . Make sure to put a spoiler warning if there are any in your post! Discord: https://discord.gg/AVSwWB",t5_29y4xq,1730753377.444365
193,r/FreeAC,480,Gaming,t5_32if98,1730753377.463895
194,r/fruitypoppin,480,Welcome to fruitypoppin,t5_af3xy9,1730753377.4844842
195,r/GalileoProject,480,The Galileo Project is lead by Professor Avi Loeb. Open Source to the public. The aim is to set up sensors and cameras around select locations. Track UAPs and UFOs in our skies. Hopefully present hard scientific evidence forth. Note that this subreddit is UNOFFICIAL. We are not affiliated with The Galileo Project in any capacity. Their official website can be found here: https://projects.iq.harvard.edu/galileo/home 🔹Please be respectful,t5_4tdqcr,1730753377.503752
196,r/guaxonados,480,"bem vindos guaxoxot...guaxonados, sintam-se em casa muac muac ♥",t5_6vntiu,1730753377.52332
197,r/HenryRepeaters,480,The unofficial subreddit of Henry Repeating Arms.,t5_2ca8h9,1730753377.543214
198,r/hivsymptoms,480,Medical and Mental Health,t5_4m7kpm,1730753377.564053
199,r/IndiaWeather,480,Place,t5_cjqmaq,1730753377.58432
200,r/IstanbulTechnicalUniv,480,Learning and Education,t5_28lej1,1730753377.603872
201,r/itml3htftsoyul,480,"A place for sharing bad drawings of people, animals, and their faces.",t5_3h6r1,1730753377.6238
202,r/ItsMacyCartel,480,Welcome to ItsMacyCartel,t5_5ptgyy,1730753377.643368
203,r/Jerseylicious,480,"Jerseylicious was a show on Style Network that ran for six seasons! It chronicles the lives of six stylists who work at salons located in Green Brook Township, New Jersey. Discuss all things Jerseylicious, the cast members and it's spin-off show Glam Fairy.",t5_5takwr,1730753377.662566
204,r/jockstrapband,480,The subreddit for all things Jockstrap - a musical duo consisting of Georgia Ellery and Taylor Skye,t5_5kwoqm,1730753377.681385
205,r/killzonemercenary,480,"Killzone Mercenary Clans, to Tactics, and Discussions!",t5_2ydxs,1730753377.700025
206,r/Lizethrios,480,Welcome to Lizethrios,t5_739g7d,1730753377.719118
207,r/loubxbytiktokarchives,480,Since her tiktok gets banned a lot,t5_4i77j1,1730753377.7377
208,r/LOWERCASE,480,Lowercase is an extreme form of ambient minimalism in which very quiet sounds bookend long stretches of silence.,t5_2vtoc,1730753377.756439
209,r/MacTonight,480,A subreddit for fellow worshipers of Mac Tonight & his show. So why not join this subreddit and make it Mac Tonight?,t5_34djh,1730753377.775575
210,r/magewars,480,"Mage Wars is a fantasy tabletop wargame, published by Arcane Wonders.",t5_2v5gd,1730753377.7942882
211,r/maidmint,480,Podcasts and Streamers,t5_b9wr9g,1730753377.817193
212,r/MeetUp_Lyon,480,Place,t5_6wjvsi,1730753377.837813
213,r/MensShoesReps,480,I'm crazy reps,t5_9trmcy,1730753377.859931
214,r/MicrowaveRecipe,480,"This is a sub for the swapping of microwave recipes, and tips for cooking in a microwave, microwave related stories, and anything microwave related.",t5_2xty9,1730753377.881522
215,r/NBAParlay,480,THE place to discuss and share your NBA parlay bets,t5_4nonq2,1730753377.90045
216,r/NiharikaKaur_,480,"Niharika Kaur is a model, actress and traveler. Starred in the 2017 short thriller ""The Saviour"". Younger sister of Meghna Kaur aka Shetroublemaker. Aged 26 in 2020. This is a SFW fan-made sub. Be respectful in your posts.",t5_3n941w,1730753377.919504
217,r/OklahomaJobsForAll,480,Careers,t5_3qgwsx,1730753377.9383569
218,r/olyweightlifting,480,For all things Olympic style Weightlifting! NO RULES. No Moderation. Post what you want.,t5_33xsf,1730753377.9573
219,r/OnePiecetcgDeal,480,Hobbies,t5_8b4o0f,1730753377.9779751
220,r/OttoEnergy,480,"Business, Economics, and Finance",t5_47qcse,1730753377.997061
221,r/outstruments,480,Welcome to outstruments,t5_2u4ka,1730753378.016051
222,r/PacybitsTradingiOS,480,Gaming,t5_299yhx,1730753378.035043
223,r/PeppaWorshipers,480,Internet Culture and Memes,t5_2f8rld,1730753378.053976
224,r/PidiYoutube,480,Celebrity,t5_ce1qoo,1730753378.073
225,r/PokemonCardGB,480,This subreddit is for anything related to the two Pokemon TCG games made for the Game Boy Color.,t5_2ugi7,1730753378.091934
226,r/polesdiscoveranimals,480,this is a subreddit for the funni videos of eastern europeans (specifically poles) discovering animals.,t5_9igiw3,1730753378.110728
227,r/PoliceDog,480,Photos and Videos of Police Dogs and their Partners.,t5_mwoza,1730753378.1295779
228,r/PolycatFinance,480,Crypto,t5_4c6c7t,1730753378.1482801
229,r/PositiveTI,480,"This community is for those experiencing symptoms associated with being a Targeted Individual but are choosing to utilize their circumstances for their emotional, spiritual and mental growth. This is not a community that focuses on the influence of fear, shame, anxiety or panic. Instead, we choose to understand that those states of mind exist regardless of external circumstances and are more concerned with how to help one another get through another day.",t5_apaizs,1730753378.1677551
230,r/Pregnant4Personals,480,Welcome to Pregnant4Personals,t5_c2otxd,1730753378.187457
231,r/PVCBowyer,480,Learn to make your own bow and arrows in mere hours for less than $20!,t5_2vjn4,1730753378.207399
232,r/RipeLove,480,Music,t5_wazbv,1730753378.226676
233,r/RnBCovers,480,Music,t5_34b3a4,1730753378.245235
234,r/Roush,480,"This is a subreddit devoted to all things Roush Performance! Whether you own a Roush Performance vehicle, or just simply appreciate their craftsmanship, this is the place for you!",t5_360jx,1730753378.264076
235,r/rubik,480,Welcome to rubik,t5_2saja,1730753378.283147
236,r/SalfordUni,480,"A subreddit for the University of Salford (Salford Uni). A place for current students, alumni, researchers, lecturers and staff.",t5_2tkef,1730753378.301771
237,r/savagedragon,480,Welcome to the Savage Dragon subreddit!,t5_3oc81,1730753378.32051
238,r/scpprotocols,480,"Сабреддит канала протоколы SCP. Документируем аномалии, содержим монстров.",t5_28ig1b,1730753378.339412
239,r/SeeU_cosplay,480,A place dedicated to the cosplayer 小柔SeeU.,t5_2hqcnm,1730753378.357944
240,r/sexyariannmusic,480,Comunidad de morbo de Ariann Music,t5_c60jw9,1730753378.376607
241,r/Shishiro,480,"The unofficial community for the Hololive V-tuber, Shishiro Botan!",t5_31ft8b,1730753378.3954072
242,r/shrekism,480,"If you are a firm believer in shrekism, shreknology, shrekonomics, shrekreactional use of onions, or just simply have many layers, then this is the shrekreddit for you! We welcome all new brogres and ogirls who want to shrexpress their beliefs and love for our lord and savior, Shrek.",t5_2w2vy,1730753378.4142962
243,r/SMFL_squeeze,480,"Business, Economics, and Finance",t5_bmn1t5,1730753378.433308
244,r/StarWarsVillains,480,Movies,t5_3tpge1,1730753378.45383
245,r/suny,480,Learning and Education,t5_2ykax,1730753378.47297
246,r/SurfacePro8,480,Technology,t5_3djzri,1730753378.491712
247,r/TailsGetsTrolled,480,"Reading, Writing, and Literature",t5_2vtel,1730753378.511327
248,r/Takamine,480,A place where Takamine owners can come together to share their instruments and learn more about them.,t5_2zjob,1730753378.530805
249,r/telltalegameofthrones,480,This subreddit is dedicated to Telltales upcoming Game of Thrones adventure game,t5_353wc,1730753378.550127
