,subreddit,subscribers,topic,subreddit_id,scraped_utc
0,r/atlasheadrest,468,The official subreddit to discuss headrests made by Atlas Headrest and the incredible chairs they go on.,t5_76tjq8,1730753468.310414
1,r/BDSPCompetitive,468,A place for in-depth discussions and organizing of competitive battles in Brilliant Diamond & Shining Pearl.,t5_5dveuj,1730753468.332644
2,r/BeatlesHateSub,468,Music,t5_3z3wyi,1730753468.351999
3,r/BestOfTripAdvisor,468,"This subreddit is a showcase for the funniest, angriest and most bizarre reviews found on travel review website, Trip Advisor.",t5_3d4c6,1730753468.371109
4,r/BlackCloverWallpapers,468,Anime,t5_4tf9pp,1730753468.390293
5,r/BrandyMelvilleClothes,468,"NEW subreddit for Brandy Melville hauls, outfit ideas and everything else :)",t5_50dr5z,1730753468.4197
6,r/BUDOKANliaoyangyuan,468,琳琳的爱国小朝廷,t5_46p5or,1730753468.4389918
7,r/CabOverTrucks,468,Cars and Motor Vehicles,t5_4jle9d,1730753468.456796
8,r/cafeland,468,The subreddit for the Android/iOS game Caféland: World Kitchen. Not to be confused with the similar Facebook game Caféland from Facebook,t5_2rhi6q,1730753468.475585
9,r/cat_tattoos_,468,A fun page to share cat tattoos. Please only post real tattoos and quality photos. Credit the artist if not watermarked. Watermarked tattoo photos preferred so we can find the artist if someone wants to get a tattoo by them.,t5_3jw80,1730753468.494454
10,r/ccdc,468,"The ""official"" subreddit for the Collegiate Cyber Defense Competition",t5_2sc5y,1730753468.569551
11,r/ChatGPTAdventures,468,I place to share the most useful and fun prompts for ChatGPT,t5_82jjsg,1730753468.589036
12,r/ChicagoSocial,468,"Are you lonely or looking for a group to hang out with and in Chicago? Chicago Social is for you! Find like minded groups and people in your local area, No NSFW stuff here, everything is strictly platonic.",t5_22tdmx,1730753468.6231802
13,r/chillies,468,"we love chillies! a community growing, cooking and eating chillies.",t5_2tp6j,1730753468.6461902
14,r/christenwhitmanminion,468,We love christen over here The “minions”are here 😘😘,t5_7ek008,1730753468.665759
15,r/DiapStash,468,Technology,t5_810bsk,1730753468.684555
16,r/easternstar,468,"A subreddit for all of the ladies and gentlemen belonging to and interested in the Order of the Eastern Star. The Order of the Eastern Star was founded by Dr. Rob Morris in the late 1800’s. As a Master Mason, Dr. Morris had the idea that it would be nice to have a way for female relatives of Master Masons to share the benefits of knowledge and self-improvement that Freemasonry made available to men and to have a place in the Masonic Family that would allow men and women to participate together.",t5_32hxm,1730753468.703773
17,r/EmoPeopleTwitter,468,Welcome to EmoPeopleTwitter,t5_3egta,1730753468.723146
18,r/eptic,468,Music,t5_35npg,1730753468.742037
19,r/FallGuysFashionGuide,468,Gaming,t5_2z56ic,1730753468.761355
20,r/fettywap,468,Music,t5_373ke,1730753468.78074
21,r/fishgame,468,Community for the home aquarium sim Fish Game. Available now on PC: https://store.steampowered.com/app/1372150/Fish_Game/ Join our discord! https://t.co/IFOVmV5mbW,t5_32s37x,1730753468.800095
22,r/gaysex2theories,468,Mature Themes and Adult Content,t5_5uqye6,1730753468.819018
23,r/GirlsWithHeadaches,468,Pictures of girls with headaches. I hope they feel better soon.,t5_42ruho,1730753468.837643
24,r/hahawifebad,468,This is a place to post comics and jokes intended as humor that highlight male boomers' deeply rooted hatred of their women marital partners.,t5_13qe5j,1730753468.856436
25,r/HermanosGutierrez,468,Music,t5_8ewjo5,1730753468.87572
26,r/Horty,468,Gaming,t5_5ybej8,1730753468.894433
27,r/HouseOfR,468,"A place to discuss the discussions, continue the conversations, and generally obsess over all things Mal and Jo of House of R!",t5_94pnw0,1730753468.913415
28,r/iplay2b2t,468,"The place for posting comments of people who clearly don't play on the minecraft server 2b2t, but claim to do so with varying degree of accuracy.",t5_2xf186,1730753468.932076
29,r/ItsSky,468,Gaming,t5_oq542,1730753468.9507232
30,r/JToH,468,Gaming,t5_xli8k,1730753468.969567
31,r/JumpFortress,468,WHERE WERE YOU WHEN REDDIT WAS KILL,t5_2x0qb,1730753468.988641
32,r/JustCause3MP,468,JustCause3MP,t5_3bd0d,1730753469.007475
33,r/Karachiwallay,468,Place,t5_cb1kh4,1730753469.026248
34,r/keralapics,468,A subreddit dedicated to photographs of the south Indian state of Kerala.,t5_3ekiq,1730753469.0449972
35,r/kimflaminghot2,468,Welcome to kimflaminghot2,t5_asiuvo,1730753469.064001
36,r/KimTaeRi,468,Celebrity,t5_3djw5r,1730753469.082929
37,r/KITTIE,468,Music,t5_aipzl4,1730753469.1019242
38,r/kiylaye,468,"OF @itskiylie, her Instagram @kiylaye. POST ANYTHING OF HER OF ONLY.",t5_521zae,1730753469.122475
39,r/LearningMachine,468,"An open forum for discussing past, present, and future episodes of Learning Machine podcast.",t5_49ht9k,1730753469.141629
40,r/LiminalRealms,468,"A limen is a threshold - a boundary space between waking and dreaming, between the present and the past, between this world and the other.",t5_5d8r82,1730753469.161176
41,r/LowSodiumLoreOlympus,468,"Welcome to r/LowSodiumLoreOlympus! A lighthearted and fun place to discuss the Lore Olympus Webcomic. We focus on positivity, kindness, and constructive criticism and do not allow low-effort complaining, insults, or trolling. Downvotes are for irrelevance not if you disagree.",t5_7f7obe,1730753469.180251
42,r/lumberjanes,468,A place to discuss all things Lumberjanes from comics to books to a possible animated series!,t5_35ut5,1730753469.199233
43,r/Maemartin,468,A subreddit for our favourite Canadian comedian Mae Martin! Feel free to post news and discussions and anything at all relating to Mae,t5_2j3rmy,1730753469.219061
44,r/matchroompool,468,Sports,t5_7u5oo5,1730753469.238604
45,r/memez,468,The worlds best meme headquarters. Any memez posted elsewhere are filthy abominations,t5_3clxl,1730753469.258156
46,r/MercuryCougar,468,Cars and Motor Vehicles,t5_2936pt,1730753469.276363
47,r/NerfCombatFootage,468,People getting dramatically destroyed by Nerf Guns,t5_3cii0q,1730753469.294785
48,r/nintendodirect,468,"A subreddit for the Nintendo Directs, a series of gaming promotional snippets that Nintendo puts out every month or so.",t5_3cye8,1730753469.313171
49,r/OceanlinerEngineering,468,History,t5_49jz07,1730753469.331576
50,r/OkbuddyOutlast,468,Outlast,t5_98yycf,1730753469.350768
51,r/oldschoolwlw,468,Gender,t5_capfea,1730753469.3704991
52,r/poc0hontas,468,I post poc0hontas videos,t5_cnnp9z,1730753469.3897998
53,r/PocketTrainsTrades,468,Gaming,t5_2ypcp,1730753469.4089391
54,r/QidiTechXPlus,468,Technology,t5_41ns03,1730753469.427791
55,r/RageFights,468,Fights Caught on camera Rules 1. No murder or extreme violence 2. No racism or Harassment 3. No reposting videos,t5_6ifitf,1730753469.4471219
56,r/RavenReadsHorror,468,"Reading, Writing, and Literature",t5_23wknh,1730753469.466308
57,r/religious_studies,468,"Religious studies is an academic field devoted to research into religious beliefs, behaviors, and institutions. It describes, compares, interprets, and explains religion, emphasizing systematic, historically based, and cross-cultural perspectives. - Wikipedia",t5_2t66t,1730753469.4856079
58,r/Retreat_FX,468,Television,t5_4wa6cj,1730753469.504895
59,r/RockimPark,468,Music,t5_13sgnp,1730753469.523223
60,r/runesofmagic,468,Gaming,t5_2rx48,1730753469.540343
61,r/shallyzsa2,468,Welcome to shallyzsa2,t5_7v6ymc,1730753469.559338
62,r/ShouldBeInTheShop,468,"Vehicles that haven't quiet made it to the shop yet, but definitely should be.",t5_2im6ru,1730753469.578163
63,r/SophiaDeso22,468,Welcome to SophiaDeso22,t5_c78n8i,1730753469.5981078
64,r/sparkingzeromods,468,Gaming,t5_bv244x,1730753469.616978
65,r/StephBohrer,468,Podcasts and Streamers,t5_77tqhw,1730753469.635954
66,r/superbestfriendsplay,468,Welcome to superbestfriendsplay,t5_33eng,1730753469.655169
67,r/SuperMarioBros3,468,Subreddit for anything Super Mario Bros. 3 related!,t5_3a7w4,1730753469.6747022
68,r/Tabletops,468,"This subreddit is designed to showcase your tabletop gaming setups, GM screens, custom battle grids, tables, game rooms, and more.",t5_34b2n,1730753469.6935549
69,r/Temporex,468,"Subreddit for the artist Temporex. Here you will find news, discussions, and many more.",t5_a3vt0,1730753469.712933
70,r/theposcast,468,"Hi, welcome to the award-winning Poscast, America's No. 1 Sports Podcast. - Hosts Joe Posnanski (MLB.com, SI, Kansas City Star) and Michael Schur (Parks and Recreation & The Good Place). - ""What a terrible experience this has been."" - Retired MLB Pitcher Brandon McCarthy",t5_3pbbd,1730753469.732196
71,r/transguytrailmix,468,A place for trans men and transmasc people to share their adventures in the outdoors and nature. Brother subreddit to r/TransGirlTrailMix.,t5_91ogds,1730753469.75136
72,r/UniTuebingen,468,Learning and Education,t5_6tgihf,1730753469.7707798
73,r/VermontJobs,468,Careers,t5_2ah6wx,1730753469.78977
74,r/allthepictures,467,"Finding all the pictures our eyes can see, for science!",t5_2z00z,1730753469.8090649
75,r/apocatips,467,A subreddit for tips and tricks for surviving during apocalyptic conditions.,t5_5szxrd,1730753469.828497
76,r/ArmenianLiterature,467,"Reading, Writing, and Literature",t5_43b7hx,1730753469.847153
77,r/Athelina,467,Welcome to Athelina,t5_6tc7bn,1730753469.865872
78,r/AustinYoga,467,Namaste Ya'll,t5_2t627,1730753469.884487
79,r/autodrawings,467,"Post pictures of your car drawings, in fact anything automotive really. Feel free to post finished works, works in progress, or just ask a general question about drawing cars.",t5_318w0,1730753469.903457
80,r/BengstonMethod,467,"A place to discuss the Bengston Energy Healing Method researched and developed by Dr. William Bengston, PhD.",t5_22h7wq,1730753469.922443
81,r/BlackandSingle,467,"Discussion of issues which impact black male/female relationships, black families, and lives: racism, economic disparities, criminal justice system, misogyny against black women, interracial dating and marriage, Hotepery, dusty men, hobosexuality, police brutality, religion, etc. Open, honest real discussions of tough social and personal issues. Find more on dating and relationships on the Debsterism Channel on YouTube. Submit your advice question at https://www.debsterism.com/get-advice",t5_3bcgqh,1730753469.941482
82,r/BMWX4,467,BMW X4 Subreddit,t5_2cncns,1730753469.960355
83,r/BoycottRobinhood,467,"On 28 January 2021, trading app Robinhood made the decision to block purchases of specific stocks in an attempt to protect those who short stocks. They have also locked up funds in orders that won't go through and cannot be canceled. Their stop losses have also failed, costing investors thousands. We must protect the free market an shut down the oppressors, like the criminals at Robinhood. Please feel free to share your stories and your screenshots.",t5_3tjmxr,1730753469.979657
84,r/ChampionsRPG,467,"This is a subreddit dedicated to the TTRPG known as Champions. This is a place where you can share your scenario notes, characters, questions, etc.",t5_307kc,1730753469.999199
85,r/ChurchOfHanabi,467,Anime,t5_4nv5pr,1730753470.0189152
86,r/cityofthedamned,467,Welcome to cityofthedamned,t5_333st,1730753470.036483
87,r/couldbethemove,467,Discussing Moves.,t5_5lq0p5,1730753470.05511
88,r/DachshundGifs,467,Post gifs of your favorite Dachshunds!,t5_3343l,1730753470.075572
89,r/DaddyDearestFanclub,467,Gaming,t5_48f1w3,1730753470.095117
90,r/DeluxToys,467,Mature Themes and Adult Content,t5_3ripxe,1730753470.114914
91,r/einkgames,467,Technology,t5_5pcunn,1730753470.1345081
92,r/evalunamonta,467,Welcome to evalunamonta,t5_7ra1vr,1730753470.153864
93,r/FalloutFirst,467,"PRIVATE WORLDS, SCRAPBOXES & MORE CUMMING TO FALLOUT 76 WITH FALLOUT F*CK YOU 1ST",t5_275hmr,1730753470.1732879
94,r/flowerface,467,Music,t5_w5p37,1730753470.1927512
95,r/FLStudioTrap,467,"This community is for FL Studio users to share and promote their content, as long it's related to music and beat making.",t5_6t1rxp,1730753470.2121642
96,r/FlutterDash,467,"The subreddit for all things Flutterdash, the pairing of Fluttershy and Rainbow Dash! :)",t5_2urlz,1730753470.231387
97,r/freeplayers,467,Free Players is a free-to-play RuneScape community. We are here to have a positive influence on the free game and its players.,t5_3amsx,1730753470.2501462
98,r/FullestnessSNAARK,467,Welcome to FullestnessSNAARK,t5_amcxev,1730753470.268689
99,r/GameDetails,467,[Click anywhere to continue to /r/gamingdetails](/r/gamingdetails),t5_3md5j,1730753470.2874172
100,r/Genshin_Concepts,467,Gaming,t5_4ril8q,1730753470.3060842
101,r/googlyeyesonstatue,467,This subreddit is only for posting pictures of googly eyes on statues.,t5_26aiar,1730753470.3251588
102,r/GPFixedIncome,467,"Business, Economics, and Finance",t5_8s0ahq,1730753470.343991
103,r/hehe,467,Funny/Humor,t5_2wf1q,1730753470.363038
104,r/homebrewhammer,467,"A general discussion-board for DIY/homebrew rules, fan expansions, etc.",t5_3mpfw,1730753470.382236
105,r/HoverJunkers,467,"Hover Junkers is a VR ONLY multiplayer combat game in which players pilot small flying platforms with the aim of collecting junk in a future wasteland. Players may place found junk on their ship to fortify them for combat with other players or recycle junk into loot points. Built from the ground up for a true RoomScale experience, players may choose from a multitude of various ships which best fit their room’s spatial limitations.",t5_38mm7,1730753470.4013782
106,r/HustlersWorld,467,"Business, Economics, and Finance",t5_6w5izm,1730753470.420125
107,r/Jasminecephasjones,467,Celebrity,t5_386taj,1730753470.439305
108,r/Kouman,467,Internet Culture and Memes,t5_5rik8u,1730753470.458373
109,r/LineChu,467,LineChu fan page,t5_3ag4qw,1730753470.4778812
110,r/LingerieGirl__,467,"""Lingerie Girl wo Okini Mesu Mama"" by Hensuki creator and illustrator",t5_62zos7,1730753470.496939
111,r/lisavandervalk,467,Sub voor wekelijkse content van Lisa…🙂‍↔️,t5_bdiero,1730753470.516118
112,r/Lofoten,467,Welcome to Lofoten,t5_2yjip,1730753470.535288
113,r/MagicCityHippies,467,This sub is for anything related to the coolest indie funk band out of Miami.,t5_3j5l3,1730753470.555393
114,r/mermay,467,Art,t5_2lakuw,1730753470.5747662
115,r/microwedding,467,"What is a Micro Wedding? A *'Micro Wedding'* is a wedding that is under 50 people, usually under 10K (though it can cost more depending on setting, food, dress and other details) and planned in less amount of time that a traditional wedding (lets say under a year). This subreddit is dedicated to these weddings, and the Redditors who love them!",t5_4udl9a,1730753470.593948
116,r/midlaw,467,Law,t5_c9der7,1730753470.6131752
117,r/MildCelebEdits,467,Celebrity,t5_2k8bce,1730753470.6324348
118,r/Minimates,467,A subreddit for people who collect and are quite possibly obsessed with the Diamond Select Toys and Art Asylum Minimate figures.,t5_2u6yr,1730753470.6516638
119,r/Modelcycles,467,Music,t5_4lynpd,1730753470.670502
120,r/ModernWarfareZombies,467,Gaming,t5_8dzwo0,1730753470.6897101
121,r/MODOK,467,"This is the subreddit dedicated to all things M.O.D.O.K. M.O.D.O.K. was created for Marvel Comics by Stan Lee and Jack Kirby in Tales of Suspense #94 back in 1967 as an antagonist who leads AIM (Advance Idea Mechanics). M.O.D.O.K.'s most notable appearances include being the main villain for Marvel's Avengers video game published by Square Enix, as the starring character for an adult animated stop-motion comedy TV series for Hulu, and his appearance in Ant-Man and the Wasp: Quantumainia.",t5_37pq0,1730753470.709174
122,r/nzproperties,467,"Are you looking to discuss specific NZ properties? The NZProperties subreddit has been resurrected to allow users to give crowd-based advice on New Zealand properties with regards to pricing, problems, and opportunities.",t5_3e7et,1730753470.728124
123,r/Okemo,467,Outdoors and Nature,t5_23sl87,1730753470.747068
124,r/petiteposter18,467,Welcome to petiteposter18,t5_750sgf,1730753470.766476
125,r/plantarwarts,467,Medical and Mental Health,t5_4a6o5c,1730753470.785532
126,r/pokemonmarks,467,Gaming,t5_2iwqdw,1730753470.8045099
127,r/Project213,467,Art,t5_7ch0p7,1730753470.823478
128,r/PropertiesPH,467,"Business, Economics, and Finance",t5_3oaib,1730753470.842902
129,r/RPG_Illustrated,467,Tabletop Games,t5_818n19,1730753470.86228
130,r/SingaporeFitness,467,Fitness and Nutrition,t5_2aqahg,1730753470.8811688
131,r/SOJA,467,A subreddit for people to discuss Soja or any other similar reggae artists that someone would like to talk about. X-post r/reggae if someone would like. A fun happy community.,t5_2t8cf,1730753470.899907
132,r/SootSprite,467,Head over to r/SootSprites !!!,t5_2oucfl,1730753470.919177
133,r/SpaceAgePop,467,Music,t5_4y2t4p,1730753470.937859
134,r/staff_spinning,467,"We spin long sticks, to entertain ourselves and others.",t5_36n7v,1730753470.9564831
135,r/thearos,467,Subreddit for sharing images and videos of the beautiful model Théa Ros. Her IG is @thearosofficial.,t5_bivped,1730753470.975254
136,r/TheBookofReddit,467,Welcome to TheBookofReddit,t5_2sgkp,1730753470.9942021
137,r/TheMagneticZeros,467,For all things related to the band Edward Sharpe and the Magnetic Zeros,t5_2u71v,1730753471.0130439
138,r/thirdsentencetruth,467,A place to check out thirdsentencetruth,t5_5ugat1,1730753471.0332448
139,r/Tigres,467,Welcome to Tigres,t5_2tdc8,1730753471.052337
140,r/TintinInsults,467,When you find someone using insults from the Belgian comic strip.,t5_qqbz6,1730753471.071579
141,r/TrollDolls,467,"Troll toys. Dolls, games, ephemera. Thomas Dam, Wishniks, Uneeda, Scandia, no-name and knock-offs. All troll dolls welcome here. No internet psychos.",t5_3jpue,1730753471.0903099
142,r/turningthetables,467,Music,t5_57hdwk,1730753471.1088698
143,r/tymamomos,467,Welcome to tymamomos,t5_5ck1ky,1730753471.12751
144,r/umak,467,Learning and Education,t5_2h89f3,1730753471.146049
145,r/Viibryd_Vilazadone,467,Medical and Mental Health,t5_a45pf5,1730753471.164901
146,r/VintageSkateboarding,467,"Dedicated to all things Skateboarding Y2K and earlier. Would love to see some collections of decks, stickers, shirts, photos. Share a fond memory, speak on changes in the culture. A place for skate nerds to be nerds!",t5_7cltru,1730753471.1836941
147,r/VtuberDrama,467,"If you want to discuss anything relate to Vtubers but can’t be post it anywhere, this is the place to for you post it. This subreddit welcomes everyone.",t5_3rtrcr,1730753471.202487
148,r/wakeupcall,467,"Do you want to get out of bed by a certain time, but keep hitting the snooze button? Are you having trouble self-motivating? If you're like me, it's difficult to get out of bed on time unless you know other people are depending on you. Weekends are rough for oversleeping, and getting up early to work on personal projects never quite works out. This may be the subreddit for you. Find like minded people. Choose a time you want to be up by. Form a ""wake up"" team. Keep your appointment.",t5_2xm5g,1730753471.221619
149,r/WELS,467,Place,t5_2uyf5,1730753471.2403998
150,r/WeWriteaSongEveryDay,467,"Hello! This community is centered around daily composing and producing. It's primary function will be to get people writing, and secondarily it'll be a place for feedback and sharing",t5_o48wl,1730753471.259022
151,r/wireart,467,Art,t5_42nv62,1730753471.2770061
152,r/abiogenesis,466,"Links to scientific articles about abiogenesis, news articles relating to said science and other relevant items, and discussion/questions about abiogenesis.",t5_2qyhj,1730753471.295063
153,r/antelopeaudio,466,"A place to share tips, workflow hacks, and all other content related to Antelope Audio gear. This is a community for positive discussion that aims to help us all get the most out of our beautiful gear and do the best audio production we can with it. No flaming, buy/sell, or technical support for well documented issues. This is an unofficial group currently moderated by a user who is in no way affiliated with Antelope.",t5_3fvvif,1730753471.314092
154,r/AntiochCA,466,"A place for current and future residents of Antioch, California to share and discuss local topics.",t5_mt2jt,1730753471.332761
155,r/aquariumscience,466,Aquariums but with evidence.,t5_agdhfa,1730753471.352395
156,r/AsukaOdaFanClub,466,"This is the fan club for 小田飛鳥 Asuka Oda, Japanese model and gravure idol. This is a place to celebrate and adore her beautiful self.",t5_63joe8,1730753471.371423
157,r/BalanceAndComposure,466,Welcome to BalanceAndComposure,t5_31odq,1730753471.3903081
158,r/bibleillustrated,466,Religion and Spirituality,t5_lkjwo,1730753471.409122
159,r/BigGigantic,466,"A subreddit dedicated to anything and everything Big Gigantic! New releases, merch trading, concert photos & videos and whatever else wants to be shared!",t5_2ye3j,1730753471.427925
160,r/BulletHeavens,466,Gaming,t5_70mcs9,1730753471.447217
161,r/BURU,466,"Business, Economics, and Finance",t5_bjia3j,1730753471.4664938
162,r/Bushplane,466,Bush planes and back country flying with fat tires,t5_2vbjia,1730753471.48602
163,r/CanadaKnifeDeals,466,Hobbies,t5_7mx58f,1730753471.506324
164,r/CarnaticMemes,466,A place to express Carnatic humor.,t5_2p6mv9,1730753471.5256739
165,r/crypticcoin,466,"World’s first official crypto-currency FreeCO (Free Coin Offering). Our decentralized privacy coin is a secure way to create peer to peer transactions that are powered by blockchain. For more info, please visit CrypticCoin.IO.",t5_inrwu,1730753471.544394
166,r/Danville,466,Welcome to Danville,t5_2t99b,1730753471.563336
167,r/dawnofzombies,466,Gaming,t5_2f1iw2,1730753471.5828009
168,r/designerdupes,466,"Do you like the look but not the price? Do you love items that capture the aesthetic"" of more expensive brands for less? If so, this is the place for you. r/designerdupes",t5_26kukf,1730753471.6022139
169,r/DeusMedical,466,Fitness and Nutrition,t5_4ajfmm,1730753471.621411
170,r/DLSU_Dasma,466,Learning and Education,t5_99khik,1730753471.6408331
171,r/DrobenMains,466,"Culture, Race, and Ethnicity",t5_6nn2ib,1730753471.660071
172,r/ElainaVice,466,Welcome to ElainaVice,t5_2h6mst,1730753471.679329
173,r/esportmanager,466,Gaming,t5_21o867,1730753471.698666
174,r/fortheloveofgaming,466,"A place for positive discussion of games. All the love and dedication to the hobby you love with none of the cynicism. &nbsp; For the Love of Gaming is currently a private subreddit and will remain that way until we've established a healthy and vibrant community. So far, we're doing great! &nbsp; **If you'd like to join us, please send us a message by clicking the button below.** &nbsp; See you soon!",t5_3ajfh,1730753471.717895
175,r/Fukumoto,466,Anime,t5_12napg,1730753471.737303
176,r/gamegear,466,"Discuss the Sega Game Gear, the greatest handheld system of all time. It does what Nintendon't.",t5_2vpmr,1730753471.756618
177,r/GeorgesBataille,466,"Reading, Writing, and Literature",t5_5t3ma0,1730753471.775744
178,r/gladius,466,"The official fan subreddit for the 2003 LucasArts game Gladius. We are an active community and can show you how to relive your childhood playing Gladius via emulators on your PC, as well as modding the game, competing online, etc.",t5_2uyb5,1730753471.794713
179,r/GoCommitCalamitas,466,Internet Culture and Memes,t5_4ir8gd,1730753471.814063
180,r/godiwishthatwereme,466,Big Jay Bee Twenty One,t5_p5b4v,1730753471.832482
181,r/Gravid_DK,466,Medical and Mental Health,t5_9piwm3,1730753471.8509068
182,r/GTAclips,466,Gaming,t5_36wbt,1730753471.869615
183,r/IfEnglishWereGerman,466,"If English were German, what words would there be? Also see: r/OldEnglish",t5_2672bw,1730753471.88798
184,r/ImagesOfIndiana,466,Pictures and images of Indiana,t5_39f4x,1730753471.9069078
185,r/ironrangers,466,Fashion,t5_2we8wb,1730753471.9257112
186,r/JacquelineMooreFans,466,"For all fans to discuss, share photos of female pro wrestler Jacqueline. Sharing of photos and videos throughout her career are encouraged. As are any of her funny and humiliating moments.",t5_2mq41n,1730753471.944406
187,r/KORGDSN12,466,"Share music, advice, synth patches, and more on the subreddit for KORG DSN-12.",t5_342ao,1730753471.96384
188,r/LinksAwakening,466,Welcome to LinksAwakening,t5_jt6o8,1730753471.984256
189,r/MinecraftVideo,466,Videos having to with Minecraft in any way should be posted here.,t5_2uuox,1730753472.003503
190,r/MusicMalaysia,466,Welcome to MusicMalaysia,t5_3psfj,1730753472.022679
191,r/MvMatchup,466,A way to quickly and easily find people to play Mann Vs Machine with.,t5_2urib,1730753472.041769
192,r/okaybuddyhololive,466,Internet Culture and Memes,t5_49i8aq,1730753472.060739
193,r/openftp,466,Like r/opendirectories but for FTP,t5_67ji27,1730753472.0800462
194,r/OrangePekoeGUP,466,Anime,t5_35i90o,1730753472.098804
195,r/personalopinion,466,"This is a subreddit where you can express your opinions freely. Popular or unpopular, if you can name it, you can say it.",t5_xtlqv,1730753472.118081
196,r/PoemHub,466,"This is a sub to share your skill, in making comments that rhyme at will. You can post about whatever you like. Even things from other subs are alright. Think of this sub like a casual lounge where redditors can try to scrounge up karma-worthy posts and memes. Just follow in the rhyming themes. Every post and comment has to rhyme... now enjoy yourself, and have a good time :)",t5_25y2ba,1730753472.1368608
197,r/PoliticalRevolutionMI,466,**/r/PoliticalRevolutionMI** is the Michigan branch of **r/Political_Revolution**. This subreddit is meant to raise support and awareness for progressive candidates in Michigan and issues in the state that align with the political revolution as envisioned by Senator Bernie Sanders.,t5_3f05m,1730753472.155576
198,r/PsykEtf,466,Medicinal Shrooms,t5_3s8ncy,1730753472.174315
199,r/ragedreams,466,Welcome to ragedreams,t5_2so73,1730753472.193106
200,r/RayLaMontagne,466,A subreddit dedicated to everything Ray LaMontagne.,t5_2zl8d,1730753472.211712
201,r/RickyHcase,466,Welcome to RickyHcase,t5_3g0v9,1730753472.230326
202,r/RisingTideDeFi,466,"Business, Economics, and Finance",t5_4pl5px,1730753472.249006
203,r/Roastmylandingpage,466,"You're a marketer, designer, entrepreneur, or some other person that cares about websites. We're a community that tears apart your landing pages in a constructive way, to help make you more money. Everyone is welcome!",t5_u6j4m,1730753472.267618
204,r/romper,466,Rompers are awesome! Let's have a subreddit about them,t5_2xotu,1730753472.286832
205,r/ScarBordeauxBooty,466,Welcome to ScarBordeauxBooty,t5_8x1our,1730753472.305472
206,r/ScarlettsBlackDress,466,Celebrity,t5_4q3g8m,1730753472.324171
207,r/Skylon,466,"Skylon is a design for a single-stage-to-orbit spaceplane by the British company Reaction Engines Limited (REL), using SABRE, a combined-cycle, air-breathing rocket propulsion system, potentially reusable for 200 flights. orbital maneuvering system, heat exchangers, HOTOL, hydrogen-fuelled aircraft, LOX, unpiloted, ceramic composite skin, precool, British government, Alan Bond, reusable launch system, British Aerospace, Rolls-Royce, University of Bristol, ESA, SSTO, ramjet, UK Space Agency",t5_325gy,1730753472.342999
208,r/SofyaPlotnikova,466,Celebrity,t5_51831e,1730753472.362186
209,r/SummerScavengerHunt,466,A fun photo and video scavenger hunt that runs 'annually'. Everyone is welcome to join!,t5_2xfcd,1730753472.381068
210,r/SuperStarKangDaniel,466,Gaming,t5_47p3gi,1730753472.3996758
211,r/TechDocumentaries,466,"Quality documentaries about advanced technology, tech companies, and people in tech. <Undergoing Renovations>",t5_36ukl,1730753472.418493
212,r/theartoflearning,466,"The Art of Learning is a subreddit dedicated to anyone and everyone passionate about learning, whether it's languages, sailing, martial arts, sky diving, knitting, body building, chess, whatever! I wanted form a subreddit where likeminded people interested in the art of learning could gather, share stories, experiences, articles, methods, etc. to inspire and motivate everyone with a passion for learning.",t5_378t8,1730753472.437233
213,r/TheDenisevanouten,466,This is a community related to all things Denise Van Outen.,t5_9tlhne,1730753472.457016
214,r/TMNTShreddersRevenge,466,Gaming,t5_43c76e,1730753472.476682
215,r/UhSub,466,"Hey boys and girls! This sub is dedicated to Kyle Mooney's love letter to 80s and 90s Saturday morning cartoon culture Saturday Morning All Star Hits! Let's see some peace, no fighting in this sub and overall, have a zuzzy zazz good time!",t5_5i3ohu,1730753472.495971
216,r/Underswap,466,"The Undertale AU with swapped character roles! Since I'm hopefully transferring ownership of the server soon, I want to leave this note here Trans people deserve the right not to be killed, and everyone deserves the right to kill capitalists. - u/Blealolealoleal.",t5_3bga4,1730753472.51497
217,r/unexpectedsiege,466,Welcome to unexpectedsiege,t5_3oxbd,1730753472.5338361
218,r/whiskeyandrebellion,466,"Medium for patriots and free thinkers to post memes, news articles, journals, etc to better our common understanding of liberty, self-reliance, and self defense",t5_tz5n4,1730753472.552594
219,r/WhyDidTheyFundMe,466,"r/WhyDidTheyFundMe is a Subreddit that involves people being funded 100%. It also makes quite a lot of people ask why the OP of the GFM wanted/needed to be ""funded"" 100%.",t5_1240ha,1730753472.5714078
220,r/Wildmender_Game,466,This subreddit is for the desert and survival game Wildmender. Please ask any questions and share your content!,t5_9hxo70,1730753472.590163
221,r/William_Tyrell,466,"William Tyrrell (26 June 2011) is a three year old Australian boy who disappeared from Kendall, New South Wales on 12 September 2014. He was in foster care at the time of his disappearance. William was last seen playing at his foster grandmother's house with his biological sister. For the first seven years of the investigation he was believed to have been abducted. In November 2021 it was reported that police are investigating the possibility that he fell from a balcony on the property.",t5_5d3apm,1730753472.60911
222,r/Zehra_Gunes_,466,Celebrity,t5_bqes10,1730753472.62783
223,r/03greedo,465,Music,t5_gwim6,1730753472.646656
224,r/2000sCommercials,465,Television,t5_3v49nc,1730753472.665718
225,r/acespacedating,465,Welcome to acespacedating,t5_7wby6v,1730753472.6851141
226,r/AlternativePrinting,465,"This is a subreddit for Alternative Printing Methods such as Cyanotype, Van Dyke Brown, Gum Chromate, etc...",t5_340l5,1730753472.704105
227,r/Altocelarophobia,465,"Altocelarophobia is the phobia of high ceilings and large rooms. This sub is for posting images, questions, discussions, and links related to Altocelarophobia.",t5_3k8nm,1730753472.722888
228,r/animigmiger,465,en underlæstdet til anime migmiger,t5_ylrau,1730753472.742223
229,r/az900,465,Welcome to az900,t5_4ummt1,1730753472.76168
230,r/BallahackAirsoft,465,A subreddit for Airsofters to talk shop about Ballahack Airsoft and the Virginia Airsoft community!,t5_33lwr,1730753472.7809181
231,r/BosInfluencerSnarking,465,"A community for discussion and snark about Boston influencers. **Disclaimer** The views and opinions expressed in this subreddit are those of the original posters and do not necessarily reflect the views or positions of this subreddit or the moderators. The material posted within this subreddit is strictly for use of commentary, criticism, news, and parody purposes only. We make no representation as to accuracy, completeness, currentness, suitability, or validity of any info on this subreddit.",t5_cdft34,1730753472.800182
232,r/britishhumor,465,Do you freaking love British comedy? Everyone get in here!!! This is a community for anything funny from the UK.,t5_37jw7,1730753472.819408
233,r/ChiaBeginner,465,Crypto,t5_4boz8n,1730753472.838203
234,r/ChronicPancreatitis,465,Medical and Mental Health,t5_4ecntf,1730753472.856886
235,r/ClarinetMemes,465,Memes of the clarinet.,t5_24zxtd,1730753472.8755178
236,r/collegeesports,465,Gaming,t5_35ypk,1730753472.89412
237,r/concatenative,465,"Discussion of concatenative programming, a paradigm of compositional functional languages.",t5_2rgxj,1730753472.912874
238,r/crappyfonts,465,Internet Culture and Memes,t5_48ikzo,1730753472.932649
239,r/daliakaddari,465,This sub is for the beautiful Italian sprinter Dalia Kaddari,t5_52cwdu,1730753472.951759
240,r/Dankitalia,465,I migliori mims dank in italiano di tutto Reddit.,t5_kl95c,1730753472.99341
241,r/DayDreamWorldbuilding,465,"Reading, Writing, and Literature",t5_3jgy9z,1730753473.010855
242,r/dcomm_official,465,"DComm Blockchain has a mission to become the go-to blockchain for real world asset ‘tokenization’. At the heart of the business and technology infrastructure lies a cutting edge, third generation blockchain. Supporting this initiative, are applications, services, APIs, partnerships and an open source library of knowledge. - dcomm.community/ - twitter.com/DComm_Official - https://discord.gg/dcomm -www.linkedin.com/company/dcommventures/",t5_92k6ce,1730753473.028569
243,r/DodgeNeon,465,A humble little subreddit for all who appreciate the dodge neon.,t5_wk8ee,1730753473.0460641
244,r/DodieClarkFeet,465,Celebrity,t5_3dgaqo,1730753473.064657
245,r/DreamMachine,465,Technology,t5_bq8fir,1730753473.082004
246,r/EarlyRetirementCanada,465,"This is a place for anyone that has achieved or is on the path to Financial Independence / Early Retirement. Content is intended for Canadians, but all are welcome.",t5_3b2k8,1730753473.099616
247,r/EwwButAlsoWow,465,"A community for sharing things that might seem nasty or repulsive, but also have that wow factor.",t5_10am8a,1730753473.117184
248,r/Extension_Pie9101,465,For sights of Extension_Pie9101 (maybe it's just me who sees them everywhere),t5_9zxspk,1730753473.1348119
