,subreddit,subscribers,topic,subreddit_id,scraped_utc
0,r/CarolineRoseMusic,459,Music,t5_nmwsl,1730753525.1260102
1,r/catswithnotails,459,"just another cat sub, for cats with no tails!",t5_3q4mt1,1730753525.146635
2,r/ChristianManliness,459,Religion and Spirituality,t5_254aap,1730753525.164376
3,r/clickgirls_private,459,Welcome to r/clickgirls_private! I hope your genitals enjoy the submissions!,t5_6ua4lw,1730753525.1821399
4,r/CoronavirusBookClub,459,A place where everyone on the internet can use our collective times stuck inside to create a community and enjoy a book together. We'll decide a few books each week to to read and discuss while we are all dealing with Coronavirus.,t5_2hqkle,1730753525.200042
5,r/cradlewise,459,This is a place to discuss the CradleWise - The Smart Crib. Please do not post any discount codes. You can find a link to $100 off in the pinned posts.,t5_750514,1730753525.227757
6,r/dairy,459,Food and Drink,t5_2uylh,1730753525.245891
7,r/DalnyMarga,459,Welcome to DalnyMarga,t5_6bmg9b,1730753525.26485
8,r/DeSantisAteMyFace,459,Politics,t5_85tdeb,1730753525.283757
9,r/dieinafireplease,459,Ever think CouldYouDeleteThat wasn't enough to do? Dieinafireplease is the next step up.,t5_24xihs,1730753525.302755
10,r/DigitalOrganization,459,A subreddit dedicated to organizing your digital life. Anything from file storage architecture to password managers. Resources to keep your data neat!,t5_3osl9,1730753525.411662
11,r/Disa,459,"This is the messenger hub we’ve all been waiting for. Disa will unite your messaging & communication services seamlessly while keeping your device clutter free. The design is clean, features are constantly being updated, and merging messages is easy.",t5_2y8te,1730753525.491879
12,r/EmpregosPortugal,459,Careers,t5_60teqb,1730753525.5332322
13,r/ErisaCatgirl,459,Art,t5_7bvc9p,1730753525.560512
14,r/fairydoors,459,fairy doors,t5_2zi0j,1730753525.583435
15,r/FirstGenPinoyMed,459,Welcome to FirstGenPinoyMed,t5_c0jlt5,1730753525.6064188
16,r/Flygon,459,r/flygon is an unofficial Flygon fan community. This is the place for most things Flygon on Reddit!,t5_2ubex,1730753525.631615
17,r/FordVans,459,"I've been trying to find a community for Ford Vans, and haven't been successful. Its always a subsection of a forum or subreddit. This subreddit is entirely dedicated to Ford Vans! All years, all generations, cargo, passenger, cutaway, 4x4 conversion, transit, RV conversions, regular conversions. E-Series, Transit, Econoline, Club Wagon, Aerostar.",t5_wenau,1730753525.6558442
18,r/glock9,459,"The unofficial, fan-made sub dedicated to the New Jersey degenerate and amazing YouTuber - Glock9",t5_2iuslg,1730753525.679487
19,r/GnomesVsKnights,459,Hobbies,t5_bv31yf,1730753525.7038589
20,r/grippysockbaddies,459,This subreddit is meant to be fun. It's dedicated to all the grippy sock wearers that we would gladly destroy our mental health and lives for.,t5_81zy6l,1730753525.7291079
21,r/HomeandDecor,459,"The space to share and ask all things home. Design ideas, projects and renovations, advice, you name it. If it's for your home, put it here.",t5_31c6a,1730753525.7530901
22,r/itsMonikaWithK,459,"This is a subreddit for all the instances where the name “Monika” was written without the letter K by accident. (Yes, we acknowledge the existence of people named “Monica”, but this subreddit is about accidents.)",t5_28tzyl,1730753525.777378
23,r/JimenaChocoFans,459,Mature Themes and Adult Content,t5_8is812,1730753525.844181
24,r/LookWhatIMade,459,Welcome to LookWhatIMade,t5_2sce6,1730753525.87309
25,r/Lucy,459,Movies,t5_2r0mb,1730753525.8964381
26,r/LumineLovers,459,Anime,t5_3kb0nz,1730753525.917747
27,r/Magicmixie,459,Hobbies,t5_5upw9r,1730753525.939727
28,r/MapsWithoutTaiwan,459,Maps without Taiwan,t5_3itxf,1730753525.96151
29,r/Marble,459,Welcome to Marble,t5_2qunp,1730753525.983358
30,r/MenInPeril,459,Mature Themes and Adult Content,t5_arx20l,1730753526.004864
31,r/motorcycletrials,459,Sports,t5_38pub,1730753526.027004
32,r/MountainCreek,459,"This is a subreddit for Mountain Creek Skiiers, Riders and anything in between. Post mountain updates, organize group outings, post Jerry sightings. Anything and Everything Mountain Creek Related",t5_2aawi6,1730753526.049319
33,r/MythedUp,459,"A Subreddit dedicated to the world of the Webtoon, 'Mythed Up'",t5_b062pq,1730753526.071231
34,r/nequamsonitus,459,Welcome to nequamsonitus,t5_2twcx,1730753526.0925498
35,r/niechjada,459,Nowy subreddit dla osób szukających informacji o emigracji lub tych którzy już wyjechali i chcą pomóc,t5_5tbvy4,1730753526.113879
36,r/NLLACR,459,Technology,t5_umqqg,1730753526.1348622
37,r/omgpop,459,Gaming,t5_2sd7e,1730753526.1544871
38,r/OmnibusProject,459,For fans of Omnibus! hosted by Ken Jennings and John Roderick,t5_mmuiy,1730753526.1754072
39,r/Orderandchaos2,459,"the subreddit for the popular Gameloft title, Order and Chaos 2. All welcome!",t5_39yyy,1730753526.195315
40,r/ottolenghi,459,Ottolenghi recipes,t5_3fjweq,1730753526.2138891
41,r/papitostrikesagain,459,Pakalu Papito’s best quotes,t5_2im1tu,1730753526.233223
42,r/PastaroniRavioli,459,This is the official PastaroniRavioli reddit.,t5_87hj9p,1730753526.253021
43,r/phanyeh,459,Welcome to phanyeh,t5_8b8so7,1730753526.27249
44,r/PittsburghPhotography,459,"A place for yinzer photographers to share, explore, collaborate and grow. NO CELL PHONE PHOTOS.",t5_8o6y3a,1730753526.2924101
45,r/polytriads,459,"A community for polyamorous triads, quads, and other polycules.",t5_5th82n,1730753526.3120158
46,r/PowerRangers_Sexy,459,A place to put all things Power Rangers,t5_6jrhfn,1730753526.3318222
47,r/puffer_finance,459,Crypto,t5_aebrty,1730753526.351527
48,r/raredisease,459,"Rare diseases impacts many lives today. While it impacts us all differently, we do share many of the battles.",t5_2zfpy,1730753526.371468
49,r/rdotradersales,459,"A subreddit for Rockstar’s Red Dead Redemption 2 online mode, used solely for finding guns for hire to help aid in the sale of your trader goods! Ensure to mention your platform in the title for the best results!",t5_256qsy,1730753526.391094
50,r/SaintBerdoodle,459,We want to encourage everyone to share your pictures and stories of your St.Berdoodle!,t5_319ur,1730753526.4105978
51,r/ScienceNtheUniverse,459,"Please feel free to share your take on the consensus version of Science, Society & History",t5_7oevlu,1730753526.4306
52,r/Sentio,459,The official subreddit dedicated for the Sentio Desktop app and Superbook,t5_3ionb,1730753526.450602
53,r/sextrance,459,Music,t5_76n9vw,1730753526.470507
54,r/SideSwipeFashion,459,Gaming,t5_5kwywp,1730753526.490208
55,r/sixflagsovertexas,459,"A place to discuss, review, share, rant, rave and inform about THE original Six Flags over Texas! *NOT AFFILIATED!*",t5_2vqov,1730753526.51014
56,r/SolarSands,459,Art,t5_3fp1o,1730753526.5297348
57,r/solitaryspecies,459,A place to share the lesser known life forms that only exist in one small area of the world. nowhere else. (small being defined as 100 sq miles or smaller),t5_6gsjfr,1730753526.549199
58,r/SpaceVikingsOfficial,459,Crypto,t5_4gypbb,1730753526.568089
59,r/Sports_Booty,459,Welcome to Sports_Booty,t5_af30e8,1730753526.586941
60,r/SteveCzaban,459,Podcasts and Streamers,t5_3458y4,1730753526.605637
61,r/sugarandspite,459,"Have a secret family recipe that you are not allowed to share? Or that you don't think your own family deserves but still want to pass it along? Share it here! Text, video, etc. are fine but all posts MUST include the recipe.",t5_3hjet8,1730753526.625199
62,r/systeme_io,459,"Systeme.io has all the tools you need to grow your online business! There Are Just Six Tools You Need to Launch, Grow & Scale Your Online Business — And We Have Them All. Sales Funnels - Email Marketing - Online Courses - Website Builder - Affiliate Program Management - Marketing Automations.",t5_6ccgzw,1730753526.6441522
63,r/TeslaAUSownersclub,459,Cars and Motor Vehicles,t5_5a902a,1730753526.664405
64,r/the_valentine,459,Doujyaaan~,t5_lcez5,1730753526.6836421
65,r/TheBrilliantIdiots,459,"Hello Brilliant Idiot fans! We're here to discuss the careers, events, and opinions of the Brilliant Idiots. If you think this is the coolest subreddit of all time and you want to join You're Right!!! If you think this subreddit is a pathetic waste of time You're Right TOO!!! We are The Brilliant Idiots subreddit.",t5_3hp1h,1730753526.703604
66,r/thesystemisrigged,459,the system is rigged,t5_423yla,1730753526.7226639
67,r/UsedCarsBharat,459,An Indian community to come to if you don't want to buy a car costlier than it's brand new counterpart.,t5_97pgjr,1730753526.741478
68,r/valeryhaha,459,Welcome to valeryhaha,t5_4x7014,1730753526.760075
69,r/veryverbose,459,Electronic messages transferred from one member of the species Homo Sapiens to another through the means of the Interconnected Network connecting major parts of the planet which have extreme intensity in the quality and quantity of their vernacular complexity.,t5_27qsdn,1730753526.7792482
70,r/VESC,459,"A home for open discussion of the VESC, an open source (hardware and software) speed controller that can be used for various applications including e-bikes, one wheels, scooter, e-skateboards, and many other applications.",t5_59twyt,1730753526.7981691
71,r/vr_apps,459,"VR is exciting, but not just limited to games. This subreddit is to explore the amazing uses of VR.",t5_3993j,1730753526.8173811
72,r/WatchToneDie,459,"Experience the glorious satisfaction that is Tone catastrophically being removed from existence, one gif at a time.",t5_3hy1f,1730753526.836234
73,r/withings_health,459,"Everything Withings (former Nokia) products Activité, Steel HR, Pulse HR & Body scales, BPM and Health mate. Apps, connections, tips and tricks on this stylish and versatile gadgets",t5_ro5aq,1730753526.855246
74,r/ZenGMBasketballCoach,459,Gaming,t5_37yd8,1730753526.874301
75,r/abiciitaof,458,Sigueme en mis redes ❤️‍🔥,t5_bfb7nu,1730753526.893354
76,r/ALCCstock,458,"Business, Economics, and Finance",t5_43xbzx,1730753526.912328
77,r/ananyadreams,458,Celebrity,t5_7gqlxi,1730753526.931941
78,r/b1a4,458,Music,t5_2vuog,1730753526.9512908
79,r/barexam_studygroup,458,Law,t5_5ybgqa,1730753526.970273
80,r/bobcats,458,Welcome to bobcats,t5_2spqm,1730753526.989593
81,r/brookings,458,"Brookings, Oregon - The One True Brookings (sorry SD) Located on the Oregon Coast, just north of the California border. Subreddit also covers Harbor, Oregon - an unincorporated community directly adjacent to the south - and other surrounding areas.",t5_353bx,1730753527.008935
82,r/CannabisCrossing,458,Science for the seeds 🌱🧬,t5_36wwey,1730753527.0279858
83,r/cmder,458,Programming,t5_36ebw,1730753527.0468988
84,r/CreepyChats,458,Family and Relationships,t5_3osqs,1730753527.066318
85,r/Cygnar,458,"The sub for all things Cygnar, a faction in the Warmachine and Hordes game systems. News, painted models and conversions, rules, battle reports, setting up games/tournaments with Vassal, and cosplay...if it's Cygnar, it's on topic.",t5_2xfvg,1730753527.085176
86,r/Dallas_TV_Show,458,Television,t5_55uxtx,1730753527.104419
87,r/DeerEatingChains,458,Pictures and other media of deer eating chains.,t5_2znbh,1730753527.123944
88,r/dessdiorr,458,sub reddit for dess dior,t5_cjtw8x,1730753527.144616
89,r/doglifting,458,its what it sounds like,t5_9v181,1730753527.267592
90,r/DrunknBarFight,458,Gaming,t5_klyh3,1730753527.28615
91,r/dvm,458,This subreddit is NOT a forum for asking medical advice. This subreddit is intended for veterinarians and veterinary technicians to share news and information.,t5_2uteb,1730753527.304043
92,r/EarningsWhispers,458,Welcome to EarningsWhispers,t5_9bm3ib,1730753527.321912
93,r/easkate,458,Gaming,t5_2to9s,1730753527.339635
94,r/ExSGISurviveThrive,458,Trauma Support,t5_3pvlx,1730753527.3573601
95,r/Fallout4ModsPortMods,458,Gaming,t5_918ycf,1730753527.375042
96,r/FireteamOne,458,Reddits Xbox One Destiny clan! Please come in ask questions and enjoy your stay!,t5_32duo,1730753527.392529
97,r/FiveTibetanRites,458,Fitness and Nutrition,t5_f2wtt,1730753527.410208
98,r/FoilAnimals,458,Aluminum foil creations that resemble animals.,t5_2ywcx,1730753527.42786
99,r/gastonsongs,458,Internet Culture and Memes,t5_6od3hs,1730753527.445455
100,r/Glimbow,458,"A community sub about the cute couple Glimmer and Bow from She-Ra and the Princesses of Power. Discussion, cosplay images, fan art, fan fiction, tattoos, theories, and videos are welcome! Hate of any kind is not allowed here!",t5_2opjlo,1730753527.463307
101,r/Glow_In_The_Dark,458,Hobbies,t5_4ts6z6,1730753527.480628
102,r/hafla,458,Welcome! This is a subreddit dedicated to all styles of belly dance.,t5_21s2z5,1730753527.518532
103,r/HCBB,458,Gaming,t5_un6ik,1730753527.53618
104,r/himouto,458,A subreddit dedicated to the series Himouto! Umaru-chan,t5_39f8h,1730753527.5539782
105,r/honestouija,458,When r/AskOuija or ouija related subreddits churn out the exact answer you would expect.,t5_jzjmk,1730753527.573893
106,r/humanrightsdenied,458,"Welcome to r/humanrightsdenied. Engage in critical discussions on global human rights violations. Supportive of Ukraine, Israel, and Palestinians (excluding Hamas). We encourage diverse, respectful dialogue, condemn hate, and uphold free speech. Share, discuss, advocate.",t5_32gtxr,1730753527.591747
107,r/IdiotsInIsis,458,Idiots in Isis,t5_21r4k1,1730753527.609271
108,r/InstagramNormies,458,Stolen memes on Instagram from Reddit,t5_sm6da,1730753527.626803
109,r/KamalaHarrisSucks,458,Politics,t5_c1i9nl,1730753527.6441631
110,r/kamikazenewzealand,458,Welcome to kamikazenewzealand,t5_azi4cb,1730753527.6616309
111,r/KatianaKayFiveGuys_99,458,Mature Themes and Adult Content,t5_cgdvvr,1730753527.679282
112,r/kurono,458,Fashion,t5_4znldr,1730753527.696501
113,r/LondonWalking,458,Place,t5_ar6uk0,1730753527.715157
114,r/LostBooks,458,"If you’ve lost a book and are trying to find it, you’ve come to the right place. This subreddit is made to help people find their books.",t5_29jyvw,1730753527.733253
115,r/LuckyYuri,458,Lucky☆Yuri!,t5_2vjrf,1730753527.750704
116,r/marcelinecaelum,458,Welcome to marcelinecaelum,t5_677r04,1730753527.768074
117,r/mariosmadness,458,Gaming,t5_afbozs,1730753527.78572
118,r/marvelonnetflix,458,"This subreddit is dedicated to the discussion of current and upcoming Marvel Studios productions on Netflix. Including Daredevil (April 10th, 2015), Jessica Jones (2015), Luge Cage (TBD), Iron Fist (TBD), and The Defenders (TBD).",t5_32c9f,1730753527.803189
119,r/medicine_ireland,458,"We hope to serve as an anonymous platform to allow for discussions amongst the Irish medical community. We particularly would like to discuss issues and challenges facing NCHDs and offer supports for future docs and medical students. We would also love to hear from GPs, consultants and allied health professionals.",t5_8ue7zf,1730753527.820747
120,r/Mezeaudio,458,Music,t5_2skpq5,1730753527.838411
121,r/motorsportstreams3,458,Sports,t5_bhykln,1730753527.855855
122,r/MumbaiCityFC,458,Sports,t5_23vy05,1730753527.873593
123,r/NatureBeWilding,458,Outdoors and Nature,t5_8hsjvu,1730753527.8910332
124,r/NottrebecaSexy,458,Post anything Nottrebeca related 18+,t5_bsmxwv,1730753527.908902
125,r/nyhc,458,For NYHC news/updates/discussion,t5_2ug7q,1730753527.926553
126,r/OceanAcidification,458,"/r/OceanAcidification is for discussing the causes, consequences, science of, and potential responses to [increased absorption of CO2 by Earth's oceans]",t5_35hzx,1730753527.9440482
127,r/OffTheSticks,458,Gaming,t5_zyici,1730753527.961613
128,r/OneFC,458,Welcome to OneFC,t5_32zxi,1730753527.979305
129,r/ponke,458,A subreddit for discussing everything related to Ponke.,t5_axhn1n,1730753527.997159
130,r/RedRoseHottestLatina,458,Mature Themes and Adult Content,t5_ce8erg,1730753528.0153542
131,r/REITph,458,"News about Philippine Real Estate Investment Trust (REIT) corporations. REITs are stock corporations established principally for the purpose of owning income-generating real estate assets such as apartment buildings, office buildings, medical facilities, hospitals, hotels, resorts, highways, warehouses, shopping centers, railroads, among others.",t5_4w8m38,1730753528.0354
132,r/RoyalHighCommissions,458,Art,t5_3c3wjo,1730753528.054889
133,r/screamfactory,458,Welcome to screamfactory,t5_37qza,1730753528.073955
134,r/seaeagles,458,Sports,t5_2tjlm,1730753528.091636
135,r/SecretsMyCompanyKeeps,458,This is a place for people that wish to expose the dirty little secrets companies of the world try to keep secret,t5_2v6f5,1730753528.1091788
136,r/shreddingguitars,458,Music,t5_6c0afe,1730753528.1268091
137,r/slotreviews,458,Mature Themes and Adult Content,t5_bmk9n6,1730753528.144514
138,r/sneakermarketCanada,458,"Marketplace for buying, selling, and trading sneakers for the Canadian market to help avoid duties and customs.",t5_2hmnr9,1730753528.16348
139,r/SonsOfTheForestIdeas,458,Gaming,t5_514x6o,1730753528.18138
140,r/SpiritGuideAdvice,458,"Spirit Guide Advice is dedicated to deepening the connection between individuals and their spirit guides. It serves as a welcoming space for kind-hearted and compassionate individuals to engage in meaningful discussions about guides, seek guidance on their spiritual journeys and spiritual techniques. Feel free to post your question/experience/advice! (This is a no negativity zone, free from hatred, religion and politics) Created by u/AloneVictory4859",t5_7xmlm6,1730753528.199042
141,r/TamishaIman,458,Activism,t5_3k7dek,1730753528.216512
142,r/tetheredcord,458,"A place where we can show our support for each other, vent, and provide resources to learn about this disease and its treatment options. Please check the rules section before posting or commenting!",t5_s5n2e,1730753528.234061
143,r/theydidtheetymology,458,Redditors performing acts of etymology everywhere on reddit.,t5_3byc8,1730753528.2515619
144,r/tony,458,Funny/Humor,t5_2qhb6,1730753528.269038
145,r/TortoiseCare,458,"A community for research-backed care advice and guides, along with a place to share pictures of your shelled babies.",t5_aogtju,1730753528.2864451
146,r/unexpectedVSC,458,when vsc comes in at a time no one could have ever expected. Audio Required,t5_3734tv,1730753528.303979
147,r/UniversalYums,458,Universal Yums discussion,t5_39pz5,1730753528.321463
148,r/VerenaCerovina,458,Subreddit for Bosnian/Serbian singer Verena Cerovina,t5_73mbwq,1730753528.3395689
149,r/Verysallyish_Fans,458,Public subreddit for fans of Verysallyish,t5_8f61q7,1730753528.3572109
150,r/vidangel,458,Technology,t5_3e298,1730753528.374849
151,r/WildTypeBettaFish,458,A community for wild type betta enthusiasts. You have a question feel free to ask. If you just want to share a photo of your wild type this is the subreddit.,t5_10au9j,1730753528.3925009
152,r/WineOperatorPics,458,Pics of WineOp,t5_306jd7,1730753528.4101162
153,r/XtreamUI,458,Xtream UI is a IPTV content management system based off of Xtream Codes.,t5_28w7mp,1730753528.427843
154,r/yi4kplus,458,subreddit for specific discussion about the Yi 4K+ action camera,t5_3k30d,1730753528.445298
155,r/2024elections,457,Politics,t5_2tvyq,1730753528.462601
156,r/AIMadeSimple,457,"This is a space to discuss ideas, concepts and developments in AI, Machine Learning, Deep Learning, Data Science and More. Feel free to share your content, as long as it's valuable, not clickbaity, and covers important ideas relevant to AI. Posts can be technical (research papers, engineering blogs), business related (using AI in an industry), or cultural (how developments affect society)",t5_9d6t5c,1730753528.479978
157,r/AllOutCareers,457,Careers,t5_6mc2hh,1730753528.4972239
158,r/AlphaBatem,457,"The #1 metaverse on Solana, earn $TIME for creating in the metaverse. NFT land sale coming soon! ⌛️⏳",t5_5shhgf,1730753528.514658
159,r/AngelsWingsSupport,457,"Angel's Wings Support is a Discord server dedicated to helping anyone who may need a little bit of help. We're a peer-support server, meaning that you can help people too, and we'll return the favor. We're a server for anyone; mental illness or not. We focus on our support system, and our community. We cater to all ages, all diagnoses, and all backgrounds. Come one, come all. Join us if you need support, or a friendly community to become apart of. Invite link: https://discord.gg/Mq7pHju",t5_mrdeu,1730753528.53205
160,r/aniphobia,457,Gaming,t5_4fcm2q,1730753528.549632
161,r/arizonamonsoon,457,Place,t5_10ecqq,1730753528.566936
162,r/BallcapCollectors,457,"/r/BallcapCollectors is the place for anything regarding baseball hats! Post pictures of your collection, news on new caps, or ask any questions you may have! All baseball hats from any league are welcome!",t5_3cno1,1730753528.584248
163,r/BlackTea,457,Black tea! (wilted/fermented Camellia sinensis),t5_32qv1,1730753528.6029298
164,r/BoogieNights,457,"Boogie Nights (1997), Directed by Paul Thomas Anderson. A place to share things directly (or indirectly) related to arguably one of the most perfect films ever made.",t5_3avy7,1730753528.620963
165,r/brookelambertaussie,457,An appreciation community for Musician and Hottie Brooke Lambert from Australia. She loves showing her amazing body as well as promoting her music. Australian blonde with talent - great combination!,t5_7e0y89,1730753528.638279
166,r/BudBreeders,457,Mature Themes and Adult Content,t5_cnests,1730753528.655824
167,r/buildzoid,457,"Subreddit focused on the ""Actually hardcore overclocking"" youtube channel and related subjects. https://discord.gg/Wy3s7wAf9t",t5_39dny,1730753528.673079
168,r/carrotjuice1,457,For all of your carrotjuice needs,t5_3orst,1730753528.6903381
169,r/catdog,457,Subreddit for the show CatDog.,t5_2tjld,1730753528.707569
170,r/Cheug_irl,457,Funny/Humor,t5_4gqxgb,1730753528.725014
171,r/chicagoland,457,"From the Loop to the farm - Chicago region news, info & discussion",t5_2qif4,1730753528.74244
172,r/Chromakopia,457,Music,t5_coucdc,1730753528.7598112
173,r/CoxCon,457,"Bigger, Better and Coxier",t5_37805,1730753528.7771919
174,r/DadForATad,457,A paternal equivalent for /r/MomForAMinute.,t5_3gb8j,1730753528.7945228
175,r/DanceGoddessLalisa,457,Celebrity,t5_4i3s5m,1730753528.8118699
176,r/DanielleBradbery,457,Welcome to DanielleBradbery,t5_2y5a9,1730753528.82945
177,r/DavidLetterman,457,"Sights, sounds, quotes and all else to do with Dave Letterman",t5_319hu,1730753528.846876
178,r/Doodlejump,457,"Welcome to r/doodlejump! Feel free to post high scores, sub ideas, or anything else related to the game. Doodle Jump discord: discord.gg/fNs4X5g9eJ Also NO NSFW POSTS OF ANY KIND ARE ALLOWED IN THIS SERVER",t5_2sf6c,1730753528.864515
179,r/Doodley,457,Art,t5_bxy7l,1730753528.8818429
180,r/dragonsblood,457,Television,t5_3zbmge,1730753528.899413
181,r/DyingFetus,457,A subreddit for the band Dying Fetus,t5_2e58re,1730753528.916728
182,r/EthiopianOrthodox,457,Religion and Spirituality,t5_7doh1x,1730753528.9341109
183,r/Evennia,457,Gaming,t5_2u825,1730753528.951401
184,r/FalloutTradersMarket,457,Gaming,t5_40r6p5,1730753528.968992
185,r/fernandagiminez,457,Welcome to fernandagiminez,t5_6r0lxw,1730753528.986274
186,r/FordFestiva,457,Welcome to FordFestiva,t5_3b9b8,1730753529.003785
187,r/FTXP,457,"Business, Economics, and Finance",t5_43ax4e,1730753529.0216079
188,r/FYRbody,457,"All things FYR Body, a transformative telemedicine clinic.",t5_c941rz,1730753529.041617
189,r/GeenaDavis,457,Welcome to GeenaDavis,t5_318a3,1730753529.060677
190,r/GreenDotBank,457,"r/GreenDotBank is a forum created to offer solution to all issues relating to Green Dot and its subsidiary banks. We also lift restrictions on all Green Dot, Walmart Moneycard, Go2Bank and GoBank cards with ease. Feel free to contact the admin if you require any assistance.",t5_51g9e6,1730753529.079419
191,r/HashimotosMen,457,Welcome everyone. I decided to create a sub for men with Hashimoto’s as most Hashimoto sufferers are women I thought it would be a good idea. Most men's symptoms differ from women’s symptoms and sometimes they don’t. To make us feel less alone in our battle and discover new solutions I thought we would need a place to discuss our horrible autoimmune condition.,t5_8cb09x,1730753529.098251
192,r/Hayasakamemes,457,Hayasaka best girl,t5_2nhhgc,1730753529.117053
193,r/HotBikiniCelebs,457,Welcome to HotBikiniCelebs,t5_b6f16t,1730753529.135818
194,r/ImaginaryIcons,457,Art,t5_52exgy,1730753529.154342
195,r/indianbrastraps,457,Welcome to indianbrastraps,t5_6ax6o6,1730753529.1731179
196,r/InsectBites,457,Medical and Mental Health,t5_33yk83,1730753529.1920588
197,r/IronManVR,457,Gaming,t5_yqjby,1730753529.210919
198,r/itshappeninghere,457,Politics,t5_au1na9,1730753529.2296839
199,r/iwroteabook,457,"Reading, Writing, and Literature",t5_4y95ek,1730753529.2487302
200,r/JackStock,457,"Content and topics related to the hypnosis work of Jackson Stock. Themes include Mind Control, Transformations, Muscle/Jock, Feminization, Erotic Hypnosis, Self-Improvement and more",t5_23uw01,1730753529.26768
201,r/juxtopposed,457,Technology,t5_7dhqb9,1730753529.286714
202,r/KirtiChow,457,Unofficial community of the youtuber KirtiChow! Post stuff about him here.,t5_2zbt6j,1730753529.3058848
203,r/lastnightontv,457,Welcome to lastnightontv,t5_2r2f4,1730753529.325241
204,r/LauraClerySnark,457,Podcasts and Streamers,t5_bkw4oh,1730753529.3440151
205,r/lostfacebookers,457,lostfacebookers,t5_r7uz6,1730753529.363334
206,r/MantraDao,457,Crypto,t5_31ubas,1730753529.382645
207,r/medicalillustrators,457,"A place for medical and science illustrators to share their art, current projects, ask for advice and generally discuss what we do.",t5_36dou,1730753529.401336
208,r/MelissaBenoistJERK,457,Welcome to MelissaBenoistJERK,t5_9ggx2g,1730753529.420305
209,r/MetaAST,457,Meta sub for r/antifastonetoss.,t5_ytm4i,1730753529.439179
210,r/microkernel,457,"News, discussion and development of all µkernels and operating systems, mostly focused on OSS systems with pure µkernel architecture.",t5_30fzr,1730753529.458167
211,r/Miss_cpy,457,Her onlyfans and Insta pics,t5_4uet4u,1730753529.477663
212,r/ModernURx,457,"For all URx Modern decks! Control, tempo, aggro",t5_3c15j,1730753529.4968991
213,r/mooltipass,457,Technology,t5_368l4,1730753529.517046
214,r/MotivationalMemes,457,A place to collect memes that are motivational and encourage people to get better.,t5_zijab,1730753529.536085
215,r/MusicMajors,457,"r/MusicMajors is for content and discussion related to the study of music at the college, university, or post-secondary level.",t5_2wfhg,1730753529.555116
216,r/NewHampents,457,Just a Subreddit for Ents from New Hampshire.,t5_2u09l,1730753529.574105
217,r/NFPA70,457,"National Electrical Code Discussion and exam prep help, as well as electric trade discussions and how to help.",t5_2zgki,1730753529.5935202
218,r/Ngrave,457,Technology,t5_1x2ihg,1730753529.612617
219,r/NixOSMasterRace,457,Internet Culture and Memes,t5_4vmgxl,1730753529.63201
220,r/occupymarsgame,457,Gaming,t5_438sxp,1730753529.6507242
221,r/onlycats,457,Show me them kitties.,t5_3xo8hn,1730753529.669736
222,r/PaidSocialAdvertising,457,"Paid Social Advertising: Facebook Ads, Meta Ads, Instagram Ads, Pinterest Ads, X Ads, Twitter Ads, TikTok Ads, & Beyond!",t5_3ivgy,1730753529.688707
223,r/PyrewoodVillage,457,Gaming,t5_22uhqv,1730753529.7080379
224,r/RageOfBahamut,457,Welcome to RageOfBahamut,t5_2ty3z,1730753529.7271712
225,r/RainbowRocks,457,"A place for colorful rock enthusiast to express their passion. [](/twisecret ""But we'll let you talk about MLP if you have the right tools"")",t5_30d28,1730753529.746337
226,r/rcnj,457,"Welcome to r/rcnj, the unofficial subreddit of Ramapo College of New Jersey! Anything goes as long as it is related to RCNJ or the surrounding area.",t5_2sx91,1730753529.7658508
227,r/Rizt,457,Welcome to Rizt,t5_6y2htx,1730753529.7851882
228,r/roditeljstvo,457,Family and Relationships,t5_6j8uwx,1730753529.804497
229,r/SarmsNorgeee,457,Sarms i Norge,t5_6wuucp,1730753529.823333
230,r/Starwarsheroes,457,Welcome to Starwarsheroes,t5_3b4e2,1730753529.842588
231,r/Swingerspak,457,"For adventurous couples and singles in Pak who desire to expand their sexual experience, a community for them to share and explore.",t5_2xamy7,1730753529.8616052
232,r/tama,457,The official source for Tama-related Discussion and News.,t5_2qubh,1730753529.881022
233,r/TheBucketFountain,457,A online log of individuals experiences with Wellington's primary tourist hot spot,t5_2xbop,1730753529.900291
234,r/TheSevenFortnite,457,Gaming,t5_5837pb,1730753529.9191911
235,r/TimeTraveler,457,"This is a safe place for time or dimensional travelers to meet. Feel free to discuss your origins, where you're going, your mission, and even any predictions you may have.",t5_330h6,1730753529.938144
236,r/vrmobile,457,"A subreddit dedicated to VR based on mobile OS devices, such as Android, IOS, Blackberry etc. using hardware like the Durovis Dive, FOV2GO, vrAse etc. including user created headsets. Build a community and keep mobile VR alive. I encourage comnmercial and personal projects to be shown here and any and all discussion of VR topics in relation to the platform.",t5_322au,1730753529.957224
237,r/AccidentalPaintMatch,456,Just a fun community where we can post photos of random things that happen to perfectly match the color of other random things. Both/all items of same color must be included in the SAME photo. Must show 2 or more items that clearly are unrelated but are the same exact color.,t5_a0nqzu,1730753529.976764
238,r/aliceglass,456,The place for all things Alice Glass,t5_2sf9h,1730753529.997175
239,r/Alisha_Boe,456,Welcome to Alisha_Boe,t5_3o7ia,1730753530.016746
240,r/Anjalis2002,456,Welcome to Anjalis2002,t5_999du5,1730753530.035817
241,r/askColombia,456,"This is an English-Spanish sub for locals and foreigners to get answers to their questions. Tourism, recommendations, discussion, etc. Este es un sub en español e inglés para locales y extranjeros para resolver preguntas. Turismo, recomendaciones, discusiones, etc.",t5_2rbetm,1730753530.055454
242,r/avamax69,456,"Without further ado, I give to you… 💎Ava Max💎",t5_6hwre6,1730753530.07487
243,r/BeachBuggyRacing2,456,Gaming,t5_wqbdw,1730753530.09406
244,r/benschwartz,456,"Ben Schwartz is a ridiculously funny person with fingers in improv, acting, writing, and producing. He probably most recognizable in his role as Jean-Ralphio Sapperstein on Parks and Recreation as well as Clyde Oberholdt on House of Lies. This subreddit was made to keep track of video clips and podcast appearances of him for everyone's enjoyment, but also as a gathering place for Ben Schwartz fans.",t5_2xukj,1730753530.113555
245,r/BillieJoeArmstrong,456,Celebrity,t5_2ve24,1730753530.132789
246,r/blanketforts,456,A community for sharing our enthusiasm in plushy and upholstered architecture.,t5_2x222,1730753530.152055
247,r/bushtucker,456,Outdoors and Nature,t5_3bt8p,1730753530.1707132
248,r/CatsOnFilm,456,Animals and Pets,t5_3m1yjk,1730753530.189358
