,subreddit,subscribers,topic,subreddit_id,scraped_utc
0,r/catswithmoney,456,Welcome to catswithmoney,t5_2w3nc,1730753547.548511
1,r/CivilWarII_,456,Politics,t5_4j2dro,1730753547.571042
2,r/CodedInBrasil,456,"Aqui a zoeira sobre programação e tecnologia reina, mas a comunidade também não é só bagunça. Aqui também reúne programadores e entusiastas de tecnologia de vários níveis e lugares para haver uma troca de experiências e conhecimentos.",t5_4e5uup,1730753547.590608
3,r/CONDOM_or_RAW,456,Mature Themes and Adult Content,t5_boxhw8,1730753547.610136
4,r/ConselhosAmorosPT,456,Sub para a malta do r/Portugal pedir/receber conselhos amorosos,t5_56f880,1730753547.62977
5,r/constanceTheGame,456,Gaming,t5_44y6i1,1730753547.6589599
6,r/crazymadi,456,My diary where I can showcase my life stories to those that care 😇,t5_ap9xlk,1730753547.680248
7,r/CultOfBakedAlaska,456,"This subreddit is for the RWBY ship, Baked Alaska (Neo x Yang)",t5_3d357,1730753547.6998699
8,r/cultsofreddit,456,"Discussions on the numerous cults of Reddit. Post memes about cults, promote your cult, join new cults, circlejerk on cults as well.",t5_2wve0,1730753547.7192981
9,r/Cync,456,Technology,t5_40dl4g,1730753547.739409
10,r/DopeCoin,456,DopeCoinGold is an open source peer-to-peer cryptocurrency for a billion dollar industry!,t5_2zwl2,1730753547.845883
11,r/DragonQuestTAOD,456,Gaming,t5_481zxx,1730753547.865563
12,r/DragonsteelNexus,456,"Reading, Writing, and Literature",t5_bf8zu7,1730753547.9013371
13,r/enoughquillettespam,456,This sub is brought to you by the Archie Carter gang and the Ngo School of Journalism. Our motto? cRaNiOmEtRy iS nOt pHrEnOlOgY!,t5_y9geh,1730753547.921937
14,r/euskalherria,456,Place,t5_2u3s3,1730753547.943003
15,r/exodite40k,456,Hobbies,t5_54zegk,1730753547.964083
16,r/FamosasMx2,456,Celebrity,t5_blne17,1730753547.98425
17,r/FinanceHacks,456,"Your go-to community for smart financial tips, tricks, and hacks. Discover the best bank accounts, credit cards, savings strategies, and investment apps. Join us to share and learn ways to maximize your money and achieve financial freedom.",t5_c6wnh3,1730753548.005153
18,r/forbiddenpools,456,"A group of people who love (thinking about) swimming in lava, acid, and more!",t5_vpm4n,1730753548.02613
19,r/fredericksburgtexas,456,Place,t5_32jxp,1730753548.0474722
20,r/freestylemusic,456,"Freestyle Music reached its commercial peak in the late '80s & early '90s. It is sometimes called Heartthrob, Heartbeat, Latin Freestyle, and/or Latin Hip Hop. Famous artists of the genre include Sa-Fire, The Cover Girls, Expose, Cynthia, TKA, George LaMond, Lisette Melendez, Sweet Sensation, Stevie B., Corina, etc.",t5_2wxy7,1730753548.0682838
21,r/Genes,456,"A focus on genes, how they're made, what they unfold to become",t5_323sh,1730753548.088135
22,r/glta_eth,456,Crypto,t5_6tpmoa,1730753548.1096451
23,r/goodcode,456,"This is a place for smart, elegant, pretty or simple nice-feeling code. All languages are welcome.",t5_367e1,1730753548.130761
24,r/GroqInc,456,"Groq® is a generative AI solutions company and the creator of the LPU™ Inference Engine, the fastest language processing accelerator on the market. It is architected from the ground up to achieve low latency, energy-efficient, and repeatable inference performance at scale. Customers rely on the LPU Inference Engine as an end-to-end solution for running Large Language Models (LLMs) and other generative AI applications at 10x+ the speed. Experience Groq speed for yourself at groq.com.",t5_4rynfo,1730753548.151957
25,r/HansIsland,456,A place to share content about the Danish Hans Ø.,t5_2w63d,1730753548.172808
26,r/harmreductionbuds,456,We are here to help anyone sober or high cope with no judgement,t5_2santi,1730753548.193473
27,r/haroldandkumar,456,A subreddit for all things Harold & Kumar.,t5_2upzd,1730753548.214792
28,r/heterocringe,456,the cis hets are back at it again,t5_2typ2x,1730753548.2352278
29,r/HifiFinance,456,Crypto,t5_3y5hdt,1730753548.2565498
30,r/HondaClarity,456,Cars and Motor Vehicles,t5_ax03nu,1730753548.277466
31,r/houstontabletop,456,"Houston Tabletop gaming - board game, card games, etc.",t5_38u6i,1730753548.298497
32,r/IAMALiberalFeminist,456,Politics,t5_v4f12,1730753548.3187451
33,r/itsnotallbad,456,"This subreddit is dedicated to good news! We will try and regularly post the good news stories from the excellent publication ""The Week,"" but feel free to post any happy/uplifting news stories that you come across in local or national news.",t5_3b8tz,1730753548.339186
34,r/JIIT__NOIDA,456,Learning and Education,t5_bv91ts,1730753548.3636322
35,r/JokerOut,456,Music,t5_7kraec,1730753548.386014
36,r/lara6683,456,"This subreddit is for fans of Lara de Wit, a magical piano player from Sydney, Australia. https://twitch.tv/lara6683",t5_4bogi,1730753548.406782
37,r/LeoneGaKill,456,A place of love for Leone from the Akame ga Kill franchise.,t5_72x0ca,1730753548.427094
38,r/macOSAutomation,456,"Keyboard Maestro, Hazel, Text Expander and Automator, these are just some of the tools you can use to automate things on your Mac.",t5_f29nz,1730753548.4481752
39,r/McMasterEng,456,"This is a subreddit for McMaster Engineers! (The faculty, so comp sci, b-tech and Ibio are more than welcome!). Bring whatever questions, memes, jokes, rants, or stories you want!",t5_3g10y,1730753548.4688451
40,r/MinotaurHotel,456,Unofficial subreddit for fans of the furry visual novel Minotaur Hotel to connect.,t5_2v9p0p,1730753548.489658
41,r/mollysantana,456,Music,t5_a4r3in,1730753548.5104709
42,r/Mommacelinexonlyfans,456,Onlyfans leaked,t5_cm0ct3,1730753548.531946
43,r/NewJerseyMMP,456,This subreddit is for NJ medical marijuana patients only. Here you can share your experiences for medical marijuana and strains and dispensary reviews.,t5_6968c0,1730753548.552725
44,r/nightmarereaper,456,Engage in Nightmare Reaper discussion and see posts from the devs.,t5_pxnxp,1730753548.57338
45,r/NotGoingToAgeWell,456,Stuff that will be cringe later,t5_2ejdga,1730753548.593877
46,r/nycmeshnet,456,Welcome to nycmeshnet,t5_2tsh2,1730753548.6146078
47,r/Ollies,456,"Unofficial subreddit for fans of Ollie’s Bargain Outlet stores, home of “good stuff cheap!” Discussion topics can include: showing off your purchases, deals you’ve found, new stores opening, and places you wish had an Ollie’s store. The subreddit and its mod team are not affiliated with Ollie’s Bargain Outlet. Seek help for customer service issues at your nearest Ollie’s store.",t5_3g6xnp,1730753548.6366231
48,r/orangutans,456,Welcome to orangutans,t5_2y4cn,1730753548.656523
49,r/PantieSniffingDublin,456,"A place to share images of Dublin's dirty panties. Share tributes, arrange meets and swap and share.",t5_akygvu,1730753548.6771579
50,r/prettyaoe2,456,Pretty scenes from AOE2,t5_i7rfs,1730753548.698617
51,r/ProjectCleanEarth,456,Gaming,t5_73v19q,1730753548.718574
52,r/PuertoMorelos,456,Place,t5_2t7zny,1730753548.738473
53,r/Quantisnow,456,"Business, Economics, and Finance",t5_bw06vb,1730753548.758155
54,r/ReviewReviews,456,A meta-sub for rating and reviewing the internet’s best-worst online reviews. 5-stars,t5_7rdze7,1730753548.777396
55,r/RollerskatingCanada,456,Sports,t5_4pmmcr,1730753548.7965171
56,r/RPGpodcasts,456,A place for RPG Podcasters to post episodes and generate conversation and discussion for upcoming episodes.,t5_30iht,1730753548.8160262
57,r/saveordie,456,Official Save or Die subreddit.,t5_7olioz,1730753548.835157
58,r/Scarlett_Estevez_,456,Welcome to Scarlett_Estevez_,t5_aype4y,1730753548.855846
59,r/SeedBomb_ASA,456,"Welcome to SeedBomb_ASA! Our main goals are: 1) To build a repository of online reference articles called the SeedBank. These articles are minted as NFTs with copyright embedded. The resource is free to use as education should be open to all! Funds raised from advertising on the SeedBank can be put back into our ASA! 2) To make grants to environmentally focused groups. Our community suggests groups, we shortlist them and our community votes on how to allocate funds! www.seed-bomb.com.",t5_5o4u1k,1730753548.8750231
60,r/sergal_irl,456,For the cheese in you,t5_g6wkh,1730753548.893505
61,r/sfwtradwife,456,Community to explore the TradWife fantasy in a sfw forum. Created by request of some ladies who wanted a space like this.,t5_a29yjp,1730753548.913326
62,r/Slugwife,456,💚 ALL HAIL THE SLUGS 💚 This page is a tribute & an information community for all things slugwife. Please follow the group rules to help keep this place as brilliantly viscous as possible. Enjoy the noise! #slugwifeyforlifey | slugwife.com |,t5_sr4jc,1730753548.935811
63,r/SmallBusinessOwners,456,"A place for resources, support, and discussion.",t5_52mw33,1730753548.957448
64,r/spirit_workers,456,Religion and Spirituality,t5_7vbqar,1730753548.980939
65,r/spiritfall,456,Gaming,t5_f86k1,1730753549.004931
66,r/Spuds,456,"Potatoes, spuds, taters... whatever you call 'em, they're delicious! Recipes, tips, history... the potato is the world's most popular vegetable. Tags: potato, potatoe, tuber, veg, vegetable, vegan, vegetarian, food",t5_2sy08,1730753549.024246
67,r/Stephsymondsx,456,Subreddit for stephanie,t5_415vo4,1730753549.0436952
68,r/SuddenlyACharAIBot,456,"Subreddit dedicated to users in Reddit turning into a Character Ai Bot, usually done with Italics, weird gestures and of course, “Can I ask you a question?” This subreddit can also be a home for any banned users from r/characterai.",t5_aivu9t,1730753549.063334
69,r/TalcumX,456,Talcum X aka Shaun King,t5_3i8t3,1730753549.082809
70,r/TheCyberMentor,456,The Cyber Mentor on Youtube- https://www.youtube.com/channel/UC0ArlFuFYMpEewyRBzdLHiw,t5_2npv3t,1730753549.1022851
71,r/THEDON,456,"The Don, aka Donald Trump. TheDon is a political discussion forum about Donald Trump primarily but also about United States politics in general.",t5_2qsx9,1730753549.1218739
72,r/TheSarahFraserShow,456,"Sarah Fraser is a TV Host, Podcaster, and Comedian. Sarah hosts The Sarah Fraser Show weekly on Spotify, iTunes, and Youtube. TSFS has over 10,000,000 downloads and has been featured in The New York Times, DailyMail, Wall Street Journal, and numerous reality show blogs. The Sarah Fraser Show features a variety of guests, nsfw topics, and discussions of all kinds. Sarah will talk with anyone about anything!!!",t5_84e8pg,1730753549.141293
73,r/ToyotaYaris,456,"he Toyota Yaris (Japanese: トヨタ・ヤリス, Toyota Yarisu) is a subcompact car sold by Toyota since 1999, replacing the Starlet and Tercel.",t5_2py0cc,1730753549.160356
74,r/transgirlnextdoor,456,welcome to transgirlnextdoor,t5_cg3krv,1730753549.181202
75,r/trayceeteaa,456,Welcome to trayceeteaa,t5_bb4avd,1730753549.200856
76,r/ugears,456,"Welcome to r/Ugears where we can share our experiences, pictures, tips, builds, and ideas from making Ugears, Robotime, Rolife, and similar models. Be nice, be helpful, don’t be rude.",t5_3lwd7,1730753549.220567
77,r/waterlynn,456,Unofficial twitch.tv/waterlynn sub-reddit,t5_2lhi03,1730753549.2397199
78,r/WeAintGotNoQuitsFKR,456,Law,t5_bwcsk8,1730753549.259052
79,r/weddingguestCJ,456,Fashion,t5_c5ia84,1730753549.278131
80,r/williamzabka,456,Celebrity,t5_37toh9,1730753549.2970061
81,r/XLinkKai,456,"With XLink Kai running on your PC/Mac, you can play console games (system-link supported) on our global gaming network for free. https://www.teamxlink.co.uk/",t5_2r3n3,1730753549.316118
82,r/yamato,456,A subreddit dedicated to Yamato from One Piece series.,t5_2z9em,1730753549.33548
83,r/abbyirll,455,Welcome! Feel free to add any photos or videos you have of her,t5_ca28ui,1730753549.354986
84,r/actionfigureplay18up,455,A place to share all types of toy photography. Please feel free to post your toy art here.,t5_8de9mr,1730753549.3744278
85,r/Adhdmen,455,Medical and Mental Health,t5_4unqj0,1730753549.393641
86,r/Aklief,455,Beauty and Makeup,t5_5gj5j3,1730753549.4134579
87,r/aldiafterdark,455,When your favorite grocery store chain shows off its naughty side,t5_4r2ug6,1730753549.43296
88,r/androidphoria,455,Technology,t5_b1jwcc,1730753549.452479
89,r/animalsbeingslyaf,455,Sneaky bois,t5_27f6rt,1730753549.4720252
90,r/Anoka,455,"Anything related to Anoka, MN",t5_2uvi1,1730753549.491369
91,r/anticapitalists,455,anti capitalists,t5_2wbw9,1730753549.51105
92,r/AustinFoodies,455,"Let's talk about ATX food and drinks, baby!",t5_bxxw2,1730753549.530816
93,r/BahaiHistory,455,"What happened on this day in 1863? Who was the first Baha'i in your country? Join us for a look back at the fascinating history of the Baha'i Faith. For general Baha'i discussion, see /r/bahai. ---- Check out the rest of our family of subreddits too: /r/bahainews • /r/bahaiquotes • /r/bahaipics • /r/bahaidev",t5_3iqxo,1730753549.550627
94,r/benzotaper,455,"Taper off Benzodiazepines the best possible way for your needs, with the support of the community.",t5_ylxut,1730753549.5700018
95,r/Beverages,455,Food and Drink,t5_2syhw,1730753549.589382
96,r/BigWindows,455,Houses with oversized windows.,t5_5vvubz,1730753549.609733
97,r/BillionaireBulletin,455,Welcome to BillionaireBulletin,t5_59z01e,1730753549.6338649
98,r/bumpinuglies,455,"A subreddit dedicated to the punk reggae band Bumpin Uglies, based out of Annapolis, MD. Website: http://bumpinugliesmusic.com/",t5_2yby4,1730753549.658056
99,r/Cahrenheit,455,**Paving the Way to a Better World**,t5_kmhqb,1730753549.6818812
100,r/CanadaLegal,455,This subreddit is a forum to post questions and comments related to legal issues that may impact people in Canada.,t5_3nfz3c,1730753549.70227
101,r/canvasofkings,455,Canvas of Kings is a minimalistic mapmaking tool that focuses on randomness and auto-generated elements on user-definable and interactive paths and plots.,t5_8il3sk,1730753549.722202
102,r/carpuride,455,Cars and Motor Vehicles,t5_8otpf3,1730753549.7427368
103,r/charlybliss,455,"A fan subreddit for Charly Bliss, a pop-grunge foursome from Brooklyn, NY.",t5_3hc7j,1730753549.7638028
104,r/ChartNavigators,455,"Business, Economics, and Finance",t5_88koc7,1730753549.783676
105,r/ChecklistByAashishSir,455,Welcome to ChecklistByAashishSir,t5_buhdrs,1730753549.803932
106,r/ChurchOfHoshinoAi,455,"The Church of Hoshino Ai. The place where you can worship the undefeatable, greedy idol! (New Reddit) Subreddit Icon by @hiiragik Subreddit Banner by @Zzz_nm0508",t5_8kswqf,1730753549.825414
107,r/Clamcoin,455,"Welcome to our subreddit! The purpose is to talk about everything related to the crypto-currency Clamcoin. Trade CLAM at AltQuick.com. You probably already have some CLAM if you had a BTC, DOGE, or LTC wallet in 2014. Everyone got 4.6 coins on May 12, 2014, if you had an active wallet in any of those coins. You may have much more; check your wallet today!",t5_35aj5,1730753549.845532
108,r/Classof09,455,Television,t5_82hmdt,1730753549.86529
109,r/Cochlear,455,"Cochlear implants, recipients, technology, and how it impacts our lives.",t5_3299z,1730753549.884702
110,r/countryballscz,455,"Oficiální Reddit Countryballs CZ, též známého jako CBCZ.",t5_2enonb,1730753549.903927
111,r/CuentosdeTerror,455,"Bienvenidos al mundo oscuro, cuentos cortos de terror espeluznantes.",t5_5dxrfh,1730753549.922722
112,r/d2marketplace,455,Gaming,t5_53f820,1730753549.94171
113,r/e17,455,"[Enlightenment](http://www.enlightenment.org/) is not just a window manager for Linux/X11 and others, but also a whole suite of libraries to help you create beautiful user interfaces with much less work than doing it the old fashioned way and fighting with traditional tool kits, not to mention a traditional window manager. It covers uses from small mobile devices like phones all the way to powerful multi-core desktops (which are the primary development environment).",t5_2s14w,1730753549.9610848
114,r/FifthAge,455,This is a homebrew conversion of the fifth edition system of the dungeons and dragons rpg into a hard(er) sci-fi system and setting.,t5_3kbvs,1730753549.980364
115,r/financialadvisors,455,Welcome to financialadvisors,t5_2y8yq,1730753549.999476
116,r/frenchpolitics,455,"Your new to-go blog for discussing current or past polemics concerning French politics. Feel free to post articles, videos, questions, memes, and whatever has something to do with the politics and economics of the country of France! You can post in French, as well as in English, you are totally free! Whatever your opinion, may it from be left-wing, right-wing, dissident, anarchist... I don't care! This is a place for debate!",t5_37jku,1730753550.0185442
117,r/GalaSisters,455,Official Gala Sisters rabbit hole discussion #SaveEmma,t5_9uj26o,1730753550.037535
118,r/gona_so,455,Welcome to gona_so,t5_8mkqwz,1730753550.056205
119,r/goonshow,455,Welcome to goonshow,t5_2szjg,1730753550.075474
120,r/grahamsnetnets,455,"Benjamin Graham invested in net-nets - stocks that traded at no more than 2/3 of their net current asset value. This sub brings active net-net investors together. Weekly screens are posted here, discussion is encouraged, and so is helping others.",t5_4zu9xo,1730753550.09461
121,r/GuessThisThing,455,Welcome to r/GuessThisThing! Enjoy your stay.,t5_3a74g,1730753550.1141949
122,r/HitchCult,455,[ Manga spoilers ] This community is dedicated to Hitch Dreyse of Attack on Titan,t5_xhjln,1730753550.133585
123,r/HonkaiStar_Memes,455,This community is based on honkai star rail memes of you want like to play honkai star rail so this sub Reddit is for you make your own memes or dump your save collection everything is valid as long as meme is funny :),t5_8af0yv,1730753550.152701
124,r/HybridOnlineLawSchool,455,Learning and Education,t5_6fq99o,1730753550.1736162
125,r/im14andthisiswoosh,455,"For when people link to the subreddit r/woosh, either on or off the site.",t5_zityk,1730753550.1930082
126,r/IoTSecurity101,455,"We are IoTSRG, an open-source authority in IoT security Community, known for our flagship IoT-PTv1 OS, curated content, and influential online groups; now expanding our mission through in-person meetups and new knowledge-sharing initiatives.",t5_2kb1or,1730753550.211672
127,r/IrelandPodcasting,455,"Have a podcast you want to share, need a new show to listen to, looking to get started creating your own digital audio. Hopefully we can help! This sub is supporting the reddit strike and is reopened under duress from the admins. [Click here to find out more](https://www.theverge.com/2023/6/5/23749188/reddit-subreddit-private-protest-api-changes-apollo-charges)",t5_3ecws,1730753550.2308218
128,r/JadeShip,455,"Community for jadeship.com (link below), a website that provides tools when buying directly from China (Taobao, Weidian, 1688). Known for the shipping calculator, the spreadsheet search and more.",t5_aeak08,1730753550.249898
129,r/JewishDating,455,Reddit’s very own shadchan (ish) * Not an Orthodox subreddit!,t5_28v4gp,1730753550.2693179
130,r/kalbums,455,"A subreddit dedicated to full Korean albums, mini-albums and singles. ""Korean album"" defined by: a Korean artist or an album produced in Korea.",t5_2tvw0,1730753550.2883468
131,r/kerriroma,455,Welcome to kerriroma,t5_6t39rj,1730753550.3073652
132,r/KissMyGrits,455,Mature Themes and Adult Content,t5_bqya51,1730753550.3263428
133,r/kmlkmljkl,455,WHAT UP,t5_2xhqk,1730753550.3455842
134,r/KunoichiTsubaki,455,Welcome to KunoichiTsubaki,t5_5b27kc,1730753550.364737
135,r/LaurenAmbroseSnark,455,snark page for laurenrose21287.,t5_chhng2,1730753550.383861
136,r/LeagueofTechSupport,455,Gaming,t5_aqs9rk,1730753550.403306
137,r/LogitechProWheel,455,"This is the logitech PRO Wheel community. Me and many others who own this wheel have been looking for a place to come and discuss settings and experiences on different games/rig equipment. it can be daungting on how to get this wheel set up perfectly in every game/system/console. so put up a post, chances are someone has already done it. So come and join even if you've not anything to say quite yet. You never know what you might learn or who you could help.",t5_abpa49,1730753550.4226189
138,r/LongLostRoleplay,455,"Reading, Writing, and Literature",t5_2om2p3,1730753550.44211
139,r/MaikaMonroeFans,455,A home for fans to discuss and appreciate the amazing Maika Monroe!,t5_bycio5,1730753550.4614851
140,r/MetalLair,455,This subreddit is in support of our website MetalLair.org. Every genre of metal in every format is welcome here.,t5_8fq18j,1730753550.480936
141,r/misscliks,455,"Creating a future where people of all genders can participate in geek & gamer culture w/o fear of prejudice or mistreatment, enjoying acceptance & opportunity.",t5_2xrhm,1730753550.499918
142,r/MovieADay,455,"**Everyday, we watch one film together and discuss it.** From blockbusters to limited releases, from the french new wave to eighties slasher films, we watch one film a day and discuss it. Take part every day, once a week or once a month, all are welcome. #Quentin Tarantino Week Pop culture infused, rapid fire dialogue, told in the wrong order. Quentin Tarantino is a true auteur, who divides cinephiles, wows mainstream audiences and remains the darling of many a film critic.",t5_2u5uu,1730753550.519253
143,r/musicmarketing_,455,Music,t5_c0bong,1730753550.538239
144,r/NYCfirearms,455,All things firearms within the 5 boroughs.,t5_8iljqt,1730753550.557075
145,r/okbuddykratos,455,Gaming,t5_7fptfp,1730753550.575927
146,r/OrlandoStandsUp,455,Welcome to OrlandoStandsUp,t5_99joj6,1730753550.594862
147,r/Pebblesgonewild,455,"Show off your style of beautiful bands, faces, skins, and everything that makes your Pebble a sexy smartwatch!",t5_3bzd4,1730753550.613729
148,r/PersonalGame,455,"A personal development subreddit for people who want more self esteem, confidence and an overall improvement to their life. Life is your personal Game, so play it the best you can by learning better Skills! ▶https://www.reddit.com/r/PsyDesign",t5_3js3p,1730753550.63274
149,r/PhHairloss,455,Welcome to PhHairloss,t5_8ak9r8,1730753550.652909
150,r/PlanetsideFurry,455,The only good planetside subreddit,t5_twwx4,1730753550.672013
151,r/ProjectLenix,455,"Open sourced & community-driven RHEL fork by the Cloudlinux OS creators. IMPORTANT NOTE: this subreddit is no longer updated, it's content is being delivered in r/AlmaLinux (the final name for project lenix)",t5_3jg18d,1730753550.690743
152,r/Pyrolysis,455,A reddit for news on research projects into pyrolysis as a method of producing a usable fuel,t5_2rtxw,1730753550.710036
153,r/QueensOfLondon,455,A community built around the new London Live docu-soap Drag Queens Of London & rumors/news of the upcoming UK adaption of american series RuPaul's Drag Race by Jonathan Ross.,t5_31gcb,1730753550.729277
154,r/RachelSennott,455,"a subreddit dedicated to actress, comedian and screenwriter Rachel Sennott",t5_133h5p,1730753550.748615
155,r/ravendex,455,Ravendex is the Decentralized Exchange on Cardano Blockchain & Cross-Chain Bridge,t5_53gvnd,1730753550.768173
156,r/RokuHacks,455,Roku and TCL TV destination Sub-Reddit,t5_2n4qst,1730753550.7875252
157,r/Ruger57,455,Everything about the Ruger 57,t5_2cxm4l,1730753550.8071392
158,r/ShortFit,455,Fitness and lifestyle for shorties and petites!,t5_2vwy8,1730753550.826837
159,r/sneakycards,455,"Your mission, should you choose to accept it: become a secret agent of joy, spreading art and intrigue to an unsuspecting public. Inside this box is an interactive scavenger hunt that inspires creativity and rewards audacity: Take a selfie with a stranger, give an anonymous gift, become a flash mob of one. Complete each objective and then pass the card along to an unwitting accomplice, who now becomes part of the game! The fun is ever-expanding, but it all starts with you - Play it forward!",t5_2yxwj,1730753550.846473
160,r/suddenlysamonella,455,Learning and Education,t5_2aozyl,1730753550.865708
161,r/tappatappatappa,455,A place for animals tap dancing.,t5_3d9ka,1730753550.884782
162,r/ThamLuang,455,Welcome to ThamLuang,t5_lesz1,1730753550.903478
163,r/Transmedia,455,"**Transmedia is storytelling across multiple platforms.** This is a place for sharing news, works in progress, ask questions and offer advice. Discussions on anything from the business side to the creative are encouraged.",t5_2sfnf,1730753550.922399
164,r/UnexpectedSnatch,455,Movies,t5_4sujk9,1730753550.941632
165,r/VanDoors,455,A subreddit for things that give a different message when they are opened.,t5_112qut,1730753550.9610722
166,r/VeganJunkFood,455,Food and Drink,t5_366hv,1730753550.9799948
167,r/voipms,455,Technology,t5_1eulfa,1730753550.998671
168,r/WaifuSexSimulator,455,Mature Themes and Adult Content,t5_3g365,1730753551.0173519
169,r/WeirdLaws,455,"Welcome to r/weirdlaws, share the strangest and wackiest laws here.",t5_33464,1730753551.036114
170,r/weirdprofiles,455,See a weird profile? Link it here! This subreddit was inspired by people that put user profiles in the r/NightmareExpo sub.,t5_z7kjf,1730753551.054983
171,r/WisteriaNetflix,455,Television,t5_3h9c5u,1730753551.074133
172,r/womensmokingcigars,455,^ |,t5_2uunk,1730753551.09355
173,r/Worldhadastroke,455,Like I had a stroke. But it isn’t your fault,t5_2nfqpt,1730753551.112874
174,r/wrongsubreddit,455,Welcome to wrongsubreddit,t5_2s7jl,1730753551.1334321
175,r/2p_boardgames,454,A subreddit specializing in only 2 player boardgames or boardgames that work amazingly for just 2 player,t5_2u9n4,1730753551.15287
176,r/abovethecloudz,454,Music,t5_acozi5,1730753551.17206
177,r/AESOF,454,Dedicated to the sexy latina Aline Escobar,t5_biqu34,1730753551.1912909
178,r/AliceMains,454,Gaming,t5_4xmn8h,1730753551.20976
179,r/AllAboutBestfriend,454,All About My Best Friend! A community for the readers of the webtoon/manhwa of the same name.,t5_5zjtyb,1730753551.228818
180,r/angarf,454,No Mondays no masters.,t5_2cy8hn,1730753551.247954
181,r/arkhamcity,454,Welcome to arkhamcity,t5_2sl01,1730753551.266786
182,r/AustralianTrueCrime,454,A place for Australian true crime enthusiasts to come together and discuss and investigate cases that could be in your own hometown.,t5_5wlifh,1730753551.285792
183,r/BaaderMeinhof,454,"If you've ever encountered an obscure concept or piece of information for the first time, and soon afterward encounter it again in an unrelated context, you've experienced the Baader-Meinhof Phenomenon.",t5_32iax,1730753551.304468
184,r/badpoetry,454,"1: All poetry must be your own. We're here to celebrate our own bad poetry, not snark on people. 2: Don't be a jerk. 3: No spam.",t5_2quxa,1730753551.323477
185,r/BangladeshPolitics,454,"This community is all about discussion on Bangladeshi Politics for a better Bangladesh. You can post about positive and negative side of any political party of Bangladesh like AwamiLeague, BNP, Jamat, Shibir and So on. But make sure your post doesn't go against Bangladesh Law. This subreddit and moderator will not be responsible for your unlawful post.",t5_2s2s16,1730753551.3428469
186,r/BlakeCrouch,454,Subreddit dedicated to the writings of sci-fi Author Blake Crouch,t5_5ivnd8,1730753551.361791
187,r/brisbanejobs,454,Careers,t5_3c5or,1730753551.3817978
188,r/burritogonecuddly,454,Welcome to burritogonecuddly,t5_3057l,1730753551.400939
189,r/CatsInBottles,454,ahhh let me ouut,t5_yokmj,1730753551.420397
190,r/cetus3d,454,Technology,t5_3i42h,1730753551.4397912
191,r/Cloverposting,454,Anime,t5_b5agol,1730753551.459051
192,r/ComedyBangBangWorld,454,This is the ULTIMATE spot to talk about all things Comedy Bang Bang World! Accept no substitutions! r/ComedyBangBang is also a good place!,t5_52hem0,1730753551.478163
193,r/CptSparrowTemplates,454,Internet Culture and Memes,t5_2te70w,1730753551.497247
194,r/cryptoreferralcodesz,454,Crypto,t5_96daj2,1730753551.516663
195,r/deathguardpainting,454,the best in painting death guard 40k mininatures,t5_3qt2e1,1730753551.536324
196,r/deficitschizophrenia,454,Medical and Mental Health,t5_42j5w4,1730753551.555671
197,r/EmotionalSupportAnims,454,Animals and Pets,t5_4f6xra,1730753551.5745778
198,r/evanoraunlimited,454,"Sub for artist known as evanora unlimited, housepett, marjorie wc sinclair",t5_53iwtj,1730753551.593722
199,r/EvilliousChronicles,454,A community all about the Evillious Chronicles by Akuno-P/ MOTHY,t5_2iy2rk,1730753551.6138072
200,r/femalecelebssmoking,454,Candid Pictures Of Female Celebrities Smoking,t5_6mre8k,1730753551.633116
201,r/fidgetlife,454,"http://www.playforbeans.com is our shop. Here on Reddit, feel free to to discuss, share content and legitimate brands. Only verified websites can be posted. No spam, racism or conflicts. If you decide to trade or buy it is up to you to do your due diligence. There will be sales posts and exclusive drops!",t5_8bg4v6,1730753551.652504
202,r/FoxRedLabrador,454,Animals and Pets,t5_42lkeb,1730753551.6719449
203,r/FunnyHeadlines,454,"Place to post funny headlines. Real headlines are preferable, but nothing wrong with the occasional Onion one liner. Let's do our part to add some humor to this messed up world!",t5_2rd02,1730753551.6904619
204,r/googlereviewexchange,454,"Businesses that want a Google Business, Yelp, Trustpilot, etc. 5 star review can link up with another business to exchange a 5 star review. First, leave a 5 star review for my business - https://maps.app.goo.gl/Vd7r1og6nf88h2nT7?g_st=ic Second, have a great time of getting your business 5 star reviews in exchange for 5 star reviews! Third, anyone who negatively attacks other users or businesses will be banned.",t5_3gpx3,1730753551.709567
205,r/GrandMarais,454,North Shore meets the Gunflint Trail!,t5_2ye1r,1730753551.7279842
206,r/IndianH1Bs,454,This is a place of discussion for H-1B holders from India.,t5_2karbk,1730753551.746739
207,r/iPhoneHack,454,Welcome to iPhoneHack,t5_759m44,1730753551.765478
208,r/IronDruid,454,A subreddit for The Iron Druid Chronicles and other stories by Kevin Hearne.,t5_2x7kl,1730753551.784255
209,r/Karna_Val2,454,"Pics, Videos, and GIFs of Russian singer/Tik Tok star Karna.Val (Valentina Karnaukhova)(Вали Карнавал)",t5_8jtv1p,1730753551.80306
210,r/kerneloftruth,454,r/kerneloftruth. The place to share your theories on the true origins of legends and myths.,t5_mseoh,1730753551.821643
211,r/Kim_Minji,454,Celebrity,t5_ck7cmy,1730753551.840223
212,r/KKHmobile,454,Gaming,t5_2t3vl5,1730753551.8587258
213,r/kringlecandle,454,"This community is for discussing all things Kringle Candle! Kringle Candle was founded in 2009 by Michael Kittredge III, son of Michael Kittredge II, the founder of Yankee Candle. Kringle uses their tried and true candle recipe that you know and love. Use code “PCM15” on your order to save 15%!",t5_43ggu3,1730753551.87771
214,r/LATruecrime,454,"The Reddit discussions page for Law & Order True Crime: The Menendez Murders, Tuesdays at 10/9c on NBC.",t5_3oryf,1730753551.896456
215,r/leavingCalifornia,454,For people leaving California.,t5_38l07d,1730753551.915307
216,r/loislaneevangelista,454,For the sexiest ever filipina😍 ig: iamloislaneee tiktok: loislaneevangelista,t5_apuu44,1730753551.934772
217,r/LuteHate,454,Television,t5_bc4cul,1730753551.9542751
218,r/mathhumor,454,Science,t5_2vrpg,1730753551.9737651
219,r/MercedesEQS,454,Cars and Motor Vehicles,t5_4gyirx,1730753551.9934359
220,r/mobalytics,454,Gaming,t5_3hnsk,1730753552.0127318
221,r/motorcycletrip,454,This place has been created so that people that travelled or wish to travel on their motorcycle can share their experience and tips.,t5_300yg,1730753552.031901
222,r/munichtechsauna,454,Technology,t5_7n0ppg,1730753552.050715
223,r/NFLDapperLabNFTs,454,They changed their name to NFL All Day new subreddit is here: r/nflalldayNFT,t5_5brx7h,1730753552.0698
224,r/okbuddygojo,454,Anime,t5_65zu3d,1730753552.0901701
225,r/OKCannaNews,454,Activism,t5_550sz3,1730753552.109254
226,r/oldschoolminecraft,454,"/r/OldSchoolMinecraft, A community for those who enjoy the simpler times of Minecraft.",t5_l9uld,1730753552.127896
227,r/OnePieceEsp,454,Anime,t5_5ed2wr,1730753552.147019
228,r/onlythepunchline,454,Memes/jokes that only include the punchline without any set up.,t5_n9lw6,1730753552.165857
229,r/OrnelasEvelin,454,https://t.me/+vKz288uuew05YmUx,t5_77bpc4,1730753552.1846888
230,r/PhillipaSoo,454,Phillipa Soo is hot,t5_2tw87x,1730753552.203542
231,r/PitchforkTheory,454,The Science of ASCII Pitchforks. See also /r/PitchforkEmporium.,t5_3e8pc,1730753552.222976
232,r/PoliticalProgressives,454,A subreddit devoted to Progressivism & Bernie Sanders. Feel free to discuss anything Bernie related or Progressive here. This sub is not affiliated with & does not follow the rules of /r/S4P,t5_3eqts,1730753552.242351
233,r/Ponoc,454,Anime,t5_3j8cm,1730753552.261597
234,r/PresidentOfRussia,454,"Welcome, to the President of Russia subreddit. Here, tweets from Russian leaders are shared in order to spread the message of the Kremlin in the English language. Kremlin-focused tweets shared here will mostly revolve around Vladimir Putin, although other high class Russians and other world leader's tweets may be displayed.",t5_66ks14,1730753552.2808409
235,r/programming_in_scala,454,Welcome to programming_in_scala,t5_2v283,1730753552.2995682
236,r/RobloxEdits,454,"A community dedicated to Roblox Video Edits, Fan Art, and Roblox related content!",t5_2jkksr,1730753552.318422
237,r/RockFest,454,Music,t5_2xjsa,1730753552.337249
238,r/sevenwordstory,454,"Reading, Writing, and Literature",t5_c1sph4,1730753552.356102
239,r/SexDrugsAndSpirit,454,"A refuge for the spiritually curious and battle hardened seeker alike, this sub aims to provide grounded and practical information about spiritual development without any attachment to existing traditions or dogma.",t5_5f5l01,1730753552.375077
240,r/sinatra,454,Music,t5_2so7h,1730753552.3945248
241,r/SkyrimGreenText,454,Skyrim Green Text,t5_3nory,1730753552.4130828
242,r/SludgeWar,454,Tabletop Games,t5_4w4wrw,1730753552.4320252
243,r/SnapchatYourTV,454,"When you combine TV or movies with snapchat filters, hilarity ensues",t5_3g400,1730753552.449364
244,r/SpysHead,454,Kill Me.,t5_2ao4u4,1730753552.4666638
245,r/StarfieldXboxModPorts,454,Welcome to the New Starfield Porting Community. Please read the Sticky before posting your request!,t5_91od2y,1730753552.484225
246,r/Starforts,454,Place to share pictures of the starforts of the world.,t5_wvgrt,1730753552.5015512
247,r/stonerhub,454,"Welcome to the StonerHub subreddit, where members of the community can come together and share their personal stories and memes. Whether you're a seasoned smoker or just curious, this is a safe and respectful space to share your thoughts and engage with others who share similar interests. From funny and entertaining tales to more serious and thought-provoking discussions, we invite you to join the conversation and contribute to the vibrant stoner community here on StonerHub.",t5_7uxu22,1730753552.5190132
248,r/turingpi,454,Technology,t5_346ihs,1730753552.5365381
249,r/TXJobsForAll,454,"Business, Economics, and Finance",t5_40jib2,1730753552.5553238
