,subreddit,subscribers,topic,subreddit_id,scraped_utc
0,r/youbemomUB,446,IYKYK,t5_7naved,1730753632.754138
1,r/Yuyuhwa2,446,Contributions greatly appreciated.,t5_bqdho1,1730753632.781952
2,r/AC2,445,Asheron's Call 2 is an outstanding game that came to an unfortunate end in the early 2000s as WoW picked up in popularity. Turbine has brought the MMO back and it's currently in Beta! All that's required is an active subscription to Asheron's Call.,t5_2vsmh,1730753632.807911
3,r/AirAmbulanceCompanies,445,"Welcome to the official Reddit community for AirAmbulanceCompanies.com (AAC)! Whether you're a healthcare provider, air ambulance service operator, patient, caregiver, or someone interested in the emergency medical transport industry, this is the place for you. Our community is dedicated to fostering discussions, sharing insights, and connecting professionals and individuals involved in air ambulance services worldwide.",t5_cjivvo,1730753632.835758
4,r/AmericanCinematheque,445,Movies,t5_bxzkok,1730753632.8629131
5,r/ArlanMain,445,"Welcome to r/ArlanMain, here you can share anything about Arlan from Honkai: Star Rail.",t5_8bfb1u,1730753632.900703
6,r/AtlanticCanada,445,All matters pertaining to Canada's Atlantic region,t5_2qtny,1730753632.929485
7,r/BakuProject,445,"Hey guys! I'm working on a Bakugan fan game based on the original show. If you're a fan of Bakugan, be sure to check it out! 😃",t5_914cs4,1730753632.958571
8,r/bikelife,445,#BikeLife,t5_524vbx,1730753632.982683
9,r/billiefans1,445,"Welcome to our profile, your ultimate destination for all things Billie Eilish and celebrity news! Delve into the fascinating world of this sensational artist as we bring you the latest updates",t5_8wbwaf,1730753633.0067468
10,r/birdsfallingover,445,"just birds, most of them falling",t5_9sp088,1730753633.1060421
11,r/CelebsWaistHug,445,Celebrity,t5_70n1qq,1730753633.17435
12,r/charliemurder,445,"It’s a punk rock apocalypse! Team up with your friends to lead embattled punk rock band Charlie Murder in their epic quest to save the world from rival death metalers Gore Quaffer and their legions of evil. RPG it up as you hoard insane loot to buff your character (and look excellent), earn fans to unlock powerful finishers and teamup moves, get tattoos to channel your “Anar-Chi,” and uncover mysterious relics of modern myth!",t5_2y8id,1730753633.217983
13,r/cnbcnewswomen,445,Community dedicated to the beautiful women of cnbc,t5_726bj4,1730753633.240601
14,r/CotyPiozzi,445,Welcome to CotyPiozzi,t5_5uuujm,1730753633.262466
15,r/CrazyFighting,445,Welcome to CrazyFighting,t5_6ncn8f,1730753633.284124
16,r/DarkAndDarkerUni,445,/r/DarkAndDarkerUni is a sub dedicated to improving and helping others improve at Dark and Darker.,t5_96hol8,1730753633.30606
17,r/Divyabharathibeauty,445,Welcome to Divyabharathibeauty,t5_7kpo4g,1730753633.327862
18,r/DrEricBergDC,445,Celebrity,t5_adw8bv,1730753633.349705
19,r/EmersedPlants,445,Outdoors and Nature,t5_7re621,1730753633.3716679
20,r/EnoughHistoryMemeSpam,445,Politics,t5_6yq0jg,1730753633.3934872
21,r/exposingprisonplanet,445,Religion and Spirituality,t5_aqbjc6,1730753633.415191
22,r/FallingDevilCult,445,This is where we worship our lord and savior Falling devil,t5_8ookcf,1730753633.43711
23,r/Fayevalentine,445,Mature Themes and Adult Content,t5_2zen3,1730753633.458831
24,r/Fehgalvao_fansupport,445,"Important most of the post's are 🔞 ^^ Welcome guys. Be nice and let's have a great time together. Post anything, but only good stuff 🤙🏼🫶🏼",t5_7uvjd5,1730753633.480979
25,r/FILMIO,445,Community to discuss and promote Film.io,t5_b9ua7p,1730753633.503711
26,r/fordnation,445,Politics,t5_2z07d,1730753633.528256
27,r/Forexwayapp,445,"Business, Economics, and Finance",t5_4t629x,1730753633.547416
28,r/Freelander,445,Cars and Motor Vehicles,t5_33pzm,1730753633.568348
29,r/FullStoryPictures,445,A sub for images that tell a much larger story then initially thought just from one photo.,t5_h0opm,1730753633.592896
30,r/groupthink,445,Reddit haven for the always impending death of kinja,t5_2r73e,1730753633.616822
31,r/hoeckepack,445,Politics,t5_cl1mx4,1730753633.6388328
32,r/Horse_Training,445,Welcome to Horse_Training,t5_2xd2n,1730753633.661124
33,r/IconsRPG,445,"This sub-reddit is dedicated to the discussion of the tabletop roleplaying game Icons Superpowered Roleplaying. Share hacks, house-rules, adventures or just discuss the game.",t5_3hutx,1730753633.682556
34,r/IdleMineApp,445,Gaming,t5_cj2i44,1730753633.711263
35,r/Ifa_Main,445,Gaming,t5_caw7q2,1730753633.73576
36,r/IndianDevelopers,445,Programming,t5_2vgn6,1730753633.76015
37,r/jjsquad300,445,Celebrity,t5_7o56l2,1730753633.7825541
38,r/justpeasantthings,445,Welcome to justpeasantthings,t5_2z0yj,1730753633.80515
39,r/kackfront,445,Activism,t5_35r8ld,1730753633.8274639
40,r/Kassfilio,445,Subreddit for kas.sfilio,t5_6d6hok,1730753633.850549
41,r/lamejokes,445,Welcome to lamejokes,t5_2sd4l,1730753633.875469
42,r/LAPorts,445,Los Angeles Sea Ports,t5_3edlze,1730753633.89788
43,r/LlamasEatingBananas,445,This is basically an extended metaphor,t5_4ev4r,1730753633.920318
44,r/Lovejoy,445,Television,t5_2ss3i,1730753633.944063
45,r/LoveTarotReading,445,"A place to discuss and share all things tarot. Specifically in Love and Relationships. Feel free to use this space to offer/request free or paid readings, to develop your skills and practice. Interpretation requests welcome, exchanges, along with anything else tarot related.",t5_c000ln,1730753633.967905
46,r/MaddieSotoTruth,445,The truth about the locked subreddit r/madelinesoto,t5_cnc7jy,1730753633.990603
47,r/ManhattanCollege,445,subreddit for students and potential students of Manhattan University to discuss and chat about all things. WE ARE NOT OFFICIALLY AFFILIATED WITH MANHATTAN UNIVERSITY,t5_2sssn,1730753634.013974
48,r/MapsWithoutIndonesia,445,Maps without Indonesia.,t5_3ngdb,1730753634.038371
49,r/MarkZuckermemes,445,Internet Culture and Memes,t5_3mxbb7,1730753634.064369
50,r/mcpedl,445,Gaming,t5_2ltw0l,1730753634.090435
51,r/medicalsimulation,445,Welcome to medicalsimulation,t5_2vaeg,1730753634.117548
52,r/MenAskWomen,445,"A place where men can ask certain questions about themselves to women, if they aren’t sure or don’t feel too confident to answer.",t5_2hctw4,1730753634.151584
53,r/MercerIslandWA,445,"Subreddit for residents of Mercer Island, Washington. Riffraff can look, but can't park here.",t5_3insk,1730753634.179698
54,r/metacognitivetherapy,445,Medical and Mental Health,t5_3etdb,1730753634.209683
55,r/newshealth,445,"This is the place to post news articles and peer approved studies related to health and the industry of medicine (including food, environment, mental health etc.) Post acclaimed lectures and professionally published documentaries (i.e. TEDx, journalism, etc.). Please message moderator Oldmoldy for access.",t5_2ycxt,1730753634.2369988
56,r/openmikeeagle,445,/r/openmikeeagle is a place for anything OME related.,t5_g510d,1730753634.2614028
57,r/ParentsOfBipolarKids,445,Medical and Mental Health,t5_5w2k1h,1730753634.284974
58,r/PiepzeruArts,445,Art,t5_7tobjg,1730753634.310286
59,r/pocmedia,445,"A place for works of fiction, art, visual media like film, music, journalistic content, academic work, and other content from people whose stories aren't often shown or represented in popular or mainstream media. **MISSON STATEMENT:** This place should be seen as a launching pad. BACK UPS: http://www.reddit.com/r/pocfilm/ http://www.reddit.com/r/pocmusic",t5_2yiz7,1730753634.335668
60,r/prepaCPGE,445,Learning and Education,t5_34hg05,1730753634.360866
61,r/Psico_aiuto_Italia,445,Medical and Mental Health,t5_axc0cd,1730753634.385747
62,r/puertoricoplace,445,R/PuertoRico Place Closed until next event. Una comunidad para aquellos que quieren trabajar en la bandera de Puerto Rico en r/place A community for those that want to work on Puerto Rico’s flag in r/place,t5_63ukeh,1730753634.4082549
63,r/RaveenaAurora,445,Music,t5_2g7ov9,1730753634.431197
64,r/RedStarOS,445,"The community on Reddit for users of the glorious North Korean Linux distro, Red Star OS. We also allow the discussion of general North Korea stuff.",t5_3g8h7,1730753634.4530401
65,r/rottenpapi,445,Celebrity,t5_300ce9,1730753634.474747
66,r/schizofemboys,445,A place for femboys to become worse,t5_a61og8,1730753634.496466
67,r/seasquirrel,445,WE WON,t5_2vd7g,1730753634.518288
68,r/sengoku,445,History,t5_37ruk,1730753634.539469
69,r/sexxycandyxxx_,445,Welcome to sexxycandyxxx_,t5_7zrn5i,1730753634.5601048
70,r/sims4_mods,445,"Welcome to the Sims 4 game modding community! Share, and discuss any Sims 4 modding-related content! Please be kind to each other, thank you.",t5_7j9t77,1730753634.580579
71,r/Soft_Gamine,445,Fashion,t5_88s2yk,1730753634.6016
72,r/soldat,445,Gaming,t5_2st3k,1730753634.622914
73,r/soundtech,445,"A place for all posts pertaining to, effects pedals, synthesizers, controllers and anything sound creation. Please do not posts links to your band or project unless it's to showcase a piece of sound technology.",t5_2y21p,1730753634.644351
74,r/StarWarsAnalysis,445,"A subreddit for discussing Star Wars. Theories, analysis, speculation, news, all is welcome.",t5_3j0im,1730753634.668065
75,r/StashAway,445,"Business, Economics, and Finance",t5_33zvs0,1730753634.6913972
76,r/StPaulSaints,445,The officially unofficial subreddit of your Saint Paul Saints! The Saints have partnered with the Minnesota Twins and are moving to Tripple-A Baseball in 2021! Stick with us as we transition to the future of Saints Baseball!,t5_3eqo0,1730753634.7158148
77,r/TalesFromAirbnb,445,Welcome to TalesFromAirbnb,t5_3itti,1730753634.739566
78,r/telepathic,445,"About telepathy... Can you receive some thoughts, feelings and intentions of other people or animals? It may seem nice, but can have many pitfalls. This is a community were we can share telepathic experiences, and learn more about it.",t5_2z98b,1730753634.762014
79,r/The_Crypto_Master,445,Also called CryptoTheMaster Shill and discuss any and all Crypto Projects. What’s your favourite and why?? Please also follow Twitter: The Master @CryptoTheMaster Telegram DM: https://t.me/TheMasterCrypto Telegram Group: https://t.me/CryptoTheMaster,t5_5g6zwa,1730753634.782222
80,r/TheCultCast,445,Come discuss the best Apple podcast on iTunes!,t5_3d1kr,1730753634.802538
81,r/thewaytheyworked,445,History,t5_5res0j,1730753634.823532
82,r/Tiktokersimps,445,Simps trying to find that big tits,t5_4upait,1730753634.844289
83,r/TRPcore,445,A more level headed place to discuss core red pill concepts without the angry emotional appeals and moral outrage.,t5_3b8j7,1730753634.865008
84,r/TwitterDrama,445,A place to share and discuss all the dramatic happenings over in Twitterland,t5_2ub76,1730753634.8862631
85,r/unchartedwatersonline,445,"For the players of Uncharted Waters Online, UWO To play Uncharted Waters Online go to https://www.papayaplay.com/uwo.do?tp=game",t5_2wpx0,1730753634.9071329
86,r/UntriggeredPodcast,445,Podcasts and Streamers,t5_7j7pnv,1730753634.926312
87,r/UrbanistIE,445,Activism,t5_6c4qpv,1730753634.946476
88,r/xdev,445,"This subreddit is dedicated to dissecting and learning XCOM 2 inside and out for purposes of easier mod creation and thorough game knowledge. This is not a place to request mods or discuss cool ideas (though, they are awesome!) - try to redirect those towards https://www.reddit.com/r/xcom2mods/",t5_3cdfw,1730753634.966878
89,r/xiamen,445,"/r/Xiamen is a subreddit for news and life in Xiamen, Fujian, China. All are welcomed to share stories and ask questions about life in Xiamen.",t5_2s0fd,1730753634.986031
90,r/YakuzaFiance,445,Anime,t5_5v4s4m,1730753635.0067708
91,r/acsindep,444,Learning and Education,t5_z1142,1730753635.029675
92,r/ActiveTradeRoom,444,"For All things stock related. Mostly focusing on mid cap, small cap, micro cap, and nano cap",t5_3g9v0,1730753635.054129
93,r/alison_roman,444,Food and Drink,t5_860svs,1730753635.077489
94,r/AswithaS,444,Celebrity,t5_5rexta,1730753635.099787
95,r/AZNANA,444,Gaming,t5_9ben9i,1730753635.121672
96,r/baldiebihs,444,Welcome to baldiebihs,t5_6d3z9a,1730753635.1466281
97,r/boardgamegreek,444,"Ένα subreddit για όλους όσους ενδιαφέρει το hobby των επιτραπέζιων παιχνιδιών, των pen&paper RPGs και των Wargames. Αν ψάχνετε group για να παίξετε γιατί οι φίλοι σας δεν ενδιαφέρονται, μπορείτε να βρείτε εδώ. Ποστάρετε νέα, ερωτήσεις και θέματα συζήτησης σχετικά με board games.",t5_32bzn,1730753635.1676219
98,r/bosstones,444,"After the music is over After the lights are all out After the damage that's been done Is something we don't think about What's left and what's not been forgotten We move just a little each year Somethin' went wrong, it was rotten Some wish that they were never here",t5_2t0do,1730753635.18975
99,r/Braiins,444,Crypto,t5_6vj2kp,1730753635.2117062
100,r/Bunheads,444,So you wanna be a Bunhead?,t5_2u6w2,1730753635.2336261
101,r/BUTLERNETWORK,444,Mature Themes and Adult Content,t5_34kk7k,1730753635.266998
102,r/Buyarmenian,444,Marketplace and Deals,t5_47h106,1730753635.2916322
103,r/Chemtrail,444,Science,t5_3b9li,1730753635.315886
104,r/CircularSockMachine,444,"Circular Sock Knitting Machine creations, fixes and related ideas. From using, repairing, helpful accessories, tables and lighting. Want more info? Check out https://www.csmlove.com/",t5_14lhnd,1730753635.3406599
105,r/Conall_in_Space,444,Welcome to Conall_in_Space,t5_80agux,1730753635.362657
106,r/cornudoss,444,t.me/CucksVipBot,t5_ciwurz,1730753635.385112
107,r/D66,444,Politics,t5_35upf,1730753635.409267
108,r/DailyNews,444,"Welcome, reporters, to the Daily News, where you are the reader, the writer, and the audience. Post your news no matter how mundane.",t5_2rpiw,1730753635.431612
109,r/deathfests,444,Music,t5_s73iq,1730753635.4539268
110,r/denizli,444,Subreddit of Denizli.,t5_33jr0,1730753635.4765282
111,r/directingtheory,444,"This is a place for lifelong students of the craft of directing. Not filmmaking per se. All types of directing, including theatre, opera, commercials, Olympic Opening Ceremonies, North Korean Military pageants. You name it. As long as it involves the act of conducting a complex symphony of human intentions for a singularly envisioned outcome.",t5_2ztgl,1730753635.4989371
112,r/Dizzydisco,444,Post her OF content here,t5_42gd4s,1730753635.5210838
113,r/DockSTARTer,444,DockSTARTer helps you get started with home server apps running in Docker.,t5_10tfkq,1730753635.543412
114,r/drugsorlandlord,444,"Drugs or landlords, the place to go to see whether or not a person is either on drugs and acting crazy, or if they’re just a landlord trying to get their tenant to listen!",t5_38lokx,1730753635.56946
115,r/eaCFB,444,Gaming,t5_6kh1wr,1730753635.5917718
116,r/ElectricBoats,444,Discuss electric boats and related.,t5_q4lno,1730753635.614209
117,r/ElectrolysisProgress,444,"A community to ask questions, share progress photos, and discuss all methods of electrolysis!",t5_6e16ts,1730753635.636356
118,r/emaildeliverability,444,Welcome to emaildeliverability,t5_2tqnn,1730753635.658277
119,r/exFLDS,444,"A place for ex-FLDS discussion, memes, and anything else related.",t5_2d0qw1,1730753635.680299
120,r/exohydrax4_fanpage,444,Welcome to exohydrax4_fanpage,t5_buy09b,1730753635.7018628
121,r/FantasyRP,444,FantasyRP roleplay community,t5_2xr98,1730753635.7238011
122,r/FloridaNativePlants,444,All about the amazing indigenous plants found in Florida,t5_5czpx1,1730753635.746572
123,r/GameOnNow,444,"This is the ultimate hub for all things gaming. Whether you're a casual player or a hardcore gamer, GameOn Now is the place to discuss the latest titles, share tips and tricks, dive into game reviews, and connect with fellow gaming enthusiasts. From PC to console, mobile to indie games, we cover it all! Join our community, level up your knowledge, and keep your game on—now and always.",t5_ckbbv3,1730753635.770853
124,r/gobots,444,"This is for sharing news, articles, information, and trivia about Gobots. The true originals!",t5_36msd,1730753635.794537
125,r/godtiermemes,444,Welcome to godtiermemes,t5_3fp99,1730753635.8178718
126,r/GrowingPeppers,444,"A place dedicated share guides, tutorials, how-tos, photography, and discussions of all things related to growing peppers. Note, this place is not for recipes!",t5_laqtx,1730753635.839479
127,r/IDVtrading,444,Welcome to IDVtrading,t5_4ogl8c,1730753635.861621
128,r/illegalouija,444,"Hey! You can’t do that, ouija! This subreddit is for all of those AskOuija submissions that just aren’t legal, post them here! Submissions must be images or links only.",t5_28l419,1730753635.882671
129,r/inertiajs,444,Welcome to inertiajs,t5_24cjjj,1730753635.905973
130,r/Integritee,444,"Integritee is the most scalable public blockchain solution for securely processing sensitive business or personal data. Harness the speed and confidentiality of trusted execution environments, combined with the trust of a decentralized network, with Integritee. By combining the trust of Polkadot, the scalability of second-layer sidechains, and the confidentiality of Trusted Execution Environment (TEE) hardware.",t5_5nh796,1730753635.928044
131,r/IVR_Investors,444,"Business, Economics, and Finance",t5_3yp8ny,1730753635.949915
132,r/Koho,444,Discussing the Koho app and features in Canada! Promoting financial literacy through fintech innovation #Click [here for the Best KOHO sign-up bonus!](https://promocodesreddit.com/koho),t5_3i7p4,1730753635.972229
133,r/KrishnafloodtheIndus,444,"There is r/noahgettheboat bad, and then there is India.",t5_cdfmgz,1730753635.995106
134,r/KzooAreaFilmgoers,444,Movies,t5_639qci,1730753636.018553
135,r/latransithikers,444,A community for hikers who ride transit to the trails.,t5_cchaw3,1730753636.03969
136,r/LegaliseCannabisNSW,444,Mature Themes and Adult Content,t5_81bc4b,1730753636.0605109
137,r/look_at_china_irl,444,带您了解真正的中国,t5_7ql0g3,1730753636.0817778
138,r/LuLaBad,444,Welcome to LuLaBad,t5_2bt4hc,1730753636.103442
139,r/makeanything,444,Welcome to makeanything,t5_3jxtf,1730753636.127418
140,r/Melanzana,444,Fashion,t5_qp2u7,1730753636.152812
141,r/Mercedes_C300,444,Cars and Motor Vehicles,t5_7149or,1730753636.179486
142,r/MicroscopicImages,444,A community where we celebrate the beauty of the microscopic world.,t5_m5a79,1730753636.2037408
143,r/minimalphonescreens,444,"A place to show off functional, minimal phone screens and wallpapers!",t5_3hju2,1730753636.227956
144,r/N64collection,444,Gaming,t5_444pjt,1730753636.252606
145,r/NintendoLatam,444,Una comunidad dedicada a Nintendo en LatinoAmerica!,t5_35rbr,1730753636.2742531
146,r/NouvelleTaglineDuSub,444,AirFrance_irl,t5_3bzuv,1730753636.2954519
147,r/NUIM,444,National University of Ireland Maynooth.,t5_2sphu,1730753636.316326
148,r/obfuscatedcode,444,Dedicated to the obfuscation of computer programs for fun and for mental exercise.,t5_2ws05,1730753636.337537
149,r/OfficeHelp,444,"A place to post questions about any Microsoft Office programs such as Access, Excel, Outlook, PowerPoint, Project, Visio and Word. Any questions are welcome so don't be embarrassed about your lack of knowledge!",t5_31npo,1730753636.358804
150,r/openseason,444,open season,t5_ksbf1,1730753636.379615
151,r/osees,444,Music,t5_36vm3w,1730753636.400943
152,r/PhishLicensePlates,444,Post your Phish license plates/stickers here.,t5_31lya,1730753636.423702
153,r/PodYourselftheWire,444,"A fan run subreddit for the podcast 'Pod Yourself the Wire'. Podcast description: ""Comedians Matt Lieb and Vince Mancini rewatch HBO's The Wire episode by episode and discuss it with very special guests who have also seen the Wire. Every week they talk about how the Wire is a show about hating your boss and how Irishmen are impervious to psychoanalysis.""",t5_71d2uu,1730753636.445476
154,r/PoojaHegdeFans,444,Celebrity,t5_au2evj,1730753636.4671319
155,r/poorlifechoices,444,What were you expecting?,t5_2t04s,1730753636.48847
156,r/Porches,444,This is a community where we all love our front or back porch. Upload a picture and show off your place of summer solace. Or perhaps we can converse on our favorite activities while enjoying the outdoors.,t5_31sp2,1730753636.5098739
157,r/PositivityGang,444,Positivity Gang in action! Pretty much about redditors finding the bright and colorful side of situations.,t5_2sbufz,1730753636.531434
158,r/RandonautMemes,444,henlo,t5_24dgak,1730753636.552472
159,r/ReadingStalin,444,"[Quotes and books] and the dedication to provide Joseph Stalin’s Writing ,Speech and Analysis of the Soviet Union Under Stalin’s rule and his life in general. The hot Stop resource for Stalin and the Soviet Union. Also this page has nothing to do with the Facebook group reading Stalin",t5_2zosiw,1730753636.573971
160,r/realbaddiesfeet,444,Only the best of the best female amateur feet💰*Original Content* All Females are 21 and over! No exceptions!,t5_c8kz5v,1730753636.596311
161,r/Riftyish,444,The official subreddit for Fortnite YouTuber Rifty.,t5_zby7m,1730753636.618054
162,r/Rust_clanfinder,444,Rust is a very interactive game but sometimes it is hard to find a clan or just friends to play with!,t5_3co7j,1730753636.639284
163,r/sadmeme,444,Le place for le saddest of memes,t5_33718,1730753636.660735
164,r/sandwicheswithlegs,444,"THE spot for all the latest news, updates and pictures of sandwiches with legs.",t5_2xaxm,1730753636.682173
165,r/sarahboonetrial,444,Law,t5_bpitxl,1730753636.7033348
166,r/sc366,444,"This subreddit is sort of a wrestling book club. Every Tuesday I will pull two matches from a list of 20,000 matches that I have compiled over the years, post them here, and discuss. I look forward to re-watching a lot of matches and watching even more for the first time with all of you!",t5_3cas0,1730753636.72385
167,r/simsmeagie,444,Funny/Humor,t5_82083e,1730753636.744589
168,r/Slatt,444,Slime Love All The Time.,t5_uvile,1730753636.76524
169,r/Songsterr,444,Music,t5_hqojb,1730753636.7861109
170,r/SPCorner,444,"The Reddit home of SuperiorPics, a website in existence since 2001. “Superior Pictures of Celebrity People.”",t5_27e4pn,1730753636.8057652
171,r/StellarisNews,444,Gaming,t5_4vp1fy,1730753636.824137
172,r/STEM_Study_Groups,444,"A study group for technical subjects. Math, Physics, Stats, CS, Chem, Bio, ... Econ? ... Philosophy? ... Eh, that's getting flimsy, but you get the idea.",t5_2l72d3,1730753636.842478
173,r/Stereo3Dgaming,444,Gaming,t5_b1qrvi,1730753636.860998
174,r/TactileTurn,444,Subreddit to discuss Tactile Turn and Tactile Knife Co. Products.,t5_58l3as,1730753636.879702
175,r/TassieEnts,444,"This community is a harm reduction resource for Ents of Tasmania to come together and share their ideas and provide information and support for other fellow enthusiasts. READ ME: Please no posts or comments asking (or even hinting!) to acquire, they will be removed.",t5_3a1s7,1730753636.89807
176,r/TeamScorpion,444,Television,t5_3pfss,1730753636.917027
177,r/TexasSuperKings,444,The unofficial cricket T20 sports subreddit for the latest news and discussions of all things related to the Texas Super Kings of Major League Cricket / MLC. #WhistleForTexas 🟡,t5_836f8w,1730753636.9378638
178,r/TFT_memes,444,TFT Memes,t5_21ox18,1730753636.9606788
179,r/TobaccoHistory,444,The history of tobacco consumption.,t5_3cb2i,1730753636.98347
180,r/trishapaytassnarkkk,444,Welcome to the snark page for Trisha Paytas. A place where you can discuss all things related to Trisha. Happy Snarking!,t5_a19hgv,1730753637.006339
181,r/UpcomingMovies,444,"Discover & Find List of Upcoming Movies Releasing Soon, with Dates, Posters, Links, detailed information, etc",t5_2vd52,1730753637.028899
182,r/urbanmalaysia,444,This subreddit is not just about urban planning. Anything related to liveability and environmental sustainability in Malaysia can be posted here.,t5_6bgygf,1730753637.051326
183,r/Uzaki_Tsuki,444,Welcome to Uzaki_Tsuki,t5_7etyth,1730753637.072578
184,r/Veloceracing,444,"This is the (unofficial) sub reddit for esports and racing organization, Veloce. Please read the rules before posting - Have fun :D note : community designing still hasn't finished",t5_3k4ftz,1730753637.094642
185,r/VolaBand,444,"VOLA are a progressive metal band formed in Copenhagen, Denmark in 2006. The band has released 4 studio albums, with the latest being 'Friend Of A Phantom' which is out now!",t5_lp94q,1730753637.117565
186,r/VoxAkuma,444,Gaming,t5_6c9fhi,1730753637.141398
187,r/Vrabelwarroom,444,Sports,t5_2lrdy3,1730753637.165031
188,r/WagyuSwap,444,WagyuSwap: The First DEX on the fastest blockchain Velas. The finest cut of decentralized trading platforms will serve a nascent ecosystem that is already buzzing with dozens of new projects.,t5_50fhbl,1730753637.188483
189,r/WestVirginiaBeer,444,The West Virginia beer scene. News and updates from the West Virginia beer scene and breweries. Created by a fellow West Virginian who is passionate about beer.,t5_2gevpt,1730753637.212543
190,r/WhatIs,444,Welcome to WhatIs,t5_2rg0i,1730753637.236147
191,r/WHOSYOURHANDLER,444,"This community is for Targeted Individuals to share and tell their stories and daily struggles dealing with gangstalkers, FBI/CIA and their lapdogs. You have a story or topic?, let us hear it! I am a 16 year survivor and have been through hell and know personally many people who are up to this no good shit. So trust me, I know your pain. No religious or Satan/devil/spirts/ghosts/UFO abduction talk. Save it for your mama. Here, we're trying to get answers and offer meaningful support. Thanks",t5_8aqdrr,1730753637.2599921
192,r/woocommerce_Stores,444,"Everything you need to grow and scale your E-Commerce Business. Online store is a great way to create a passive income. However, you may have difficulty gaining sales if you don’t have an effective setup and strategy in place. Here you can discuss everything about managing an e-commerce store.",t5_4y77pg,1730753637.28413
193,r/zombieexodus,444,Gaming,t5_33krb,1730753637.3074381
194,r/zyxel,444,A sub-reddit for admins and engineers who inherited Zyxel gear and now are forced to support this utter garbage (because no one in their right mind would buy this trash).,t5_q3o14,1730753637.328305
195,r/2sentenceKarenhorror,443,Karen related horror stories in two sentences or less.,t5_2u9s4x,1730753637.34954
196,r/Accidentallygenius,443,When you have done something accidentally and realise that what you just did was genius.,t5_18o5fn,1730753637.3710651
197,r/AccidentallyPlural,443,Funny/Humor,t5_3zxeoc,1730753637.392537
198,r/Alee_Babes,443,Join to become a moderator and official member of Alee_Babes,t5_aro2tj,1730753637.414571
199,r/alevelbusiness,443,Learning and Education,t5_2qi35i,1730753637.4364219
200,r/Amonkhet,443,"Plane Shift: Amonkhet. This subreddit is for WotC's role playing supplement for Dungeons and Dragons 5th Edition based on their Egyptian-themed setting of Amonkhet, made for the Magic the Gathering TCG. Amonkhet is a plane ruled by Nicol Bolas. The desert oasis forges warriors. They train their entire life for a chance to face the Trials of the Five Gods and join the elite ranks of the Worthy and to claim an honored place in the Afterlife. They prepare for the great God-Pharaoh's return.",t5_11ywg5,1730753637.458868
201,r/AppleHomePod,443,All things Apple HomePod Coming Soon,t5_3lmx1,1730753637.480916
202,r/arttrade,443,Welcome to arttrade,t5_2ti11,1730753637.5044081
203,r/azgolf,443,A sub for Arizona golfers and golfers looking for info on courses and golf events in Arizona.,t5_r4u3g,1730753637.5273201
204,r/BallzTheGame,443,Gaming,t5_3jkd0,1730753637.550082
205,r/BarryVsLarry,443,The ongoing battle for mediocre supremacy,t5_zno0p,1730753637.57656
206,r/baulopusting,443,Activism,t5_7dg5vs,1730753637.6127622
207,r/Beatblade,443,Gaming,t5_2sk7ha,1730753637.638015
208,r/beatlesfanalbums,443,Music,t5_bk67i3,1730753637.666662
209,r/BeneteauOB,443,Cars and Motor Vehicles,t5_2i4w57,1730753637.692002
210,r/Bimmers,443,Post your BMW pictures and stories here.,t5_345z5,1730753637.717603
211,r/BLTouch,443,Technology,t5_3huya,1730753637.742264
212,r/Boysdryhumping,443,This is the group for who loves to see boy dry humping each other. I wanna know who have taste like me. Share the video here together,t5_blcqig,1730753637.769551
213,r/BrandNewFriendships,443,"Made a friend recently? Well, let's talk about that!",t5_2cmzq5,1730753637.8031292
214,r/Bremont,443,Fashion,t5_37ljd,1730753637.838944
215,r/byulgbtq,443,Sexual Orientation,t5_416nfx,1730753637.876663
216,r/castlesandcrusades,443,Tabletop Games,t5_2si7w,1730753637.9152288
217,r/Chem,443,Science,t5_2r86k,1730753637.9558542
218,r/CityOfVillains,443,A community for all CoX Private Servers,t5_zuuut,1730753638.004734
219,r/coldestuknow,443,for ICE OF NO SELLING,t5_6x3sq1,1730753638.061451
220,r/ConnieConverse,443,A community for fans of Connie Converse,t5_bxywu,1730753638.1031199
221,r/crossdressing_iowa,443,"Is this Heaven? No, it’s the Iowa crossdressers’ sub! A place to share pics/vids, discuss and support one another! -- Please take a moment to read our rules <3",t5_8eiwr0,1730753638.141197
222,r/Crowbar,443,This subreddit is dedicated to the sludge metal band Crowbar,t5_396kl,1730753638.1785731
223,r/destinicreams,443,"Destinicreams, destinifoxx, the fitmami also place for thick pale and bald sluts.",t5_bmpbdl,1730753638.211721
224,r/DRCConflict,443,This is a subreddit dedicated to discussion of the various conflicts in the Democratic Republic of Congo or conflicts in neighboring countries that relate to the Democratic Republic of Congo. Please read the sticky before commenting.,t5_35ajp,1730753638.249075
225,r/EmberMoon,443,"Subreddit to discuss AEW wrestler Athena, formerly known as Ember Moon.",t5_j2ufa,1730753638.28108
226,r/ExcelEsports,443,Gaming,t5_wfprg,1730753638.3161972
227,r/fandubs,443,This is a subreddit where you can offer to join up with other users to dub anime. I had this idea when I found out a few tricks for dubbing over episodes. For releasing of dubbed over content legally. I believe we'd have to make a you tube video with just audio that can be synced up to the video. I hope this takes off. It can be great fun for anyone who wants to become a voice actor.,t5_32now,1730753638.363412
228,r/FBCFirebreak,443,Welcome to FBCFirebreak,t5_ajunwl,1730753638.410819
229,r/Fleetposting,443,Hobbies,t5_azjptm,1730753638.466958
230,r/FuturesFocus,443,"Business, Economics, and Finance",t5_84vy9f,1730753638.507669
231,r/GenBrit,443,"Do some based Britposting r/GenBrit is a bipartisan subreddit which seeks to bring Brits from all walks of life together in order to defend our great nation and allies online. We champion Democracy, Capitalism, Unionism and western unity. We actively oppose communism, fascism and any extremist ideologies.",t5_747f55,1730753638.53559
232,r/GladiatorManager,443,Gaming,t5_b9ji24,1730753638.5656571
233,r/GORAKHPUR_UP53,443,Place,t5_7wye77,1730753638.5928771
234,r/GUMusic,443,"Subreddit dedicated to GUM, project by Perth musician Jay Watson.",t5_3i6uk,1730753638.619329
235,r/gymhumor,443,Internet Culture and Memes,t5_cbxz07,1730753638.650037
236,r/homedash,443,Technology,t5_7rxiau,1730753638.682444
237,r/igdtuforW,443,Careers,t5_9l1cgb,1730753638.71603
238,r/IntermediateSkaters,443,For pretty good skaters,t5_2cgwjt,1730753638.74947
239,r/JenniferAnistonFeet,443,Welcome to JenniferAnistonFeet,t5_b4bpot,1730753638.779197
240,r/KatsushikaOui,443,Anime,t5_10m0u8,1730753638.808366
241,r/Krishna_Shroff,443,"Krishna Shroff, known for her distinct identity in the Indian entertainment industry, stands out as a fitness enthusiast and fashion influencer. While she's not directly involved in Bollywood films, her presence in the industry is marked by her influential fitness initiatives and bold fashion statements. Krishna's strong personality and commitment to wellness have made her a role model. Her striking looks and dedication to personal health and fitness inspire many, making her a prominent public f",t5_4p0sb6,1730753638.836929
242,r/kwentutantayo,443,Mature Themes and Adult Content,t5_bx5idj,1730753638.8662689
243,r/Lgbtwallpapers,443,Art,t5_4xin3i,1730753638.895761
244,r/LoStudenteFuoriSede,443,Learning and Education,t5_c44oph,1730753638.922723
245,r/mages_survival,443,This is a sub dedicated to the mobile game Mages Survival!,t5_6sjmsj,1730753638.9531891
246,r/matthewbroussard,443,To share content from and about comedian Matthew Broussard!,t5_7qit8a,1730753638.980351
247,r/mermista,443,"This page is for Mermista from the Netflix TV series She-Ra and the Princesses of Power. Discussion, cosplay images, fan art, fan fiction, tattoos, and theories are welcome! Hate of any kind is not allowed here!",t5_2o258m,1730753639.004543
248,r/Missaxxx,443,"Discuss about the Misax videos. Other subs: r/PervTherapy_com, r/BestBushPorn",t5_bqx82l,1730753639.025551
