,subreddit,subscribers,topic,subreddit_id,scraped_utc
0,r/MissionFailedGifs,443,Welcome to MissionFailedGifs,t5_30thb,1730753654.92845
1,r/MizzJadaThyck,443,Welcome to MizzJadaThyck,t5_89ofpq,1730753654.9521768
2,r/monacoismine,443,The subreddit for the upcoming stealth-puzzle game by Pocketwatch,t5_2v8b3,1730753654.972477
3,r/moviefutures,443,"In this subreddit we post about the depictions about the ""future"" in film. We welcome any media or discussion about a future in a film beyond the year the film was released or made, even if that setting is now in the past, and films with a futuristic setting despite unspecified dates. It also includes films that are only partially set in the future.",t5_vgyyy,1730753654.992787
4,r/MTFSelfieTrainTemp,443,"Ages 18+ SFW positive space for trans women and transfeminine people. If you feel pretty, take a picture and share it with us! No nudes(no sexual organs visible) no problem :*",t5_8i2k0v,1730753655.013443
5,r/NelsonLedges,443,Nelson Ledges Quarry Park subreddit for general purposes.,t5_32c0y,1730753655.045119
6,r/Netwrix,443,"Netwrix champions cybersecurity to ensure a brighter digital future for any organization. Netwrix's innovative solutions safeguard data, identities, and infrastructure reducing both the risk and impact of a breach for more than 13,500 organizations across 100+ countries. Netwrix empowers security professionals to face digital threats with confidence by enabling them to identify and protect sensitive data as well as to detect, respond to, and recover from attacks.",t5_32s9q,1730753655.066005
7,r/NewsChannel13,443,World News,t5_bj3fsu,1730753655.086415
8,r/NJBike,443,"Dedicated to bicycling in the great state of New Jersey - Human Powered and E-Bikes are welcome. Riders at all levels are welcome. Learn new bike paths, post your favorite Strava Routes, and share the road.",t5_2rqxud,1730753655.106606
9,r/NovumVexillum,443,"Novum Vexillum is a new Hearts of Iron 4 modding project. NVX is a modern era total conversion mod dedicated to intricate geopolitics and warfare, while simultaneously allowing most large features to be disabled for those who want a sandbox experience instead.",t5_22opfh,1730753655.125049
10,r/NYCFreakout,443,A place to share your favorite public freakouts from our favorite east coast metropolis.,t5_26bx5m,1730753655.220723
11,r/OdinMakes,443,Hobbies,t5_28zjzi,1730753655.240104
12,r/OrdainWomen,443,"Ordain Women aspires to create a space for Mormon women to articulate issues of gender inequality they may be hesitant to raise alone. As a group, we intend to put ourselves in the public eye and call attention to the need for the ordination of Mormon women to the priesthood.",t5_35uh5,1730753655.267513
13,r/overwatch_irl,443,sometimes you just relate to a 19 year old korean teenager who fights with a mech,t5_3eooa,1730753655.286536
14,r/PaganOrWitchDiscord,443,A place to share/advertise your Pagan or Witchcraft Discord servers. Many Pagan/Witchcraft subreddits don't allow people to post their discord servers so this is the place to do that.,t5_3fh96g,1730753655.307265
15,r/pardonmuahinsta_snark,443,Dedicated snark page for anything and everything PardonMuahInsta share your best snarks on the latest content from Amanda Marshall aka “Ole Mandy Patel “🫶🏼🤍,t5_azrhrl,1730753655.329015
16,r/PeopleYeetingAnimals,443,People doing this: https://www.youtube.com/watch?v=JZXhV6s65xw,t5_12d9px,1730753655.348202
17,r/pitmansisters123456,443,this reddit is dedicated to the Pitman sisters,t5_ahdfpc,1730753655.36713
18,r/PnBRock,443,Music,t5_5kgc4y,1730753655.3855639
19,r/Pokken_Tournament,443,This community is about the Nintendo Switch and Wii U game Pokkén Tournament!,t5_338t4,1730753655.403445
20,r/PrimerMovie,443,For fans of the film Primer. Fan theories welcome. Anything Primer related or other similar films.,t5_2vyi5,1730753655.422185
21,r/purgatony,443,"A subreddit for the new tv show by Explosm Entertainment, now on Youtube",t5_3okj3,1730753655.440107
22,r/Quillette,443,Companion subreddit for Quillette.com New articles will be posted here.,t5_3n2fy,1730753655.45792
23,r/RareWare,443,"A place to talk about Rare, their games, and IPs they helped shape!",t5_2t5qy,1730753655.476613
24,r/Rc4wd,443,Hobbies,t5_4lx6hn,1730753655.494246
25,r/realtrucking,443,"Welcome to the ONLY subreddit for real Truck Drivers! Whether You're in a Day cab, short haul/Regional or the road is your home, You will be welcomed here! Interested in the culture and lifestyle? Feel free to ask questions!",t5_9k5j4,1730753655.5121799
26,r/reddithochintelligent,443,"Redditoren sind hochintelligent. Hier treten wir den Beweis an. Es gibt keine dummen Fragen, nur dumme Antworten. Auch fehlgeschlagene Experimente bringen die Wissenschaft weiter.",t5_980v9o,1730753655.529786
27,r/reelbearmedia,443,Welcome to reelbearmedia,t5_3cyjx,1730753655.54738
28,r/RightHandDrive,443,"A place for sharing RHD, fluff and stuff, and for discussing various RHD vehicles be they Japanese, European, Australian, one of the American rarities or whatever. Topic discussions welcome.",t5_37zbf,1730753655.5650141
29,r/RikoMatsumoto,443,Anime,t5_281idj,1730753655.582731
30,r/ScoutsNL,443,Hobbies,t5_irsxt,1730753655.6003442
31,r/ShadowFight3_,443,Gaming,t5_clboca,1730753655.6205928
32,r/SpatialComputingHub,443,Join us on Discord: https://discord.gg/VJ498FM4pP or find devs at r/spatialcomputingjobs,t5_8kubf7,1730753655.6385002
33,r/Stolen,443,"Using the magic of the internet, we can reunite people with their stolen belongings.",t5_2rj8e,1730753655.6561449
34,r/teensbaking,443,Food and Drink,t5_2xar6v,1730753655.67385
35,r/the_alex_jones,443,A subreddit dedicated to the antics and sheer craziness of Alex Jones.,t5_3eqoc,1730753655.691773
36,r/theamazingracecanada,443,Television,t5_2wh6h,1730753655.71168
37,r/theBottomofYT,443,This serves as a safe space to respectfully express your opinions about the 90 day community of YouTube. Rock bottom is here. This subreddit features materials protected by the Fair Use guidelines of Section 107 of the Copyright Act. All rights reserved to the copyright owners.,t5_6yzaoi,1730753655.729759
38,r/TheEarningsPlayBook,443,Earnings plays for the average person without the WSB idiocy,t5_2ts4w7,1730753655.747562
39,r/TheGreatestDemonLord,443,Anime,t5_42dk2v,1730753655.7652638
40,r/TheGreyPill,443,I want to change the community info text but I don’t know how to do it on my phone can someone do it for me.,t5_2xso1,1730753655.7831218
41,r/thelandofstories,443,"Reading, Writing, and Literature",t5_ybv8p,1730753655.801096
42,r/thisisnotwhoweare,443,"People who get caught doing bad things then complain that it was out of character. ""This is not who I am!"" ""This is not who we are!"" Edit: After creating this I realised that it already existed over at r/thisisntwhoweare I’m going to leave this up for now to use as a practice sub.",t5_25shla,1730753655.8209002
43,r/ThreePanelPuns,443,"Post your jokes in three panels! Cute animals preferred, but not a must. Also must be a pun/joke/groaner/something.",t5_3abkp,1730753655.8385
44,r/TMWFTE,443,"An alien arrives on earth with a mission: to learn to become human and find the one woman who can help save his species. Together they discover that in order to save his world, they must first save ours.",t5_69nj3t,1730753655.858761
45,r/turtlesandmeth,443,It's fairly self-explanatory people.,t5_2vblz,1730753655.878546
46,r/USKITA,443,Crypto,t5_4e54x2,1730753655.898358
47,r/VanossCrew,443,Subreddit dedicated to anything related to the VanossCrew,t5_74ptkf,1730753655.9178581
48,r/vit4ukraine,443,"My name is Vit and I deliver stuff for the Ukrainian Armed Forces. This is my personal initiative and I arrange deliveries all the way to the frontlines. This the fastest and also the cheapest way to deliver highly needed equipment: combat application tourniquets, IFAKs, drones, accessories and of course delicious maple syrup to boost their morale. Most of my expenses are covered by Reddit users, therefore I post pictures here for y’all to see we’re the money went.",t5_71qjj8,1730753655.937034
49,r/WhiteCultureArchive,443,"""White people have no culture"", you say? We beg to differ. WhiteCultureArchive is place to celebrate the many positive aspects of white culture and history. This isn't a hate subreddit, this is a place of learning. All are welcome.",t5_z9zgd,1730753655.956137
50,r/WildVancouverIsland,443,"Welcome to the most beautiful place on earth ⛰️🌊 This subreddit is dedicated to sharing local news, tips, guides, and photos of Vancouver Island",t5_8sfyip,1730753655.9748008
51,r/wluLex,443,"This is a community of students and alumni of Washington and Lee University in Lexington, Virginia.",t5_30x79,1730753655.992637
52,r/WowClassicPaladin,443,"A community for discussing the Paladin class in WoW Classic and TBC Classic. Let’s talk about builds, rotations, best in slot, tricks, helpful hints and anything else regarding one the best classes in the game.",t5_3psvr,1730753656.010493
53,r/WRickWritesSciFi,443,Just a place for me to share my sci-fi stories.,t5_a1yewt,1730753656.028339
54,r/youretheworst,443,nice,t5_2wwww,1730753656.046019
55,r/21MClub,442,"**Are you part of the 21,000,000 club?** If you hold at least 1 BTC, you are!",t5_a5sfa,1730753656.063841
56,r/AccidentalIwoJima,442,For photos that look like the famous flag raising on Iwo Jima.,t5_12di6n,1730753656.081428
57,r/AICEC,442,Learning and Education,t5_3aln2,1730753656.0995011
58,r/AMD_MI300,442,Technology,t5_ao7a5m,1730753656.1173499
59,r/ampcc,442,Community for people who use and support the cause of online services I run. For discussion and error reporting.,t5_bkpbwg,1730753656.135508
60,r/askadane,442,AskaDane: Learn about Denmark.,t5_68rou9,1730753656.154152
61,r/AyeshaErotic,442,The BETTER Ayesha sub Reddit,t5_2vuc2k,1730753656.1719859
62,r/BadWales,442,Politics,t5_2970qt,1730753656.1915038
63,r/BillHarper,442,Show your appreciation for Bill Harper (from the show Mr. Robot) today!,t5_39xdl,1730753656.209095
64,r/bitsquare,442,"Bitsquare is an open-source desktop application that allows you to buy and sell bitcoins in exchange for national currencies, or alternative crypto currencies. &nbsp;",t5_362qg,1730753656.226433
65,r/blessedanime,442,"Subreddit for blessed anime images, artwork, memes, and GIFS. Active community since July 21, 2020",t5_29a949,1730753656.2438998
66,r/BrapBible,442,"""in the name of the bike, and of the squid, and of the Holy Spirit"" amen",t5_380w7,1730753656.261336
67,r/BreadStapledToGrass,442,Bread that has been stapled to grass,t5_25eyvr,1730753656.2787688
68,r/CatsthatBeep,442,CatsthatBeep is the sub for cats that emit a small sound similar to a beep. Silent meowers are also welcome.,t5_bld2ba,1730753656.296154
69,r/Cronos,442,"Business, Economics, and Finance",t5_3np6a,1730753656.313674
70,r/curtsnewhat,442,Have you heard?,t5_38ab2,1730753656.33124
71,r/customgrow420,442,Mature Themes and Adult Content,t5_334nv,1730753656.349005
72,r/DandoNorric,442,Ship between Daniel Ricciardo and Lando Norris,t5_2ynjsk,1730753656.366713
73,r/DiaboticalRogue,442,Gaming,t5_4ywtts,1730753656.38463
74,r/drogonwinsthethrone,442,"We cheer for the biggest of them all, DROGON. Why should he just fight his entire life. and some say dragons are smarter than humans, right Tyrion? he will be a fair leader and since he is the son of dany he has a claim.",t5_108xme,1730753656.402504
75,r/Duquesne,442,Learning and Education,t5_2s3gm,1730753656.420317
76,r/EagleCool,442,The unofficial subreddit for eagle.cool,t5_7nhflt,1730753656.4381828
77,r/ElixirLang,442,Learn the Elixir programming language. General discussion around the elixir-lang ecosystem and community.,t5_3euu3,1730753656.4559329
78,r/FantasyAllsvenskan,442,"En subreddit för folk som vill diskutera allt som har med Allsvenskan Fantasy att göra. Tips om lag, transfers, nyheter, och allt annat samlas här för att underlätta för att Fantasy managers!",t5_if6qp,1730753656.4736152
79,r/FeitElectric,442,Technology,t5_2gsff4,1730753656.491329
80,r/FieldOfFire,442,"Reading, Writing, and Literature",t5_3ignl3,1730753656.509284
81,r/FlightInstructors,442,Welcome to FlightInstructors,t5_2szyx,1730753656.527071
82,r/freestyle2,442,Gaming,t5_31rfy,1730753656.544725
83,r/GodinGuitars,442,A place to discuss and showcase your Godin Guitars. Not affiliated with Godin.,t5_5rb8yo,1730753656.562583
84,r/GreensboroSwarm,442,Sports,t5_s4wsm,1730753656.580061
85,r/hitwomanfantasies,442,The goal of this fantasy is NOT to enjoy death. Rather the goal is to use the fictional kill to enjoy and accentuate the power of female sensuality over man. Male ejaculation is typically stimulated by the feeling of being overwhelmed by female beauty. The male is paralyzed by ecstasy. This fantasy heightens that reality. The man has been tricked and overpowered to an exponential degree. There’s a irreversibility to it. The woman has used her sensual charm to literally incapacitate (kill) him. 🤭,t5_ahj041,1730753656.597763
86,r/holyspirit,442,Welcome to holyspirit,t5_2ypj2,1730753656.616726
87,r/HoraDeParar,442,"Um amigável espaço de recuperação, incentivo e apoio para aqueles que querem parar/reduzir/discutir o consumo da droga ou outras atividades, como consumo de pornografia. Discutimos como parar o uso dessas substâncias e/ou atividades, como permanecer afastado delas, como as consumir de jeito mais saudável e quais são as suas representações para nós e para o mundo.",t5_4b7o27,1730753656.634892
88,r/HouseofCB,442,Fashion,t5_ax7l2o,1730753656.6525161
89,r/HowToDrawReallyGood,442,Youtube Celebrity giving advice and pro tips on how to draw things to a very professional level.,t5_2wbzg,1730753656.670194
90,r/ihateshift,442,Podcasts and Streamers,t5_3lxesu,1730753656.689031
91,r/INDIKA,442,Gaming,t5_aqw301,1730753656.708003
92,r/IndoriFood,442,Food and Drink,t5_bf8813,1730753656.726768
93,r/IniquityGames,442,Gaming,t5_2ovoq9,1730753656.745383
94,r/JamesCameron,442,A subreddit dedicated to film writer/director [James Cameron](https://en.wikipedia.org/wiki/James_Cameron).,t5_2tnru,1730753656.764044
95,r/JohnWilson,442,Television,t5_3b2ati,1730753656.782984
96,r/josswhedon,442,Celebrity,t5_2recx,1730753656.801839
97,r/JuliaKnezevic,442,Pics of Julia Knezevic,t5_30zkfz,1730753656.8205051
98,r/kawatoken,442,Crypto,t5_4p3b5t,1730753656.839236
99,r/LegoEda,442,Get Lego Eda’d,t5_33x03y,1730753656.858019
100,r/leonorsgodinho,442,Welcome to leonorsgodinho,t5_aasd9v,1730753656.877088
101,r/Lineage,442,"Lineage is a medieval fantasy, massively multiplayer online role-playing game (MMORPG) released in the United States in 1998 by the South Korean computer game developer NCsoft.",t5_2sy1h,1730753656.896291
102,r/LucidAir,442,"Community for the discussion of the electric sedan Lucid Air and Air Sapphire. News, media, general discussion topics, and owners are welcome!",t5_3jkal,1730753656.9153159
103,r/MECFSPatients,442,"An open, accepting, and scientific community which aims to help people with ME/CFS (Myalgic Encephalomyelitis/Chronic Fatigue Syndrome) navigate the condition and find helpful resources. We also help refer patients to high quality online communities and combat misinformation and scams.",t5_bq60m3,1730753656.934347
104,r/MeganFiorexxx,442,Welcome to MeganFiorexxx,t5_986gua,1730753656.953349
105,r/megkimura,442,Dedicated to Meg Kimura Ig: megkae,t5_4uq11p,1730753656.9720829
106,r/MinerOdyssey,442,Gaming,t5_c1z168,1730753656.99135
107,r/MontgomeryGator,442,Welcome to MontgomeryGator,t5_5kawic,1730753657.010665
108,r/MovingtoSanDiego,442,Place,t5_3coe5o,1730753657.029939
109,r/Nematology,442,"Nematology is the scientific discipline concerned with the study of nematodes. This subreddit functions as a place to discuss past, present, and future nematological research and methods, as well as a community and gathering place for casual discussion with workers in the field of nematology. Also tweeting at https://twitter.com/Nematology",t5_2v0a6,1730753657.0490072
110,r/nonUSIMGreddit,442,#usmlematch #non-usimg #usnlesteps #usce #research #lors#residencyinterviews #match2024/25,t5_akvhon,1730753657.067907
111,r/oldladieswithguns,442,old ladies with guns and some with swords,t5_3o2huc,1730753657.09792
112,r/PeopleAreTheWorst_Pod,442,"People are the Worst is a new podcast of shocking stories told by twins who love true crime stories w/ a plot twist or shock factor and hate the people responsible for them. So let’s chat the most bizarre, weird ass, crazy cases. New episode every Thursday!",t5_6hz0e4,1730753657.122022
113,r/PerryBibleFellowship,442,Welcome to PerryBibleFellowship,t5_4rqujo,1730753657.1425579
114,r/Planescape5e,442,Welcome to r/Planescape5E! This sub is specifically focused on the 5th edition release of the Planescape campaign setting.,t5_6xw6jg,1730753657.163352
115,r/PlumpFemboys,442,"A SFW place for all Plump, Chubby, and rounder Femboys to feel excited and appreciated",t5_6eb6ps,1730753657.183733
116,r/pointlesslygorillad,442,When things have a pointless gorilla,t5_373y3c,1730753657.203855
117,r/PokemonGoColumbus,442,"A Pokemon GO subreddit for Columbus, Ohio it's surrounding areas!",t5_3fcto,1730753657.224146
118,r/powertvv,442,Television,t5_8e6cxq,1730753657.2437
119,r/PrePrequelmemes,442,Movies,t5_ksnne,1730753657.2625449
120,r/professionalcuddling,442,"This is a forum for professional cuddlers and clients who might be interested in the practice. This is not a place for you to advertise yourself, though by giving information about your cuddling strategy and philosophy, you benefit the industry of cuddling as a whole and encourage others to understand the value of cuddling as a healing modality. This subreddit aims to give professional cuddlers a way to share resources and seek support in a collaborative rather than competitive environment.",t5_2agdwo,1730753657.281439
121,r/PWKFanClub,442,Podcasts and Streamers,t5_bvwgkx,1730753657.300321
122,r/qualys,442,"A home for users of Qualys - whether you use VM/VMDR, WAS, Policy Compliance, or any of the other applications offered by Qualys, ask fellow users here! This subreddit is not managed or moderated by Qualys, though some Qualys employees are members.",t5_5242oi,1730753657.319058
123,r/QuebecINC,442,"Business, Economics, and Finance",t5_atijz4,1730753657.338075
124,r/RaspberryPiBots,442,"all things about raspberry pi controlled robots ,AI FTW",t5_3g39t,1730753657.355615
125,r/reddit_tv,442,Welcome to reddit_tv,t5_2t19q,1730753657.373558
126,r/ReggaetonCubano,442,"Cubaton , Videos ,Descargas MP3 , Descargas MP4 , Previews Actualizate con lo ultimo del Genero Urbano Cubano https://reggaetoncubano.net/",t5_69wc1i,1730753657.3912299
127,r/ResidentEvilOutbreak,442,"A subreddit for everything Resident Evil/Biohazard Outbreak and Resident Evil Outbreak File 2, an online co-op survival horror game released by Capcom in 2003. You can play it online with a fanserver at OBSRV.ORG.",t5_3pw4b,1730753657.409313
128,r/SamanthaSamsungR34,442,Art,t5_4izc5z,1730753657.427086
129,r/SerpentSinnerSaint,442,Art,t5_267dtn,1730753657.4460502
130,r/Setlife,442,"Pre production, production, or post production, if you make movies or TV, you live the set life. Share your stories, give advice, or ask questions. Film making is a collaborative effort, so let's get together and live the set life.",t5_2zu2f,1730753657.464823
131,r/shipsart,442,Art created by or inspired by Ships.,t5_8omigt,1730753657.483495
132,r/SkatingPolly,442,Music,t5_3f53y,1730753657.5023448
133,r/SocialistsOfTexas,442,Organizing the Left in Texas.,t5_3hhgd,1730753657.521097
134,r/Solarpunk_de,442,Activism,t5_6aa0ui,1730753657.5397718
135,r/sonofabreach,442,Gathering place of all SCP fans who want to help create Son of a Breach,t5_8leucs,1730753657.5587041
136,r/swipesifellfor,442,For when you fall for swipes,t5_bcath2,1730753657.5787919
137,r/sydneysmithsimps,442,Welcome to sydneysmithsimps,t5_bje9r1,1730753657.5979981
138,r/SylvesterStallone,442,A subreddit dedicated to the one and only Sylvester Stallone!,t5_311eg,1730753657.617117
139,r/TallGirlAdvice,442,"A place for tall girls helping other tall girls. Questions, advice, where to find, tips, tricks and overall things to make our lives easier. A healthy dose of humor is recommended, too.",t5_qei2b,1730753657.6360419
140,r/taverntales,442,Discuss content from the RPG Tavern Tales. Check out the website at Taverntalesrpg.com,t5_31fsf,1730753657.654731
141,r/textlessposter,442,Art,t5_ahmy4m,1730753657.673629
142,r/TourX,442,Community for discussing and sharing information about the Buick Regal TourX and Opel Insignia Estate.,t5_wh81l,1730753657.692652
143,r/TransStyle,442,"This community is designed with the intent for any transgender person to come discuss: fashion, style, makeup, gender norms, culture, and any other trans/life related topics! Share Pics and Conversation Rules to be established as we go No hate towards one another or you will be banned",t5_2mm1f7,1730753657.711667
144,r/TurkishLeft,442,"Bu kapitalist ve yobaz sistemi kabul etmiyoruz! Bu topluluğun amacı, Türkiye'deki sosyalistleri birleştiren, hizipçilikten uzak bir tartışma ve paylaşma platformu sağlamaktır. Hiçbir liberal ve gerici söyleme burada izin yoktur. | We don't accept this capitalist and bigoted order! The purpose of this community is to provide a non-sectarian discussion and sharing platform for socialists from Turkey. Liberal and reactionary rhetoric is not allowed.",t5_2669hs,1730753657.730241
145,r/TurningPointIndia,442,Internet Culture and Memes,t5_48gccc,1730753657.747484
146,r/TwitterCelebs,442,Celebrity,t5_af4460,1730753657.765229
147,r/UNFTR,442,Podcasts and Streamers,t5_4f50fp,1730753657.78312
148,r/USDT_EXCHANGE,442,"Business, Economics, and Finance",t5_986bq7,1730753657.8009212
149,r/voxscript,442,Technology,t5_8elxp9,1730753657.819914
150,r/Waterplanes,442,"Post about water planes, whether amphibious or specifically water based.",t5_3f6yj,1730753657.838662
151,r/WestHamWomen,442,Sports,t5_7scun6,1730753657.858295
152,r/WholesomelyWrong,442,Welcome to WholesomelyWrong,t5_aqyuz2,1730753657.87941
153,r/Wine_Memes,442,Welcome to Wine_Memes,t5_33946,1730753657.90483
154,r/WorldofCarriers,442,Military,t5_2jsq04,1730753657.926539
155,r/WSApreview,442,Welcome to Windows Subsystem For Android. Help yourself by asking the community about the issues your facing and get it resolved.,t5_57o1e7,1730753657.9439528
156,r/wvd,442,Technology,t5_2hd5gi,1730753657.962157
157,r/zenzedi,442,"Discussion forum for those who are legally prescribed Zenzedi (dextroamphetamine sulfate) 2.5, 5, 7.5, 10, 15, 20, 30mg tablets USP in the United States.",t5_44wm2h,1730753657.9799712
158,r/2deoxyDribose,441,Feel free to join our comunity where we talk about 2-deoxy-D-ribose (2dDR) and the effects in humans! *READ THE RULES* Disclaimer: This subreddit is for educational purposes only! We dont encourage anyone to use 2-deoxy-D-ribose (2dDR),t5_catwcj,1730753657.997942
159,r/AbzanMTG,441,"This subreddit is dedicated to Modern Abzan decks in all forms and formats. Come here to discuss results, decks, articles, news, and all things pertaining to Abzan in Magic the Gathering",t5_3c8qx,1730753658.015705
160,r/AlevelGeog,441,Learning and Education,t5_2k84ay,1730753658.033607
161,r/alitamemes,441,Memes about ALITA: BATTLE ANGEL,t5_whcst,1730753658.0531101
162,r/AoiFujino,441,Celebrating the beauty of Aoi,t5_7ltb74,1730753658.071847
163,r/Apexpotatoes,441,"A place where the so called potatoes can squad up, share experience and just generally have a good time.",t5_29fr71,1730753658.089599
164,r/biandfineincarolina,441,"Since the Carolinas have a unique environment for LGBT, especially bisexuals, this subreddit is a meeting place for advice and support for anyone living in the area and dealing with the unique pressures that arise from being Carolinian.",t5_2ul2i,1730753658.1081269
165,r/birdwatchinguk,441,Hobbies,t5_3gv1z4,1730753658.126198
166,r/bistecone,441,"Sejam Bem-Vindos ao Reddit do Bistecone, se divirtam bastante e bom proveito a todos.",t5_91xtib,1730753658.144227
167,r/buschlight,441,"Busch Light, baby. Official subreddit for the world's greatest cheap beer. www.busch.com",t5_2wvmq,1730753658.1622112
168,r/Carmen_Aubb,441,subbreddit for beautiful Mexican actress Carmen,t5_5e2vdf,1730753658.180228
169,r/catyapa,441,Animals and Pets,t5_714xg8,1730753658.198283
170,r/chanclas,441,Welcome to chanclas,t5_2tzrk,1730753658.2159739
171,r/CleverCombacks,441,Funny/Humor,t5_2f0dyn,1730753658.2337081
172,r/ColombianBaddie,441,Welcome to ColombianBaddie,t5_73i8yd,1730753658.2511292
173,r/complexprocedures,441,Supposed to be r/complexstartupprocedures but that wouldn't fit.,t5_11ugx2,1730753658.2691011
174,r/CraneJudgesTattoos,441,"In request of you guys, my dear followers and subscribers, I created this subreddit where you can submit pictures of your tattoos, that I would later judge or react to in one of my videos named ""JUDGING MY VIEWERS TATTOOS"". By submitting a picture of your tattoo you allow it to be shown on my video.",t5_26oddh,1730753658.2891462
175,r/Crosscountrymemes,441,Sports,t5_2b6nnv,1730753658.308074
176,r/curvedlandscapes,441,Curved. Landscapes.,t5_3llms,1730753658.3257082
177,r/dagibee,441,Welcome to dagibee,t5_an73ho,1730753658.3444428
178,r/DankMemeCulture,441,Internet Culture and Memes,t5_9h1611,1730753658.365536
179,r/DeadRabbitRadio,441,Welcome to DeadRabbitRadio,t5_yfj04,1730753658.3850932
180,r/DilaraArikanli,441,Dilara Arıkanlı fotoğraflarının paylaşıldığı community,t5_9357uy,1730753658.40297
181,r/DIY_Latex,441,"A community dedicated for showing your own creations, asking for help, sharing tips, tutorials, etc.",t5_347rqj,1730753658.421189
182,r/DJIInspire,441,Subreddit for the DJI Inspire,t5_34f66,1730753658.439453
183,r/doublej,441,Music,t5_31kab,1730753658.457598
184,r/elitesparkdrivers,441,"A community for elite spark drivers 💰 Questions? Tips, Earnings. We share it all, join and let’s help each other out 🙏🏻",t5_6q8eij,1730753658.475332
185,r/engineswapping,441,"This is a subreddit for all things engine swap related. If you are planning on swapping an engine into another car, or if you already have one done, or even for engine building related posts go ahead and ask your questions.",t5_39qzw,1730753658.493515
186,r/EvilMark,441,"A portal to discuss 'Evil' Mark Hammond, the EMS Podcast, College Football, NFL, Conspiracies, Dixieland Delight, Jason Aldean SEC montages, Clickbait Headlines & Mock My World and whatever else you want to discuss. ROLL TIDE Y'ALL!!!",t5_5vixes,1730753658.513223
187,r/FairPlayLife,441,"Welcome to r/FairPlayLife, a community dedicated to exploring and implementing the principles of Eve Rodsky’s Fair Play and Unicorn Space. Here, we discuss balancing household responsibilities, reclaiming personal time, and fostering creativity. Join us to share experiences, seek advice, and connect with others on the journey to more equitable and fulfilling lives. Let's create a space where balance and creativity thrive!",t5_7ucy1s,1730753658.531541
188,r/FashionRepsUKI,441,"A space for the UK Repfam to discuss recent hauls, QCs and post fit pics.",t5_3czta0,1730753658.549808
189,r/fetichesdeanime,441,Mi comunidad trata de fetiches y porno 🤪🤪 puedes mandar fotos y videos porno anime de los mejores hentai y tus fetiches es las fotos puedes incluir comics y mangas lasivos,t5_c9cut8,1730753658.568057
190,r/FLEXTools,441,FLEX Tools,t5_44meaa,1730753658.5859342
191,r/FluffyFood,441,Collection of some of my favorite creations/recipes for quick reference.,t5_1hnuqc,1730753658.603162
192,r/FolkGuitar,441,"A place for folk, artists/ singer-songwriters to share their ideas and works.",t5_261vfx,1730753658.6209412
193,r/forestvillagegame,441,"The official Subreddit for Life is Feudal: Forest Village - a feature-rich, town building sim strategy with engaging survival aspects",t5_3fejs,1730753658.638724
194,r/formshadow,441,Welcome to r/formshadow! This is a place to analyze and discuss different players forms. From pros to joes and janes and everyone in between. Happy to have your here.,t5_5nnkbh,1730753658.656873
195,r/Fujitsu,441,Welcome to Fujitsu,t5_2tp7f,1730753658.676058
196,r/gdynia,441,Welcome to gdynia,t5_38c7d,1730753658.6968908
197,r/GlasgowCreatives,441,For Weegies interested in creative arts of any kind. - Find collaboration partners - Update us about your latest projects - Share and discover opportunities - General creative chat and banter,t5_3j29v,1730753658.718051
198,r/Gnar,441,"The home of any and all things gnar. Gnar originated as Gaffney's Numerical Assessment of Radness. Taking skiing to an extreme level while keeping it fun, funny, and laid back. This word was gradually adopted by others in the extreme sport world and now generally encompasses everything that is extreme in sports.",t5_2udmx,1730753658.738563
199,r/gorafting,441,Sports,t5_3vsnff,1730753658.75935
200,r/GusBirney,441,Welcome to GusBirney,t5_ktao9,1730753658.779149
201,r/HertzRentals,441,Cars and Motor Vehicles,t5_2bijxd,1730753658.7972548
202,r/Historybeingmade,441,Current & inspiring photos of history being made.,t5_2v7ur,1730753658.815351
203,r/housingisahumanright,441,Politics,t5_5a0c4q,1730753658.833181
204,r/ianfoote,441,Podcasts and Streamers,t5_c2jzdv,1730753658.8508701
205,r/InvisibleSurfboards,441,Photoshopped images and gifs of surfers without their boards,t5_391w7,1730753658.8687959
206,r/kissykiss,441,Erotically chat with sexy Ai women and generate images of sexy iconic anime women using powerful generative Ai. Role play and act out your wildest fantasies with your favorite hotties!,t5_c64l64,1730753658.886452
207,r/lambic,441,A place to discuss authentic Belgian lambics including lambic related brewerania. Pictures of your latest trade haul should be posted to /r/beerporn Trade beer in /r/beertrade Please direct all non-lambic beer posts to /r/beer,t5_335ys,1730753658.904234
208,r/LanguageTransfer,441,Welcome to LanguageTransfer,t5_3hk3k,1730753658.921927
209,r/MarylandGuns,441,Hobbies,t5_4br3f1,1730753658.939544
210,r/MirageAW,441,Subreddit for the PC game Mirage: Arcane Warfare by Torn Banner Studios.,t5_3cpvy,1730753658.957391
211,r/NadaSurf,441,Music,t5_2vgt7,1730753658.97567
212,r/NCAAFB06,441,Gaming,t5_4raa6x,1730753658.995452
213,r/newyorkrealestate,441,Welcome to newyorkrealestate,t5_2ssb4,1730753659.0132182
214,r/NintendoLovers,441,Gaming,t5_82pcsv,1730753659.030752
215,r/oldpeoplegifs,441,Internet Culture and Memes,t5_2y0p4,1730753659.04849
216,r/OmniCharge,441,The Official Omnicharge Subreddit.,t5_3ihik,1730753659.066108
217,r/OregonStateGrads,441,"A place to share info, memes, meetups, and news for OSU grad students. Grad-aged undergrads are also welcome! Add your flair! Tag yourself with the college you are in - you can edit the text of the flair yourself. (This sub has no official affiliation with OSU - just a place for grad students to meet and chat!)",t5_nipfg,1730753659.083745
218,r/Persona5SpoilerBunker,441,"Take refuge, for we shall be safe from Royal spoilers until March. All are welcome. Have fun.",t5_2755ne,1730753659.1014779
219,r/PixelParty,441,A subreddit where you can post Pixel art right in the comments.,t5_3iw5k,1730753659.119037
220,r/PocketBully,441,Animals and Pets,t5_4fqcwj,1730753659.136673
221,r/PolandWave,441,Military,t5_6mtn85,1730753659.1542778
222,r/PoliticalRevolutionNC,441,**/r/PoliticalRevolutionNC** is the North Carolina branch of **r/Political_Revolution**. This subreddit is meant to raise support and awareness for progressive candidates in North Carolina and issues in the state that align with the political revolution as envisioned by Senator Bernie Sanders.,t5_3f07c,1730753659.1721869
223,r/PowerSupply,441,Talk about power supplies and what not here. Doesn't matter what kind of power supply.,t5_30vcd,1730753659.190026
224,r/ppnojutsu2,441,Funny/Humor,t5_7qkiam,1730753659.207593
225,r/PredatorMemes,441,Memes about the predator Franchise of movies,t5_ug28a,1730753659.225947
226,r/prettending,441,A place for grown ass doctors to take off their white coat and shit post with the med studs,t5_50r83m,1730753659.2449222
227,r/pusa,441,Music,t5_2wep3,1730753659.262516
228,r/QuitYourJob,441,Quit Your Job,t5_37xgr,1730753659.2802172
229,r/RDCAICovers,441,Technology,t5_99rlsb,1730753659.3006258
230,r/RealOrganizationXIII,441,/r/RealOrganizationXIII is a Kingdom Hearts fan community for all KH fans willing to cast aside their humanity and join the Real Organization XIII.,t5_8yugbc,1730753659.3211572
231,r/reddart,441,Welcome to reddart,t5_2rfuz,1730753659.341443
232,r/reddittotp,441,Welcome to reddittotp,t5_2txpr,1730753659.359796
233,r/roselyn_sanchez,441,Welcome to roselyn_sanchez,t5_5en2fg,1730753659.381334
234,r/russiancircles,441,Welcome to russiancircles,t5_2vrhb,1730753659.400432
235,r/sabrinabankstiktok,441,only sabrina banks,t5_cio8wk,1730753659.419731
236,r/SECuppallday,441,Dedicated to S.E. Cupp in all her glory.,t5_7drtvj,1730753659.476255
237,r/SHIN,441,Religion and Spirituality,t5_2uvpi,1730753659.494987
238,r/shmupdev,441,Gaming,t5_8c9enr,1730753659.512943
239,r/SootMC,441,Subreddit for the SootMC Network!,t5_29do7f,1730753659.532802
240,r/SouthernCooking,441,Food and Drink,t5_24spun,1730753659.550863
241,r/StarwarsFanFilms,441,A curated selection of Star Wars Fan Films.,t5_3d6ga,1730753659.569101
242,r/StarWarsSithposting,441,Devoted to all terrible memes for Star Wars,t5_3i20r,1730753659.587117
243,r/SunCityGirls,441,For discussion of Sun City Girls and their solo works,t5_3854v,1730753659.605309
244,r/SuperhotVR,441,"Home of total badassery, welcome to Superhot VR the VR port of Superhot.",t5_23gs40,1730753659.6238499
245,r/TakeOverDelaware,441,Internet Culture and Memes,t5_2dz6ac,1730753659.643923
246,r/Teen_Titans,441,"The shows, comics, fanart etc.",t5_3i86g,1730753659.663907
247,r/Termux_x11_fast_GUI,441,Termux Wayland fast GUI . Arm64 Proot Ubuntu Jammy and related software .,t5_6u1rp4,1730753659.6835358
248,r/The_NZDF,441,"The New Zealand Defence Force. NZ Army, Royal New Zealand Navy, Royal New Zealand Air Force. Past, present & future.",t5_3fioeq,1730753659.7023182
