,subreddit,subscribers,topic,subreddit_id,scraped_utc
0,r/TogetherWithTHC,428,Hobbies,t5_83e6fu,1730753787.62883
1,r/UglyDrumSmokers,428,Welcome to UglyDrumSmokers,t5_2y5h3,1730753787.651679
2,r/UniversityOfStThomas,428,"The subreddit for the University of St. Thomas in St. Paul, Minnesota.",t5_2rxw8,1730753787.671445
3,r/Updownvotegifs,428,A repository of up and down vote .gifs for your comments. Votebomb away!,t5_2v5wm,1730753787.6911218
4,r/utahrealestate,428,A subreddit for discussion and questions regarding the housing market in Utah.,t5_3omb0,1730753787.710599
5,r/valkyries,428,Sports,t5_3bir9,1730753787.740073
6,r/veilofmaya,428,Veil of Maya,t5_2vqq3,1730753787.7607338
7,r/vodun,428,"This is a community for people who are practicing or interested in African Indigenous and Diaspora belief systems. They include but are not limited to Ifa, Orisha, Vodun, Voudou, Kindoki, Obeah, Lukumi, and other systems and sects.",t5_277eks,1730753787.783371
8,r/website_ideas,428,Share with us your ideas that you don't intend to work on. Help users build a better website than the current competition by showing us what you like and what you don't like. Join the discussion!,t5_vv7pz,1730753787.803095
9,r/weirdStopSigns,428,A sub for weird stop signs.,t5_3lm32,1730753787.8228369
10,r/wholesome_teenagers,428,"This is a subreddit primarily aimed at wholesome and friendly discussions and posts. A generally kind and safe environment, post about anything on your mind, or make new friends. Please read the rules before posting, thank you.",t5_6e7b1m,1730753787.9066901
11,r/WorldWarfareEconomic,428,Gaming,t5_53tqgp,1730753787.92633
12,r/YungKayo,428,Music,t5_1b2667,1730753787.953829
13,r/AbandonedShips,427,"Pictures, Videos and News about abandoned ships! Abandoned ships are in tons of places, such as dry docks, moored at a marina, beached, or run afoul on rocky shoals. Some are sunken deep under the waves. Like seeing footage of derelict ships? You're in the right place. Subscribe and tell your friends about us!",t5_3d23z,1730753787.973291
14,r/AdvancedAquascaping,427,Advanced Aquascaping is a server dedicated to senior members of the Aquascaping community and true Aquatic plant enthusiasts. This server was made for the posting of anything aquascaping and plant related. We hope you enjoy :),t5_lp9hm,1730753787.9928188
15,r/AliG,427,All news or Ali G clips can go here!,t5_2w05q,1730753788.0123782
16,r/AngooriShubhangi,427,"""Let's indulge in adoration for our enchanting Fap Queen, Shubhangi Atre. Her allure and tantalizing charm captivate our deepest desires. Let's revel in her irresistible appeal that sets our hearts racing. You're irresistible, our slut Shubhangi.""",t5_bl1z9d,1730753788.031596
17,r/AnimeEditsForFun,427,Anime,t5_4blwk2,1730753788.0505018
18,r/AQWMobile,427,Gaming,t5_2icru0,1730753788.069821
19,r/AVProduction,427,This subreddit is dedicated to finding and exploring tools and services for the live AV Production environment.,t5_31ay7,1730753788.088991
20,r/AXSM,427,Medical and Mental Health,t5_4i5kip,1730753788.108099
21,r/Balanceathletica,427,Fashion,t5_2v62ha,1730753788.1274219
22,r/BeeAndPuppycatMemes,427,Internet Culture and Memes,t5_2ynm9i,1730753788.1473012
23,r/bigcatsintinyspaces,427,"you've heard of tiny cats in big spaces, now prepare for big cats in tiny spaces",t5_6bhltz,1730753788.166655
24,r/BikeNewEngland,427,For bicycling-related content in New England,t5_31i5z,1730753788.1860921
25,r/BiPride,427,"This is a place where bi people, guys or girls, can come and share their experiences with being bi and show ignorant peoples that we DO exist!",t5_2u80s,1730753788.205954
26,r/BLT,427,"A sub for sandwiches consisting of bacon, lettuce, and tomato.",t5_2qw5z,1730753788.226567
27,r/Bobforscale,427,"The newest in American measurement systems. Allow me to introduce, Bob.",t5_6s601w,1730753788.245952
28,r/CAgardening,427,Home and Garden,t5_tlq9e,1730753788.265273
29,r/CaliforniaBanging,427,Welcome to CaliforniaBanging,t5_7y3lxw,1730753788.28494
30,r/Cattleya,427,Home and Garden,t5_325sx4,1730753788.304418
31,r/CGJT,427,Welcome to CGJT,t5_cf2wz9,1730753788.323903
32,r/ChainGuardians,427,Crypto,t5_1ixy1d,1730753788.3433459
33,r/CityCastDenver,427,Podcasts and Streamers,t5_61mzsp,1730753788.362834
34,r/clumberspaniels,427,A subreddit for Clumber Spaniel owners and enthusiasts.,t5_2ehxns,1730753788.382154
35,r/comicspeculator,427,"A subreddit for news and discussion regarding the speculation of comics books that are hot, which are not, and which are going to be. Comic book speculating, selling, buying, flipping, swapping, investing, picks, pricing, collecting, grading (cgc/cbcs/pgx), cover variants, character appearances, etc. are all welcome topics.",t5_2wuli,1730753788.4012039
36,r/consul,427,Everything related to Consul.,t5_387un,1730753788.4204092
37,r/csgostatsclub,427,"Analyzing statistics from professional CS:GO matches. Really, anything involving CS:GO and statistics.",t5_3ouuh,1730753788.439892
38,r/DankestOfAllMemes,427,We Have Danker Memes.,t5_3ohdt,1730753788.459448
39,r/dc_talk,427,dc talk. Talking all things DC,t5_38t1f,1730753788.478924
40,r/DecemberBumps2016,427,Subreddit made for mothers/fathers expecting a baby in December of 2016.,t5_3ekdj,1730753788.498521
41,r/deltasigmaphi,427,Welcome to deltasigmaphi,t5_2sfuk,1730753788.5179641
42,r/Do3jftinytowerDude,427,"This sub welcomes everyone except toxic people and bigots. If you want to be toxic, you don't belong in this sub. This is a peaceful sub, not a place to brigade and make a warzone of.",t5_4iw0ii,1730753788.537878
43,r/DrewAndMikePodcast,427,A place for fans of the Drew and Mike Podcast.,t5_3oi1d,1730753788.556725
44,r/eastprovidence,427,Place,t5_5k12fb,1730753788.576694
45,r/EmotionCode,427,"A place to discuss everything about The Emotion Code. Emotion Code Healing is a form of ""Energy Healing"" focused on emotions, founded by Dr. Bradley Nelson.",t5_36prd,1730753788.595903
46,r/energyadvisors,427,Such Fresh! Looking to engage energy advisors and general building enthusiasts on energy consumption and efficiencies in building design and operation.,t5_6390op,1730753788.614604
47,r/evergiven,427,Home of the Ever Given,t5_45j9ae,1730753788.6333098
48,r/fed,427,Welcome to fed,t5_2rgop,1730753788.6524491
49,r/FireEating,427,"Welcome fire eaters, spinners, and dancers of reddit. Hope you enjoy these ""Hot"" post about fire eating :)",t5_2wugs,1730753788.671835
50,r/ForwardFacingSimpsons,427,Posts containing Simpsons characters facing forward.,t5_yme7r,1730753788.690739
51,r/FTMsinging,427,"Singing for FTM or transmasculine people. Learn about singing, ask questions or share your voice.",t5_xzt8f,1730753788.709728
52,r/GreenLung,427,This is a fan subreddit for all things Green Lung.,t5_z43vx,1730753788.728578
53,r/GroundofAces,427,Gaming,t5_7zoxll,1730753788.7472582
54,r/grwm_dresses,427,"Welcome to r/grwm_dresses! Share ""Get Ready With Me"" videos from YouTube, Instagram, and more. For women, find inspiration, exchange tips, and showcase your style transformations. For others, It has little twist - Visible back!",t5_8djtvf,1730753788.7664158
55,r/HACKSMITH_INDUSTRIES,427,Technology,t5_2tl28p,1730753788.784446
56,r/HauntedCosmos,427,This is a fan run subreddit of the Haunted Cosmos podcast. It is devoted to the Christian investigation of high strangeness from Atlantis to vampires. This subreddit is another home for the discussion of those topics. Everyone is welcome but insulting God will not be tolerated. The official podcast home can be found at: https://www.thehauntedcosmos.com,t5_8p8gwg,1730753788.8020248
57,r/hilleberg,427,Space for fans of Hilleberg tents and products!,t5_vkmyw,1730753788.819903
58,r/Hyperdimension,427,Welcome to Hyperdimension,t5_2tdum,1730753788.837473
59,r/idontunderstand,427,Welcome to idontunderstand,t5_2rcwr,1730753788.855308
60,r/iherbpromocodes,427,Marketplace and Deals,t5_8jf1fe,1730753788.872761
61,r/Illuminae,427,"A subreddit devoted to the book series ""The Illuminae Files""",t5_39e4m,1730753788.890295
62,r/ImGoingToJailForThis,427,Welcome to ImGoingToJailForThis,t5_2vaep,1730753788.9077828
63,r/IndependentDogs,427,"A subreddit for pictures, gifs, and vidoes of independent dogs doing independent things.",t5_22k10b,1730753788.927074
64,r/infostarwars,427,/r/infostarwars: the home of the #1 Holonet News Show in the World,t5_3mehz,1730753788.945942
65,r/IntoTheOdd,427,Tabletop Games,t5_7b6bmf,1730753788.964886
66,r/Justbarely,427,"Post a pic of anything that just barely made it. Could be nature, people, wildlife, whatever you like!",t5_3kouv,1730753788.983684
67,r/KindRedditors,427,Redditors Being Kind.,t5_27m2ik,1730753789.002608
68,r/largemcdonaldscoffee,427,The largest subreddit for the largest Mcdonalds coffee cups as preferred by Slazo,t5_qmx0s,1730753789.021347
69,r/LiveStreamElectronic,427,Music,t5_2i586i,1730753789.040195
70,r/LogoRedesign,427,Post a picture of your logo that you want redesign. Other people redesign your logo and put it in the comments under your posted picture. The idea comes from YGR by Zimri Mayfield on YouTube.,t5_10z2i2,1730753789.0591638
71,r/MarvelNow,427,Welcome to MarvelNow,t5_2xmb3,1730753789.0780401
72,r/Massillon,427,Welcome to Massillon,t5_2soa4,1730753789.096831
73,r/Memehammer,427,Warhammer 40k Memes,t5_2wilu,1730753789.115766
74,r/memeorigins,427,Internet Culture and Memes,t5_2qx7s,1730753789.134709
75,r/MetroEast,427,Welcome to MetroEast,t5_2qjcc,1730753789.154027
76,r/Miraith,427,Gaming,t5_2r9bwo,1730753789.173295
77,r/MLBPerfectInning,427,Gaming,t5_3et2v,1730753789.192186
78,r/MoodyBlues,427,Discussion area for all things Moody Blues.,t5_35gtw,1730753789.2110279
79,r/motorcyclemaintenance,427,motorcycle maintenance,t5_2jlz74,1730753789.2297668
80,r/Mylittledude,427,Animals and Pets,t5_2bjqnj,1730753789.24849
81,r/Nanou,427,Podcasts and Streamers,t5_5s2a7z,1730753789.2672052
82,r/NewRiverGorgeNP,427,Outdoors and Nature,t5_4cq2mw,1730753789.2861052
83,r/Nick_Wright,427,Sports,t5_9j0gj9,1730753789.305439
84,r/Noemi_Casella,427,Pagina dedicata alla FAVOLOSA Noemi Casella. Qui vengono pubblicati i suoi migliori contenuti.,t5_78beai,1730753789.324397
85,r/nud_Romania,427,Mature Themes and Adult Content,t5_amed1d,1730753789.34337
86,r/OdinSphere,427,Gaming,t5_392r4,1730753789.3621461
87,r/OFvip123,427,OF vip leaks,t5_cm0x5f,1730753789.381425
88,r/parfum_hu,427,Magyar Parfüm Subreddit,t5_9v55m5,1730753789.400555
89,r/PeoplesChampion,427,They might not have won gold but they won our hearts.,t5_1t5ddg,1730753789.421097
90,r/rampartrollouts,427,Gaming,t5_41zwsr,1730753789.440195
91,r/Romford,427,You will never find a more wretched hive of scum and villainy,t5_2usgq,1730753789.459677
92,r/S20,427,Galaxy S20,t5_29b0ev,1730753789.479033
93,r/Severance,427,Television,t5_gdaz7,1730753789.498498
94,r/ShowbizzPizza,427,"Welcome to showbiz pizza place! Order some pizza and while that’s cookin’ play some games! Watch our animatronic band play awesome songs, and we hope you have a good day here! - Mopeiostories",t5_4r44w3,1730753789.518547
95,r/Sithit,427,The Reddit Empire Guild @ The Shadowlands,t5_2soe4,1730753789.5378308
96,r/SkodaEnyaq,427,Cars and Motor Vehicles,t5_34tjbg,1730753789.5570939
97,r/southtea,427,Celebrity,t5_celbyy,1730753789.576534
98,r/TalesFromTheCourtroom,427,Welcome to Tales from the Courtroom where we tell tales from court rooms and court houses.,t5_32asi,1730753789.596079
99,r/TheMarioHorrorStory,427,Art,t5_6z007m,1730753789.615474
100,r/THEVWCC,427,Cars and Motor Vehicles,t5_2kpg4q,1730753789.6344829
101,r/TonguesSexual,427,For tongue lovers! Space for everyone to post and find new content 18+,t5_ca5eyv,1730753789.653912
102,r/travato,427,"Discussions about Winnebago Travato Motorhomes, including the 59G, 59K, 59GL, and 59KL models.",t5_3nn7q,1730753789.674094
103,r/TS4Multiplayer,427,The Sims 4 Multiplayer is a subreddit for discussion of multiplayer mods.,t5_hp1lr,1730753789.693575
104,r/twitterDown,427,Technology,t5_2dbr5p,1730753789.713063
105,r/UkStockMarket,427,Welcome to UkStockMarket,t5_3ft2z,1730753789.732513
106,r/unexpectedstarkid,427,For those unexpected Starkid references.,t5_10ersb,1730753789.752058
107,r/unplannedstunts,427,Legends who just sat there and became legends.,t5_2oq5wv,1730753789.771122
108,r/UsePurpleMore,427,Is Purple your favourite colour? Do you know of something where a rare use of purple stands out? We want to see it! Here we show off uses of purple when it's unique!,t5_3hywt,1730753789.79041
109,r/vanillabites,427,Art,t5_88u2y2,1730753789.810122
110,r/VasaiVirarNSP,427,Place,t5_4gtsos,1730753789.829706
111,r/veganJews,427,Any and all things related to both veganism and Judaism,t5_3hbih,1730753789.8494148
112,r/vidcg,427,Apenas para venerar a bela Vee Castro,t5_4u1dq1,1730753789.868782
113,r/XboxGameStreaming,427,Microsoft's New streaming platform including Project Xcloud (preview) (currently invite only) As well as Xbox Console Streaming (preview),t5_270d27,1730753789.8878431
114,r/ACCAexams,426,Learning and Education,t5_3isza,1730753789.908297
115,r/ankivectordevelopers,426,A place to ask about SDK programming questions for the Anki Vector robot.,t5_29al3b,1730753789.928111
116,r/Ansgar,426,Internet Culture and Memes,t5_3g53h4,1730753789.946971
117,r/AutoCrypto,426,Crypto,t5_51re40,1730753789.965922
118,r/avatar_irl,426,Avatar stuff.,t5_3fs4v,1730753789.985204
119,r/AviaColetteButler,426,Celebrity,t5_blyvkm,1730753790.004579
120,r/BaguioStreetPhoto,426,Art,t5_au8c8h,1730753790.0237079
121,r/berkeley_jerk,426,Do you even EECS?,t5_2wp6s,1730753790.042978
122,r/betterhelp,426,Medical and Mental Health,t5_2xuhb,1730753790.062079
123,r/BitDAO,426,Crypto,t5_49jtt5,1730753790.08147
124,r/bodymind,426,"A subreddit exploring the branches of Body/Mind and Somatic psychology, psychotherapy, and counseling.",t5_2vbzo,1730753790.100322
125,r/BoulderApartments,426,"A place to look for housing, apartments, subletting, reviews, and recommendations in Boulder, CO.",t5_6f4yh9,1730753790.1197288
126,r/brokebackmountain,426,Discussion of and about Brokeback mountain,t5_2y18l,1730753790.1386392
127,r/BruceFaulconer,426,"This is a subreddit dedicated primarily to the North American music tracks used in Dragon Ball. Mainly Bruce Faulconer, but also Mark Menza, Nathan Johnson, Scott Morgan, Mike Smith & Julius Dobbos. Discussion of anime dubs in general is welcome however, including other shows / languages / composers. Fan edits welcome also!",t5_5qwj97,1730753790.1584792
128,r/bsod,426,Technology,t5_545ufz,1730753790.178636
129,r/CateInSuits,426,"Hela was the goddess of death, played by the goddess of suits Cate Blanchett.",t5_249s5n,1730753790.1979442
130,r/charisk_club,426,Mature Themes and Adult Content,t5_26g6m1,1730753790.2170482
131,r/Chick,426,"Reading, Writing, and Literature",t5_2udre,1730753790.236214
132,r/chooterbooter,426,"This is a subreddit created in solidarity for Victoria (aka /u/chooter). Our favorite once, and future, reddit Admin.",t5_38x5r,1730753790.255295
133,r/CivilWarmaps,426,History,t5_6mdj51,1730753790.274506
134,r/CMV,426,Welcome to CMV,t5_4u6111,1730753790.293918
135,r/CombatSportGIFs,426,"This Subreddit is solely for GIFs and HTML5 videos from Boxing, Kickboxing, Mixed Martial Arts, Wrestling, BJJ, & any other type of Combat Sport. Please NO STREET FIGHTS!",t5_2wl3f,1730753790.313073
136,r/ConversionTherapy,426,Sexual Orientation,t5_38p0u,1730753790.332225
137,r/CrusaderCharacters,426,Gaming,t5_3e2iw1,1730753790.3513138
138,r/Crypto_Charts_Updates,426,Crypto,t5_4lydhf,1730753790.370632
139,r/Crypto_Traders_Club,426,"A Hub For CryptoCurrency Power Traders, Investors, and Market Theory Discussion. This sub is managed by the admins of cryptocurrencytraders.club",t5_3m9oy,1730753790.3908951
140,r/DBbroistasonly,426,dutch broistas connecting and spreading dutch luv,t5_8ph32o,1730753790.410271
141,r/DiyprojectsLab1,426,Crafts and DIY,t5_46fv30,1730753790.429735
142,r/DogsWithHoses,426,When dogs have hoses no man is safe.,t5_3fo1b,1730753790.449193
143,r/DreamNoMore,426,Gaming,t5_5iavvt,1730753790.4684422
144,r/eestitutvused,426,"Koht Eesti redditi kasutajatele, kus leida sõpru, tuttavaid, tulevasi kihlatuid jne. A place før Estonian reddit users for finding friends, acquaintances, future fiancees etc. Место для эстонских пользователей Reddit для поиска друзей, знакомых, будущих невест и т. д.",t5_5uo384,1730753790.487766
145,r/elletaylxrOF,426,elletaylxr notelletaylxr on twt || elletaylxr leaks,t5_7gugje,1730753790.506976
146,r/GiuliaCorradoNew__,426,This subreddit is dedicated to all the fans of Giulia Corrado.,t5_by4wbn,1730753790.5259452
147,r/globglogabgalab,426,The yeast of thoughts and mind...,t5_godan,1730753790.544935
148,r/GlycineWatches,426,Community for sharing your Glycine watches! Any and all Glycine welcome! Feel free to post your watch and the story a long with it!,t5_2nd5ks,1730753790.564289
149,r/GrammarCheckHelp,426,Free English Grammar Checker help for all of this subreddit followers! Comment if you are 100% sure that your correction is right. Do a recheck on grammarchecker.io,t5_2huasp,1730753790.583719
150,r/Gujranwala,426,Place,t5_4ycvrg,1730753790.603061
151,r/HighRiskPregnancy,426,"A community to share your concerns and frustrations as you navigate a high risk pregnancy, be it for the baby, for you, or for both. Share stories and seek resources as needed. I’m a physician, an OB/GYN, in the field of Maternal-Fetal Medicine. My belief is it is better to ask now than worry later. This is in no way a medical service, but more of a safe platform to ask questions and seek advise!",t5_5udbxw,1730753790.6225579
152,r/HonkaiStarRailTips,426,This is the community for Honkai Star Rail Tips. Helping others is the main goal!,t5_7v853x,1730753790.641979
153,r/HottestJerseyGirls,426,Fun 🤩 Hot 🥵 Lit 🔥,t5_4by2zn,1730753790.661522
154,r/HyderabadiBikers,426,For any rider/biker to join in and make riding friends. Share experiences plan rides and make new friends.,t5_9k5ulw,1730753790.6811619
155,r/Illdosomethingtoday,426,"I'll do something today (IDST) spend time on a goal, and share with others!",t5_6f7wj2,1730753790.700573
156,r/InspoAlbums,426,"A place for finding and posting collections of inspiration, whether it be fashion, art, architecture or other designs.",t5_3gden,1730753790.719845
157,r/itsnotsexual,426,"""It's not sexual!"" porn. Sexual Refutation is the fetish of being in a scenario in which sexual acts are unacknowledged as sexual, or are blatantly denied as sexual.",t5_bvu9w3,1730753790.738985
158,r/itsreallya1,426,Official Subreddit of Twitch Streamer & Tiktoker itsreallya1,t5_c9pnxt,1730753790.758548
159,r/jobsUSAimmigration,426,We post 20 jobs with USA visa sponsorship daily. Skilled/unskilled available. Proudly supported by move2usajobs.com job portal.,t5_8b6r2m,1730753790.777434
160,r/JTrinity,426,"Twices J-Trinity (Sana, Momo, Mina)",t5_3e6eo,1730753790.796578
161,r/Koronba,426,Music,t5_3nb4t9,1730753790.8157032
162,r/kusosure,426,糞スレ糞レスを求む者はここで建てるがよい,t5_37blj,1730753790.8349912
163,r/lagree,426,Live for Earthquake shakes? You've found your people! This subreddit is all things Lagree and we also welcome Lagree-inspired fitness that uses equipment like the XFormer as well including [solidcore] and its siblings. Reformer Pilates folks are always welcome here too!,t5_80wu69,1730753790.854468
164,r/LaSalle,426,Learning and Education,t5_2saal,1730753790.874845
165,r/lgbtfitness,426,Fitness and Nutrition,t5_7ioj5v,1730753790.894298
166,r/loa,426,"Library of America champions US cultural heritage by publishing America’s greatest writing in authoritative editions and providing resources for readers to explore this rich, living legacy. Widely recognized as the definitive collection of American writing, LOA editions encompass all periods and genres — from celebrated classics to neglected masterpieces, and historically important documents and texts — and showcase the vitality and variety of America’s literary legacy. — https://loa.org",t5_2tgaj,1730753790.913683
167,r/LynahFaithful,426,Sports,t5_39rcr,1730753790.933265
168,r/MakeCode,426,A discussion forum for users of Microsoft MakeCode and the hardware which can be programmed with it. Especially the use of Chromebooks and the Chrome OS for teaching MakeCode.,t5_r5pti,1730753790.952791
169,r/ManedWolf,426,Animals and Pets,t5_20ymxc,1730753790.972208
170,r/Maria_Bakalova,426,Celebrity,t5_3jjzek,1730753790.991561
171,r/martathemartian2,426,Mature Themes and Adult Content,t5_21zt4e,1730753791.010972
172,r/MayBumpers2024,426,Welcome to MayBumpers2024,t5_800vlc,1730753791.0303879
173,r/metalfree,426,Music,t5_355tig,1730753791.049382
174,r/Moonhooch,426,Welcome to Moonhooch,t5_2xpmj,1730753791.068395
175,r/mrmemes,426,"Men's Rights Memes: images, jokes, memes, rage comics, and any other image or video related to men's rights but not appropriate for /r/MensRights.",t5_2t13s,1730753791.087187
176,r/MTaRmy,426,Podcasts and Streamers,t5_7vx458,1730753791.106007
177,r/NativeTIL,426,A subreddit where native speakers can share words that they've learned in their native languages,t5_6v5ak7,1730753791.125078
178,r/NekoBras,426,A subreddit to share pictures of anime girls with cat shaped holes cut out of their bras. Bonus points if the panties have cat ears too!,t5_2biasn,1730753791.1443021
179,r/NickelCreek,426,NickelCreek,t5_3176c,1730753791.163487
180,r/notgun,426,Welcome to notgun,t5_3aj6m,1730753791.1828768
181,r/Omar_Rudberg,426,Celebrity,t5_auuq91,1730753791.202027
182,r/pastacrimes,426,Welcome to pastacrimes,t5_5tlins,1730753791.221617
183,r/pathetic,426,"Welcome to R/Pathetic, the place to share either personal situations you consider pathetic, or what you see in someone else as pathetic. No doxxing, no politics, no personal attacks or anything that would be considered anti-any protected class, keep it civil and you won't get banned.",t5_2s7se,1730753791.2409222
184,r/pensodiforse,426,"Your average sh*tpost subreddit, in the honour of u/pensodiforse.",t5_8ng5tx,1730753791.2602959
185,r/pitcairn,426,For all things about the Pitcairn Islands.,t5_2xg6y,1730753791.279575
186,r/PolygynyMuslimR4R,426,"For Muslims who seek a polygyny marriage lifestyle(Triads/ throuple/quadrouples). A non Muslim women ( wanting to revert) seeking Muslim man in polygyny. Muslimah seeking to be a co/sister wife. Man seeking two or more. Man seeking woman/woman seeking man. Please be respectful and respect each other. We live in a modern world where polygyny lifestyle can be balancing, benefiting & suiting for all. Post age, brief description & what you seek.",t5_34cr3e,1730753791.2989209
187,r/PostInjuryGrowth,426,Medical and Mental Health,t5_bisqv0,1730753791.318424
188,r/programmingsocialjerk,426,The mirror universe version of PCJ. Come here to discuss (and perhaps mock) the social politics that you weren't allowed to on PCJ.,t5_jk5ja,1730753791.337873
189,r/Resident_Evil_7,426,"Community for Resident Evil 7, the video game released in 2017 as the seventh mainline instalment for the Resident Evil franchise.",t5_8s24tn,1730753791.358285
190,r/RevistaMariaResponde,426,"Um sub para resolver problemas sentimentais. *NOT* **Isto é uma paródia à Revista Maria** ... que muito respeitamos, OK? Não é para ser levado a sério.",t5_3f7za,1730753791.3774981
191,r/RickandMorty_TheAnime,426,"Rick and Morty: The Anime is an animated science fiction sitcom series created and developed by Takashi Sano and produced by Studio Deen, Sola Entertainment and Telecom Animation Film for Adult Swim. (Wikipedia)",t5_bxe6qw,1730753791.39697
192,r/RomaniaPics,426,A subreddit for pics of Romania! Member of the /r/NationalPhotoSubs network.,t5_34ont,1730753791.415871
193,r/SacramentoSecrets,426,This is a community for all the best kept secrets in Sacramento. Only share things that are true hidden gems. If you have to wait in line to get it... it’s not a secret!,t5_29n5as,1730753791.43529
194,r/sentientredditbots,426,Programming,t5_5koyhr,1730753791.4542668
195,r/Shivani_Narayanan,426,"Shivani Narayanan is an Indian film and television actress who predominantly works in the Tamil-language films and television industry. In 2020, she was a contestant on the reality series Bigg Boss 4 Tamil.",t5_5vkmj9,1730753791.474207
196,r/shutupmom,426,This is a tongue-in-cheek subreddit where we laugh at our instances of getting pissed at our mothers,t5_3av70,1730753791.493859
197,r/Sims4Enterprise,426,Gaming,t5_5lenkr,1730753791.51331
198,r/Skinnytaste,426,A place to share skinnytaste recipes,t5_u4m0n,1730753791.532606
199,r/SkyFashionOfLight,426,"A community for all things related to fashion in Sky:COTL! Rules: 1. Must be Sky related 2. Must be fashion related 3. Please use the tags provided if you think your post might fit one. 4. No NSFW (should be obvious) 5. No spam posting, it will be taken down 6. If you don't have anything nice to say, don't say anything at all.",t5_78tq4h,1730753791.552213
200,r/sleepawaycamp,426,Movies,t5_38533,1730753791.571994
201,r/somalab,426,Anything related to the world of SOMA Laboratory and their instruments.,t5_hcsqq,1730753791.5919921
202,r/spleeter,426,Spleeter is the Deezer source separation library with pretrained models written in Python and uses Tensorflow.,t5_27zu7w,1730753791.613842
203,r/StarfieldFilthies,426,Gaming,t5_4jawy5,1730753791.6345658
204,r/streaksapp,426,"This is the unofficial subreddit to discuss the Crunchy Bagel habit tracker app, Streaks.",t5_4sj3pf,1730753791.6535091
205,r/Tennesseegirl2016,426,Tennesseegirl2016 Snark. Pease do not harass/Bully or threaten anyone that is Discussed in this thread. No pictures of minors allowed! This is not a fan account! All fan behavior will be banned!,t5_6knz52,1730753791.672734
206,r/The_D4_Tavern,426,"The Diablo 4 Tavern - cozy place for casual conversations about builds, gameplay, new content, showing outfits, GG items, and many other Diablo 4-related content. No critiques or complaints allowed here.",t5_asxcd5,1730753791.691791
207,r/TheFatWhiteFamily,426,Music,t5_fmbj8,1730753791.7103438
208,r/tinygarden,426,"This is a reddit for people gardening with less space, but doing a whole lot. Indoor gardens and hydroponics welcome! This is a place for dealing with small spaces and the issues that causes in gardening.",t5_318ae,1730753791.729225
209,r/Toolmaker,426,Welcome to Toolmaker,t5_2rrj5,1730753791.748023
210,r/TumblrShowConcepts,426,Funny/Humor,t5_3gzwgf,1730753791.766565
211,r/Ukrainews,426,World News,t5_5xfmnp,1730753791.78508
212,r/unitedarabemirates,426,"Culture, Race, and Ethnicity",t5_5bdcex,1730753791.8041532
213,r/vacuumseal,426,Subreddit on all things vacuum sealed!,t5_35skd,1730753791.8231628
214,r/wallstreetbets_wins,426,"Business, Economics, and Finance",t5_bhy0cu,1730753791.843005
215,r/WarhammerBeastmen,426,"A community for some angry, beasty, chaotic discussion of one of the coolest armies in the Warhammer Universe.",t5_2c29xa,1730753791.862188
216,r/WhoWouldWinVerse,426,Internet Culture and Memes,t5_39o7y,1730753791.881003
217,r/wikipedia_answer_bot,426,Technology,t5_3zs8ua,1730753791.9002209
218,r/worldcoinorg,426,"Worldcoin is a new global digital currency that will launch by giving a free share to every human on Earth. A new, collectively owned global currency that will be distributed fairly to as many people as possible.",t5_57yajy,1730753791.919619
219,r/acltickets,425,A place to buy and sell your ACL Festival tickets/wristbands.,t5_ca8gh9,1730753791.938933
220,r/ActionForce,425,Hobbies,t5_5mlh6b,1730753791.958328
221,r/AndreiTarkovsky,425,"A community for fans of Soviet filmmaker, Andrei Tarkovsky.",t5_3c3kx,1730753791.9777138
222,r/aptera,425,Welcome to aptera,t5_2qyc2,1730753791.9967418
223,r/arabianhorse,425,Because they are awesome!,t5_31gqr,1730753792.016138
224,r/Ashes_of_Creation,425,"Ashes of Creation is a unique take on the MMO experience. Our world structure is dynamic and built to react to the actions of our players. Cities will rise and fall, their populations based on the history of the world as the players create it. Quests will unlock as these populations gather, their needs grow, and secrets are unlocked.",t5_3jgrl,1730753792.0352142
225,r/Audiophilehelp,425,Technology,t5_3vn20x,1730753792.0543659
226,r/babygirlz,425,The finest selection of babygirls from Instagram/TikTok 😍Trust me you will fall in love - Only SFW ‼️,t5_c28w1c,1730753792.0732212
227,r/beastyqt,425,Beastyqt subreddit for the best game in the world Age of Empires IV memes and artwork!,t5_miw4w,1730753792.0928059
228,r/Book_Marks,425,"Show off your DIY bookmarks, Custom Bookmarks, Stuff laying around your house that you use as your Bookmark. A Sub about ANYTHING and EVERYTHING that is B O O K M A R K S.",t5_ls9h6,1730753792.112339
229,r/bristonmaroney,425,Music,t5_3czrju,1730753792.131978
230,r/CarCombatGamesCulture,425,"A subreddit for all aspects of Car Combat games (digital & physical), books, films. So Dark Future, Gaslands, Max Max, Twisted Metal, Convoy, Road Rash, Route 666 and more. (Run by a dev from the Dark Future video game)",t5_2l94zw,1730753792.151336
231,r/CatLocked,425,"You are sitting at home and your cat decides to hop up in your lap for some quality pets and snuggles. You need to get up and do something but you know that by getting up, your sweet fur-ball will never love you again.. Now you must wait for it to be their decision to move!",t5_2eavpy,1730753792.171118
232,r/CatTongues,425,Welcome to CatTongues,t5_2xx1v,1730753792.190817
233,r/ccr,425,Welcome to ccr,t5_2wj3w,1730753792.210664
234,r/CirqueDuSoLame,425,Welcome to CirqueDuSoLame,t5_3k078,1730753792.229583
235,r/cocofeet,425,Feet from the Coco app,t5_6odhaq,1730753792.2486799
236,r/comedk,425,Learning and Education,t5_4zc27e,1730753792.26634
237,r/CopenhagenUrbanism,425,"A subreddit about the urban development of the city of Copenhagen: Urbanism, architecture, infrastructure, local politics, cultural events, and other pieces of content that are directly relevant to the development of Copenhagen. Both content discussing the history of the city and charting the future is allowed, but this isn't a subreddit for questions about where to live or where to get the best rip eye steak. English and Danish are both OK!",t5_bn40od,1730753792.283975
238,r/corelia,425,This is a subreddit dedicated to the progressive metal band [Corelia](www.corelia.net).,t5_2vw3l,1730753792.301685
239,r/cuiltheory,425,Welcome to cuiltheory,t5_2qon3,1730753792.3205261
240,r/DankBrandon,425,Dank Brandon,t5_6s6x83,1730753792.338521
241,r/DevonWindsor,425,American model Devon Windsor from St. Louis.,t5_2zuxg,1730753792.356166
242,r/DJIDroneClub,425,"A place to discuss anything and everything about DJI Drones and other DJI products. This is a friendly environment for DJI owners and people who want to become DJI owners to come together to help each other, share articles, show off your drones and anything else you feel like sharing! Only Rule: Only Mods and Admin May Post Affiliate Links",t5_3jet8,1730753792.373775
243,r/DnDUGA,425,The official subreddit for Dungeons and Dragons at UGA.,t5_3jpq8,1730753792.3912818
244,r/douchecam,425,douchebags with dash and douchecams -douchecam: in-door cam to showcase what an amazing and expensive car they have -dashcam: cam on the dashboard,t5_220jzy,1730753792.408774
245,r/down_with_devina,425,Welcome to down_with_devina,t5_58b3xs,1730753792.4260118
246,r/eggen,425,Animals and Pets,t5_4gjyeu,1730753792.4435048
247,r/EverythingIsWrestling,425,A subreddit designed with the point of view that all reality tv/politics/entertainment is just pro wrestling. A brand new community so feel free to morph this into whatever you like.,t5_4stbxl,1730753792.461202
248,r/Excel4Mac,425,Technology,t5_7tozpk,1730753792.478931
249,r/FindADiscord,425,Hobbies,t5_hkk7c,1730753792.4972138
