,subreddit,subscribers,topic,subreddit_id,scraped_utc
0,r/CrochetBikinis,37407,Crafts and DIY,t5_3l5wn,1730746461.646816
1,r/offmenupodcast,37406,Podcasts and Streamers,t5_sp7br,1730746461.6707048
2,r/SkullAndBonesGame,37397,Gaming,t5_3luvd,1730746461.690393
3,r/TeachersInTransition,37395,Careers,t5_7ovex2,1730746461.710312
4,r/mash,37394,Television,t5_2s9zu,1730746461.731405
5,r/magicsquare,37392,Crypto,t5_5gbncu,1730746461.763184
6,r/Hardtailgang,37391,Hobbies,t5_2s1z1m,1730746461.783082
7,r/whatisthisfish,37390,Animals and Pets,t5_2xfbb,1730746461.80216
8,r/FranceRugby,37388,Sports,t5_5nuw44,1730746461.821527
9,r/EbonyImagination,37381,Art,t5_37w9v,1730746461.840828
10,r/Nordiccountries,37368,Place,t5_2thjn,1730746461.881118
11,r/audiophilemusic,37367,Music,t5_2wuck,1730746461.9002419
12,r/OneY,37361,Gender,t5_2s5ni,1730746461.9188879
13,r/fifqo,37360,Podcasts and Streamers,t5_l4r97,1730746461.93951
14,r/livingofftheland,37357,Home and Garden,t5_2tic6,1730746461.9589481
15,r/inearfidelity,37350,Technology,t5_q5us0,1730746461.978845
16,r/minidoge,37342,Crypto,t5_4mlghn,1730746461.998125
17,r/drumstick,37336,Animals and Pets,t5_tbyfu,1730746462.016886
18,r/playblackdesert,37334,Gaming,t5_poq22,1730746462.035767
19,r/ExplicameComoMorrito,37330,Learning and Education,t5_87piao,1730746462.054563
20,r/hummingbirds,37326,Animals and Pets,t5_2t37r,1730746462.073549
21,r/SnapchatHelp,37322,Technology,t5_38oe9,1730746462.0922592
22,r/Norwich,37303,Place,t5_2slbd,1730746462.111497
23,r/Earthquakes,37301,Science,t5_2qqp6,1730746462.130728
24,r/Jaxmains,37301,Gaming,t5_390il,1730746462.149981
25,r/TarihiSeyler,37298,History,t5_436wnn,1730746462.1685388
26,r/theunforgiven,37294,Tabletop Games,t5_3pn75,1730746462.546411
27,r/CelebPortraits,37291,Celebrity,t5_80o2qz,1730746462.5684118
28,r/glassblowing,37290,Crafts and DIY,t5_2sv90,1730746462.588417
29,r/crv,37285,Cars and Motor Vehicles,t5_2xlmy,1730746462.608085
30,r/hsv,37283,Sports,t5_2qt6s,1730746462.6281412
31,r/MWZombies,37282,Gaming,t5_9489r7,1730746462.656919
32,r/HelloKittyIsland,37278,Gaming,t5_8pk76e,1730746462.67619
33,r/wyoming,37272,Place,t5_2r53d,1730746462.696482
34,r/AlanPartridge,37271,Television,t5_2sbxu,1730746462.7154062
35,r/mikrotik,37270,Technology,t5_2sibt,1730746462.734841
36,r/Forexstrategy,37269,"Business, Economics, and Finance",t5_3eri4,1730746462.7724218
37,r/theology,37266,Religion and Spirituality,t5_2qhza,1730746462.793212
38,r/Frozen,37252,Movies,t5_2vpth,1730746462.812628
39,r/mechanicalheadpens,37251,Technology,t5_35mvg,1730746462.83253
40,r/uktrains,37235,Cars and Motor Vehicles,t5_2z9xu,1730746462.852014
41,r/Artadvice,37233,Art,t5_32v6c,1730746462.8714838
42,r/visualizedmath,37228,Science,t5_a5lkz,1730746462.89061
43,r/potatosalad,37226,Celebrity,t5_2u5t3,1730746462.9097521
44,r/terrifier,37224,Movies,t5_1xswp6,1730746462.928837
45,r/SixtySecondsInAfrica,37206,Internet Culture and Memes,t5_2230t1,1730746462.947956
46,r/CNfans,37199,Marketplace and Deals,t5_87x3ud,1730746462.967245
47,r/schuylkillnotes,37193,Internet Culture and Memes,t5_9au614,1730746462.9861271
48,r/Tufting,37193,Crafts and DIY,t5_31us98,1730746463.0051572
49,r/deepwoken,37185,Gaming,t5_2hamyn,1730746463.024142
50,r/Smm_Panel_Providers,37181,No More Resellers Panel. This Group created by talking about real Smm Panel Provider. Just Real providers! Not Resellers!,t5_8icdn1,1730746463.043072
51,r/ColdWarZombies,37178,Gaming,t5_33jkp8,1730746463.061924
52,r/turtleswithjobs,37177,Animals and Pets,t5_lhdhp,1730746463.080823
53,r/TNG,37166,Television,t5_2r2r0,1730746463.09951
54,r/red_velvet,37163,Music,t5_32s1t,1730746463.1185658
55,r/angular,37154,Programming,t5_2w94a,1730746463.139429
56,r/fredagain,37154,Music,t5_36rava,1730746463.1592991
57,r/Mechwarrior5,37132,Gaming,t5_3hu31,1730746463.1793659
58,r/Priconne,37131,Anime,t5_fu2hm,1730746463.199581
59,r/LonghornNation,37130,Sports,t5_2xoqa,1730746463.2197068
60,r/asianbeautyexchange,37117,Beauty and Makeup,t5_30683,1730746463.240226
61,r/ghostswithjobs,37113,Internet Culture and Memes,t5_zj1a7,1730746463.259563
62,r/CallTheMidwife,37109,"Reading, Writing, and Literature",t5_2timb,1730746463.278511
63,r/VideoEditors_forhire,37108,Marketplace and Deals,t5_78qs3c,1730746463.297926
64,r/Elektron,37099,Music,t5_2u82u,1730746463.3169641
65,r/patekphilippe,37091,Fashion,t5_2vm3u,1730746463.336087
66,r/succshaming,37085,Home and Garden,t5_2knmrc,1730746463.35473
67,r/Somalia,37084,Place,t5_2qm0m,1730746463.373587
68,r/basspedals,37080,Music,t5_34le8,1730746463.392389
69,r/Cooking_ac,37071,Food and Drink,t5_9w0btb,1730746463.4114208
70,r/TheGlowUp,37071,Beauty and Makeup,t5_umlus,1730746463.430455
71,r/Talonmains,37063,Gaming,t5_32ntp,1730746463.449888
72,r/whitewater,37062,Sports,t5_2rok8,1730746463.4693959
73,r/ROBLOXBans,37060,Gaming,t5_2x8lg,1730746463.4890308
74,r/mobilewallpapers,37053,Art,t5_2tz1s,1730746463.508
75,r/weddingdrama,37051,Family and Relationships,t5_9d2qi,1730746463.527821
76,r/uchicago,37045,Learning and Education,t5_2qh46,1730746463.546776
77,r/MirrorForSale,37041,Internet Culture and Memes,t5_h65l9,1730746463.565871
78,r/WC3,37030,Gaming,t5_2r4nl,1730746463.5849411
79,r/TXChainSawGame,37029,Gaming,t5_5aawcw,1730746463.603977
80,r/Nicedress,37028,Fashion,t5_2p6a8r,1730746463.625348
81,r/pitbullsinjammies,37018,Animals and Pets,t5_3avrd,1730746463.644311
82,r/PokemonGOValor,37007,Gaming,t5_3fbgi,1730746463.663583
83,r/aipromptprogramming,36989,Technology,t5_80hi9u,1730746463.682685
84,r/rfelectronics,36987,Technology,t5_2s9fi,1730746463.702208
85,r/CartiCulture,36975,Music,t5_4c4pw7,1730746463.7211
86,r/SSundeeReddit,36964,Podcasts and Streamers,t5_3qxs2d,1730746463.740937
87,r/torontobiking,36964,Sports,t5_2t0mq,1730746463.760553
88,r/SoloTravel_India,36954,Travel,t5_3xoj8h,1730746463.779596
89,r/SteelyDan,36946,Music,t5_2s642,1730746463.797153
90,r/osvaldo12,36929,Internet Culture and Memes,t5_3ro3t2,1730746463.815373
91,r/ParanormalScience,36929,Internet Culture and Memes,t5_2ulcl,1730746463.832948
92,r/unitedstatesofamerica,36927,Art,t5_2sqbc,1730746463.850774
93,r/crazysexycool,36901,Internet Culture and Memes,t5_j1ls8,1730746463.86932
94,r/multitools,36885,Crafts and DIY,t5_2u3tt,1730746463.888654
95,r/Tarkov,36883,Gaming,t5_3bkvg,1730746463.9083588
96,r/Opeth,36876,Music,t5_2qoi2,1730746463.927563
97,r/keycaps,36869,Crafts and DIY,t5_2vope,1730746463.946338
98,r/SkincareAddictionLux,36857,Beauty and Makeup,t5_5rq3lz,1730746463.965176
99,r/TheCapeRevolution,36854,Fashion,t5_2bfa90,1730746463.983945
100,r/daria,36853,Television,t5_2sgsq,1730746464.002743
101,r/IllegallySmolBunnies,36853,Animals and Pets,t5_2hvylm,1730746464.021069
102,r/jennie,36852,Celebrity,t5_3fvv4,1730746464.040471
103,r/Portraitart,36852,Art,t5_2cx5s9,1730746464.0592651
104,r/IndianStocks,36842,"Business, Economics, and Finance",t5_i4h6y,1730746464.078998
105,r/Toonami,36842,Anime,t5_2tcoc,1730746464.0991738
106,r/webscraping,36842,Programming,t5_318ly,1730746464.119321
107,r/AlaskaAirlines,36838,Travel,t5_2yfgl,1730746464.138147
108,r/PHhandsgonewild,36834,Beauty and Makeup,t5_e0bzk,1730746464.157284
109,r/spiritual,36826,Religion and Spirituality,t5_2qi6t,1730746464.1766698
110,r/CelticFC,36820,Sports,t5_2snki,1730746464.1955452
111,r/NanaAnime,36809,Anime,t5_2llh41,1730746464.2143848
112,r/ChanceTheRapper,36807,Music,t5_2vaja,1730746464.233181
113,r/thepassportbros,36802,Travel,t5_6yllyu,1730746464.252554
114,r/LearnGuitar,36800,Music,t5_2r4jg,1730746464.2719328
115,r/flags,36797,Hobbies,t5_2sdry,1730746464.290786
116,r/angelinajolie,36783,Celebrity,t5_2sti7,1730746464.310843
117,r/animequestions,36783,Anime,t5_10ik1u,1730746464.329908
118,r/F1Manager,36780,Gaming,t5_392r0,1730746464.3483431
119,r/fastandfurious,36776,Movies,t5_2w8jg,1730746464.367485
120,r/ImaginaryDwellings,36776,Art,t5_3cbu5,1730746464.3864782
121,r/SiloSeries,36762,Television,t5_2qfkim,1730746464.405687
122,r/MedicalCannabisOz,36757,Medical and Mental Health,t5_43or0d,1730746464.4233449
123,r/koalas,36756,Animals and Pets,t5_2slrs,1730746464.440972
124,r/mormon,36754,Religion and Spirituality,t5_2qky2,1730746464.4584682
125,r/PhiladelphiaEats,36754,Food and Drink,t5_4zqreh,1730746464.476075
126,r/tjournal_refugees,36744,World News,t5_6wysdn,1730746464.493359
127,r/arkham,36741,Gaming,t5_2t0os,1730746464.510993
128,r/celebnipvisibility,36729,Celebrity,t5_9genvf,1730746464.5284421
129,r/MEGA,36693,Technology,t5_2rxoi,1730746464.545919
130,r/sanmarcos,36679,Place,t5_2rsch,1730746464.56481
131,r/web3,36678,Crypto,t5_2qy9b,1730746464.582299
132,r/curiosityrover,36677,Science,t5_2uov2,1730746464.599815
133,r/numerology,36677,Religion and Spirituality,t5_2ryzk,1730746464.617985
134,r/Older_Millennials,36670,History,t5_8szeqy,1730746464.635694
135,r/usefulredcircle,36662,Funny/Humor,t5_hs27z,1730746464.6532
136,r/ShiptShoppers,36660,Careers,t5_3oyqm,1730746464.670675
137,r/stormchasing,36657,Hobbies,t5_2rjyx,1730746464.687957
138,r/LifeasanNPC,36651,Gaming,t5_2vafm,1730746464.705407
139,r/solaropposites,36641,Television,t5_39wor,1730746464.723056
140,r/toys,36639,Hobbies,t5_2qh86,1730746464.741015
141,r/afghanistan,36634,Place,t5_2qsnx,1730746464.758973
142,r/DrosteEffect,36630,Internet Culture and Memes,t5_2y3t9,1730746464.7779331
143,r/popularopinion,36618,Meta/Reddit,t5_37soj,1730746464.7960582
144,r/forestry,36617,Outdoors and Nature,t5_2s5wq,1730746464.814686
145,r/HisDarkMaterialsHBO,36612,Television,t5_11sa1t,1730746464.833683
146,r/wowguilds,36610,Gaming,t5_2s8h3,1730746464.852273
147,r/MbtiTypeMe,36607,Internet Culture and Memes,t5_m1ah5,1730746464.871506
148,r/Vulfpeck,36605,Music,t5_30wlu,1730746464.8904152
149,r/offerup,36604,Marketplace and Deals,t5_3ayyo,1730746464.9091032
150,r/siberianhusky,36599,Animals and Pets,t5_2suoy,1730746464.928282
151,r/BeardTalk,36594,Beauty and Makeup,t5_30qjy,1730746464.947084
152,r/babyrhinogifs,36575,Animals and Pets,t5_31p4y,1730746464.965916
153,r/ethz,36562,Learning and Education,t5_2spa3,1730746464.984853
154,r/comedybangbang,36558,Podcasts and Streamers,t5_2vznk,1730746465.0046458
155,r/bulbasaurmasterrace,36556,Internet Culture and Memes,t5_35vc0,1730746465.025281
156,r/TrekBikes,36556,Cars and Motor Vehicles,t5_2xcn0,1730746465.044787
157,r/DokkanBattleReddit,36554,Gaming,t5_3noui,1730746465.065013
158,r/TrueCrimeMystery,36552,Law,t5_4r6wtg,1730746465.084082
159,r/Sketchup,36551,Technology,t5_2s3rz,1730746465.1028202
160,r/TacticalIssueCat,36551,Animals and Pets,t5_6c4y54,1730746465.12235
161,r/Anya_TaylorJoy,36543,Celebrity,t5_3etja,1730746465.141063
162,r/blackbutler,36542,Anime,t5_2tu8z,1730746465.1598551
163,r/ekkomains,36540,Gaming,t5_386w1,1730746465.178658
164,r/FocusST,36531,Cars and Motor Vehicles,t5_2unrr,1730746465.197366
165,r/Slayypoint,36525,Podcasts and Streamers,t5_10f8dl,1730746465.216135
166,r/Idaho4,36519,Law,t5_7he8a5,1730746465.2349381
167,r/CanyonBikes,36496,Hobbies,t5_ekxj7,1730746465.2542
168,r/BusinessTantrums,36492,Internet Culture and Memes,t5_3mj1m,1730746465.2734249
169,r/Tabs,36489,Music,t5_2qoxo,1730746465.292989
170,r/SwingerNewbies,36483,Mature Themes and Adult Content,t5_33hx5b,1730746465.31165
171,r/LeagueofLegendsMeta,36468,Gaming,t5_2smhl,1730746465.330579
172,r/jewelers,36463,Hobbies,t5_2s8y8,1730746465.3497338
173,r/MuzisyenveBandosu,36463,Podcasts and Streamers,t5_4jg7go,1730746465.369757
174,r/brittneyatwood1,36462,Celebrity,t5_6ncrcl,1730746465.3892841
175,r/RucoyOnline,36442,Gaming,t5_3crv8,1730746465.40916
176,r/35mm,36435,Art,t5_2w4xm,1730746465.431551
177,r/UKUniversityStudents,36433,Learning and Education,t5_353tc,1730746465.4527192
178,r/AlHaithamMains,36410,Gaming,t5_6l5znm,1730746465.472246
179,r/royalenfield,36408,Cars and Motor Vehicles,t5_2tlx7,1730746465.49213
180,r/ryobi,36392,Crafts and DIY,t5_2ytws,1730746465.5154738
181,r/aspynovardsnark,36391,Podcasts and Streamers,t5_5b12h9,1730746465.535239
182,r/Lakshadweep_Islands,36382,Place,t5_3bnakg,1730746465.594341
183,r/needamod,36374,Meta/Reddit,t5_2r2oo,1730746465.61548
184,r/patreon,36370,"Business, Economics, and Finance",t5_2x6ny,1730746465.6345952
185,r/3DSdeals,36369,Marketplace and Deals,t5_2zcta,1730746465.653707
186,r/FilmTheorists,36368,Podcasts and Streamers,t5_38guf,1730746465.6729631
187,r/NuclearPower,36357,Science,t5_2s254,1730746465.691872
188,r/imax,36350,Movies,t5_2xbiw,1730746465.7117271
189,r/AdultAmericaPremium,36335,Mature Themes and Adult Content,t5_99mlhp,1730746465.731033
190,r/Gamebundles,36334,Gaming,t5_2t809,1730746465.74893
191,r/SourceFed,36321,Podcasts and Streamers,t5_2tiwp,1730746465.767117
192,r/tradfri,36319,Home and Garden,t5_3jvwv,1730746465.784956
193,r/ThrowingFits,36307,Podcasts and Streamers,t5_2alp2p,1730746465.843092
194,r/iwoulddiefornoodle,36300,Animals and Pets,t5_2rmrji,1730746465.8622131
195,r/questionsante,36296,Medical and Mental Health,t5_7l5ha0,1730746465.90115
196,r/pythoncoding,36289,Programming,t5_3649w,1730746465.919919
197,r/folagoro,36281,Podcasts and Streamers,t5_2uiajk,1730746465.9385228
198,r/vancouvercanada,36279,Place,t5_34m57,1730746465.95739
199,r/parentsofmultiples,36272,Family and Relationships,t5_2s8g3,1730746465.976179
200,r/MaintenancePhase,36269,Podcasts and Streamers,t5_3bufsk,1730746465.995201
201,r/NewPatriotism,36267,Activism,t5_3jhbq,1730746466.014024
202,r/BlueEyeSamurai,36259,Television,t5_438xs1,1730746466.032862
203,r/nycinfluencersnarking,36254,Celebrity,t5_82p6o2,1730746466.05189
204,r/accord,36248,Cars and Motor Vehicles,t5_2yx7v,1730746466.070868
205,r/thetron,36247,Place,t5_2sbx4,1730746466.092149
206,r/SSBPM,36245,Gaming,t5_2u3tn,1730746466.1116312
207,r/Kinkposts,36243,Mature Themes and Adult Content,t5_6fgh0a,1730746466.130413
208,r/oilandgasworkers,36241,Careers,t5_2w8br,1730746466.1492338
209,r/ROOMSYX,36237,Podcasts and Streamers,t5_4llkqp,1730746466.168164
210,r/AssClappersINC,36231,Mature Themes and Adult Content,t5_24tsmo,1730746466.1870542
211,r/CoronavirusAustralia,36226,Medical and Mental Health,t5_2fyaa6,1730746466.205838
212,r/EmmaBrooks,36225,Celebrity,t5_3jz3wi,1730746466.224683
213,r/essentialoils,36214,Beauty and Makeup,t5_2ufx2,1730746466.244125
214,r/DubaiPetrolHeads,36211,Cars and Motor Vehicles,t5_43ooov,1730746466.263461
215,r/cakefails,36194,Food and Drink,t5_3293s,1730746466.282681
216,r/dachshunds,36194,Animals and Pets,t5_2rh33,1730746466.301909
217,r/mtgaltered,36194,Tabletop Games,t5_2tv58,1730746466.3208
218,r/IRstudies,36180,Learning and Education,t5_2s8z8,1730746466.33954
219,r/HorribleToClean,36177,Home and Garden,t5_4b0qhv,1730746466.358418
220,r/language,36175,Learning and Education,t5_2qlfj,1730746466.3773592
221,r/Picard,36173,Television,t5_2s7r1,1730746466.3963342
222,r/Dreamtheater,36170,Music,t5_2r25x,1730746466.415159
223,r/EASportsCFB,36158,Gaming,t5_3vya59,1730746466.434121
224,r/Airpodsmax,36148,Technology,t5_3j3my2,1730746466.452684
225,r/NoBraBounce,36148,Mature Themes and Adult Content,t5_83cp0v,1730746466.471515
226,r/DankPods,36142,Technology,t5_2b4ixo,1730746466.49012
227,r/NEU,36139,Learning and Education,t5_2r47x,1730746466.50968
228,r/ASMRScriptHaven,36133,Podcasts and Streamers,t5_17jhr9,1730746466.5530639
229,r/isometric,36130,Art,t5_2tmcp,1730746466.571697
230,r/Windscribe,36123,Technology,t5_3julg,1730746466.59184
231,r/Olivia_Ponton_,36110,Celebrity,t5_2phtbj,1730746466.610513
232,r/FoundationTV,36107,Television,t5_34hhp,1730746466.629217
233,r/Smartphones,36106,Technology,t5_2r1aa,1730746466.647972
234,r/paloaltonetworks,36104,Technology,t5_2urzs,1730746466.666605
235,r/bbaldiback,36102,Internet Culture and Memes,t5_93m8wi,1730746466.685202
236,r/mcrealmsservers,36097,Gaming,t5_2ykd5,1730746466.703611
237,r/Bakersfield,36088,Place,t5_2s581,1730746466.722121
238,r/ImaginarySteampunk,36087,Art,t5_2y0nh,1730746466.740621
239,r/MinimalWallpaper,36086,Art,t5_2unvh,1730746466.7595031
240,r/CrowGang,36056,Gaming,t5_wiqcu,1730746466.7785559
241,r/TexasChainsawGame,36055,Gaming,t5_5gr0uw,1730746466.7976818
242,r/CastIronCooking,36050,Food and Drink,t5_34o0g,1730746466.8166459
243,r/galaxyzflip,36038,Technology,t5_2cqgfu,1730746466.83542
244,r/FioraMains,36037,Gaming,t5_388x9,1730746466.854229
245,r/Kings_Raid,36033,Gaming,t5_3jui6,1730746466.873309
246,r/ledootgeneration,36025,Internet Culture and Memes,t5_32fzy,1730746466.892174
247,r/trueratediscussions,36024,Beauty and Makeup,t5_5u5d30,1730746466.910902
248,r/femcelgrippysockjail,36016,Internet Culture and Memes,t5_8gu7mv,1730746466.9294841
249,r/yerbamate,36016,Food and Drink,t5_2ro1q,1730746466.948024
