,subreddit,subscribers,topic,subreddit_id,scraped_utc
0,r/Nanoapp,36014,Technology,t5_g6s0q,1730746480.408173
1,r/SharkLab,35997,Outdoors and Nature,t5_8td7ki,1730746480.431257
2,r/SoulCaliburCreations,35996,Gaming,t5_2unss,1730746480.450994
3,r/DontPanic,35995,"Reading, Writing, and Literature",t5_2t9xb,1730746480.472251
4,r/Taxidermy,35986,Hobbies,t5_2sj2g,1730746480.493263
5,r/DeathCertificates,35979,Internet Culture and Memes,t5_4m9dig,1730746480.522349
6,r/gumball,35974,Television,t5_2sgu4,1730746480.541128
7,r/azdiamondbacks,35969,Sports,t5_2sc56,1730746480.560128
8,r/CitiesSkylinesModding,35968,Gaming,t5_3742z,1730746480.577727
9,r/Cairns,35955,Place,t5_2rhaq,1730746480.5960891
10,r/Timberborn,35948,Gaming,t5_26exly,1730746480.662254
11,r/legotechnic,35947,Hobbies,t5_2x2q4,1730746480.683271
12,r/OverwatchLFT,35947,Gaming,t5_34j83,1730746480.725398
13,r/IOTAmarkets,35941,Crypto,t5_3fndh,1730746480.74535
14,r/Futurism,35938,Science,t5_2qnw4,1730746480.7654378
15,r/InsideMollywood,35925,Movies,t5_60t43c,1730746480.785609
16,r/mew_irl,35920,Internet Culture and Memes,t5_394cq,1730746480.805952
17,r/BittorrentToken,35906,Crypto,t5_u12zj,1730746480.826217
18,r/Feic,35905,Internet Culture and Memes,t5_zj5ar,1730746480.846326
19,r/CatsWhoConverse,35902,Animals and Pets,t5_28viqr,1730746480.8673348
20,r/avocadosgonewild,35901,Funny/Humor,t5_2vquk,1730746480.887956
21,r/Birkenstocks,35878,Fashion,t5_2uf7o,1730746480.907754
22,r/AfterVanced,35877,Technology,t5_615em0,1730746480.927388
23,r/gank,35859,Gaming,t5_2x8hu,1730746480.94671
24,r/chuunibyou,35848,Anime,t5_2vg02,1730746480.966218
25,r/Bakur,35842,Place,t5_36jo9,1730746480.985582
26,r/AllTomorrows,35838,"Reading, Writing, and Literature",t5_4mhojs,1730746481.013162
27,r/ImaginarySeascapes,35832,Art,t5_2yg8o,1730746481.033972
28,r/Shinyraids,35832,Gaming,t5_28uta3,1730746481.053638
29,r/pundarblocket,35831,Funny/Humor,t5_4pujbl,1730746481.077568
30,r/solarenergy,35829,Technology,t5_2qqdi,1730746481.100205
31,r/lowriders,35828,Cars and Motor Vehicles,t5_2si1h,1730746481.1210408
32,r/macandcheese,35826,Food and Drink,t5_2tfav,1730746481.1404579
33,r/oldbritishtelly,35802,Television,t5_f0ski,1730746481.159473
34,r/WildlyBadDrivers,35795,Cars and Motor Vehicles,t5_ao7jf4,1730746481.178167
35,r/lanitas,35794,Music,t5_7babof,1730746481.196851
36,r/andreyoung,35787,Podcasts and Streamers,t5_6cmntq,1730746481.215753
37,r/StandingDesk,35787,Home and Garden,t5_30t9f,1730746481.234532
38,r/PanganaySupportGroup,35778,Family and Relationships,t5_2w199k,1730746481.253851
39,r/SFV,35777,Place,t5_2saa9,1730746481.272842
40,r/sarcasm,35764,Internet Culture and Memes,t5_2qnaj,1730746481.29228
41,r/AdorableDragons,35762,Art,t5_34gxs,1730746481.312494
42,r/dontstarvetogether,35756,Gaming,t5_32kma,1730746481.331743
43,r/yo_ctm,35750,Internet Culture and Memes,t5_jhy39,1730746481.351246
44,r/screaming,35743,Music,t5_2vbk2,1730746481.369857
45,r/WeAreAllTurks,35734,Internet Culture and Memes,t5_2xff5y,1730746481.392725
46,r/DiscordAdvertising,35732,Internet Culture and Memes,t5_3ije8,1730746481.451179
47,r/pathoftitans,35730,Gaming,t5_vi2yy,1730746481.484819
48,r/oceancreatures,35729,Animals and Pets,t5_2zjol,1730746481.5142138
49,r/Vanossgaming,35727,Podcasts and Streamers,t5_30xvd,1730746481.53924
50,r/Fingerboards,35725,Hobbies,t5_2so6q,1730746481.560315
51,r/AustinFC,35724,Sports,t5_3pa7j,1730746481.583599
52,r/TodayIAte,35719,Food and Drink,t5_2seuc,1730746481.604212
53,r/Blazblue,35716,Gaming,t5_2s6iq,1730746481.624953
54,r/H3VR,35713,Gaming,t5_3ees2,1730746481.6470988
55,r/appetizers,35710,Food and Drink,t5_2sg56,1730746481.6678212
56,r/Billions,35708,Television,t5_2z1d2,1730746481.6884868
57,r/PioneerMTG,35704,Gaming,t5_26yo3r,1730746481.708423
58,r/PokemonEmerald,35691,Gaming,t5_2tmwo,1730746481.728989
59,r/Lottery,35685,Tabletop Games,t5_2qy8d,1730746481.748587
60,r/jailbreakdevelopers,35676,Programming,t5_2yk36,1730746481.7682052
61,r/SystemsCringe,35675,Internet Culture and Memes,t5_3dp2xu,1730746481.7884731
62,r/PalmettoStateArms,35674,Mature Themes and Adult Content,t5_4zwz2m,1730746481.80851
63,r/switcharoo,35662,Meta/Reddit,t5_2t9sh,1730746481.830653
64,r/Datsun,35659,Cars and Motor Vehicles,t5_2smge,1730746481.852222
65,r/YetiCoolers,35655,Outdoors and Nature,t5_3e5xe,1730746481.874652
66,r/Riverside,35652,Place,t5_2rstq,1730746481.896631
67,r/KindleFreebies,35639,"Reading, Writing, and Literature",t5_2td0q,1730746481.9180741
68,r/AlfaOxtrot,35631,Podcasts and Streamers,t5_3cwl06,1730746481.939137
69,r/curiousvideos,35620,Learning and Education,t5_37u4r,1730746481.959158
70,r/AQW,35617,Gaming,t5_2t0la,1730746481.979926
71,r/PanicAttack,35605,Medical and Mental Health,t5_2sizq,1730746481.9996438
72,r/WholeFoodsPlantBased,35590,Fitness and Nutrition,t5_2w8lz,1730746482.020833
73,r/entirebodyexercise,35587,Fitness and Nutrition,t5_nixeu,1730746482.040425
74,r/streamentry,35584,Religion and Spirituality,t5_3f7zb,1730746482.0591
75,r/simsfreeplay,35583,Gaming,t5_2yxfm,1730746482.080568
76,r/ski,35578,Sports,t5_2qllf,1730746482.100369
77,r/BigEbonyDSLs,35565,Mature Themes and Adult Content,t5_812ntv,1730746482.120048
78,r/ColoradoRockies,35564,Sports,t5_2s3x4,1730746482.1392262
79,r/AdamDriverCats,35558,Animals and Pets,t5_wv9gk,1730746482.159147
80,r/Toughguysholdingpets,35557,Animals and Pets,t5_2h29ku,1730746482.180794
81,r/Kitting,35555,Animals and Pets,t5_32ywc,1730746482.200855
82,r/Supra,35550,Cars and Motor Vehicles,t5_2tlmb,1730746482.219955
83,r/bee_irl,35548,Internet Culture and Memes,t5_37475,1730746482.239977
84,r/bigmenfashionadvice,35548,Fashion,t5_31ju9,1730746482.259153
85,r/wyomingdoesntexist,35542,Internet Culture and Memes,t5_3gube,1730746482.2781692
86,r/BillAndPhil,35537,Funny/Humor,t5_3gcuj,1730746482.297017
87,r/AgingParents,35533,Family and Relationships,t5_31k4q,1730746482.315895
88,r/GamblingRecovery,35533,Addiction Support,t5_b1mtdu,1730746482.3350148
89,r/ClassActionRobinHood,35531,Law,t5_3tilzi,1730746482.3560598
90,r/LowAltitudeJets,35529,Military,t5_3iw72,1730746482.3774662
91,r/ONETREEHILL,35510,Television,t5_2ryv9,1730746482.3969011
92,r/PRINCE,35508,Music,t5_2qoju,1730746482.421016
93,r/TheGentlemenTVShow,35507,Television,t5_asek8z,1730746482.4414651
94,r/WorldOfTanksBlitz,35494,Gaming,t5_31zi1,1730746482.4608269
95,r/creativecoding,35489,Programming,t5_2w6qf,1730746482.4800892
96,r/naturephotography,35488,Outdoors and Nature,t5_2sqod,1730746482.4994812
97,r/Catnames,35480,Animals and Pets,t5_2rn7d,1730746482.5208042
98,r/ScrunchedSoles,35472,Mature Themes and Adult Content,t5_5wyqdf,1730746482.541444
99,r/LegionFX,35462,Television,t5_3e713,1730746482.5851939
100,r/akita,35460,Animals and Pets,t5_2t5w8,1730746482.604707
101,r/InformedWarriorRides,35451,Cars and Motor Vehicles,t5_29ipm2,1730746482.622607
102,r/Onlyfans_PHATASSES,35447,This is a promotion subreddit for the PHAT ASSES of Onlyfans. Models post yourselves and Fans post models who deserve a spotlight!,t5_61a0r1,1730746482.659285
103,r/Grishaverse,35425,Television,t5_kqucg,1730746482.678524
104,r/WorkAdvice,35406,Careers,t5_323xq,1730746482.697335
105,r/uvic,35402,Learning and Education,t5_2ru8r,1730746483.070037
106,r/GateioExchange,35391,Crypto,t5_sbseo,1730746483.094948
107,r/LastDayonEarthGame,35389,Gaming,t5_3leio,1730746483.114905
108,r/ASOUE,35380,Movies,t5_2vtju,1730746483.1348312
109,r/Charger,35374,Cars and Motor Vehicles,t5_2vox2,1730746483.154233
110,r/UsenetInvites,35362,Technology,t5_2vaus,1730746483.1836128
111,r/DigitalArtTutorials,35359,Art,t5_3iudj,1730746483.2042398
112,r/CyberSecurityJobs,35357,Careers,t5_3cj7y,1730746483.224915
113,r/Irrigation,35356,Home and Garden,t5_2s3gr,1730746483.245578
114,r/ThaiBeauties,35342,Celebrity,t5_2htqql,1730746483.265749
115,r/underdogfantasy,35342,Mature Themes and Adult Content,t5_2zj3lo,1730746483.305432
116,r/opera,35340,Music,t5_2r8vy,1730746483.37868
117,r/Italian,35335,Place,t5_2rqc6,1730746483.398266
118,r/softwaretesting,35326,Programming,t5_2rtrr,1730746483.42877
119,r/AnycubicPhoton,35325,Technology,t5_4blov,1730746483.447913
120,r/NilouMains,35320,Gaming,t5_5v9stw,1730746483.467145
121,r/girlsarentreal,35318,Internet Culture and Memes,t5_z4kmb,1730746483.486229
122,r/toontownrewritten,35318,Gaming,t5_2yk37,1730746483.50603
123,r/uwo,35307,Learning and Education,t5_2rm2m,1730746483.526647
124,r/ImaginaryWizards,35301,Art,t5_2y0m7,1730746483.547492
125,r/Broward,35297,Place,t5_2s93d,1730746483.568695
126,r/Revit,35296,Technology,t5_2s5k2,1730746483.587384
127,r/ShadowPC,35290,Technology,t5_absvf,1730746483.605185
128,r/WindowsMR,35286,Technology,t5_3k7hg,1730746483.622824
129,r/Markham,35282,Place,t5_2sh79,1730746483.641361
130,r/ggggg,35279,Internet Culture and Memes,t5_2rghi,1730746483.659914
131,r/POTCmemes,35279,Internet Culture and Memes,t5_3kdif,1730746483.678761
132,r/Curry,35277,Food and Drink,t5_2qotc,1730746483.69963
133,r/ideasfortheadmins,35276,Meta/Reddit,t5_2qqhi,1730746483.718136
134,r/phuket,35276,Place,t5_2qwdi,1730746483.737566
135,r/BetaReaders,35274,"Reading, Writing, and Literature",t5_2stcc,1730746483.756429
136,r/Leiden,35267,Place,t5_2tgg7,1730746483.7749991
137,r/LittleRock,35255,Place,t5_2sj2s,1730746483.7941298
138,r/vet,35254,Animals and Pets,t5_2reol,1730746483.8129752
139,r/searchandrescue,35248,Careers,t5_2t9zp,1730746483.83176
140,r/GunfireReborn,35236,Gaming,t5_2p0tbc,1730746483.850537
141,r/healthIT,35230,Medical and Mental Health,t5_2s4yt,1730746483.86921
142,r/reselling,35228,"Business, Economics, and Finance",t5_2ve35,1730746483.888336
143,r/Laserengraving,35227,Hobbies,t5_2xe9m,1730746483.907975
144,r/LandoftheLustrous,35200,Anime,t5_3nwpr,1730746483.926989
145,r/NightCityFashion,35196,Gaming,t5_2tl4vq,1730746483.945827
146,r/Sikh,35194,Religion and Spirituality,t5_2rfo4,1730746483.964511
147,r/Stake,35192,Mature Themes and Adult Content,t5_33gvj,1730746483.9833531
148,r/Panera,35185,Food and Drink,t5_2r2j1,1730746484.002021
149,r/Shinypreciousgems,35180,Marketplace and Deals,t5_169dmv,1730746484.020776
150,r/TruckStopBathroom,35172,Internet Culture and Memes,t5_osmgf,1730746484.0396092
151,r/RStudio,35155,Programming,t5_2wf3j,1730746484.058549
152,r/Converse,35144,Fashion,t5_2qzfh,1730746484.077974
153,r/emily_rudd,35140,Celebrity,t5_2zjv8,1730746484.098909
154,r/SurvivingMars,35137,Gaming,t5_3kerp,1730746484.1200361
155,r/ThriftStoreCats,35124,Home and Garden,t5_llcaj,1730746484.143009
156,r/CookbookLovers,35122,Food and Drink,t5_2fu2g6,1730746484.196173
157,r/frittsnack,35122,Family and Relationships,t5_75vg58,1730746484.222139
158,r/modulars,35121,Home and Garden,t5_3ejdp,1730746484.2468119
159,r/WalmartEmployees,35119,Careers,t5_32y3y,1730746484.269803
160,r/BeachHouse,35118,Music,t5_2ul68,1730746484.290498
161,r/WebsiteBuilder,35111,Technology,t5_37fex,1730746484.3105001
162,r/AmanitaMuscaria,35110,Mature Themes and Adult Content,t5_39jb9,1730746484.329841
163,r/weightgain,35108,Fitness and Nutrition,t5_2z0nf,1730746484.348497
164,r/Pictures,35106,Art,t5_2qhwd,1730746484.367367
165,r/Banished,35104,Gaming,t5_2wp64,1730746484.386681
166,r/Lore_Olympus,35096,Art,t5_1vtzqe,1730746484.405958
167,r/mountainbikes,35092,Outdoors and Nature,t5_2uskl,1730746484.424614
168,r/DunkinDonuts,35088,Careers,t5_2xiq1,1730746484.443417
169,r/meteorites,35082,Science,t5_2sfkx,1730746484.462354
170,r/katawashoujo,35067,"Reading, Writing, and Literature",t5_2tb50,1730746484.483212
171,r/BattlefrontTWO,35051,Gaming,t5_3pxjo,1730746484.502958
172,r/Wildfire,35051,Careers,t5_2r65b,1730746484.521634
173,r/PokemonSwordShield,35050,Gaming,t5_xavqp,1730746484.541087
174,r/sennheiser,35049,Technology,t5_2u1fj,1730746484.56041
175,r/PrivatEkonomi,35040,"Business, Economics, and Finance",t5_31xyj,1730746484.5789719
176,r/ScaryTechnology,35032,Technology,t5_29usgn,1730746484.6002932
177,r/MH370,35028,History,t5_30v0f,1730746484.619891
178,r/3BodyProblemTVShow,35016,Television,t5_90sihg,1730746484.638807
179,r/menswear,35015,Fashion,t5_2rsom,1730746484.657834
180,r/DevonUK,35011,Place,t5_2srfs,1730746484.6767528
181,r/SuperSaiyanGifs,35011,Funny/Humor,t5_2xdh3,1730746484.696192
182,r/ITManagers,35004,Careers,t5_2tl26,1730746484.7147799
183,r/MetalSlugAttack,34999,Gaming,t5_3ckyk,1730746484.7341871
184,r/buncomfortable,34997,Animals and Pets,t5_vfpr4,1730746484.7556858
185,r/aftergifted,34984,Medical and Mental Health,t5_vr1hj,1730746484.778114
186,r/FoundTheJedi,34984,Funny/Humor,t5_2363zz,1730746484.7995799
187,r/DragonCity,34983,Gaming,t5_2v25f,1730746484.81965
188,r/Newfoundlander,34982,Animals and Pets,t5_2tvso,1730746484.8398988
189,r/jailbreak_,34980,Technology,t5_3kewr,1730746484.860362
190,r/SAP,34977,Technology,t5_2qkeg,1730746484.880971
191,r/COsnow,34972,Place,t5_2sznc,1730746484.90133
192,r/Mocktails,34962,Food and Drink,t5_39248,1730746484.9217641
193,r/confleis,34949,Funny/Humor,t5_s2ifh,1730746484.941484
194,r/ReversePinterest,34945,Crafts and DIY,t5_4bqlt,1730746484.963889
195,r/wotlk,34943,Gaming,t5_2qmes,1730746484.987007
196,r/interracialdating,34938,Family and Relationships,t5_2x0dk,1730746485.006721
197,r/ww3memes,34934,Internet Culture and Memes,t5_3k198,1730746485.027141
198,r/ImaginaryFutureWar,34925,Art,t5_30ask,1730746485.047625
199,r/SneakySasquatch,34925,Gaming,t5_25baab,1730746485.0683599
200,r/OrnaRPG,34923,Gaming,t5_j8cpl,1730746485.088825
201,r/CherokeeXJ,34919,Cars and Motor Vehicles,t5_2unpm,1730746485.111077
202,r/leftistvexillology,34916,Politics,t5_3md7s,1730746485.131857
203,r/FemaleFlipFlops,34913,Mature Themes and Adult Content,t5_2i34v2,1730746485.151024
204,r/ACNHGardening,34905,Gaming,t5_2lsutz,1730746485.1699378
205,r/jetta,34894,Cars and Motor Vehicles,t5_2wa8m,1730746485.1886
206,r/hash,34892,Mature Themes and Adult Content,t5_2r35l,1730746485.207506
207,r/povertykitchen,34889,Food and Drink,t5_4yixbw,1730746485.2264378
208,r/woocommerce,34889,Technology,t5_2vsvg,1730746485.245939
209,r/PAW_digital,34885,Crypto,t5_59w21z,1730746485.2662451
210,r/GorillaTag,34879,Gaming,t5_2r6xib,1730746485.286874
211,r/TheFence,34877,Music,t5_2xha1,1730746485.3062432
212,r/SneakersCanada,34869,Fashion,t5_3hpvk,1730746485.325878
213,r/blackgirls,34863,Gender,t5_2snvh,1730746485.345033
214,r/MyTimeAtSandrock,34859,Gaming,t5_32plem,1730746485.36412
215,r/WRXSTi,34858,Cars and Motor Vehicles,t5_2wl05,1730746485.383578
216,r/ukbike,34855,Place,t5_2slwv,1730746485.4043179
217,r/alocasia,34841,Home and Garden,t5_2gl3te,1730746485.424633
218,r/comeonandslam,34839,Music,t5_2sv9h,1730746485.44512
219,r/bigcats,34836,Animals and Pets,t5_2t96e,1730746485.4652932
220,r/Gemini,34836,Crypto,t5_2ql7g,1730746485.484257
221,r/klippers,34836,Technology,t5_hijkp,1730746485.503117
222,r/OneTruthPrevails,34832,Anime,t5_31m8g,1730746485.521921
223,r/CoachCorySubmissions,34831,Podcasts and Streamers,t5_10e2b7,1730746485.541326
224,r/drivinganxiety,34826,Cars and Motor Vehicles,t5_3195p,1730746485.5618181
225,r/BayernMunich,34820,Sports,t5_2w5oa,1730746485.5831192
226,r/necoarc,34820,Anime,t5_4zxkae,1730746485.6056828
227,r/AskWomenOver40,34817,Gender,t5_2d618x,1730746485.6265569
228,r/LatinaTikTokGirls,34813,Mature Themes and Adult Content,t5_37r6q4,1730746485.647261
229,r/Trigun,34810,Anime,t5_2scux,1730746485.667884
230,r/tires,34807,Cars and Motor Vehicles,t5_2qrac,1730746485.688891
231,r/Honolulu,34805,Place,t5_2rhhc,1730746485.7101178
232,r/ChrisRamsay52,34800,Podcasts and Streamers,t5_24keq0,1730746485.730413
233,r/ModestMouse,34797,Music,t5_2rj5f,1730746485.751002
234,r/koreanskincare,34786,Beauty and Makeup,t5_5erdvw,1730746485.772489
235,r/PythonProjects2,34786,Programming,t5_fnrmm,1730746485.792964
236,r/GIDLE,34783,Music,t5_iemb7,1730746485.813479
237,r/RyzeMains,34781,Gaming,t5_39cxp,1730746485.8343701
238,r/IndianActressHub,34762,Celebrity,t5_5ynubr,1730746485.8544152
239,r/WatcherofRealmsGame,34758,Gaming,t5_6gtv97,1730746485.874443
240,r/BB_Stock,34752,"Business, Economics, and Finance",t5_3q7f1y,1730746485.8951418
241,r/improv,34744,Hobbies,t5_2qwok,1730746485.915615
242,r/PackADayKitties,34741,Animals and Pets,t5_255vuq,1730746485.935871
243,r/superleague,34739,Sports,t5_2sjgl,1730746485.9560692
244,r/DigimonCardGame2020,34737,Hobbies,t5_2iprfq,1730746485.97599
245,r/Mila_Kunis,34735,Celebrity,t5_2sjdl,1730746485.996089
246,r/Yahaha_IRL,34731,Internet Culture and Memes,t5_3kar3,1730746486.015906
247,r/StarWarsMagic,34727,Movies,t5_lxg8k,1730746486.036114
248,r/Wolverine,34724,"Reading, Writing, and Literature",t5_2qw7l,1730746486.0561001
249,r/ThaiBL,34714,Television,t5_290m6z,1730746486.076192
