,subreddit,subscribers,topic,subreddit_id,scraped_utc
0,r/missoula,30226,Place,t5_2rr4m,1730746583.855382
1,r/ControlTheory,30220,Science,t5_2wmjc,1730746583.876123
2,r/mtgcube,30217,Tabletop Games,t5_2smkx,1730746583.893873
3,r/Hermeticism,30216,Ethics and Philosophy,t5_2wixm,1730746583.911566
4,r/MisreadSprites,30210,Internet Culture and Memes,t5_3hloz,1730746583.929058
5,r/makeupdupes,30207,Beauty and Makeup,t5_3cz7d,1730746583.9548428
6,r/MenTy,30202,Podcasts and Streamers,t5_2rpyce,1730746583.97244
7,r/Torontoevents,30202,Place,t5_2s0wq,1730746583.9897442
8,r/DeStagiair,30195,Funny/Humor,t5_3bnd6,1730746584.0073652
9,r/Lexirivera,30195,Celebrity,t5_1bd77y,1730746584.024658
10,r/3dprintingdeals,30192,Marketplace and Deals,t5_isz62,1730746584.175871
11,r/Dyslexia,30192,Medical and Mental Health,t5_2s6nz,1730746584.194765
12,r/nycCoronavirus,30192,Medical and Mental Health,t5_2gwibo,1730746584.220439
13,r/thirtyyearsago,30159,History,t5_3g5l9,1730746584.239576
14,r/animemusic,30158,Anime,t5_2s8hj,1730746584.2586439
15,r/willwood,30144,Music,t5_ls60r,1730746584.2780979
16,r/Guitar_Theory,30137,Music,t5_39an0,1730746584.29664
17,r/playarkmobile,30134,Gaming,t5_gxs23,1730746584.31553
18,r/dfinity,30125,Crypto,t5_3fwij,1730746584.334181
19,r/mkd,30125,Place,t5_2thqa,1730746584.3527281
20,r/cozygames,30122,Gaming,t5_2bv5ji,1730746584.371391
21,r/PokemonGOIVs,30122,Gaming,t5_3fn3c,1730746584.3899572
22,r/TickTockManitowoc,30117,Law,t5_3eqc9,1730746584.408612
23,r/FirefoxCSS,30113,Programming,t5_3o507,1730746584.428128
24,r/darksky,30111,Outdoors and Nature,t5_32s5b,1730746584.4467971
25,r/wood,30110,Hobbies,t5_2qocp,1730746584.466412
26,r/Voltron,30085,Television,t5_2sl4q,1730746584.485034
27,r/ScienceImages,30081,Science,t5_2u4nq,1730746584.503646
28,r/Moscow,30078,Place,t5_2rhfo,1730746584.522618
29,r/uofmn,30078,Learning and Education,t5_2s492,1730746584.541496
30,r/toolps,30076,Animals and Pets,t5_2b6abf,1730746584.5600908
31,r/Model,30075,Mature Themes and Adult Content,t5_2tfzx,1730746584.578774
32,r/RepTimeServices,30075,Technology,t5_2yfjw9,1730746584.597101
33,r/cloudygamer,30065,Gaming,t5_3gdk4,1730746584.6158028
34,r/ChangedFurry,30057,Gaming,t5_kco9k,1730746584.634565
35,r/AnimeSakuga,30054,Anime,t5_3avkm,1730746584.65313
36,r/AusVisa,30052,Travel,t5_4ndtlb,1730746584.671762
37,r/TheNinthHouse,30051,"Reading, Writing, and Literature",t5_25uoty,1730746584.691335
38,r/Hobbit_Memes,30049,Internet Culture and Memes,t5_gtv5u,1730746584.710262
39,r/playstationbrasil,30046,Gaming,t5_2ye2lm,1730746584.730432
40,r/UCL,30039,Learning and Education,t5_2s23m,1730746584.750206
41,r/Yedits,30039,Music,t5_2c9anx,1730746584.769501
42,r/sexylooking,30034,Mature Themes and Adult Content,t5_6vd72c,1730746584.7890089
43,r/wholesomecompliance,30033,Funny/Humor,t5_3jiwu,1730746584.80763
44,r/Pitt,30029,Learning and Education,t5_2rhsl,1730746584.826601
45,r/PSIkiKusuo,30029,Anime,t5_3fjdh,1730746584.845404
46,r/PennyLaneIsTheName,30027,Celebrity,t5_59hwgd,1730746584.864049
47,r/HOI4memes,30022,Gaming,t5_rwkmi,1730746584.8826082
48,r/INFJmemes,30021,Funny/Humor,t5_23qqkz,1730746584.901619
49,r/TeemoTalk,30015,Gaming,t5_38i2f,1730746584.9209979
50,r/gretavanfleet,30013,Music,t5_3m8o8,1730746584.9405398
51,r/Catsubs,30009,Animals and Pets,t5_37uxe,1730746584.959315
52,r/csakcsajok,30005,Women's Health,t5_5u8r19,1730746584.978198
53,r/AskDoctorSmeeee,30004,Medical and Mental Health,t5_33d9u,1730746584.996833
54,r/PepperLovers,29999,Home and Garden,t5_thsea,1730746585.016017
55,r/thingsbritssay,29997,Funny/Humor,t5_aif843,1730746585.034888
56,r/Firebase,29994,Programming,t5_301qk,1730746585.0545752
57,r/John_Frusciante,29993,Music,t5_2tqu0,1730746585.0737338
58,r/sennamains,29993,Gaming,t5_3flfu,1730746585.0934489
59,r/businessschool,29990,Learning and Education,t5_2tkw1,1730746585.112146
60,r/saab,29988,Cars and Motor Vehicles,t5_2rr20,1730746585.130921
61,r/Asphalt9,29987,Gaming,t5_3ot5v,1730746585.149927
62,r/PEI,29980,Place,t5_2sgat,1730746585.168867
63,r/TechSEO,29976,Technology,t5_3eciw,1730746585.187805
64,r/Cinema,29974,Movies,t5_2r4nf,1730746585.206739
65,r/TQDC,29972,Internet Culture and Memes,t5_t987p,1730746585.2257779
66,r/CorpseHusband,29968,Podcasts and Streamers,t5_3in9z,1730746585.2459111
67,r/UraniumSqueeze,29962,"Business, Economics, and Finance",t5_3vl7ap,1730746585.2652822
68,r/chanel,29953,Fashion,t5_33hc8,1730746585.285845
69,r/vaynemains,29948,Gaming,t5_35l0c,1730746585.3046699
70,r/EmmaMackey,29933,Celebrity,t5_unq14,1730746585.32347
71,r/hayleywilliams,29932,Celebrity,t5_2rz57,1730746585.342679
72,r/frederickmd,29923,Place,t5_2s59d,1730746585.361482
73,r/StCharlesMO,29922,Place,t5_2up4q,1730746585.380213
74,r/dumplingmeme,29915,Animals and Pets,t5_7doac3,1730746585.3988428
75,r/sre,29912,Careers,t5_2yzso,1730746585.417579
76,r/Gaming_Headsets,29905,Gaming,t5_3bvrd,1730746585.4361448
77,r/FOXNEWS,29902,World News,t5_2qrzv,1730746585.456301
78,r/AskRedditFood,29893,Food and Drink,t5_4bna4,1730746585.474833
79,r/arcade,29891,Gaming,t5_2r0f2,1730746585.4936872
80,r/ZionNationalPark,29882,Outdoors and Nature,t5_3651z,1730746585.512527
81,r/TheOfficialPodcast,29880,Podcasts and Streamers,t5_3i47b,1730746585.5313852
82,r/treeofsavior,29880,Gaming,t5_2y7hb,1730746585.550389
83,r/AcneScars,29864,Beauty and Makeup,t5_33zum,1730746585.569132
84,r/RedboneGoddeses,29864,"-Beautiful Redbones and Latinas only -Natural or close enough(no bimbos) Posts: Ig lives Multiple Photos/vids OF -Not all will be qualified -Follow the format of the posts on the timeline. ( video, or multiple pictures with different angles) - 🚨 No selling",t5_7q8cyg,1730746585.589611
85,r/wwe_network,29862,Television,t5_393qg,1730746585.614974
86,r/LTSLS,29861,Internet Culture and Memes,t5_hwlzy,1730746585.633784
87,r/harrypottertheories,29850,"Reading, Writing, and Literature",t5_2ums5,1730746585.652768
88,r/kayascodelario,29850,Celebrity,t5_2sq9p,1730746585.671527
89,r/DramaFreeBJJ,29840,Sports,t5_7yvx9j,1730746585.690253
90,r/SillyTavernAI,29834,Technology,t5_88g8nv,1730746585.709213
91,r/rantgrumps,29829,Internet Culture and Memes,t5_38iu4,1730746585.728123
92,r/RealmRoyale,29826,Gaming,t5_gdbsg,1730746585.747166
93,r/TolkienArt,29825,Art,t5_2wcyc,1730746585.766577
94,r/3dprinter,29823,Technology,t5_2v6ta,1730746585.785504
95,r/swansea,29823,Place,t5_2s7mq,1730746585.8042
96,r/streeto,29819,Cars and Motor Vehicles,t5_3efca,1730746585.823099
97,r/AboveandBeyond,29818,Music,t5_2ukuv,1730746585.842011
98,r/sudoku,29818,Hobbies,t5_2r2mp,1730746585.8612611
99,r/CryptAssist,29817,Crypto,t5_jw1s9,1730746585.8799622
100,r/JosephMurphy,29812,Religion and Spirituality,t5_w9r90,1730746585.898753
101,r/UKcoins,29807,Hobbies,t5_2z79c,1730746585.918818
102,r/PeacemakerShow,29806,Television,t5_35wmac,1730746585.937888
103,r/rit,29800,Technology,t5_2qh3x,1730746585.956804
104,r/tipping,29800,"Business, Economics, and Finance",t5_2s4w1,1730746585.97583
105,r/giftscardexchange,29795,Marketplace and Deals,t5_arwqdd,1730746585.994606
106,r/armwrestling,29794,Sports,t5_2sw78,1730746586.013362
107,r/ArmchairExpert,29792,Podcasts and Streamers,t5_hzxql,1730746586.032158
108,r/StreetEpistemology,29785,Ethics and Philosophy,t5_34miq,1730746586.050878
109,r/Student,29785,Learning and Education,t5_2qxt7,1730746586.069629
110,r/Odesza,29780,Music,t5_30cmr,1730746586.088371
111,r/Wigs,29778,Beauty and Makeup,t5_2sq0r,1730746586.107105
112,r/indiantiktok,29775,Internet Culture and Memes,t5_24diwr,1730746586.125839
113,r/LegoStarWarsLeaks,29773,Gaming,t5_28qqk0,1730746586.144733
114,r/TylerChilders,29768,Music,t5_3m91g,1730746586.1632771
115,r/talesfromthelaw,29759,Law,t5_31n76,1730746586.181979
116,r/universalstudios,29757,Place,t5_2so0t,1730746586.200486
117,r/VSTi,29757,Technology,t5_2sql2,1730746586.2194529
118,r/BASE,29755,Crypto,t5_4try2s,1730746586.239084
119,r/YoneMains,29754,Gaming,t5_39lk7,1730746586.259785
120,r/MapleStoryM,29750,Gaming,t5_3ao8h,1730746586.279018
121,r/PatentBarExam,29748,Law,t5_33hyn,1730746586.2993221
122,r/deadrising,29739,Gaming,t5_2s3ou,1730746586.31817
123,r/CarletonU,29728,Learning and Education,t5_2s47v,1730746586.336923
124,r/GlacierNationalPark,29727,Place,t5_2t5y7,1730746586.355535
125,r/SFWAmIHot,29726,Beauty and Makeup,t5_8jr73g,1730746586.37427
126,r/ESPN,29724,Television,t5_2sbp2,1730746586.3930728
127,r/avatartrading,29720,Crypto,t5_6wm3u3,1730746586.413611
128,r/PoliticalPhilosophy,29718,Politics,t5_2qn9g,1730746586.4322612
129,r/OzempicForWeightLoss,29712,Medical and Mental Health,t5_7f90eg,1730746586.4507499
130,r/Veganforbeginners,29711,Food and Drink,t5_2dikry,1730746586.469717
131,r/ShenheMains,29709,Gaming,t5_3o99xm,1730746586.4885561
132,r/jojokes,29703,Anime,t5_3ei7i,1730746586.5072792
133,r/idleslayer,29702,Gaming,t5_2uk6v9,1730746586.5258172
134,r/UKBBQ,29700,Food and Drink,t5_36nlq,1730746586.544765
135,r/TaylorSwiftMerch,29699,Music,t5_33etqq,1730746586.5633569
136,r/BikeMechanics,29698,Hobbies,t5_2gz92j,1730746586.581959
137,r/hqcelebvideos,29694,Celebrity,t5_6eyahc,1730746586.600366
138,r/montrealhousing,29694,Place,t5_2to7t,1730746586.619274
139,r/TaylorSwiftJets,29694,Celebrity,t5_aeo1z6,1730746586.638062
140,r/MicrobrandWatches,29692,Fashion,t5_3h7va,1730746586.656497
141,r/StarTrekStarships,29692,Television,t5_33ml7,1730746586.675901
142,r/letters,29679,"Reading, Writing, and Literature",t5_2qzry,1730746586.694707
143,r/DListedCommunity,29671,Celebrity,t5_8oehns,1730746586.713564
144,r/LetsTalkBam,29668,Celebrity,t5_49s3ih,1730746586.732196
145,r/eth,29666,Crypto,t5_2sna1,1730746586.750974
146,r/CambridgeMA,29665,Place,t5_2vgha,1730746586.770072
147,r/MobileAL,29654,Place,t5_2s6s8,1730746586.789359
148,r/3Dprintmything,29650,Technology,t5_2yw4p,1730746586.808078
149,r/pinoymed,29646,Medical and Mental Health,t5_2pnmow,1730746586.826891
150,r/Dissociation,29639,Medical and Mental Health,t5_2xt3o,1730746586.845721
151,r/windowsxp,29636,Technology,t5_2tqa7,1730746586.86546
152,r/ErinMoriarty,29624,Celebrity,t5_2vgh2,1730746586.884546
153,r/labdiamond,29624,Fashion,t5_2rv093,1730746586.903209
154,r/tsa,29618,Travel,t5_2rgif,1730746586.921834
155,r/strandeddeep,29612,Gaming,t5_2xcvr,1730746586.9403882
156,r/NoMakeupAllowed,29605,Beauty and Makeup,t5_38sx83,1730746586.958883
157,r/porsche911,29600,Cars and Motor Vehicles,t5_2z5t6,1730746586.977612
158,r/Aarhus,29592,Place,t5_2sbi1,1730746586.996293
159,r/FriendsOver40,29587,Family and Relationships,t5_hwp9a,1730746587.015448
160,r/steamgrid,29586,Gaming,t5_2u90f,1730746587.034007
161,r/horseracing,29585,Sports,t5_2qqz7,1730746587.05302
162,r/royalmail,29584,"Business, Economics, and Finance",t5_2ul32,1730746587.072212
163,r/WQHD_Wallpaper,29583,Art,t5_2xvf5,1730746587.092174
164,r/bootleg_memes,29569,Internet Culture and Memes,t5_ohwe1,1730746587.1109068
165,r/WCW,29563,Sports,t5_2toxv,1730746587.129644
166,r/WoWs_Legends,29562,Gaming,t5_ogkyd,1730746587.148457
167,r/hondagrom,29561,Cars and Motor Vehicles,t5_2yo0q,1730746587.167105
168,r/HomeschoolRecovery,29560,Trauma Support,t5_3cxr2,1730746587.185584
169,r/tacticalbarbell,29550,Fitness and Nutrition,t5_3bvmb,1730746587.2041202
170,r/cursed_cats,29546,Mature Themes and Adult Content,t5_i5wjo,1730746587.418725
171,r/infamous,29546,Gaming,t5_2siyw,1730746587.4404988
172,r/NewsAroundYou,29543,Politics,t5_6arjr2,1730746587.4593549
173,r/hottamilcelebs,29542,Celebrity,t5_3zsf3i,1730746587.478306
174,r/y2kaesthetic,29542,Fashion,t5_110kp8,1730746587.497236
175,r/StairsintheWoods,29536,"Reading, Writing, and Literature",t5_3fwtg,1730746587.5161972
176,r/vancouverhiking,29536,Outdoors and Nature,t5_2usa1,1730746587.543102
177,r/FleshPitNationalPark,29533,Hobbies,t5_2d718v,1730746587.5618298
178,r/callcentres,29521,Careers,t5_3g4rp,1730746587.5806
179,r/BipolarMemes,29514,Medical and Mental Health,t5_4hgmz,1730746587.599387
180,r/midwestemo,29514,Music,t5_2tcb0,1730746587.6180968
181,r/musked,29512,Politics,t5_a02rg1,1730746587.6825259
182,r/drawings,29509,Art,t5_2rf63,1730746587.701382
183,r/anti_art,29507,Art,t5_5x1543,1730746587.727047
184,r/maddymorebuckss,29506,Celebrity,t5_2j9gii,1730746587.745665
185,r/elgato,29503,Technology,t5_2rvyq,1730746587.7647722
186,r/SLO,29501,Place,t5_2r3yh,1730746587.7843661
187,r/tdi,29493,Cars and Motor Vehicles,t5_2rk6a,1730746587.803713
188,r/SouthBayLA,29492,Place,t5_2soym,1730746587.8222232
189,r/CapCut,29490,Learning and Education,t5_3g86ic,1730746587.84173
190,r/Herblore,29490,Outdoors and Nature,t5_2qsbs,1730746587.860546
191,r/BasketballGM,29484,Gaming,t5_2x4dq,1730746587.879765
192,r/FurAI,29484,Mature Themes and Adult Content,t5_75tgy1,1730746587.89871
193,r/singlemoms,29484,Family and Relationships,t5_2zcl9,1730746587.918198
194,r/UNSUBSCRIBEpodcast,29476,Internet Culture and Memes,t5_4o7vgl,1730746587.936824
195,r/PlasticFreeLiving,29472,Activism,t5_279h57,1730746587.955455
196,r/Bernedoodles,29461,Animals and Pets,t5_3b40m,1730746587.974313
197,r/KarlPilkingtonFanClub,29454,Celebrity,t5_2u6dv,1730746587.993344
198,r/NiceVancouver,29454,Place,t5_2mscon,1730746588.0129511
199,r/londoncycling,29444,Sports,t5_2wcdj,1730746588.032853
200,r/Easy_Recipes,29440,Food and Drink,t5_4vty4j,1730746588.0551748
201,r/Khruangbin,29437,Music,t5_3g7gq,1730746588.073893
202,r/ISO8601,29435,Technology,t5_2tez4,1730746588.0933619
203,r/SupercellMake,29435,Gaming,t5_uo2sn,1730746588.112329
204,r/Aerials,29434,Sports,t5_2tdwn,1730746588.13232
205,r/cedarpoint,29426,Place,t5_2rreo,1730746588.150984
206,r/medicalschooluk,29426,Learning and Education,t5_2z1t5,1730746588.1696289
207,r/bitcoin_uncensored,29423,Crypto,t5_39elf,1730746588.1881459
208,r/MyNintendo,29419,Gaming,t5_3ajs7,1730746588.206819
209,r/YouTubeGamers,29414,Podcasts and Streamers,t5_2t6pv,1730746588.225439
210,r/ShipCrashes,29413,Internet Culture and Memes,t5_5e6rey,1730746588.2441778
211,r/Panda_Gifs,29405,Animals and Pets,t5_37nei,1730746588.2629702
212,r/PersonalFinanceZA,29405,"Business, Economics, and Finance",t5_oe819,1730746588.2829921
213,r/BankTabs,29404,Gaming,t5_3eda0,1730746588.3024158
214,r/winterwaifus,29401,Anime,t5_28l46d,1730746588.322386
215,r/aircanada,29388,"Business, Economics, and Finance",t5_333tz,1730746588.3410618
216,r/aclfestival,29381,Music,t5_2sgx6,1730746588.3606951
217,r/TellMeLiesHulu,29380,Television,t5_706736,1730746588.379678
218,r/ParkRangers,29377,Careers,t5_2v64q,1730746588.398368
219,r/ApartmentDesign,29375,Home and Garden,t5_2wueg,1730746588.417242
220,r/qnap,29372,Technology,t5_2trle,1730746588.435816
221,r/genestealercult,29370,Tabletop Games,t5_3cr43,1730746588.454548
222,r/Ships,29366,Hobbies,t5_2sir9,1730746588.473121
223,r/waze,29360,Technology,t5_2t1g4,1730746588.4919732
224,r/CutYourOwnHair,29356,Beauty and Makeup,t5_2ucid,1730746588.512504
225,r/AdventureCommunist,29351,Gaming,t5_3elpe,1730746588.5315661
226,r/2hujerk,29350,Anime,t5_2mw7xy,1730746588.550401
227,r/kaiserredux,29350,Gaming,t5_299k65,1730746588.5693178
228,r/isfp,29335,Ethics and Philosophy,t5_2r39d,1730746588.588286
229,r/SkyLine,29334,Cars and Motor Vehicles,t5_2suj1,1730746588.607164
230,r/bestoftwitter,29330,Funny/Humor,t5_2rgjt,1730746588.6258051
231,r/Jaden_Newman_,29329,Celebrity,t5_9t9iug,1730746588.644619
232,r/cavaliers,29320,Animals and Pets,t5_2rq50,1730746588.663276
233,r/cloudcomputing,29313,Technology,t5_2rbzr,1730746588.682034
234,r/lawnmowers,29312,Home and Garden,t5_2swwu,1730746588.700896
235,r/lrcast,29311,Podcasts and Streamers,t5_330dh,1730746588.719491
236,r/CargoBike,29310,Internet Culture and Memes,t5_2wh2y,1730746588.738113
237,r/cockerspaniel,29310,Animals and Pets,t5_2sh4v,1730746588.756607
238,r/EmpiresAndPuzzles,29304,Gaming,t5_3f9qx,1730746588.776105
239,r/DailyRankingsDrama,29297,Podcasts and Streamers,t5_776e4c,1730746588.795192
240,r/WWOOF,29297,Travel,t5_2sboy,1730746588.81444
241,r/DevelEire,29296,Careers,t5_37lrj,1730746588.833086
242,r/PictureChallenge,29296,Art,t5_2s6zd,1730746588.852003
243,r/JobFair,29293,Careers,t5_32ex8,1730746588.871553
244,r/NeuvilletteMains_,29291,Gaming,t5_73lnr0,1730746588.890899
245,r/foodtrucks,29279,Food and Drink,t5_2sop2,1730746588.910636
246,r/AvatarVsBattles,29278,Anime,t5_k9uip,1730746588.929934
247,r/CurlyHairCare,29277,Beauty and Makeup,t5_3jjev,1730746588.948708
248,r/TastingHistory,29276,Food and Drink,t5_2km1k8,1730746588.967606
249,r/skincareaddictsindia,29270,Beauty and Makeup,t5_33ymn,1730746588.987486
