,subreddit,subscribers,topic,subreddit_id,scraped_utc
0,r/catshuggingcats,29268,Animals and Pets,t5_fg7jv,1730746601.1547258
1,r/brico,29267,Crafts and DIY,t5_80tsu9,1730746601.176175
2,r/webdevelopment,29267,Programming,t5_2qtxp,1730746601.1949282
3,r/Splatoon_3,29266,Gaming,t5_3msdc,1730746601.2147148
4,r/DHExchange,29261,Technology,t5_30yo7,1730746601.233678
5,r/NursingUK,29258,Careers,t5_38rco,1730746601.260882
6,r/JonStewart,29255,Television,t5_2qv6x,1730746601.279625
7,r/TSLA,29254,"Business, Economics, and Finance",t5_35ufl,1730746601.298524
8,r/indiemusicph,29252,Music,t5_3ewwm,1730746601.3174589
9,r/persona3reload,29247,Gaming,t5_8k2dlt,1730746601.336503
10,r/Obviouslyterrifying,29236,Internet Culture and Memes,t5_2bz2fd,1730746601.421746
11,r/Bozeman,29235,Place,t5_2s4e7,1730746601.4406478
12,r/RealEstateAdvice,29231,"Business, Economics, and Finance",t5_2wt0g,1730746601.468853
13,r/redbull,29230,Food and Drink,t5_2qwl2,1730746601.4873989
14,r/ImaginaryTurtleWorlds,29229,Art,t5_341hi,1730746601.506635
15,r/PopSmoke,29226,Celebrity,t5_221x97,1730746601.525789
16,r/chimeboost,29221,"Business, Economics, and Finance",t5_4liq2g,1730746601.563394
17,r/askcroatia,29213,Place,t5_4m6s1o,1730746601.585997
18,r/GTAoutfits,29208,Gaming,t5_37edx,1730746601.6059241
19,r/craftit,29207,Crafts and DIY,t5_2s3yk,1730746601.626341
20,r/outlinevpn,29205,Technology,t5_guzr3,1730746601.646337
21,r/TurnipPrices,29204,Gaming,t5_2j5zp5,1730746601.667799
22,r/CosplayHelp,29201,Crafts and DIY,t5_2yxrz,1730746601.689285
23,r/LGBTeensGoneMild,29200,Sexual Orientation,t5_2vxnl,1730746601.7095838
24,r/tinytower,29195,Gaming,t5_2snwj,1730746601.730146
25,r/allthingsprotoss,29194,Gaming,t5_2tkqb,1730746601.750645
26,r/liminalpools,29194,Art,t5_4mjq55,1730746601.770755
27,r/godofhighschool,29184,Anime,t5_2waw2,1730746601.790991
28,r/burbank,29173,Place,t5_2qwzw,1730746601.811679
29,r/GoosetheBand,29171,Music,t5_24mqfr,1730746601.831218
30,r/finalfantasytactics,29164,Gaming,t5_2w6ny,1730746601.8507159
31,r/CSHFans,29159,Music,t5_hwl3a,1730746601.871537
32,r/Ender3Pro,29156,Technology,t5_225vkw,1730746601.892746
33,r/TheBachelorette,29153,Television,t5_2ymcb,1730746601.913183
34,r/PixelmonMod,29149,Gaming,t5_2yepe,1730746601.933568
35,r/the_division_2,29147,Gaming,t5_gr335,1730746601.953469
36,r/coolermaster,29146,Technology,t5_2txf0,1730746601.973423
37,r/EgyptianMythology,29143,History,t5_o1klc,1730746601.993085
38,r/Sweateconomy,29141,Crypto,t5_5st4gj,1730746602.0131059
39,r/BunniesStandingUp,29138,Animals and Pets,t5_32dqd,1730746602.032028
40,r/DianaMains,29123,Gaming,t5_38pid,1730746602.050621
41,r/JetpackJoyride,29120,Gaming,t5_2v78y,1730746602.069451
42,r/szepsegtippek,29120,Beauty and Makeup,t5_5m83em,1730746602.0895722
43,r/Berries,29118,Home and Garden,t5_2rptp,1730746602.1085482
44,r/BaddiesSouth,29111,Television,t5_6i66so,1730746602.127112
45,r/MoonPissing,29101,Gaming,t5_6k61v8,1730746602.1460428
46,r/PirateHole,29095,Internet Culture and Memes,t5_2s2d5f,1730746602.164889
47,r/AdultHood,29089,Internet Culture and Memes,t5_2sduc,1730746602.183809
48,r/Greenlantern,29085,"Reading, Writing, and Literature",t5_2rmm3,1730746602.20274
49,r/Kryptomon,29079,Gaming,t5_46hss7,1730746602.221418
50,r/obama,29074,Politics,t5_1a8ah,1730746602.2403579
51,r/Dehyamains,29064,Gaming,t5_6m3cw7,1730746602.259431
52,r/WorldofTanksConsole,29061,Gaming,t5_39ysp,1730746602.2785642
53,r/mattrose,29052,Podcasts and Streamers,t5_58lqpe,1730746602.297316
54,r/rollingstones,29045,Music,t5_2sbbq,1730746602.316203
55,r/blackops2,29042,Meta/Reddit,t5_2sqqn,1730746602.3349981
56,r/actressheaven,29037,Celebrity,t5_38blg6,1730746602.3538308
57,r/Ancient_History_Memes,29034,History,t5_kitzb,1730746602.37327
58,r/StarKid,29026,Podcasts and Streamers,t5_2sgro,1730746602.393186
59,r/CatwalkGif,29023,Fashion,t5_2ckfss,1730746602.412065
60,r/BeastieBoys,29019,Music,t5_2sd4c,1730746602.4312
61,r/lemondemon,29019,Music,t5_2u8um,1730746602.449888
62,r/zines,29017,"Reading, Writing, and Literature",t5_2qpq3,1730746602.468524
63,r/S2000,29010,Cars and Motor Vehicles,t5_2sb7t,1730746602.486919
64,r/whatsthisfish,29007,Animals and Pets,t5_2tcmf,1730746602.5063958
65,r/TownshipGame,29006,Gaming,t5_2zrbf,1730746602.525989
66,r/Bath,28999,Place,t5_2sk4r,1730746602.5448372
67,r/PregnancyAfterLoss,28999,Family and Relationships,t5_jmn1m,1730746602.5661492
68,r/AllDolledUp,28998,Mature Themes and Adult Content,t5_7ve3ei,1730746602.5849862
69,r/aoe3,28998,Gaming,t5_2s747,1730746602.6268291
70,r/Adguard,28997,Technology,t5_3bikr,1730746602.644599
71,r/MonsterAnime,28996,Anime,t5_3049v,1730746602.6635299
72,r/asxbets,28995,"Business, Economics, and Finance",t5_3lxl6,1730746602.6826282
73,r/LegaciesCW,28988,Television,t5_j4gi1,1730746602.701455
74,r/okpolarncp,28983,Internet Culture and Memes,t5_22g5fy,1730746602.720186
75,r/KittyTailWrap,28981,Animals and Pets,t5_lbuj8,1730746602.738901
76,r/PHCovers,28979,Music,t5_w2m32,1730746602.7577112
77,r/foundthetoyotacorolla,28978,Meta/Reddit,t5_23gc2j,1730746602.776361
78,r/Koreanhottiesreal,28978,Mature Themes and Adult Content,t5_bubt99,1730746602.795111
79,r/futsal,28972,Sports,t5_2skss,1730746602.814209
80,r/nonbinarymemes,28972,Gender,t5_2gzgco,1730746602.8330991
81,r/itcouldhappenhere,28970,Podcasts and Streamers,t5_12j0a8,1730746602.851837
82,r/secilmiskitap,28969,"Reading, Writing, and Literature",t5_4gxtnx,1730746602.871242
83,r/MuayThaiTips,28965,Sports,t5_4bzrn2,1730746602.8905659
84,r/GAMETHEORY,28960,Science,t5_2r59q,1730746602.909781
85,r/AskMeAnythingIAnswer,28959,Meta/Reddit,t5_3f7l9,1730746602.9283671
86,r/pug,28949,Animals and Pets,t5_2rqjd,1730746602.946076
87,r/StupidMedia,28944,Internet Culture and Memes,t5_c4j7s5,1730746602.9634519
88,r/Shen,28942,Gaming,t5_2tlaw,1730746602.980893
89,r/Tailors,28933,Fashion,t5_2wxfp,1730746602.998239
90,r/MuseumPros,28932,Careers,t5_2xp5z,1730746603.016583
91,r/Traxxas,28932,Hobbies,t5_2ti1e,1730746603.0352929
92,r/ididthejobboss,28919,Funny/Humor,t5_646ux2,1730746603.055467
93,r/oil,28919,"Business, Economics, and Finance",t5_2qhl1,1730746603.0744221
94,r/storage,28918,Technology,t5_2rgxx,1730746603.093197
95,r/fargo,28917,Place,t5_2rf47,1730746603.112022
96,r/ResidentEvilVillage,28916,Gaming,t5_2l6c0o,1730746603.1305752
97,r/narwhalapp,28915,Technology,t5_2t5lb,1730746603.1493278
98,r/PromptEngineering,28915,Technology,t5_40yh51,1730746603.168074
99,r/ck3,28913,Gaming,t5_31ux2,1730746603.186676
100,r/NXThemes,28912,Gaming,t5_sln9w,1730746603.2058089
101,r/islafisher,28911,Celebrity,t5_2uaw1,1730746603.224929
102,r/breakcore,28906,Music,t5_2r9qq,1730746603.244023
103,r/gmcsierra,28904,Cars and Motor Vehicles,t5_3a4sp,1730746603.263144
104,r/AnaMains,28901,Gaming,t5_3f9bh,1730746603.28261
105,r/IKEApets,28900,Animals and Pets,t5_4td3py,1730746603.301419
106,r/ArgenGaming,28897,Gaming,t5_7d4o1y,1730746603.320332
107,r/ShoebillStorks,28897,Animals and Pets,t5_3d7sa,1730746603.338961
108,r/CFP,28890,Careers,t5_316yt,1730746603.357813
109,r/nanaimo,28882,Place,t5_2rokp,1730746603.376904
110,r/FIFA22,28880,Gaming,t5_2uksi,1730746603.395913
111,r/oldschoolrs,28869,Gaming,t5_2wec4,1730746603.415081
112,r/legodnd,28866,Tabletop Games,t5_38d5y,1730746603.4675121
113,r/procreatebrushes,28864,Technology,t5_38bmm1,1730746603.642164
114,r/RaceTrackDesigns,28862,Hobbies,t5_2u3tp,1730746603.6636539
115,r/AllGasNoBrakes,28859,Internet Culture and Memes,t5_28vk04,1730746603.682581
116,r/noir,28859,Art,t5_2smt1,1730746603.701615
117,r/MauLer,28854,Podcasts and Streamers,t5_pitbo,1730746603.72083
118,r/watercolorcats,28849,Animals and Pets,t5_50srxn,1730746603.7479959
119,r/BlingEmpire,28846,Television,t5_3mhqxu,1730746603.766896
120,r/Enough_Sanders_Spam,28846,Politics,t5_3fmhe,1730746603.78563
121,r/smashmemes,28844,Internet Culture and Memes,t5_2xk1o,1730746603.804422
122,r/unexpectedbrooklyn99,28841,Television,t5_ae4hr,1730746603.8237472
123,r/ipadmusic,28830,Music,t5_2sgbq,1730746603.910829
124,r/theydidntdothemath,28826,Funny/Humor,t5_31hic,1730746603.930162
125,r/Masks4All,28813,Medical and Mental Health,t5_2j4zt8,1730746603.957651
126,r/Transhuman,28810,Internet Culture and Memes,t5_2qh2k,1730746603.97875
127,r/ImaginaryAzeroth,28808,Art,t5_2zrzt,1730746603.997594
128,r/Andaman_and_Nicobar,28807,Place,t5_3mfdm,1730746604.0164878
129,r/ModdedMinecraft,28799,Gaming,t5_2v43h,1730746604.035491
130,r/ketouk,28792,Fitness and Nutrition,t5_2uedv,1730746604.054701
131,r/StarStable,28788,Gaming,t5_31pt9,1730746604.0737998
132,r/GalaxyNote9,28787,Technology,t5_32nt0,1730746604.09349
133,r/dice,28785,Tabletop Games,t5_2to04,1730746604.113009
134,r/capoeira,28782,Sports,t5_2qvtg,1730746604.131773
135,r/Forager,28775,Gaming,t5_75agf,1730746604.151573
136,r/NExpo,28772,Podcasts and Streamers,t5_q3t2c,1730746604.1703281
137,r/avrillavigne,28767,Celebrity,t5_2rwxd,1730746604.189142
138,r/plant,28754,Outdoors and Nature,t5_2qscf,1730746604.207851
139,r/Galicia,28746,Place,t5_2vu0a,1730746604.2264152
140,r/AmazonMerch,28744,Marketplace and Deals,t5_3fjsk,1730746604.245548
141,r/kimchi,28744,Food and Drink,t5_2s5al,1730746604.264578
142,r/GUIBELREVIEWS,28743,Podcasts and Streamers,t5_3s1qy6,1730746604.2844229
143,r/rollerderby,28738,Sports,t5_2s1zv,1730746604.303325
144,r/JamesTurnerYT,28734,Podcasts and Streamers,t5_3bkvn,1730746604.322795
145,r/BBIG,28731,"Business, Economics, and Finance",t5_4alqy5,1730746604.341731
146,r/rootgame,28729,Tabletop Games,t5_mzynu,1730746604.36065
147,r/GoingToSpain,28728,Travel,t5_6sx16d,1730746604.37982
148,r/smartwatch,28728,Technology,t5_2u5ss,1730746604.399072
149,r/bosnia,28723,Place,t5_2r0mw,1730746604.418745
150,r/hygge,28723,Home and Garden,t5_348xf,1730746604.438615
151,r/albumsinanutshell,28720,Music,t5_417uzl,1730746604.458688
152,r/GHOSTEMANE,28716,Music,t5_3i6vh,1730746604.477578
153,r/OptimizedGaming,28705,Gaming,t5_5cierw,1730746604.496563
154,r/BeautyAddiction,28704,Beauty and Makeup,t5_31ura,1730746604.515253
155,r/GutHealth,28701,Medical and Mental Health,t5_3gloo,1730746604.534153
156,r/columbiamo,28684,Place,t5_2rr9b,1730746604.55267
157,r/JoblessReincarnation,28684,Anime,t5_1frx7x,1730746604.571231
158,r/aishwaryarai,28683,Celebrity,t5_2ukzv,1730746604.589736
159,r/williamsburg,28681,Place,t5_2r4vl,1730746604.608596
160,r/universe,28677,Science,t5_2qz60,1730746604.62739
161,r/clonehigh,28676,Television,t5_2skf0,1730746604.64624
162,r/fursuits,28672,Hobbies,t5_33jq5,1730746604.6647758
163,r/merlinbbc,28672,Television,t5_2s3xe,1730746604.683352
164,r/ReallyAmerican,28651,Politics,t5_3slyac,1730746604.701906
165,r/cybersecurity_help,28638,Technology,t5_4o1fhi,1730746604.720293
166,r/barrie,28633,Place,t5_2scn1,1730746604.7389371
167,r/BrandNewAnimal,28633,Anime,t5_1h9873,1730746604.759128
168,r/datingoverfifty,28631,Family and Relationships,t5_12ieog,1730746604.777832
169,r/Dropshipping_Guide,28631,"Business, Economics, and Finance",t5_29b49k,1730746604.796611
170,r/timbers,28628,Sports,t5_2s2lj,1730746604.815226
171,r/tuckedinfishies,28622,Animals and Pets,t5_2d531o,1730746604.834283
172,r/kilian,28596,Podcasts and Streamers,t5_3c44g,1730746604.853676
173,r/IllegallyCuteCats,28593,Animals and Pets,t5_2arsoq,1730746604.8731
174,r/GalaxyS21,28590,Technology,t5_3etgp,1730746604.893722
175,r/burnaby,28587,Place,t5_2s5mc,1730746604.913985
176,r/thebigbangtheory,28587,Television,t5_2rcr0,1730746604.933692
177,r/SabrinaCarpenterSexy,28583,Mature Themes and Adult Content,t5_69wszj,1730746604.952509
178,r/SoyElMalo,28581,Ethics and Philosophy,t5_2ugak5,1730746604.971568
179,r/Philippines_Expats,28580,Place,t5_xc80y,1730746604.990292
180,r/2latinoforyou,28578,"Culture, Race, and Ethnicity",t5_5d6c1s,1730746605.0090759
181,r/chiliZ,28575,Crypto,t5_if858,1730746605.027898
182,r/Aeroplan,28573,Travel,t5_32fri,1730746605.046656
183,r/unioncircle,28572,Gaming,t5_7ftrh0,1730746605.065519
184,r/motorboat,28564,Animals and Pets,t5_39hl9,1730746605.084325
185,r/VeganZeroWaste,28558,Activism,t5_10tztd,1730746605.103192
186,r/WrestlingAndMMABabes,28556,Mature Themes and Adult Content,t5_4z9ogv,1730746605.122302
187,r/AskSerbia,28550,Place,t5_2z4yb,1730746605.141226
188,r/twincitiessocial,28549,Family and Relationships,t5_2r5mc,1730746605.159928
189,r/dcl,28545,Travel,t5_2w6ho,1730746605.179135
190,r/Thewaltenfiles,28539,Podcasts and Streamers,t5_2mnxz0,1730746605.1979892
191,r/TheStopGirl,28531,Internet Culture and Memes,t5_2ucsg,1730746605.216497
192,r/futurebeatproducers,28530,Music,t5_2t5r3,1730746605.236707
193,r/paulina_serranooo,28525,Celebrity,t5_4eie5o,1730746605.2555048
194,r/econometrics,28521,"Business, Economics, and Finance",t5_2r93p,1730746605.274581
195,r/SBU,28518,Learning and Education,t5_2sa4t,1730746605.293372
196,r/tattooing,28514,Art,t5_2sdu5,1730746605.312084
197,r/cottagegoth,28510,Home and Garden,t5_2q2505,1730746605.330807
198,r/Gnostic,28507,Religion and Spirituality,t5_2r6g8,1730746605.349406
199,r/Rachel_Pizzolato,28501,Celebrity,t5_4f4h1b,1730746605.368054
200,r/Pulsechain,28490,Crypto,t5_45ievp,1730746605.3874738
201,r/catsinboxes,28482,Animals and Pets,t5_2ubd9,1730746605.406214
202,r/1960s,28480,History,t5_2s841,1730746605.426355
203,r/okbuddyvowsh,28480,Podcasts and Streamers,t5_303l49,1730746605.445882
204,r/OppenheimerMovie,28480,Movies,t5_50tn63,1730746605.465775
205,r/KimmySchmidt,28477,Television,t5_31og7,1730746605.4846861
206,r/SkyshockSUB,28475,Podcasts and Streamers,t5_3a4xqa,1730746605.504683
207,r/DessertPerson,28471,Food and Drink,t5_3m3kkh,1730746605.523509
208,r/hot_dog,28471,Food and Drink,t5_3gma5,1730746605.542337
209,r/Ethiopia,28468,Place,t5_2qrcn,1730746605.5614269
210,r/megafaunarewilding,28468,Outdoors and Nature,t5_2k03fd,1730746605.580031
211,r/HEXcrypto,28467,Crypto,t5_yg2q1,1730746605.5986319
212,r/hamstercare,28463,Animals and Pets,t5_35rep,1730746605.618994
213,r/blackberry,28454,Technology,t5_2qnpz,1730746605.6376
214,r/starterpack,28444,Internet Culture and Memes,t5_34ltc,1730746605.6562
215,r/housekeeping,28442,Home and Garden,t5_2rzkv,1730746605.675366
216,r/Phillylist,28442,Place,t5_2urno,1730746605.694763
217,r/TrackGirls,28440,Mature Themes and Adult Content,t5_31vbp,1730746605.715148
218,r/40kmemes,28437,Tabletop Games,t5_295gup,1730746605.733782
219,r/AndroidMasterRace,28436,Technology,t5_2yicr,1730746605.751992
220,r/Wawa,28436,Careers,t5_2s7yi,1730746605.770783
221,r/Cartier,28433,Fashion,t5_2xhgn,1730746605.789456
222,r/KusuriyaNoHitorigoto,28432,Anime,t5_m49pj,1730746605.807701
223,r/webflow,28427,Technology,t5_30h5p,1730746605.82676
224,r/WatchPeopleCode,28425,Programming,t5_35wlm,1730746605.846451
225,r/skyrimdadjokes,28408,Gaming,t5_31ugn,1730746605.865958
226,r/VoidCake,28402,Ethics and Philosophy,t5_2bpl70,1730746605.885036
227,r/AroundTheNFL,28398,Podcasts and Streamers,t5_34fyw,1730746605.905309
228,r/esa,28397,Science,t5_2tczb,1730746605.9247591
229,r/lightningnetwork,28397,Crypto,t5_39tnh,1730746605.943511
230,r/DarceyAndStaceyTLC,28392,Television,t5_2ybjp2,1730746605.962673
231,r/antarctica,28388,Place,t5_2rxmk,1730746605.9810638
232,r/MODELING,28386,Careers,t5_2r9pd,1730746606.000299
233,r/Flightsimulator2020,28385,Gaming,t5_28u9z0,1730746606.01872
234,r/DisneyPlanning,28380,Travel,t5_16haus,1730746606.0369768
235,r/Ultraman,28379,Movies,t5_2s9mi,1730746606.055509
236,r/SpaceBass,28372,Music,t5_3cshn,1730746606.0740569
237,r/ShadowoftheColossus,28369,Gaming,t5_2shxm,1730746606.0926359
238,r/rheumatoid,28364,Medical and Mental Health,t5_2tqwy,1730746606.111211
239,r/Babushkats,28363,Animals and Pets,t5_3f2kr,1730746606.129969
240,r/thevenomsite,28363,"Reading, Writing, and Literature",t5_2t0xw,1730746606.1483252
241,r/youngandbraless,28357,Mature Themes and Adult Content,t5_6epcg9,1730746606.1673548
242,r/Agario,28344,Gaming,t5_3815m,1730746606.187636
243,r/dostscholars,28339,Learning and Education,t5_2zvyqa,1730746606.2077088
244,r/CarWraps,28337,Cars and Motor Vehicles,t5_2wzjg,1730746606.228311
245,r/FoodieSnark,28335,Podcasts and Streamers,t5_71m2iv,1730746606.2501838
246,r/yubikey,28332,Technology,t5_2w0cs,1730746606.2717052
247,r/VictoriaDeAngelis,28322,Music,t5_4gse6l,1730746606.290703
248,r/fiddleleaffig,28318,Home and Garden,t5_3mnoz,1730746606.3096561
249,r/dietetics,28312,Careers,t5_2tspx,1730746606.328664
