,subreddit,subscribers,topic,subreddit_id,scraped_utc
0,r/suggestapc,27310,Technology,t5_31y8k,1730746637.533505
1,r/MapleStory2,27305,Gaming,t5_2ut5o,1730746637.5646741
2,r/21savage,27302,Music,t5_3fp7i,1730746637.683349
3,r/superstarsmtown,27301,Gaming,t5_34a74,1730746637.704464
4,r/Lost_Films,27300,Movies,t5_2sqrr,1730746637.908212
5,r/undergroundhiphop,27298,Music,t5_2qsan,1730746638.067959
6,r/functionalprogramming,27297,Programming,t5_2vcmg,1730746638.088447
7,r/cheemsburbgerlore,27292,Internet Culture and Memes,t5_22i4rl,1730746638.1077728
8,r/Onision,27292,Podcasts and Streamers,t5_2v8x8,1730746638.12683
9,r/ancientpics,27290,History,t5_gg8m1,1730746638.145728
10,r/AstrologyChartShare,27288,Religion and Spirituality,t5_3nnef,1730746638.164543
11,r/VOIP,27288,Technology,t5_2qrz4,1730746638.183174
12,r/nwordington,27284,Internet Culture and Memes,t5_4m1pwg,1730746638.202734
13,r/sewingpatterns,27283,Crafts and DIY,t5_2yj7u,1730746638.222364
14,r/lgbtaww,27279,Gender,t5_2t7zf,1730746638.293526
15,r/TeddyFresh,27275,Fashion,t5_3n3dz,1730746638.313038
16,r/TeenMom2,27273,Television,t5_55d5tl,1730746638.3338292
17,r/Gent,27268,Place,t5_2sj3s,1730746638.354084
18,r/Amphibians,27266,Animals and Pets,t5_2uwez,1730746638.373682
19,r/animalslookingatfood,27257,Animals and Pets,t5_2xkdt,1730746638.393745
20,r/csuf,27257,Learning and Education,t5_2rxvl,1730746638.41362
21,r/HOTDBlacks,27253,Television,t5_705xpr,1730746638.433334
22,r/LiveOverflow,27251,Programming,t5_37fk1,1730746638.451968
23,r/datamoshing,27247,Internet Culture and Memes,t5_30m02,1730746638.4707808
24,r/mrpresidentthebutton,27246,Internet Culture and Memes,t5_246cnm,1730746638.4896472
25,r/CODMobile_Loadouts,27244,Gaming,t5_2x02j0,1730746638.508594
26,r/medieval,27241,History,t5_2rbio,1730746638.5281239
27,r/Aurelion_Sol_mains,27239,Gaming,t5_3cmo9,1730746638.5472262
28,r/FleetwoodMac,27239,Music,t5_2t0rg,1730746638.566932
29,r/eastereggs,27237,Internet Culture and Memes,t5_2r9pb,1730746638.586381
30,r/KnockoutCenter,27237,Mature Themes and Adult Content,t5_5oxsd6,1730746638.605324
31,r/KoeNoKatachi,27234,Anime,t5_34nj3,1730746638.624235
32,r/Nendoroid,27233,Hobbies,t5_2u14a,1730746638.643035
33,r/amandaseyfried,27231,Celebrity,t5_2tlxb,1730746638.661961
34,r/dividendinvesting,27225,"Business, Economics, and Finance",t5_31v6y,1730746638.680904
35,r/AlchemyStarsEN,27224,Gaming,t5_486kbe,1730746638.699805
36,r/opossum_irl,27222,Internet Culture and Memes,t5_2l6k0i,1730746638.7192729
37,r/constantchaos,27220,Funny/Humor,t5_25ym8o,1730746638.739158
38,r/heroes3,27217,Gaming,t5_2zoyt,1730746638.757924
39,r/queensuniversity,27211,Place,t5_2s4y9,1730746638.777631
40,r/susu,27206,Podcasts and Streamers,t5_30t4v,1730746638.796782
41,r/AlexeeTrevizo,27203,Law,t5_8f8fa6,1730746638.817007
42,r/glutenfreevegan,27196,Food and Drink,t5_2vvir,1730746638.836399
43,r/ACTownThemes,27193,Gaming,t5_2xj48,1730746638.85809
44,r/BIFLfails,27191,Marketplace and Deals,t5_htv05,1730746638.881533
45,r/googlephotos,27179,Technology,t5_38em4,1730746638.9055722
46,r/jackwhite,27176,Music,t5_2ty5l,1730746638.929348
47,r/noelmiller,27174,Podcasts and Streamers,t5_kg31m,1730746638.953608
48,r/chevycolorado,27162,Cars and Motor Vehicles,t5_39ssq,1730746638.977348
49,r/Modesto,27160,Place,t5_2qvm0,1730746638.9992719
50,r/pansexualfleabrothel,27154,Internet Culture and Memes,t5_6wzxzk,1730746639.020873
51,r/animalssmiling,27152,Animals and Pets,t5_2yc09,1730746639.0424871
52,r/Rings_Of_Power,27148,Television,t5_5paxfb,1730746639.064447
53,r/mathriddles,27147,Learning and Education,t5_31j37,1730746639.085423
54,r/TDS_Roblox,27143,Gaming,t5_2thkza,1730746639.106302
55,r/weeklyplanetpodcast,27136,Podcasts and Streamers,t5_31np6,1730746639.128256
56,r/RATM,27133,Music,t5_2sgz6,1730746639.1505332
57,r/AIAssisted,27122,Technology,t5_7bcak7,1730746639.172718
58,r/SJSU,27122,Learning and Education,t5_2saah,1730746639.193645
59,r/Mossariums,27121,Hobbies,t5_3pqm52,1730746639.213525
60,r/Bloodstained,27118,Gaming,t5_386tn,1730746639.2337751
61,r/LowCalorieCooking,27116,Fitness and Nutrition,t5_2lzzu4,1730746639.254696
62,r/stencils,27116,Art,t5_2rz4w,1730746639.2752728
63,r/sausagetalk,27115,Food and Drink,t5_2t13q,1730746639.297062
64,r/Lithops,27114,Home and Garden,t5_379ze,1730746639.3193831
65,r/hardaiimages,27110,Internet Culture and Memes,t5_9ms085,1730746639.340308
66,r/Lucki,27110,Music,t5_3e6du,1730746639.3614411
67,r/skeppy,27110,Podcasts and Streamers,t5_ncpee,1730746639.382396
68,r/Spel,27110,Gaming,t5_2x4mn,1730746639.403401
69,r/memesenoticias,27107,Internet Culture and Memes,t5_cdx3xm,1730746639.4240088
70,r/VladimirMains,27104,Gaming,t5_37alf,1730746639.444119
71,r/RushRoyale,27101,Gaming,t5_3bssf8,1730746639.465316
72,r/DIYclothes,27100,Crafts and DIY,t5_2zh33,1730746639.486238
73,r/mintuit,27099,Technology,t5_35qvn,1730746639.506443
74,r/CreatorServices,27097,Art,t5_krwib,1730746639.527735
75,r/Draingang,27097,Music,t5_39igo,1730746639.54794
76,r/chiba,27093,Place,t5_2udy9,1730746639.5692859
77,r/demons,27092,Religion and Spirituality,t5_2rkee,1730746639.5936692
78,r/blueprint_,27089,Fitness and Nutrition,t5_7e9ryq,1730746639.6174872
79,r/highdesert,27089,Place,t5_2rbax,1730746639.638423
80,r/70smusic,27088,Music,t5_2v5dk,1730746639.6593
81,r/MagSafe,27080,Technology,t5_392ncx,1730746639.68064
82,r/code,27076,Programming,t5_2qh32,1730746639.700536
83,r/NettHier,27075,Travel,t5_g68pq,1730746639.721398
84,r/Ranching,27073,Careers,t5_2waxt,1730746639.7420712
85,r/zoombackgrounds,27073,Technology,t5_2hv7n1,1730746639.776309
86,r/DragRace_Canada,27072,Television,t5_1bgkug,1730746639.797759
87,r/petthedamncow,27071,Animals and Pets,t5_oqb77,1730746639.816583
88,r/playadelcarmen,27067,Place,t5_2wenw,1730746639.835603
89,r/CarHacking,27063,Cars and Motor Vehicles,t5_376ij,1730746639.854646
90,r/beermoneyph,27061,Marketplace and Deals,t5_2ilgpy,1730746639.874005
91,r/glasscollecting,27059,Hobbies,t5_2yeyq,1730746639.8956149
92,r/Aupairs,27058,Careers,t5_2sp0r,1730746639.91623
93,r/idksterling,27058,Podcasts and Streamers,t5_a1wv4v,1730746639.9382899
94,r/TenaciousD,27056,Music,t5_2sdgx,1730746639.9581282
95,r/AnAttemptWasMade,27055,Internet Culture and Memes,t5_3eoui,1730746639.977351
96,r/AsianSchoolgirl,27054,Mature Themes and Adult Content,t5_2az12k,1730746639.9966888
97,r/Eberron,27054,Tabletop Games,t5_2ubfw,1730746640.0158489
98,r/ClassicScreenBeauties,27052,Celebrity,t5_2tlw0,1730746640.0343099
99,r/FastFoodHorrorStories,27050,Careers,t5_2vxs4,1730746640.0520132
100,r/saintpaul,27047,Place,t5_2tnnm,1730746640.069736
101,r/OnlineESLTeaching,27046,Learning and Education,t5_l8x0h,1730746640.0873
102,r/quantfinance,27043,"Business, Economics, and Finance",t5_2s1zm,1730746640.105161
103,r/ARTIST,27037,Art,t5_2rl0h,1730746640.125171
104,r/Carreraaa,27033,Podcasts and Streamers,t5_6bm5tb,1730746640.143614
105,r/technicalanalysis,27033,"Business, Economics, and Finance",t5_2shyk,1730746640.162438
106,r/Discussion,27029,Meta/Reddit,t5_2qho1,1730746640.182255
107,r/Shortages,27028,"Business, Economics, and Finance",t5_4mullw,1730746640.202052
108,r/tumunich,27025,Learning and Education,t5_2zhyp,1730746640.220734
109,r/Donkeys,27017,Animals and Pets,t5_2rnkv,1730746640.239585
110,r/datarecovery,27009,Technology,t5_2qpkw,1730746640.261995
111,r/Centrelink,27008,"Business, Economics, and Finance",t5_2rgp5,1730746640.28738
112,r/iBUYPOWER,27005,Technology,t5_2v1i3,1730746640.3129
113,r/badfacebookmemes,27003,Internet Culture and Memes,t5_2tjjo,1730746640.338594
114,r/kandi,27002,Crafts and DIY,t5_2tkqm,1730746640.364204
115,r/FortniteFestival,26999,Gaming,t5_a0ewdm,1730746640.382727
116,r/dutchbros,26998,Food and Drink,t5_321bz,1730746640.40079
117,r/norcalhiking,26997,Outdoors and Nature,t5_2u8kv,1730746640.41855
118,r/sleeperbattlestations,26995,Technology,t5_36f11,1730746640.437747
119,r/CanadianHardwareSwap,26990,Marketplace and Deals,t5_32st9,1730746640.45565
120,r/OmnibusCollectors,26978,"Reading, Writing, and Literature",t5_39rj8,1730746640.473137
121,r/jobshungary,26977,Careers,t5_6w554g,1730746640.49537
122,r/dalle,26970,Programming,t5_4vipzr,1730746640.514891
123,r/CAKEWIN,26963,Food and Drink,t5_2qoxe,1730746640.532959
124,r/wiredpeople,26963,Internet Culture and Memes,t5_23gbo2,1730746640.551883
125,r/australianvegans,26962,Ethics and Philosophy,t5_3neeu,1730746640.570716
126,r/QuceeHumor,26962,Podcasts and Streamers,t5_2vfus1,1730746640.5891142
127,r/BucksCountyPA,26957,Place,t5_2s582,1730746640.617026
128,r/OdinHandheld,26955,Gaming,t5_4h2kns,1730746640.642273
129,r/ClassicHorror,26950,Movies,t5_2ve37,1730746640.666979
130,r/vjing,26950,Art,t5_2s4gv,1730746640.696185
131,r/anestheatre,26939,Funny/Humor,t5_32jhaf,1730746640.725615
132,r/herbs,26939,Home and Garden,t5_2sas8,1730746640.759184
133,r/tfc,26937,Sports,t5_2ro5q,1730746640.786526
134,r/fuufuijou,26931,Anime,t5_5dh0yq,1730746640.812892
135,r/pocketoperators,26922,Technology,t5_3d10w,1730746640.836998
136,r/Classof09Game,26918,Gaming,t5_8z9x41,1730746640.858306
137,r/brasilemmapas,26912,Learning and Education,t5_747z0q,1730746640.877383
138,r/BringingUpBates,26910,Television,t5_3ehv1,1730746640.897044
139,r/flashcarts,26910,Gaming,t5_35sng,1730746640.939584
140,r/abandonware,26909,Gaming,t5_2r7mp,1730746640.958117
141,r/urbanfarming,26905,Welcome to urbanfarming,t5_2s1zh,1730746640.976885
142,r/GayBroTeens,26902,Sexual Orientation,t5_2useu,1730746640.998215
143,r/Fundy,26900,Podcasts and Streamers,t5_2vub6,1730746641.039876
144,r/ImperialKnights,26889,Tabletop Games,t5_hi238,1730746641.157446
145,r/naviamains,26888,Gaming,t5_829gm3,1730746641.213601
146,r/mgmt,26887,Music,t5_2rjdi,1730746641.250133
147,r/okemakkermaloot,26885,Internet Culture and Memes,t5_pa6tc,1730746641.279053
148,r/AnimalCrossingQRCodes,26884,Gaming,t5_2gvi08,1730746641.303042
149,r/KingVon,26878,Music,t5_264k6q,1730746641.328875
150,r/cantax,26877,Law,t5_357tq,1730746641.3527958
151,r/1950s,26868,History,t5_2suyd,1730746641.3750541
152,r/mirrorsedge,26851,Gaming,t5_2sfpq,1730746641.396928
153,r/PortugalExpats,26851,Place,t5_10vi2i,1730746641.418596
154,r/idealgf,26847,Internet Culture and Memes,t5_4asax,1730746641.4415202
155,r/EBEs,26838,Science,t5_38s9z,1730746641.4635022
156,r/inazumaeleven,26833,Anime,t5_2txlg,1730746641.486795
157,r/Wreddit,26832,Sports,t5_2sq92,1730746641.508682
158,r/Edd,26828,"Business, Economics, and Finance",t5_2qn3d,1730746641.530664
159,r/noida,26827,Place,t5_2umzw,1730746641.5512261
160,r/voyager,26827,Television,t5_2sknh,1730746641.573277
161,r/shoptitans,26824,Gaming,t5_10twfn,1730746641.6440032
162,r/croydon,26809,Place,t5_2snf2,1730746641.66539
163,r/ZeLink,26807,Gaming,t5_32qil,1730746641.690235
164,r/Discord,26804,Television,t5_2roap,1730746641.7497861
165,r/piscesastrology,26803,Religion and Spirituality,t5_37lvw,1730746641.771648
166,r/DilucMains,26793,Anime,t5_38mjji,1730746641.793371
167,r/scrapbooking,26792,Crafts and DIY,t5_2t46l,1730746641.815285
168,r/UCONN,26789,Learning and Education,t5_2rjvg,1730746641.837116
169,r/FinalFantasyIX,26785,Gaming,t5_2wlj6,1730746641.8588538
170,r/reddithelp,26782,Meta/Reddit,t5_2qrtl,1730746641.880626
171,r/AkronOH,26781,Place,t5_3ibpd,1730746641.9029021
172,r/TrueCrimeGarage,26779,Podcasts and Streamers,t5_3ffzg,1730746641.9646888
173,r/everquest,26769,Gaming,t5_2rosz,1730746641.987066
174,r/USAA,26765,"Business, Economics, and Finance",t5_2uugo,1730746642.039681
175,r/TheHermesGame,26761,Fashion,t5_5rb1ds,1730746642.0617511
176,r/Beatstar,26755,Gaming,t5_2z1543,1730746642.0837069
177,r/cscareerquestionsCAD,26740,Careers,t5_42im62,1730746642.10562
178,r/HeckThisIsWholesome,26736,Animals and Pets,t5_44laxn,1730746642.1276438
179,r/MASHLE,26733,Anime,t5_2bcqnj,1730746642.149638
180,r/PrehistoricLife,26732,Science,t5_315dx,1730746642.1701162
181,r/seculartalk,26732,Politics,t5_314b6,1730746642.209274
182,r/textbook,26730,Learning and Education,t5_2st8r,1730746642.228849
183,r/TWEWY,26730,Gaming,t5_2uedf,1730746642.248446
184,r/atletico,26727,Sports,t5_2v6bc,1730746642.270611
185,r/dogsusingpillows,26727,Animals and Pets,t5_11osp4,1730746642.2911959
186,r/LucyHale,26725,Celebrity,t5_2tpyd,1730746642.312483
187,r/MinecraftBedrockers,26724,Gaming,t5_yuxac,1730746642.333856
188,r/Motorrad,26722,Cars and Motor Vehicles,t5_2tp7m,1730746642.3562298
189,r/boymeetsworld,26716,Television,t5_2sgak,1730746642.378888
190,r/ROCD,26707,Medical and Mental Health,t5_2v9s2,1730746642.401241
191,r/1811,26704,Law,t5_3ox972,1730746642.4221492
192,r/1899,26703,Television,t5_31roy,1730746642.445151
193,r/RLSideSwipe,26700,Gaming,t5_3l3fel,1730746642.465651
194,r/webtoon,26699,"Reading, Writing, and Literature",t5_2tpz9,1730746642.486006
195,r/MoviesAnywhere,26695,Movies,t5_3p4cc,1730746642.506739
196,r/YourBizarreAdventure,26694,Gaming,t5_2ae1h9,1730746642.526849
197,r/Cryptomains,26691,Gaming,t5_1cg9zy,1730746642.5473762
198,r/vudu,26690,Movies,t5_2vza0,1730746642.566989
199,r/communication,26688,Family and Relationships,t5_2qs6r,1730746642.5878751
200,r/LongCovid,26686,Medical and Mental Health,t5_2vw5a0,1730746642.607625
201,r/howitsmade,26681,Internet Culture and Memes,t5_2s6ho,1730746642.6282308
202,r/PowerApps,26679,Technology,t5_3b5z3,1730746642.648127
203,r/TectEGG,26678,Podcasts and Streamers,t5_43n9qz,1730746642.669108
204,r/MadisonBailey,26674,Celebrity,t5_2lcimm,1730746642.689654
205,r/StarWarsEmpireAtWar,26673,Gaming,t5_31e1q,1730746642.70974
206,r/thegooddoctor,26670,Television,t5_35ep6,1730746642.7311518
207,r/Blind,26666,Medical and Mental Health,t5_2qpec,1730746642.775334
208,r/GFUEL,26666,Food and Drink,t5_3a8lu,1730746642.7944162
209,r/BurgerKing,26661,Food and Drink,t5_2qwwk,1730746642.8164961
210,r/sunrise,26658,Outdoors and Nature,t5_2sj9o,1730746642.840173
211,r/videogamescience,26658,Gaming,t5_3f13l,1730746642.8644428
212,r/organizing,26653,Home and Garden,t5_2w98u,1730746642.8886259
213,r/logic,26651,Learning and Education,t5_2qubs,1730746642.913832
214,r/nonononoaww,26646,"For things that make you go nononono at first, and then aww!",t5_30unj,1730746642.9381142
215,r/MAFS_TV,26645,Television,t5_3ll86,1730746642.966926
216,r/slaytheprincess,26644,Gaming,t5_6fy9bl,1730746643.015098
217,r/boatsnbeaches,26642,Mature Themes and Adult Content,t5_82ypdl,1730746643.04865
218,r/LoneStarGhetto,26636,Music,t5_31gtof,1730746643.136092
219,r/ImperialFists,26628,Tabletop Games,t5_3jzve,1730746643.1647592
220,r/SPb,26626,Place,t5_2siiu,1730746643.193025
221,r/ColoredPencils,26625,Art,t5_2we0b,1730746643.217509
222,r/NotHowGuysWork,26625,Gender,t5_bhbzg,1730746643.242389
223,r/LeaguesofVotann,26624,Gaming,t5_63n48a,1730746643.267015
224,r/AliceInBorderlandLive,26621,Television,t5_3jka53,1730746643.2909381
225,r/YGOMarketplace,26616,Marketplace and Deals,t5_3p5su,1730746643.3130398
226,r/paracord,26602,Crafts and DIY,t5_2se7n,1730746643.3349109
227,r/florists,26597,Home and Garden,t5_3daw3,1730746643.356809
228,r/pathfindermemes,26594,Tabletop Games,t5_22wrg8,1730746643.37904
229,r/MoonBets,26582,"Business, Economics, and Finance",t5_3t36wi,1730746643.401048
230,r/TheRepTimeBST,26578,Fashion,t5_7pf77q,1730746643.424206
231,r/Vivziepopmemes,26577,Podcasts and Streamers,t5_48e6bc,1730746643.4472451
232,r/Crossout,26574,Gaming,t5_38ar9,1730746643.4691
233,r/neuralnetworks,26570,Programming,t5_2zlbk,1730746643.491019
234,r/oldhollywood,26570,History,t5_2t4m7,1730746643.5133052
235,r/nonfictionbookclub,26567,"Reading, Writing, and Literature",t5_38sv3,1730746643.5354729
236,r/dokkanbattle,26561,Gaming,t5_3968v,1730746643.556006
237,r/OnlyFoolsAndHorses,26561,Television,t5_33b08,1730746643.5758789
238,r/Slack,26559,Technology,t5_2rvms,1730746643.595909
239,r/preppy,26557,Fashion,t5_2s6vu,1730746643.615639
240,r/BananaFish,26548,Anime,t5_g58r5,1730746643.6352901
241,r/CuddlyKitties,26546,Animals and Pets,t5_g71tq,1730746643.655256
242,r/depechemode,26545,Music,t5_2qww2,1730746643.7159228
243,r/vrgamedeals,26541,Gaming,t5_3de6o,1730746643.761454
244,r/ImaginaryRobotics,26535,Art,t5_2xzhf,1730746643.786429
245,r/Clarinet,26532,Music,t5_2sc5o,1730746643.810198
246,r/WhenWeWereYoungFest,26531,Music,t5_5p52og,1730746643.834521
247,r/BurlingtonON,26523,Place,t5_2rlw8,1730746643.856559
248,r/minnesotaunited,26512,Sports,t5_2wjn5,1730746643.878707
249,r/Toads,26508,Animals and Pets,t5_2w9qr,1730746643.900682
