,subreddit,subscribers,topic,subreddit_id,scraped_utc
0,r/PantheonMains,24892,Gaming,t5_34n64,1730746699.855212
1,r/MusicalTheatre,24886,Music,t5_2rb0h,1730746699.878742
2,r/TheOldZealand,24879,Sports,t5_2pi2vx,1730746699.8978188
3,r/talkingheads,24876,Music,t5_2s4t7,1730746699.91768
4,r/Lululemen,24874,Fashion,t5_2p043h,1730746699.940983
5,r/Replica,24863,Fashion,t5_2x0q0,1730746699.9768372
6,r/private_equity,24861,"Business, Economics, and Finance",t5_2tskt,1730746699.9990451
7,r/MatoSeiheiNoSlave,24857,Anime,t5_sb00m,1730746700.0213828
8,r/HatsuVault,24851,Anime,t5_3ahjg,1730746700.0425951
9,r/outdoorboys,24851,Podcasts and Streamers,t5_5t3f2d,1730746700.063722
10,r/osdev,24849,Programming,t5_2rwxk,1730746700.279819
11,r/TickleLovers,24849,Mature Themes and Adult Content,t5_404ues,1730746700.299909
12,r/MotoG,24847,Technology,t5_2z2hw,1730746700.3275552
13,r/2bharat4you,24845,"Culture, Race, and Ethnicity",t5_55ocyb,1730746700.34759
14,r/taylorpauldrama,24845,Celebrity,t5_6f9bjh,1730746700.3671858
15,r/GoodGirls,24843,Television,t5_2tpdl,1730746700.386587
16,r/GreenHell,24842,Gaming,t5_jbo6b,1730746700.4056761
17,r/CartoonPhysics,24838,Funny/Humor,t5_2z0oa,1730746700.426165
18,r/ecommercemarketing,24838,"Business, Economics, and Finance",t5_3mb2t,1730746700.4457338
19,r/ADHDers,24829,Medical and Mental Health,t5_2pmn19,1730746700.4649138
20,r/RioYuukaNoa,24829,Mature Themes and Adult Content,t5_82seuy,1730746700.484223
21,r/AmazonFBATips,24828,"Business, Economics, and Finance",t5_uz1yz,1730746700.503411
22,r/Inkscape,24825,Art,t5_2tgxm,1730746700.52294
23,r/retouching,24815,Art,t5_2xxpe,1730746700.5421162
24,r/RocketLab,24813,Technology,t5_32sob,1730746700.5610502
25,r/editing,24809,Technology,t5_2sail,1730746700.581203
26,r/Sinvicta,24808,Podcasts and Streamers,t5_39uhj,1730746700.6009831
27,r/PTOrdenado,24798,Careers,t5_95egkp,1730746700.61989
28,r/DropShipping101,24795,"Business, Economics, and Finance",t5_3j0eo,1730746700.638998
29,r/MediocreTutorials,24784,Podcasts and Streamers,t5_4s8hgr,1730746700.658189
30,r/MonaMains,24783,Gaming,t5_2a6r3o,1730746700.677259
31,r/lactoseintolerant,24780,Medical and Mental Health,t5_2semk,1730746700.696244
32,r/VGMvinyl,24778,Music,t5_3blhp,1730746700.71513
33,r/VeniceSwap,24774,Crypto,t5_5lo6e1,1730746700.73526
34,r/blendermemes,24773,Internet Culture and Memes,t5_h5qii,1730746700.754951
35,r/AmazonAnswers,24767,Funny/Humor,t5_lfx9b,1730746700.773964
36,r/HannahStocking_,24766,Mature Themes and Adult Content,t5_6ihqj7,1730746700.7938612
37,r/StormComing,24765,Outdoors and Nature,t5_2xnik,1730746700.814432
38,r/simonfraser,24763,Learning and Education,t5_2rlf7,1730746700.833281
39,r/ByzantineMemes,24760,Internet Culture and Memes,t5_noj7g,1730746700.8521159
40,r/PRCYCoin,24760,Crypto,t5_3wgrpm,1730746700.870819
41,r/lawofone,24756,Religion and Spirituality,t5_2s09q,1730746700.889751
42,r/hentai_with_audio,24755,Mature Themes and Adult Content,t5_75041y,1730746700.909055
43,r/UBreddit,24755,Learning and Education,t5_2s46r,1730746700.9288802
44,r/Goruck,24754,Marketplace and Deals,t5_2w0zr,1730746700.949408
45,r/DreamLeagueSoccer,24748,Gaming,t5_31lb6,1730746700.969335
46,r/traveltrailers,24746,Cars and Motor Vehicles,t5_3ljex,1730746700.988357
47,r/emetophobia,24733,Medical and Mental Health,t5_2vnka,1730746701.007253
48,r/BrightonHoveAlbion,24732,Sports,t5_2ubcf,1730746701.026277
49,r/AlternateHistoryMemes,24729,History,t5_tlxkj,1730746701.045969
50,r/farcry6,24729,Gaming,t5_2yv5y,1730746701.0650299
51,r/Wholesome4chan,24725,Welcome to Wholesome4chan,t5_3iqrx,1730746701.08396
52,r/PerseveranceRover,24723,Science,t5_2crnon,1730746701.102976
53,r/ItalianGreyhounds,24721,Animals and Pets,t5_2sfsk,1730746701.121963
54,r/smallengines,24721,Hobbies,t5_31zdx,1730746701.141131
55,r/BirdPhotography,24719,Art,t5_397f2,1730746701.1599302
56,r/hockeygoalies,24716,Sports,t5_2tf80,1730746701.17872
57,r/sixfacedworld,24714,Anime,t5_557jy8,1730746701.197603
58,r/TaySowersandFamily,24712,Celebrity,t5_9jm7zq,1730746701.216395
59,r/forex_trades,24710,"Business, Economics, and Finance",t5_2rj3t,1730746701.235378
60,r/ThisAmericanLife,24709,Podcasts and Streamers,t5_2qpvk,1730746701.25441
61,r/Backbone,24705,Gaming,t5_2r0ll,1730746701.2734048
62,r/SolanaMemeCoins,24705,Crypto,t5_agmyeu,1730746701.2923038
63,r/tdameritrade,24705,"Business, Economics, and Finance",t5_3615w,1730746701.311459
64,r/UNC,24705,Learning and Education,t5_2r3ck,1730746701.332802
65,r/Curbfind,24701,Home and Garden,t5_2ns2r0,1730746701.3522692
66,r/frogdogs,24699,Animals and Pets,t5_2sngw,1730746701.371592
67,r/DoesNotTranslate,24698,Learning and Education,t5_2wrum,1730746701.390676
68,r/DebateLikeAEnglishman,24694,"Reading, Writing, and Literature",t5_2432w0,1730746701.41095
69,r/CloudFlare,24691,Technology,t5_2wiu9,1730746701.430774
70,r/Haryana,24690,Place,t5_2vm82,1730746701.451159
71,r/WeirdWebsites,24686,Internet Culture and Memes,t5_2zgby,1730746701.470824
72,r/baguio,24680,Place,t5_2uqxr,1730746701.4896681
73,r/sweatyfeets,24675,Mature Themes and Adult Content,t5_68jk1n,1730746701.508513
74,r/EndlessSpace,24664,Gaming,t5_2tpth,1730746701.527562
75,r/junkfoodfinds,24659,Food and Drink,t5_7vhhcq,1730746701.546298
76,r/neapolitanpizza,24651,Food and Drink,t5_10luxk,1730746701.5653
77,r/YarnPunk,24650,Crafts and DIY,t5_ioi4t,1730746701.5842829
78,r/IBD,24648,Medical and Mental Health,t5_2rghq,1730746701.603322
79,r/Athleanx,24647,Fitness and Nutrition,t5_2vr6z,1730746701.622607
80,r/ImmersiveDaydreaming,24647,Hobbies,t5_mxeva,1730746701.641301
81,r/MillieBobbyBrown,24644,Celebrity,t5_3fhpx,1730746701.66027
82,r/Eevee,24643,Gaming,t5_2umt0,1730746701.679361
83,r/turkishlearning,24641,Learning and Education,t5_2xbsq,1730746701.698524
84,r/AccidentalGreenhouses,24638,Outdoors and Nature,t5_3ly8n,1730746701.717421
85,r/NFTMarketplace,24637,Crypto,t5_3vnlab,1730746701.7362251
86,r/Taipei,24636,Place,t5_2rngn,1730746701.755198
87,r/AmongUsFriendFinder,24634,Gaming,t5_33zdff,1730746701.7742422
88,r/NeverHaveIEverShow,24633,Television,t5_2lu937,1730746701.79317
89,r/winxclub,24631,Television,t5_2wkvu,1730746701.8134599
90,r/preformances,24630,Music,t5_37xpl,1730746701.833005
91,r/ISTJ,24628,Ethics and Philosophy,t5_2r4yh,1730746701.852903
92,r/weddingswap,24623,Marketplace and Deals,t5_2ytnj,1730746701.87465
93,r/Web_Development,24622,Programming,t5_2qrkm,1730746701.895234
94,r/gametheorymemes,24619,Podcasts and Streamers,t5_nn5no,1730746701.915293
95,r/absolver,24616,Gaming,t5_3es1r,1730746701.93588
96,r/retail,24614,Careers,t5_2qs9s,1730746701.956867
97,r/ff7,24613,Gaming,t5_2yci1,1730746701.978606
98,r/manhwarecommendations,24612,Anime,t5_2ilpg5,1730746701.999104
99,r/Zettelkasten,24611,Learning and Education,t5_yox0n,1730746702.019331
100,r/spartanrace,24609,Sports,t5_2ugdk,1730746702.039477
101,r/BuildTheEarth,24606,Gaming,t5_2iia5f,1730746702.059544
102,r/fredericton,24604,Place,t5_2rlw3,1730746702.079927
103,r/DMTlab,24598,Mature Themes and Adult Content,t5_2jnutr,1730746702.099968
104,r/sooners,24598,Learning and Education,t5_2r5kj,1730746702.120258
105,r/statsfm,24596,Technology,t5_6fgwtm,1730746702.140852
106,r/WindowsOnDeck,24593,Gaming,t5_61pmos,1730746702.161144
107,r/Pitbull,24589,Animals and Pets,t5_2wtg5,1730746702.1813881
108,r/VirginVoyages,24580,Travel,t5_w3ufp,1730746702.2012548
109,r/PrayerRequests,24577,Religion and Spirituality,t5_2r1bw,1730746702.221395
110,r/PolandballCommunity,24571,Internet Culture and Memes,t5_3ahsz,1730746702.2411032
111,r/dalmatians,24570,Animals and Pets,t5_2sqs5,1730746702.261058
112,r/jimihendrix,24563,Music,t5_2t8h9,1730746702.280499
113,r/test,24560,Meta/Reddit,t5_2qh23,1730746702.299448
114,r/SandraBullock,24555,Celebrity,t5_2ruci,1730746702.318186
115,r/heythatsneat,24554,Internet Culture and Memes,t5_pcf2d,1730746702.338374
116,r/ManagedByNarcissists,24554,Careers,t5_30512,1730746702.357174
117,r/coffee_roasters,24550,Food and Drink,t5_2w96f,1730746702.3763871
118,r/Saxophonics,24550,Music,t5_2rs13,1730746702.397102
119,r/halonetwork,24548,"HALO Network is an efficient blockchain network system. It provides one-stop integration of DeFi application level with decentralized, energy-efficient and low-cost transaction structure with traditional financial instruments. | https://halo.land",t5_4hoa86,1730746702.4175801
120,r/ornnmains,24547,Gaming,t5_3ndx1,1730746702.437471
121,r/Hampshire,24540,Place,t5_2sm85,1730746702.4571688
122,r/OttawaFood,24539,Food and Drink,t5_32y1v,1730746702.4768488
123,r/thepast,24539,History,t5_2sjt6,1730746702.4957771
124,r/SeraphineMains,24532,Gaming,t5_2tb9a1,1730746702.5145721
125,r/WhyCatHowCat,24531,Animals and Pets,t5_2rsvyf,1730746702.533416
126,r/RPGrecordings,24527,Tabletop Games,t5_2rpz6,1730746702.5522518
127,r/PassNclex,24526,Learning and Education,t5_25dhyg,1730746702.61067
128,r/MECoOp,24518,Gaming,t5_2tkk1,1730746702.837923
129,r/santarosa,24504,Place,t5_2s88z,1730746702.860186
130,r/NewRoryNMalPodcast,24500,Podcasts and Streamers,t5_5f4clz,1730746702.878996
131,r/dyson,24493,Hobbies,t5_2ty4q,1730746702.898025
132,r/Gunna,24493,Music,t5_ib1to,1730746702.917109
133,r/KarenReadTrial,24492,Law,t5_bbeucy,1730746702.945418
134,r/ImaginaryPortals,24491,Art,t5_2zrs6,1730746702.965558
135,r/nCoV,24490,Medical and Mental Health,t5_2da4g7,1730746702.986252
136,r/Eggwick,24489,Podcasts and Streamers,t5_4ckl2w,1730746703.006551
137,r/ccnp,24487,Careers,t5_2qjhj,1730746703.026741
138,r/automation,24485,Technology,t5_2qrbn,1730746703.093806
139,r/metal_me_irl,24484,Music,t5_3acqf,1730746703.113062
140,r/snowmobiling,24481,Cars and Motor Vehicles,t5_2sp48,1730746703.144495
141,r/InfertilityBabies,24474,Women's Health,t5_2vy6k,1730746703.163698
142,r/motiongraphics,24472,Art,t5_2qi3l,1730746703.1829271
143,r/sketchpad,24469,Art,t5_2v0g6,1730746703.20183
144,r/startrekfleetcommand,24468,Gaming,t5_odtvc,1730746703.221462
145,r/JimCornette,24458,Sports,t5_3k40j,1730746703.241997
146,r/Bruins,24455,Sports,t5_2uutl,1730746703.261769
147,r/waterford,24454,Place,t5_2se9n,1730746703.281253
148,r/Limmy,24453,Podcasts and Streamers,t5_2t218,1730746703.300183
149,r/BestProductsFinds,24449,Marketplace and Deals,t5_axeczu,1730746703.319875
150,r/robloxjailbreak,24441,Gaming,t5_3k554,1730746703.340095
151,r/FreeCAD,24431,Technology,t5_2twwg,1730746703.359187
152,r/RelationshipsOver35,24427,Family and Relationships,t5_fhm4u,1730746703.378148
153,r/SoundersFC,24427,Sports,t5_2qpk6,1730746703.3977752
154,r/NAFO,24423,Military,t5_6nnire,1730746703.416773
155,r/psychadelics,24420,Mature Themes and Adult Content,t5_2s6rl,1730746703.437401
156,r/LordArenaOfficial,24417,"Lord Arena is a blockchain-based action RPG game built and run on Binance Smart Chain and Solana. In Lord Arena, Players can recruit heroes which then can be used to progress in the campaign mode and fight against the enemies. In the combat arena players can earn profit from your enemies.",t5_54zs63,1730746703.456039
157,r/sanpedrocactusforsale,24416,Home and Garden,t5_2tsb3p,1730746703.476164
158,r/Affinity,24415,Technology,t5_2ql6f,1730746703.497536
159,r/shortwave,24412,Hobbies,t5_2sh51,1730746703.516525
160,r/JailbreakCreations,24409,Gaming,t5_3fy8uh,1730746703.535593
161,r/NHLMemes,24409,Sports,t5_2um9i,1730746703.55466
162,r/QualityRepsBST,24392,Marketplace and Deals,t5_29hbn0,1730746703.5741062
163,r/SaikoReddit,24392,Podcasts and Streamers,t5_zjjsc,1730746703.594033
164,r/rabm,24388,Music,t5_2z5zk,1730746703.6139462
165,r/CoronaVirusPA,24384,Place,t5_2fu0lz,1730746703.6343198
166,r/thethickofit,24383,Television,t5_2t6ao,1730746703.655033
167,r/CelebHotness,24380,Celebrity,t5_a4f65a,1730746703.6751812
168,r/HaggardGarage,24373,Cars and Motor Vehicles,t5_38rtw,1730746703.6960452
169,r/pokemonzetaomicron,24372,Gaming,t5_2wflg,1730746703.7165482
170,r/gaggiaclassic,24369,Food and Drink,t5_3nrpq,1730746703.7378361
171,r/WelcomeHomeARG,24365,Television,t5_83e4rk,1730746703.759681
172,r/neweracaps,24364,Fashion,t5_2uxtm,1730746703.781451
173,r/CountryMusic,24361,Music,t5_2r24e,1730746703.801497
174,r/moza,24361,Gaming,t5_252i28,1730746703.820313
175,r/whatif,24357,Internet Culture and Memes,t5_2qyyc,1730746703.8398259
176,r/southpaws,24352,Hobbies,t5_2ruq7,1730746703.859581
177,r/Ashens,24345,Podcasts and Streamers,t5_2ta6f,1730746703.879605
178,r/HunterKing,24342,Celebrity,t5_3f8ly,1730746703.898875
179,r/electroforming,24341,Crafts and DIY,t5_2w0vg,1730746703.918699
180,r/edtech,24340,Technology,t5_2r5zc,1730746703.9380171
181,r/HotSamples,24325,Music,t5_31ev1,1730746703.957883
182,r/LegalAdviceNZ,24325,Law,t5_s676a,1730746703.9799528
183,r/LoadingIcons,24324,Art,t5_3nj4r,1730746704.000403
184,r/Urdu,24321,Learning and Education,t5_2qun7,1730746704.019965
185,r/kintsugi,24313,Crafts and DIY,t5_33xut,1730746704.03984
186,r/oxford,24311,Place,t5_2rc7b,1730746704.059984
187,r/1940s,24310,History,t5_2u8pb,1730746704.0803
188,r/BayleyBooty,24308,Mature Themes and Adult Content,t5_jzyo1,1730746704.0993202
189,r/galveston,24305,Place,t5_2riby,1730746704.118549
190,r/HomeworkHelp_Tutors,24304,Learning and Education,t5_9lzqb6,1730746704.138089
191,r/CampAndHikeMichigan,24297,Outdoors and Nature,t5_3031h,1730746704.158035
192,r/facehugs,24293,Animals and Pets,t5_28nlip,1730746704.177972
193,r/wherearetheynow,24281,Celebrity,t5_2rfim,1730746704.198101
194,r/gigabytegaming,24268,Technology,t5_38zoe,1730746704.2175329
195,r/Destiny_2,24266,Gaming,t5_3glfe,1730746704.2365801
196,r/Astrobiology,24259,Science,t5_2rg61,1730746704.2553458
197,r/CableTV_Memories,24255,Television,t5_250mt6,1730746704.274187
198,r/bmbmbm,24249,Music,t5_xpan4,1730746704.293138
199,r/80scartoons,24244,Television,t5_2ubx2,1730746704.312405
200,r/bapcsalesaustralia,24241,Marketplace and Deals,t5_2tevl,1730746704.331297
201,r/fearofflying,24240,Medical and Mental Health,t5_2r318,1730746704.350508
202,r/kpopcollections,24237,Music,t5_3im31,1730746704.370002
203,r/Owala,24234,"Business, Economics, and Finance",t5_66synj,1730746704.388932
204,r/selfharm_memes,24231,Medical and Mental Health,t5_2evyg8,1730746704.408045
205,r/inthephilippines,24230,Unbiased Philippines,t5_9glyf4,1730746704.4268658
206,r/MovieQuotes,24230,Movies,t5_2r574,1730746704.446131
207,r/MicrosoftEdge,24229,Technology,t5_381b7,1730746704.466773
208,r/Dietandhealth,24227,Food and Drink,t5_2qjum,1730746704.4861271
209,r/Metaphysics,24227,Ethics and Philosophy,t5_2qmtv,1730746704.505056
210,r/IVE,24225,Music,t5_4xnuad,1730746704.5246248
211,r/BannedSubs,24223,Meta/Reddit,t5_32df4,1730746704.545571
212,r/Unravelers,24223,Crafts and DIY,t5_2v2bvp,1730746704.565212
213,r/newinbeauty,24221,Beauty and Makeup,t5_8jrj7e,1730746704.585663
214,r/WeAreVYBE,24220,Podcasts and Streamers,t5_41gn8a,1730746704.605203
215,r/starwarsbooks,24218,"Reading, Writing, and Literature",t5_2vjan,1730746704.624693
216,r/CageTheElephant,24217,Music,t5_2sgfo,1730746704.644682
217,r/sheets,24205,Technology,t5_35vj4,1730746704.666039
218,r/ThanksCyno,24204,Gaming,t5_70a9vw,1730746704.686655
219,r/Temple,24200,Learning and Education,t5_2ro0v,1730746704.705824
220,r/DreamWorks,24197,Movies,t5_2seeq,1730746704.725031
221,r/HouseMusic,24190,Music,t5_2qn5e,1730746704.743892
222,r/TomAndJerryMemes,24188,Internet Culture and Memes,t5_3ixm5,1730746704.762928
223,r/Cloud,24184,Technology,t5_2qznf,1730746704.781798
224,r/BaileySarian,24183,Podcasts and Streamers,t5_2fzzo3,1730746704.8004491
225,r/cavetown,24183,Music,t5_3istz,1730746704.819255
226,r/chatgpt_promptDesign,24181,Technology,t5_7lq1ll,1730746704.8395112
227,r/GalaxyS22,24180,Technology,t5_3f5ka,1730746704.8583329
228,r/BanjoKazooie,24170,Gaming,t5_2sokv,1730746704.877836
229,r/Augusta,24168,Place,t5_2repf,1730746704.896707
230,r/PhilosophyBookClub,24159,Ethics and Philosophy,t5_2upfz,1730746704.915554
231,r/ElderKings,24156,Gaming,t5_2zo4f,1730746704.9349902
232,r/gymgirlsSFW,24151,"The home of all our favourite gym-going girls. Share your best fitness flex from your gym session or show off your latest activewear haul. OC Self Posts, No Advertising.",t5_advdc0,1730746704.955151
233,r/PythonJobs,24143,Careers,t5_2zo0t,1730746704.974533
234,r/doughboys,24142,Podcasts and Streamers,t5_3b3ls,1730746704.993772
235,r/Echerdex,24140,Ethics and Philosophy,t5_3iwmu,1730746705.018549
236,r/dsa,24137,Politics,t5_2rw1g,1730746705.050029
237,r/freebritney,24137,Activism,t5_1022pr,1730746705.0826821
238,r/INTJmemes,24137,Internet Culture and Memes,t5_23pmn9,1730746705.104728
239,r/musichoarder,24133,Music,t5_3axdy,1730746705.125532
240,r/logitech,24131,Technology,t5_2s5ps,1730746705.145658
241,r/razorbacks,24131,Sports,t5_2sdhv,1730746705.163946
242,r/VelmaCosplay,24119,Mature Themes and Adult Content,t5_2nnuiu,1730746705.1850061
243,r/boneworks,24112,Gaming,t5_vd7kv,1730746705.203275
244,r/gallbladders,24096,Medical and Mental Health,t5_2xr5d,1730746705.2212648
245,r/Arifureta,24095,Anime,t5_3et5p,1730746705.238979
246,r/SousWeed,24095,Mature Themes and Adult Content,t5_3h8ls,1730746705.25664
247,r/bahasamelayu,24089,Learning and Education,t5_2u9c8,1730746705.274236
248,r/WisconsinBadgers,24085,Sports,t5_2slo5,1730746705.291734
249,r/ninjawarrior,24083,Television,t5_2s4st,1730746705.3097448
