,subreddit,subscribers,topic,subreddit_id,scraped_utc
0,r/StraightFemboys,18004,Mature Themes and Adult Content,t5_56citb,1730746937.2314281
1,r/FengShui,18001,Home and Garden,t5_2sllf,1730746937.288382
2,r/SomaticExperiencing,18001,Medical and Mental Health,t5_znwx7,1730746937.3475142
3,r/ImaginaryPirates,17998,Art,t5_2yfuo,1730746937.497791
4,r/britishsucess,17997,Welcome to britishsucess,t5_3h8uv,1730746937.541236
5,r/historyteachers,17997,Careers,t5_2t7s5,1730746937.604196
6,r/copaganda,17996,Activism,t5_3ao0m,1730746937.643739
7,r/JonBellion,17996,Music,t5_2yo07,1730746937.681393
8,r/pocketcasts,17993,Podcasts and Streamers,t5_34fxd,1730746937.72573
9,r/familyguymemes,17991,Television,t5_l5pqu,1730746937.765682
10,r/lgbt_superheroes,17988,"Reading, Writing, and Literature",t5_2zwpv1,1730746937.880022
11,r/PlaydateConsole,17988,Gaming,t5_11uxq9,1730746937.902883
12,r/PUPians,17987,Learning and Education,t5_4iwojq,1730746937.9400132
13,r/GEOPOLY,17985,Gaming,t5_50pqte,1730746937.9617972
14,r/OnePieceFR,17985,Anime,t5_53nkxx,1730746937.983522
15,r/askvan,17983,Need to know something about Vancouver? Need travel tips? Need to find a hairdresser? Want to know the best sushi in Chinatown? This is your place!,t5_3179g,1730746938.0063848
16,r/collingwoodfc,17980,Sports,t5_2tqcz,1730746938.02862
17,r/utarlington,17980,Learning and Education,t5_2sgzg,1730746938.0507689
18,r/Belize,17979,Place,t5_2sgvs,1730746938.072809
19,r/Eleceed,17977,"Reading, Writing, and Literature",t5_yb27d,1730746938.097304
20,r/vlog,17974,Podcasts and Streamers,t5_2tpv2,1730746938.119966
21,r/aikido,17973,Sports,t5_2qhwn,1730746938.139644
22,r/Fantasy_Bookclub,17973,"Reading, Writing, and Literature",t5_2s92h,1730746938.159359
23,r/LeftHandQuickie2,17973,The best girls 😍 no names please DM for request,t5_c1kctg,1730746938.180783
24,r/AwesomeFreebies,17969,Marketplace and Deals,t5_529rfg,1730746938.202218
25,r/GelNails,17969,Beauty and Makeup,t5_2x3oy,1730746938.2232478
26,r/mbta,17966,Travel,t5_2r36b,1730746938.245019
27,r/Hypermobility,17964,Medical and Mental Health,t5_2xaog,1730746938.265978
28,r/Selfie_Girl,17964,Mature Themes and Adult Content,t5_6vz1hy,1730746938.287141
29,r/BeginnerSurfers,17961,Sports,t5_2stss4,1730746938.3072839
30,r/gokarts,17959,Cars and Motor Vehicles,t5_2sefk,1730746938.327778
31,r/motorcyclememes,17957,Cars and Motor Vehicles,t5_2toll,1730746938.3479948
32,r/comic,17956,Funny/Humor,t5_2qli2,1730746938.36943
33,r/Rucking,17956,Fitness and Nutrition,t5_2xq23,1730746938.391983
34,r/aesoprock,17949,Music,t5_2t57n,1730746938.412609
35,r/culturalstudies,17947,"Culture, Race, and Ethnicity",t5_2qhwb,1730746938.433693
36,r/IF_Petites,17946,Women's Health,t5_11cggu,1730746938.456373
37,r/LastManonEarthTV,17946,Television,t5_377vu,1730746938.479389
38,r/janiefit,17945,Mature Themes and Adult Content,t5_27gstg,1730746938.503019
39,r/pokemonribbons,17944,Gaming,t5_2vbsh,1730746938.5276248
40,r/Netsuite,17942,"Business, Economics, and Finance",t5_2t7yc,1730746938.551598
41,r/dogemining,17941,Crypto,t5_2zgq3,1730746938.575287
42,r/Moonlighter,17940,Gaming,t5_3f9x7,1730746938.5994549
43,r/mildlydepressing,17938,Internet Culture and Memes,t5_2uvxv,1730746938.623011
44,r/Boingies,17937,Animals and Pets,t5_3m2ln,1730746938.645928
45,r/Mabinogi,17936,Gaming,t5_2s4k2,1730746938.668295
46,r/palmsprings,17936,Place,t5_2s8vi,1730746938.6907158
47,r/unnamedfanbase,17932,Podcasts and Streamers,t5_t9yig,1730746938.712946
48,r/KeyforgeGame,17927,Tabletop Games,t5_mn4o9,1730746938.735539
49,r/SonicFrontiers,17927,Gaming,t5_5azuui,1730746938.760586
50,r/IzuOcha,17924,Anime,t5_iqvnx,1730746938.7844899
51,r/LimpBizkit,17924,Music,t5_2rd9o,1730746938.8089862
52,r/nsw,17923,Place,t5_2ql4z,1730746938.830699
53,r/Millions,17918,"Business, Economics, and Finance",t5_4uu73k,1730746938.852184
54,r/AusElectricians,17915,Careers,t5_3or5k,1730746938.874531
55,r/VintedDeutschland,17915,Marketplace and Deals,t5_6lbqy7,1730746938.906584
56,r/Glock19,17913,Mature Themes and Adult Content,t5_38tq4,1730746938.953224
57,r/WildHeartsGame,17910,Gaming,t5_73ndtn,1730746938.9761071
58,r/PrettyEyes,17908,Mature Themes and Adult Content,t5_37js6,1730746938.998679
59,r/MakeupSelfies,17897,Beauty and Makeup,t5_3k9oh,1730746939.021027
60,r/DataAnnotationTech,17895,Technology,t5_8hn0fi,1730746939.043558
61,r/homecockpits,17891,Gaming,t5_2uf17,1730746939.0670478
62,r/PALGSS,17891,PHAT ASSED LATINA GIRLS,t5_bpeh2h,1730746939.089328
63,r/Kanata,17887,Place,t5_2shyh,1730746939.1152909
64,r/TestFlight,17886,Technology,t5_32104,1730746939.13759
65,r/CandicePatton,17881,Celebrity,t5_34fav,1730746939.1621199
66,r/FastLED,17881,Technology,t5_3a9xo,1730746939.188556
67,r/IndustrialMaintenance,17872,Careers,t5_2v5te,1730746939.214582
68,r/MonopolyGoCommunity,17866,Gaming,t5_887kwt,1730746939.2406678
69,r/ShadowFightArena,17864,Gaming,t5_2df2ik,1730746939.267311
70,r/Undergrounds,17860,Outdoors and Nature,t5_y8yg0,1730746939.2939599
71,r/TheGlassCannonPodcast,17858,Podcasts and Streamers,t5_3eoic,1730746939.320896
72,r/Friendzone,17854,Family and Relationships,t5_2suqk,1730746939.345588
73,r/SofiawithanF,17854,Podcasts and Streamers,t5_38160r,1730746939.3704598
74,r/genderfluid_irl,17851,Gender,t5_i1ic4,1730746939.393363
75,r/bikebuilders,17850,Cars and Motor Vehicles,t5_2wxiw,1730746939.415916
76,r/ColdWarCallofDuty,17849,Gaming,t5_2z2yo4,1730746939.4404569
77,r/kingdomsofamalur,17849,Gaming,t5_2snmb,1730746939.4646459
78,r/Netherlands_Memes,17849,Internet Culture and Memes,t5_1pn72q,1730746939.494747
79,r/englishbulldog,17848,Animals and Pets,t5_2qxx4,1730746939.524126
80,r/jellyfish,17847,Animals and Pets,t5_2su3w,1730746939.552881
81,r/TraditionalCurses,17844,"An invitation to post curses. A curse (also called a jinx, hex or execration) is any expressed wish that some form of adversity or misfortune will befall or attach to some other entity—one or more persons, a place, or an object. In particular, ""curse"" may refer to a wish that harm or hurt will be inflicted by any supernatural powers, such as a spell, a prayer, an imprecation, an execration, magic, witchcraft, God, a natural force, or a spirit.",t5_39bpi,1730746939.582023
82,r/organic,17843,Food and Drink,t5_2qi20,1730746939.611011
83,r/cbradio,17842,Technology,t5_2sck8,1730746939.638706
84,r/FinalFantasyVIIRemake,17839,Gaming,t5_3feas,1730746939.6650171
85,r/GreenBay,17837,Place,t5_2ri8u,1730746939.690884
86,r/volt,17837,Cars and Motor Vehicles,t5_2t3n3,1730746939.716856
87,r/AmazonFBAOnlineRetail,17836,"Business, Economics, and Finance",t5_3owrd,1730746939.7418492
88,r/Nexplanon,17834,Women's Health,t5_3heut,1730746939.763961
89,r/ProtonDrive,17832,Technology,t5_3jopy,1730746939.785671
90,r/GED,17828,Learning and Education,t5_2qqvb,1730746939.8076851
91,r/Ghost,17827,Programming,t5_2qyc0,1730746939.829678
92,r/CruelSummer,17826,Television,t5_2ob8or,1730746939.851865
93,r/opiniaoimpopular,17824,Ethics and Philosophy,t5_50qq3m,1730746939.8738408
94,r/GillianAnderson,17820,Celebrity,t5_2u6ku,1730746939.8958452
95,r/LeagueOne,17817,Sports,t5_2x2cq,1730746939.9176111
96,r/pcars,17813,Gaming,t5_2tpc2,1730746939.939596
97,r/timburton,17812,Movies,t5_2sygb,1730746939.9611
98,r/UmaMusume,17811,Anime,t5_3hbtw,1730746939.986343
99,r/KeyWest,17806,Place,t5_2syos,1730746940.0122979
100,r/Ethics,17800,Ethics and Philosophy,t5_2qp8u,1730746940.040056
101,r/MMA_Academy,17796,Sports,t5_27sju6,1730746940.165704
102,r/DailyBuglePS4,17792,Gaming,t5_o1qha,1730746940.368762
103,r/TinySubredditoftheDay,17790,Meta/Reddit,t5_335be,1730746940.3946712
104,r/Acoustics,17789,Science,t5_2t1mr,1730746940.417917
105,r/starcitizen_refunds,17789,Gaming,t5_3fnj9,1730746940.4417589
106,r/bleps,17781,Animals and Pets,t5_33aga,1730746940.465089
107,r/Tonedeafcelebs,17780,Celebrity,t5_2ib87s,1730746940.499678
108,r/FemaleAntinatalism,17777,Activism,t5_5jrdcz,1730746940.527084
109,r/DogsOnHardwoodFloors,17775,Dogs trying to get their footing while running on hardwood floors or other slick surfaces.,t5_388s1,1730746940.553338
110,r/plante_si_gradinarit,17775,Home and Garden,t5_41tnz6,1730746940.578826
111,r/ElegooSaturn,17774,Technology,t5_29ucb3,1730746940.604081
112,r/MTGRumors,17766,Tabletop Games,t5_2osp7c,1730746940.691524
113,r/AircraftMechanics,17765,Careers,t5_2wr12,1730746940.717356
114,r/rurounikenshin,17765,Anime,t5_2uwpn,1730746940.7604952
115,r/ExpectedOffice,17764,Television,t5_kk90g,1730746940.782815
116,r/Illyasviel,17763,Anime,t5_35gdj,1730746940.804802
117,r/GeniusInvokationTCG,17755,Gaming,t5_6x3w1k,1730746940.8270772
118,r/VuvuzelaIPhone,17753,Politics,t5_5o3hkh,1730746940.8531651
119,r/Edinburgh_University,17751,Learning and Education,t5_2tgwd,1730746940.8816361
120,r/OnlyChild,17750,Family and Relationships,t5_2ud7q,1730746940.9093308
121,r/scufgaming,17750,Gaming,t5_345qp,1730746940.9410088
122,r/feelgood,17749,Medical and Mental Health,t5_2r6f5,1730746940.9723709
123,r/kernel,17743,Programming,t5_2qtfh,1730746941.0056372
124,r/Stitchy,17743,Crafts and DIY,t5_2rl2n,1730746941.039248
125,r/swimsuitswomenonly,17742,Mature Themes and Adult Content,t5_47tflq,1730746941.071713
126,r/cosleeping,17741,Family and Relationships,t5_2vrpd,1730746941.1038852
127,r/themiddle,17741,Television,t5_2t92t,1730746941.132993
128,r/HamptonRoads,17738,Place,t5_2s7mx,1730746941.161549
129,r/palantir,17736,Technology,t5_2w4ce,1730746941.1866062
130,r/mesi,17735,Sports,t5_2jzem5,1730746941.2128909
131,r/Emojerk,17734,Internet Culture and Memes,t5_3647h,1730746941.2408252
132,r/physiotherapy,17734,Medical and Mental Health,t5_2rplw,1730746941.2658482
133,r/RosarioDawson,17730,Celebrity,t5_2w10l,1730746941.289859
134,r/RateUPProfs,17727,Learning and Education,t5_24npfo,1730746941.31175
135,r/TrollXWeddings,17726,Funny/Humor,t5_324cf,1730746941.334464
136,r/Gwenpool,17725,"Reading, Writing, and Literature",t5_3b93a,1730746941.356686
137,r/heungtan,17725,Internet Culture and Memes,t5_ppa9b,1730746941.378645
138,r/BadHasbara,17724,Politics,t5_ai6005,1730746941.400492
139,r/GhostsCBS,17724,Television,t5_53wbfa,1730746941.422493
140,r/MikeFlanagan,17722,Television,t5_l9wny,1730746941.444475
141,r/BlundstoneBoots,17717,Fashion,t5_28ngm0,1730746941.466445
142,r/FurnitureFlip,17715,Home and Garden,t5_2sqe0w,1730746941.4885361
143,r/ConnorEatsPants,17710,Podcasts and Streamers,t5_np0p0,1730746941.510041
144,r/intelnuc,17709,Technology,t5_378f7,1730746941.53042
145,r/Badlyinjured,17705,Mature Themes and Adult Content,t5_365a4h,1730746941.549831
146,r/skibiditoilet,17704,Podcasts and Streamers,t5_8gi9kr,1730746941.5695202
147,r/EndlessFrontier,17703,Gaming,t5_3cpei,1730746941.589299
148,r/AITA_Relationships,17701,Family and Relationships,t5_zt0y1,1730746941.60893
149,r/tiktokRise,17696,Technology,t5_av4clk,1730746941.6288068
150,r/TheSummerITurnedPrett,17695,Television,t5_6jox7e,1730746941.6484811
151,r/SpiritHalloween,17694,"Business, Economics, and Finance",t5_336mk,1730746941.6680908
152,r/imaginaryelections,17691,Politics,t5_aaoez,1730746941.687776
153,r/AnyaChalotra,17688,Celebrity,t5_nhbzb,1730746941.707662
154,r/xfce,17688,Technology,t5_2qliy,1730746941.729204
155,r/slowpitch,17686,Sports,t5_2st4o,1730746941.749399
156,r/UnusAnnusArchival,17686,Podcasts and Streamers,t5_2ygxrv,1730746941.7696562
157,r/XRecorder,17686,Technology,t5_4at0sj,1730746941.789548
158,r/nightwish,17684,Music,t5_2sfhd,1730746941.8195891
159,r/EnglandCricket,17682,Sports,t5_gvox5,1730746941.8388102
160,r/DirtyDave,17680,Podcasts and Streamers,t5_2gbvov,1730746941.8587399
161,r/GreatLakesShipping,17680,Hobbies,t5_2se54,1730746941.87817
162,r/ps1graphics,17680,Gaming,t5_2njigd,1730746941.897728
163,r/AstronomyMemes,17679,Science,t5_3189i,1730746941.9172459
164,r/literallythetruth,17678,Funny/Humor,t5_p2opl,1730746941.936954
165,r/perl,17678,Programming,t5_2qh5e,1730746941.9564831
166,r/TouchDesigner,17678,Technology,t5_2ske5,1730746941.976083
167,r/SubSimGPT2Interactive,17676,Internet Culture and Memes,t5_2oxp1s,1730746941.9956758
168,r/cancelledpod,17670,Podcasts and Streamers,t5_4wczxh,1730746942.014839
169,r/EverAfterHigh,17669,Television,t5_2xeo6,1730746942.034613
170,r/StarWarsSkeletonCrew,17669,"Star Wars: Skeleton Crew, an Original series starring Jude Law, from executive producers Jon Watts, Christopher Ford, Jon Favreau and Dave Filoni, is streaming in 2023 only on Disney+",t5_6fjzof,1730746942.054295
171,r/velvet_7,17669,Mature Themes and Adult Content,t5_wpf0k,1730746942.076107
172,r/trainerroad,17668,Fitness and Nutrition,t5_2voi4,1730746942.0969641
173,r/Geico,17665,Careers,t5_2xhe6,1730746942.1214342
174,r/MyHeroUltraRumble,17665,Gaming,t5_5o0lar,1730746942.1548831
175,r/PoppyMains,17665,Gaming,t5_38pjj,1730746942.183072
176,r/StereoAdvice,17663,Hobbies,t5_5m7xib,1730746942.2086458
177,r/Supertf,17663,Podcasts and Streamers,t5_2bncsi,1730746942.234786
178,r/PsychedelicArt,17660,Art,t5_2u2ys,1730746942.259833
179,r/ToyotaSupra,17658,Cars and Motor Vehicles,t5_2tgpy,1730746942.286891
180,r/wholesomevangelion,17657,Anime,t5_234ob6,1730746942.317309
181,r/StarWarsBlogs,17656,Television,t5_3af43,1730746942.3466141
182,r/loanoriginators,17652,"Business, Economics, and Finance",t5_2rmv67,1730746942.376375
183,r/DanaCurly,17649,Mature Themes and Adult Content,t5_2cnih6,1730746942.4107468
184,r/plymouth,17647,Place,t5_2sh6u,1730746942.491411
185,r/springboks,17646,Sports,t5_2wqn6,1730746942.5347
186,r/pico8,17644,Gaming,t5_37x17,1730746942.578062
187,r/DoorsForNinjas,17643,Internet Culture and Memes,t5_3hkq1,1730746942.6482391
188,r/reddit_ukr,17642,Podcasts and Streamers,t5_bkijdj,1730746942.6995652
189,r/nearprotocol,17641,Crypto,t5_q21go,1730746942.7538948
190,r/BettyGilpin,17632,Celebrity,t5_398gs,1730746942.798719
191,r/Spudmode,17632,Internet Culture and Memes,t5_2m1lxc,1730746942.846136
192,r/avesLA,17629,Music,t5_2tn1u,1730746942.898206
193,r/davidtennant,17628,Celebrity,t5_2s3iv,1730746942.939208
194,r/SupportforBetrayed,17628,Family and Relationships,t5_6tszsq,1730746942.981051
195,r/babyduckgifs,17627,A place to see the amazing adventures of ducklings.,t5_31wfu,1730746943.019789
196,r/CatsWithEyeliner,17623,Animals and Pets,t5_5csqer,1730746943.070884
197,r/futuregarage,17623,Music,t5_2rwqp,1730746943.1098828
198,r/IronmanTriathlon,17623,Sports,t5_2se6t,1730746943.146243
199,r/cestuntype,17615,Movies,t5_6cw045,1730746943.18994
200,r/EDCTickets,17614,Music,t5_3d1m3,1730746943.226604
201,r/SmolBeanSnark,17614,Celebrity,t5_296zi1,1730746943.264069
202,r/cardmagic,17612,Hobbies,t5_2tdo2,1730746943.3008902
203,r/niagara,17611,Place,t5_2remn,1730746943.338897
204,r/PapaJohns,17609,Food and Drink,t5_2tlmr,1730746943.3885581
205,r/Spironolactone,17602,Medical and Mental Health,t5_3hpeyv,1730746943.439894
206,r/TightTummyTease,17601,Mature Themes and Adult Content,t5_6bswm5,1730746943.4903302
207,r/AutomobileRO,17600,Cars and Motor Vehicles,t5_8iyqai,1730746943.5354612
208,r/sealedmtgdeals,17600,Tabletop Games,t5_6a5gjr,1730746943.580348
209,r/ukpopculture,17599,Celebrity,t5_an6h69,1730746943.624575
210,r/MedievalCreatures,17598,Art,t5_9n10q4,1730746943.663473
211,r/BatmanBeyond,17596,Television,t5_2uuq4,1730746943.717175
212,r/rentAgirfriend,17595,Anime,t5_2waxj9,1730746943.787555
213,r/StealthCamping,17595,Outdoors and Nature,t5_2v9qm,1730746943.862198
214,r/FetchAI_Community,17593,Crypto,t5_joi6p,1730746943.923883
215,r/McKinney,17593,Place,t5_2sblf,1730746943.9827042
216,r/foobar2000,17592,Technology,t5_2smgq,1730746944.0361621
217,r/vine,17592,Technology,t5_2v8ze,1730746944.0891678
218,r/epidemic,17591,World News,t5_2s14l,1730746944.142209
219,r/bakingrecipes,17583,Food and Drink,t5_2v1k5,1730746944.1932411
220,r/GymHotties,17581,Mature Themes and Adult Content,t5_3f0m2,1730746944.2359092
221,r/MonsterHunterNowHub,17581,Gaming,t5_88x8iw,1730746944.274355
222,r/FreebiesUK,17580,Marketplace and Deals,t5_2t0ke,1730746944.3091571
223,r/WaterTreatment,17579,Home and Garden,t5_36wnj,1730746944.342897
224,r/volunteer,17576,Careers,t5_2qzis,1730746944.375542
225,r/fizzmains,17575,Gaming,t5_34mwu,1730746944.411356
226,r/MUN,17574,Learning and Education,t5_2saa5,1730746944.4419851
227,r/PGA_Tour_2K,17573,Gaming,t5_2n9r2t,1730746944.472536
228,r/Actingclass,17572,Learning and Education,t5_n7rr8,1730746944.503814
229,r/reenactors,17571,History,t5_2s7fh,1730746944.5352352
230,r/onlythebestbaddies,17568,Baddie of all kind,t5_a389rs,1730746944.567474
231,r/hikingwithdogs,17567,Animals and Pets,t5_32aid,1730746944.595329
232,r/PokeMedia,17561,Internet Culture and Memes,t5_6dx4mu,1730746944.62194
233,r/wrx_vb,17561,Cars and Motor Vehicles,t5_7r23zp,1730746944.6497018
234,r/Armor,17559,Hobbies,t5_2s7ev,1730746944.6792471
235,r/weightlossafterbaby,17558,Fitness and Nutrition,t5_2vs54,1730746944.707901
236,r/Real_Estate,17556,"Business, Economics, and Finance",t5_2qx53,1730746944.738722
237,r/bikinitalk,17555,Fitness and Nutrition,t5_5y5tiz,1730746944.7702458
238,r/GhostRunner,17552,Gaming,t5_2cjhwc,1730746944.800578
239,r/KoboldLegion,17552,Tabletop Games,t5_v947d,1730746944.830644
240,r/CrucibleSherpa,17549,Gaming,t5_39rgi,1730746944.8590012
241,r/socialjustice101,17546,Activism,t5_2vjn1,1730746944.887836
242,r/Star_Wars_Maps,17544,Tabletop Games,t5_2cd3bk,1730746944.916235
243,r/zuinig,17541,"Business, Economics, and Finance",t5_71g03b,1730746944.943746
244,r/TrixieMattel,17538,Celebrity,t5_3js3u,1730746944.971112
245,r/S21Ultra,17534,Technology,t5_2ye0ed,1730746945.000224
246,r/rat,17529,Animals and Pets,t5_2tayi,1730746945.027742
247,r/Zig,17528,Programming,t5_3cf47,1730746945.0556412
248,r/ThemeParkitect,17527,Gaming,t5_32750,1730746945.082601
249,r/Kyusha,17526,Cars and Motor Vehicles,t5_2d0qkc,1730746945.109907
