,subreddit,subscribers,topic,subreddit_id,scraped_utc
0,r/CrossCountry,17524,Sports,t5_2s7p3,1730746958.153961
1,r/ArtisanBread,17521,Food and Drink,t5_2veua,1730746958.1761012
2,r/papersplease,17518,Gaming,t5_2wh76,1730746958.1974988
3,r/robotwars,17517,Television,t5_2wxsw,1730746958.219279
4,r/Teddybears,17514,Hobbies,t5_2ve9k,1730746958.2387772
5,r/TarotReading,17510,Religion and Spirituality,t5_2v5k3,1730746958.2682219
6,r/CISDidNothingWrong,17506,Internet Culture and Memes,t5_3hyf4,1730746958.2883708
7,r/Tickets,17506,Marketplace and Deals,t5_2qosc,1730746958.307415
8,r/trailmakers,17506,Gaming,t5_3k4as,1730746958.326572
9,r/pchaltv,17500,Podcasts and Streamers,t5_22gqcd,1730746958.3458061
10,r/FormD,17499,Technology,t5_2lrp75,1730746958.417709
11,r/DarkTales,17497,"Reading, Writing, and Literature",t5_2z0wr,1730746958.4368262
12,r/Pain,17497,Medical and Mental Health,t5_2qrht,1730746958.468361
13,r/GossipComrades,17496,Internet Culture and Memes,t5_8dqbx8,1730746958.487374
14,r/ZeriMains,17495,Gaming,t5_5hbju5,1730746958.506398
15,r/CardanoNFTs,17492,Crypto,t5_3z0q5i,1730746958.525603
16,r/VintagePixelArt,17488,Art,t5_owbxd,1730746958.544481
17,r/spidermanps5,17485,Gaming,t5_ni5xn,1730746958.563259
18,r/EyesoftheVoid,17484,Animals and Pets,t5_2kzlv7,1730746958.583092
19,r/PickleFinancial,17483,"Business, Economics, and Finance",t5_5xvplx,1730746958.602068
20,r/forestapp,17482,Technology,t5_3kv8c,1730746958.621274
21,r/DevilFruitIdeas,17481,Anime,t5_3l9i1,1730746958.641097
22,r/Columbo,17477,Television,t5_2twu7,1730746958.661053
23,r/HalloweenHardcore,17472,Art,t5_548gvo,1730746958.679719
24,r/OSDD,17470,Medical and Mental Health,t5_11ajln,1730746958.698561
25,r/THEMONUMENTMYTHOS,17468,Podcasts and Streamers,t5_4qzpq8,1730746958.717429
26,r/girlfriendreviews,17465,Podcasts and Streamers,t5_s68hn,1730746958.7365031
27,r/Riyadh,17463,Place,t5_2sl9w,1730746958.755265
28,r/GyattAss,17460,Mature Themes and Adult Content,t5_btn3zz,1730746958.774403
29,r/Tombofannihilation,17454,Tabletop Games,t5_g704y,1730746958.794037
30,r/chillhop,17453,Music,t5_2w0nz,1730746958.813094
31,r/TheAdventuresofTintin,17450,"Reading, Writing, and Literature",t5_2stct,1730746958.832153
32,r/MLPIOS,17446,Gaming,t5_2vik0,1730746958.8518
33,r/socks,17446,Fashion,t5_2rgmm,1730746958.871665
34,r/ReversedGIFS,17444,Internet Culture and Memes,t5_2y2uj,1730746958.8904982
35,r/QueroAchar,17443,Internet Culture and Memes,t5_690o9f,1730746958.909719
36,r/anhedonia,17440,Medical and Mental Health,t5_2vjtw,1730746958.928468
37,r/beltalowda,17437,Television,t5_ja3e4,1730746958.948523
38,r/evcharging,17436,Cars and Motor Vehicles,t5_vprim,1730746958.967696
39,r/Udyrmains,17436,Gaming,t5_37nma,1730746958.986582
40,r/AirTags,17434,Technology,t5_27eri7,1730746959.005425
41,r/EASportsPGATour,17432,Gaming,t5_46ci43,1730746959.024396
42,r/forzamotorsport,17428,Gaming,t5_2sjpg,1730746959.0432682
43,r/VeganChill,17427,Fitness and Nutrition,t5_3lmvm,1730746959.062049
44,r/philadelphiar4r,17424,Mature Themes and Adult Content,t5_11aylv,1730746959.081022
45,r/corydoras,17413,Animals and Pets,t5_2wgc2,1730746959.099746
46,r/Rogers,17413,Technology,t5_2t1cc,1730746959.118536
47,r/moodeng,17412,Animals and Pets,t5_cfymes,1730746959.137231
48,r/darktower,17410,"Reading, Writing, and Literature",t5_2sbdf,1730746959.155991
49,r/PeacefulSolitude,17410,Outdoors and Nature,t5_cihcez,1730746959.175019
50,r/Celica,17407,Cars and Motor Vehicles,t5_2te55,1730746959.19392
51,r/automotivetraining,17406,Cars and Motor Vehicles,t5_2u78d,1730746959.212904
52,r/TokyoTravel,17406,Travel,t5_5e3ulj,1730746959.2317288
53,r/dawnofwar,17405,Gaming,t5_2s7bq,1730746959.250436
54,r/engaged,17405,Family and Relationships,t5_2ug26,1730746959.270449
55,r/yale,17403,Learning and Education,t5_2roag,1730746959.2898612
56,r/vintagepinup,17401,Mature Themes and Adult Content,t5_38qav,1730746959.308671
57,r/cornhub,17399,Internet Culture and Memes,t5_2uxed,1730746959.327626
58,r/TechCareerShifter,17399,Careers,t5_5ygh52,1730746959.346653
59,r/Coffeezilla_gg,17398,Podcasts and Streamers,t5_2lxrwr,1730746959.365964
60,r/millipedes,17396,Animals and Pets,t5_348ny,1730746959.3853152
61,r/satisfyinggrass,17393,Outdoors and Nature,t5_3mnls,1730746959.4042082
62,r/IvanaAlawi,17390,Celebrity,t5_pzus6,1730746959.422921
63,r/frombloodandash,17384,"Reading, Writing, and Literature",t5_30tus5,1730746959.4418051
64,r/TakeOneStepForward,17382,Discovering new and interesting Easter eggs in the world of Google Street View is as easy as taking one step forward.,t5_2wlo6,1730746959.460675
65,r/VintageNBA,17380,Sports,t5_zjofo,1730746959.4795961
66,r/hulk,17377,Movies,t5_2ty9t,1730746959.498668
67,r/superpower,17375,"Reading, Writing, and Literature",t5_2uxs8,1730746959.517668
68,r/Essay_Assist,17374,Learning and Education,t5_6ph4y1,1730746959.536834
69,r/androidafterlife,17373,Technology,t5_3ejxe,1730746959.555556
70,r/bethesda,17369,Place,t5_2s6f9,1730746959.574294
71,r/lampwork,17367,Crafts and DIY,t5_2saoj,1730746959.593411
72,r/hivaids,17366,Medical and Mental Health,t5_2sabe,1730746959.613555
73,r/MumboJumboYouTube,17363,Podcasts and Streamers,t5_lx0h0,1730746959.632687
74,r/nextlevel,17360,Internet Culture and Memes,t5_2rm5d,1730746959.651725
75,r/TheSandboxGaming,17360,Crypto,t5_2mfaon,1730746959.670464
76,r/RelaxingGifs,17358,Art,t5_2yx80,1730746959.6898649
77,r/upperpeninsula,17355,Place,t5_3c9ie,1730746959.7085152
78,r/CRPG,17353,Gaming,t5_2rxng,1730746959.7275069
79,r/MonclerRep,17353,Fashion,t5_5o8287,1730746959.748482
80,r/PotasticP,17350,Podcasts and Streamers,t5_2j2qdk,1730746959.7704651
81,r/BlackCosplayGirls,17349,Mature Themes and Adult Content,t5_27laes,1730746959.798013
82,r/linkoping,17347,Place,t5_2rewd,1730746959.823416
83,r/SmallBusinessCanada,17342,"Business, Economics, and Finance",t5_3ee7z,1730746959.8466072
84,r/PTSDHumor,17341,Medical and Mental Health,t5_utd4i,1730746959.870701
85,r/TaliyahMains,17337,Gaming,t5_3ee2q,1730746959.8925009
86,r/garden_maintenance,17336,Home and Garden,t5_2zdqy,1730746959.914999
87,r/tylertx,17336,Place,t5_2sccy,1730746959.934839
88,r/meowwolf,17335,Art,t5_3aogs,1730746959.954411
89,r/doppelBangers,17334,Sexual Orientation,t5_u7d68,1730746959.97453
90,r/sehnsuchtpics,17334,Art,t5_38i5w,1730746959.9939861
91,r/CampingAlberta,17328,Outdoors and Nature,t5_3fw0a,1730746960.012633
92,r/BakaNewsJP,17326,World News,t5_37ck3,1730746960.031702
93,r/NarcolepsyGURU,17324,in this community we work togather towards better understanding of narcolepsy,t5_80t2qd,1730746960.068596
94,r/SportyGirls,17323,Mature Themes and Adult Content,t5_2usug,1730746960.1114318
95,r/assettocorsamods,17319,Gaming,t5_38rev,1730746960.1422458
96,r/AirPurifiers,17318,Technology,t5_gyvl7,1730746960.175749
97,r/MonsterTrain,17316,Gaming,t5_2je36r,1730746960.227573
98,r/lastcloudia,17312,Gaming,t5_uc07t,1730746960.2647831
99,r/Shadows_of_Doubt,17311,Gaming,t5_7nyamc,1730746960.305192
100,r/deepfriedsurrealmemes,17308,Internet Culture and Memes,t5_3jqnr,1730746960.350872
101,r/legendofdragoon,17308,Gaming,t5_2u98t,1730746960.3915699
102,r/transcribe,17308,Music,t5_2ti61,1730746960.425847
103,r/SonicTheMovie,17307,Movies,t5_sox6m,1730746960.454593
104,r/HoMM,17306,Gaming,t5_2sm6v,1730746960.481409
105,r/claymore,17304,Anime,t5_2sgnj,1730746960.775079
106,r/dgrayman,17304,Anime,t5_2t5v1,1730746960.801943
107,r/pollgames,17303,Meta/Reddit,t5_2ogh6y,1730746960.823454
108,r/Peripheryband,17301,Music,t5_35hbm,1730746960.8444428
109,r/InsuranceAgent,17300,Careers,t5_3hta4,1730746960.865969
110,r/Vitamix,17300,Food and Drink,t5_2sb9p,1730746960.9019399
111,r/ReviewsDeMerda,17298,Funny/Humor,t5_bnx2tv,1730746960.923509
112,r/AnimeDeals,17296,Anime,t5_2tq2o,1730746960.945573
113,r/AfterEffectsTutorials,17295,Art,t5_3a0af,1730746960.9678562
114,r/yuna,17294,Celebrity,t5_2wnzm,1730746960.990953
115,r/EarthEnthusiasts,17292,Outdoors and Nature,t5_398r4,1730746961.073251
116,r/NBAForums,17292,Gaming,t5_3cm4m,1730746961.0921059
117,r/GracefulAgingSkincare,17285,Beauty and Makeup,t5_835jis,1730746961.123633
118,r/radio,17285,Technology,t5_2qht3,1730746961.147466
119,r/Acceleracers,17284,Movies,t5_2u5q6,1730746961.168062
120,r/SteinsGateMemes,17281,Anime,t5_3nhd8,1730746961.1885598
121,r/MagicalGirls,17275,Anime,t5_2znqa,1730746961.210094
122,r/whitecapsfc,17271,Sports,t5_2s56y,1730746961.231044
123,r/UTK,17267,Learning and Education,t5_2spck,1730746961.249354
124,r/mira004,17263,Celebrity,t5_47zvgc,1730746961.2677279
125,r/SimplePrompts,17259,"Reading, Writing, and Literature",t5_36cvc,1730746961.285824
126,r/FeixiaoMains_,17257,Gaming,t5_auu05e,1730746961.303661
127,r/ZazieBeetzFans,17256,Celebrity,t5_61dv4y,1730746961.321501
128,r/childishgambino,17253,Music,t5_2sogx,1730746961.339288
129,r/Nimiq,17253,Crypto,t5_3lkwk,1730746961.358977
130,r/EckhartTolle,17246,Religion and Spirituality,t5_2uc4y,1730746961.382605
131,r/LeeSinMains,17240,Gaming,t5_3308a,1730746961.403409
132,r/sadmemes,17239,Internet Culture and Memes,t5_3jcvh,1730746961.42358
133,r/ForeverJadeAnna,17237,Celebrity,t5_6o31mr,1730746961.443708
134,r/stbernards,17237,Animals and Pets,t5_2st28,1730746961.4643378
135,r/skulls,17234,Hobbies,t5_2rskz,1730746961.4852831
136,r/elasticsearch,17231,Programming,t5_2wfpz,1730746961.507127
137,r/EcoFriendly,17230,Activism,t5_2r80s,1730746961.532663
138,r/GymThicc,17229,Mature Themes and Adult Content,t5_7v26ga,1730746961.554572
139,r/HarryandMeghanNetflix,17227,Television,t5_7j7mic,1730746961.574126
140,r/300zx,17224,Cars and Motor Vehicles,t5_2sd1q,1730746961.5973508
141,r/gavinandstacey,17224,Television,t5_2znzl,1730746961.62182
142,r/alphaandbetausers,17223,Technology,t5_2znn4,1730746961.644182
143,r/dyeing,17222,Crafts and DIY,t5_37kpq,1730746961.664317
144,r/elderwitches,17222,Hobbies,t5_4osif7,1730746961.684863
145,r/ArkInvestorsClub,17220,"Business, Economics, and Finance",t5_39h9au,1730746961.7093902
146,r/Monkeypox,17219,World News,t5_4kw6tv,1730746961.732592
147,r/teachermemes,17218,Careers,t5_3at4b,1730746961.7526882
148,r/LeopardGecko,17213,Animals and Pets,t5_2vjj8,1730746961.7742379
149,r/aigeneratedmemes,17211,Internet Culture and Memes,t5_2enj22,1730746961.799511
150,r/ScifiBabes,17208,Mature Themes and Adult Content,t5_6dik32,1730746961.824018
151,r/mechwarrior,17207,Gaming,t5_2sr71,1730746961.84957
152,r/opencv,17207,Programming,t5_2sjix,1730746961.876584
153,r/dannyphantom,17201,Television,t5_2uldj,1730746961.904632
154,r/feyenoord,17199,Sports,t5_2uuzc,1730746961.9328902
155,r/TheMorningToastSnark,17198,Podcasts and Streamers,t5_6ltkg6,1730746961.958994
156,r/tricities,17195,Place,t5_2ru2v,1730746961.981138
157,r/breakingnews,17194,World News,t5_2r49i,1730746962.003048
158,r/RandomActsOfTf2,17194,Gaming,t5_2waqb,1730746962.100492
159,r/corpus,17193,Place,t5_2sd2i,1730746962.138596
160,r/ikeacats,17191,Animals and Pets,t5_2gpj6x,1730746962.183171
161,r/DominicFike,17190,Music,t5_qw6u0,1730746962.231175
162,r/SpoiledSurvivor,17190,Television,t5_3elfp,1730746962.273837
163,r/bentonville,17189,Place,t5_2xscc,1730746962.306803
164,r/kindie,17187,Music,t5_2u73a,1730746962.336021
165,r/SheraMemes,17185,Television,t5_2mgj2b,1730746962.3652868
166,r/pbp,17184,Tabletop Games,t5_2w6at,1730746962.3890529
167,r/MysteriousUniverse,17182,Podcasts and Streamers,t5_2ug0b,1730746962.412534
168,r/snowing,17180,Outdoors and Nature,t5_2xdi8,1730746962.4353979
169,r/gdpr,17175,Law,t5_3fw8s,1730746962.457941
170,r/wifi,17173,Technology,t5_2rfxq,1730746962.4779782
171,r/99percentinvisible,17166,Podcasts and Streamers,t5_30784,1730746962.497988
172,r/3DPrintedTerrain,17164,Tabletop Games,t5_25w6g1,1730746962.517059
173,r/aegosexuals,17163,Sexual Orientation,t5_2axhuf,1730746962.536723
174,r/FatFIREUK,17163,"Business, Economics, and Finance",t5_2ajl5k,1730746962.556549
175,r/grafana,17163,Technology,t5_39cr8,1730746962.57633
176,r/fiveguys,17161,Food and Drink,t5_2sucj,1730746962.59616
177,r/artmemes,17159,Art,t5_3ffm5,1730746962.638405
178,r/fijerk,17155,Internet Culture and Memes,t5_37be6,1730746962.656275
179,r/PNWS,17149,Podcasts and Streamers,t5_3ac2i,1730746962.673847
180,r/asiandrama,17148,Television,t5_2sjbe,1730746962.6916769
181,r/roaringkittybackup,17148,"Business, Economics, and Finance",t5_bjbr5l,1730746962.709216
182,r/ScoobyDooMemes,17147,Internet Culture and Memes,t5_3mc69,1730746962.727707
183,r/Amicute,17146,Beauty and Makeup,t5_2ssni,1730746962.746361
184,r/What_JustHappened,17144,Internet Culture and Memes,t5_7b6pe3,1730746962.766942
185,r/DaytonaBeach,17143,Place,t5_2suuu,1730746962.785801
186,r/DWASBPEIF,17137,#1 spot for all content creator cringe.,t5_3ccr0,1730746962.8040729
187,r/sublime,17136,Music,t5_2r7ku,1730746962.821766
188,r/TwoandaHalfMen,17136,Television,t5_2tdss,1730746962.839651
189,r/gingerkitty,17135,Animals and Pets,t5_2yylk,1730746962.860885
190,r/ivernmains,17134,Gaming,t5_3gb2o,1730746962.8808398
191,r/VirtualPhotographers,17130,Gaming,t5_21vqc9,1730746962.900578
192,r/MillenniumDawn,17125,Gaming,t5_3hstx,1730746962.919803
193,r/Charadefensesquad,17124,Gaming,t5_3bptg,1730746962.938924
194,r/crusadersquest,17124,Gaming,t5_351ir,1730746962.9578571
195,r/SuperstarJYPNation,17122,Gaming,t5_3f9g8,1730746962.977173
196,r/celestialbabes,17121,Celebrity,t5_8wy03k,1730746962.9960551
197,r/homecooking,17121,Food and Drink,t5_31sla,1730746963.015866
198,r/ballerleague,17117,Sports,t5_9ucqlw,1730746963.035031
199,r/karensoftiktok,17117,Internet Culture and Memes,t5_9zougk,1730746963.055947
200,r/reacher,17115,Television,t5_5h6itr,1730746963.081436
201,r/ShadowWork,17110,Medical and Mental Health,t5_2ynab,1730746963.103314
202,r/SafelyEndangered,17108,"Reading, Writing, and Literature",t5_z9xli,1730746963.124342
203,r/motorcyclesroadtrip,17102,Cars and Motor Vehicles,t5_374zx,1730746963.1459498
204,r/Psychopass,17101,Anime,t5_2vmgk,1730746963.1663349
205,r/SLGreddit,17099,Podcasts and Streamers,t5_bzfcgb,1730746963.1861188
206,r/ramdass,17097,Religion and Spirituality,t5_2umt7,1730746963.206605
207,r/stonemasonry,17096,Home and Garden,t5_2t841,1730746963.225615
208,r/srbija,17094,Place,t5_2s8dq,1730746963.244765
209,r/Marin,17093,Place,t5_2qkff,1730746963.265196
210,r/trustwalletcommunity,17092,Crypto,t5_48vqi3,1730746963.284058
211,r/WiccaKnowledgeSeekers,17092,Religion and Spirituality,t5_3ev6s,1730746963.302855
212,r/hikikomori,17091,Medical and Mental Health,t5_2r721,1730746963.321676
213,r/americangirl,17090,Hobbies,t5_2w01q,1730746963.340524
214,r/polyamorymemes,17088,Internet Culture and Memes,t5_10te23,1730746963.3625998
215,r/Beans,17087,Internet Culture and Memes,t5_2s36y,1730746963.40813
216,r/DCComicsLegendsGame,17086,Gaming,t5_39bi0,1730746963.4573739
217,r/tuesday,17086,Politics,t5_2r8s0,1730746963.4875379
218,r/sonicshowerthoughts,17080,Internet Culture and Memes,t5_3156i,1730746963.5092769
219,r/SymmetraMains,17080,Gaming,t5_3el72,1730746963.528728
220,r/CookierunKingdom,17077,Gaming,t5_3iimrw,1730746963.5486069
221,r/DesignatedSurvivor,17077,Television,t5_3c1mu,1730746963.570969
222,r/FegToken_Official,17077,Crypto,t5_4cs7r5,1730746963.5942678
223,r/RenaissanceArt,17074,Art,t5_3a8z1,1730746963.615659
224,r/GloriousSunRays,17073,Outdoors and Nature,t5_g85x4,1730746963.676617
225,r/RedDeer,17073,Place,t5_2rscz,1730746963.709404
226,r/HAWKEYE,17070,Television,t5_2sf9k,1730746963.7355268
227,r/persiancat,17070,Animals and Pets,t5_2uqv9,1730746963.75755
228,r/BadNeighbors,17068,Home and Garden,t5_2ucx7,1730746963.778141
229,r/Portsmouth,17068,Place,t5_2sjg1,1730746963.800519
230,r/pixelsorting,17066,Art,t5_2yrid,1730746963.825918
231,r/samplesforall,17064,Music,t5_3cu9k,1730746963.848186
232,r/TheForeverWinter,17060,Gaming,t5_aukwsb,1730746963.872437
233,r/BPDrecovery,17058,Trauma Support,t5_3je4i,1730746963.895488
234,r/Coronaviruslouisiana,17058,Medical and Mental Health,t5_2grk6u,1730746963.9189398
235,r/Triangl,17050,Fashion,t5_38c6h,1730746963.939393
236,r/Halle_Bailey,17049,Celebrity,t5_563gj2,1730746963.960217
237,r/Anglicanism,17047,Religion and Spirituality,t5_2uk8h,1730746963.980072
238,r/RKLB,17045,"Business, Economics, and Finance",t5_41h007,1730746964.0003352
239,r/hawkthorne,17041,Gaming,t5_2u5zi,1730746964.02019
240,r/Chinatown_irl,17040,"Culture, Race, and Ethnicity",t5_2ptssn,1730746964.0394251
241,r/ja,17040,"Culture, Race, and Ethnicity",t5_22i6,1730746964.058475
242,r/BeckyLynch,17037,Sports,t5_348hc,1730746964.077354
243,r/brucelee,17034,Celebrity,t5_2tau6,1730746964.0976908
244,r/hospitalfood,17031,Food and Drink,t5_3oh09,1730746964.1254778
245,r/mazda6,17031,Cars and Motor Vehicles,t5_2stje,1730746964.184602
246,r/RockOfLove,17030,Television,t5_3m73p,1730746964.260288
247,r/sneaker,17028,Fashion,t5_2y6c7,1730746964.2910552
248,r/RomeTotalWar,17026,Gaming,t5_2xkzt,1730746964.316844
249,r/SuperMario,17026,Gaming,t5_2rd63,1730746964.342853
