,subreddit,subscribers,topic,subreddit_id,scraped_utc
0,r/Gunners,416661,Sports,t5_2qhqt,1730745853.802977
1,r/phcareers,415820,Careers,t5_2sbnx0,1730745853.822832
2,r/selfhosted,415427,Technology,t5_32hch,1730745853.8402848
3,r/StarWarsLeaks,415333,Movies,t5_2vflj,1730745853.8578172
4,r/DOG,414829,Animals and Pets,t5_2qiy5,1730745853.875233
5,r/shortcuts,414440,Technology,t5_2s4si,1730745853.900005
6,r/computerscience,414320,Careers,t5_2qj8o,1730745853.917522
7,r/SpidermanPS4,414044,Gaming,t5_3f1fs,1730745853.9350169
8,r/Asmongold,413860,Podcasts and Streamers,t5_2y1rb,1730745853.952416
9,r/HumanForScale,413849,Internet Culture and Memes,t5_3n25d,1730745853.9700449
10,r/Archeology,413454,History,t5_2qoux,1730745854.124885
11,r/CongratsLikeImFive,412945,Internet Culture and Memes,t5_3i2mz,1730745854.142518
12,r/WhatIsThisPainting,412750,Art,t5_327iw,1730745854.171743
13,r/Dreams,412076,Internet Culture and Memes,t5_2qmbx,1730745854.1894279
14,r/AskNYC,411072,Place,t5_2uqch,1730745854.206771
15,r/seriea,411054,Sports,t5_2rzix,1730745854.224075
16,r/AFL,410084,Sports,t5_2qhoy,1730745854.241358
17,r/gay,409645,Sexual Orientation,t5_2qhef,1730745854.2585258
18,r/askphilosophy,408868,Ethics and Philosophy,t5_2sc5r,1730745854.277438
19,r/trailrunning,408206,Fitness and Nutrition,t5_2s3qi,1730745854.295733
20,r/LinusTechTips,408053,Podcasts and Streamers,t5_2v5ru,1730745854.313026
21,r/britishcolumbia,408004,Place,t5_2qnc6,1730745854.3303978
22,r/hardwareswap,407112,Marketplace and Deals,t5_2skrs,1730745854.347764
23,r/uberdrivers,406832,Careers,t5_2yzxz,1730745854.3653781
24,r/gtaglitches,406812,Gaming,t5_2z590,1730745854.3834372
25,r/MasterReturns,406378,Animals and Pets,t5_2xwtp,1730745854.4019
26,r/onlyfansadvice,406294,Mature Themes and Adult Content,t5_2mfwt3,1730745854.421911
27,r/Watchexchange,405565,Marketplace and Deals,t5_2sqne,1730745854.4394271
28,r/Drumkits,405259,Music,t5_30zkv,1730745854.456844
29,r/plants,404395,Home and Garden,t5_2s0zq,1730745854.47633
30,r/instantbarbarians,404043,Internet Culture and Memes,t5_35heo,1730745854.4952111
31,r/Foodforthought,403491,World News,t5_2rete,1730745854.513039
32,r/godtiersuperpowers,402968,Funny/Humor,t5_sowwc,1730745854.530443
33,r/lonely,402613,Medical and Mental Health,t5_2qjny,1730745854.547791
34,r/happycowgifs,402597,Animals and Pets,t5_3bmyi,1730745854.565263
35,r/factorio,402561,Gaming,t5_2wabp,1730745854.5829408
36,r/ImaginaryMonsters,402344,Art,t5_2sbzt,1730745854.602321
37,r/Badfaketexts,402027,Internet Culture and Memes,t5_2wnem,1730745854.6204731
38,r/PokemonTCG,401975,Tabletop Games,t5_2re3s,1730745854.638905
39,r/namenerds,401371,Hobbies,t5_2xmrc,1730745854.6564329
40,r/HomeNetworking,401346,Technology,t5_2s4pd,1730745854.674289
41,r/outrun,401283,Art,t5_2x3fm,1730745854.693883
42,r/ik_ihe,400988,Internet Culture and Memes,t5_39bxv,1730745854.7115169
43,r/TheHandmaidsTale,400611,Television,t5_3fhbh,1730745854.728992
44,r/totallynotrobots,399656,Funny/Humor,t5_38rmh,1730745854.746936
45,r/makeupexchange,399569,Marketplace and Deals,t5_2tijo,1730745854.764517
46,r/Pennsylvania,399531,Place,t5_2qn7a,1730745854.783788
47,r/dvdcollection,399243,Hobbies,t5_2sm9e,1730745854.802324
48,r/Denver,398611,Place,t5_2qn3i,1730745854.819757
49,r/criticalrole,398556,Tabletop Games,t5_385bw,1730745854.8373811
50,r/logodesign,397937,Art,t5_2s4v6,1730745854.856042
51,r/sandiego,397684,Place,t5_2qq2q,1730745854.8739882
52,r/tarot,397228,Religion and Spirituality,t5_2qhu4,1730745854.891617
53,r/Chennai,397059,Place,t5_2qj2l,1730745854.909306
54,r/Roms,396643,Gaming,t5_2sjex,1730745854.926778
55,r/Xiaomi,396397,Technology,t5_2t1l3,1730745854.944318
56,r/Bushcraft,395879,Crafts and DIY,t5_2qnfs,1730745854.9618711
57,r/trashpandas,394701,Animals and Pets,t5_392hj,1730745854.979299
58,r/titanfall,394360,Gaming,t5_2xh0g,1730745854.996779
59,r/geometrydash,394189,Gaming,t5_304br,1730745855.015258
60,r/CryptoCurrencies,393697,Crypto,t5_2ywp2,1730745855.034091
61,r/Bumble,393551,Family and Relationships,t5_3531l,1730745855.0513978
62,r/Thunder,393452,Sports,t5_2s53c,1730745855.068838
63,r/Switch,393263,Gaming,t5_2svh8,1730745855.086061
64,r/synthesizers,393063,Music,t5_2rdyc,1730745855.103565
65,r/OhNoConsequences,392954,Internet Culture and Memes,t5_5syyxh,1730745855.120991
66,r/Alternativerock,392806,Music,t5_2shem,1730745855.138428
67,r/fashionporn,392637,Fashion,t5_2slar,1730745855.155788
68,r/FanFiction,392402,"Reading, Writing, and Literature",t5_2r5kb,1730745855.1729121
69,r/streetphotography,392213,Art,t5_2rpuv,1730745855.190733
70,r/manchester,392130,Place,t5_2qhjj,1730745855.208013
71,r/stevenuniverse,392102,Television,t5_2viyl,1730745855.225285
72,r/weightroom,392000,Fitness and Nutrition,t5_2ssmu,1730745855.242604
73,r/CuratedTumblr,391745,Internet Culture and Memes,t5_3x5kfw,1730745855.259788
74,r/Kombucha,390694,Food and Drink,t5_2qx36,1730745855.277195
75,r/SapphoAndHerFriend,390251,Sexual Orientation,t5_voyv5,1730745855.297346
76,r/OneDirection,390132,Music,t5_2tfc9,1730745855.315134
77,r/PerfectMatchNetflix,390120,Television,t5_7s24cc,1730745855.333529
78,r/Unity3D,389880,Gaming,t5_2qwj8,1730745855.353409
79,r/zillowgonewild,389498,Home and Garden,t5_3mvlju,1730745855.373386
80,r/studentsph,389494,Learning and Education,t5_uypb3,1730745855.392364
81,r/ForzaHorizon,389459,Gaming,t5_2ug54,1730745855.410201
82,r/answers,389351,Learning and Education,t5_2qkeh,1730745855.427487
83,r/heroesofthestorm,389304,Gaming,t5_2ym13,1730745855.444769
84,r/ididnthaveeggs,389286,Food and Drink,t5_2tw81i,1730745855.4629571
85,r/phmoneysaving,388449,"Business, Economics, and Finance",t5_258bh9,1730745855.481258
86,r/chicagobulls,388054,Sports,t5_2s3uz,1730745855.499529
87,r/satisfying,388031,Internet Culture and Memes,t5_2x56v,1730745855.51825
88,r/MobileLegendsGame,387969,Gaming,t5_hfsb5,1730745855.536449
89,r/SupermodelCats,387881,Animals and Pets,t5_3iblf,1730745855.5554612
90,r/pointlesslygendered,387372,Gender,t5_37f5r,1730745855.573958
91,r/tolkienfans,387151,"Reading, Writing, and Literature",t5_2r6jm,1730745855.592551
92,r/MaleFashionMarket,386921,Marketplace and Deals,t5_2xm6s,1730745855.610101
93,r/OTMemes,386568,Internet Culture and Memes,t5_3itr1,1730745855.627601
94,r/washingtondc,386358,Place,t5_2qi2g,1730745855.645178
95,r/whatsthisrock,386284,Science,t5_2w6k5,1730745855.662684
96,r/YAlit,385761,"Reading, Writing, and Literature",t5_2shof,1730745855.680256
97,r/hyderabad,385397,Place,t5_2r749,1730745855.69789
98,r/MagicEye,385348,Art,t5_2s44q,1730745855.7155762
99,r/retrogaming,385030,Gaming,t5_2qk6v,1730745855.733401
100,r/MemeTemplatesOfficial,385029,Internet Culture and Memes,t5_3k0bl,1730745855.751911
101,r/trapproduction,384351,Music,t5_2wdcv,1730745855.771269
102,r/MacOS,383628,Technology,t5_2s2gv,1730745855.789438
103,r/samsung,383225,Technology,t5_2rkar,1730745855.8080618
104,r/AmITheDevil,382964,Funny/Humor,t5_27t6v0,1730745855.826637
105,r/inthenews,382853,World News,t5_2rgzp,1730745855.844415
106,r/DeepRockGalactic,382746,Gaming,t5_3iufz,1730745855.862294
107,r/duolingo,382508,Learning and Education,t5_2t6ze,1730745855.880289
108,r/ISRO,381199,Science,t5_2u3ww,1730745855.8983
109,r/aiArt,381147,Art,t5_3j874,1730745855.9186099
110,r/Plumbing,379894,Home and Garden,t5_2slqb,1730745855.938813
111,r/istanbul,379761,Place,t5_2qmhq,1730745855.9577842
112,r/fixit,379183,Home and Garden,t5_2rf27,1730745855.975936
113,r/NintendoSwitchDeals,379076,Marketplace and Deals,t5_3h4em,1730745855.993694
114,r/blop,378989,Animals and Pets,t5_3097t,1730745856.011826
115,r/forhire,378861,Careers,t5_2qzbh,1730745856.0316281
116,r/IndiaTech,378760,Technology,t5_50xgtt,1730745856.0491421
117,r/SpaceXLounge,378614,Science,t5_3eye9,1730745856.0667078
118,r/florida,378448,Place,t5_2qh7q,1730745856.084264
119,r/lostgeneration,378188,"Culture, Race, and Ethnicity",t5_2r40j,1730745856.1025238
120,r/MTB,378078,Sports,t5_2qo3d,1730745856.122323
121,r/btd6,377663,Gaming,t5_3k11a,1730745856.140073
122,r/TeamfightTactics,377548,Gaming,t5_1136aw,1730745856.158734
123,r/snapchat,377217,Family and Relationships,t5_2uauz,1730745856.178151
124,r/NYYankees,377195,Sports,t5_2rp0g,1730745856.195938
125,r/Needafriend,377145,Family and Relationships,t5_2qtp9,1730745856.214717
126,r/simracing,377094,Gaming,t5_2quee,1730745856.23442
127,r/49ers,376823,Sports,t5_2rebv,1730745856.25238
128,r/StarVStheForcesofEvil,376705,Television,t5_32uti,1730745856.270026
129,r/CatTaps,376596,Animals and Pets,t5_3dae3,1730745856.287615
130,r/sousvide,375840,Food and Drink,t5_2rzyz,1730745856.3055732
131,r/orangecounty,375757,Place,t5_2rd9x,1730745856.325672
132,r/Warhammer,375614,Tabletop Games,t5_2qqd4,1730745856.344909
133,r/UnnecessaryInventions,375432,Internet Culture and Memes,t5_11z6a0,1730745856.3648908
134,r/gatesopencomeonin,375027,Internet Culture and Memes,t5_fb2if,1730745856.3835788
135,r/iamveryrandom,375019,Internet Culture and Memes,t5_3b155,1730745856.402556
136,r/bali,374515,Place,t5_2qsn8,1730745856.4212108
137,r/adhdwomen,374468,Women's Health,t5_31aao,1730745856.439019
138,r/RandomKindness,374156,Marketplace and Deals,t5_2szh3,1730745856.456736
139,r/AirBnB,373072,"Business, Economics, and Finance",t5_2tfa4,1730745856.474405
140,r/Supplements,372993,Fitness and Nutrition,t5_2qhb8,1730745856.491766
141,r/Fishing_Gear,372026,Hobbies,t5_37vfu,1730745856.509446
142,r/twinpeaks,372014,Television,t5_2rodn,1730745856.5292852
143,r/ValueInvesting,371173,"Business, Economics, and Finance",t5_2rndg,1730745856.546868
144,r/GTAGE,370842,Internet Culture and Memes,t5_3gs4k,1730745856.5642219
145,r/MexicanMemes,370474,Internet Culture and Memes,t5_w864s,1730745856.5815182
146,r/WANDAVISION,370375,Television,t5_zlrg5,1730745856.5987682
147,r/Calgary,370275,Place,t5_2qn40,1730745856.6162188
148,r/HomeMaintenance,369847,Home and Garden,t5_2ro53,1730745856.6336482
149,r/KeanuBeingAwesome,369508,Celebrity,t5_axiz7,1730745856.6510458
150,r/Guildwars2,369173,Gaming,t5_2r9po,1730745856.669127
151,r/bigboye,369076,Animals and Pets,t5_3k32c,1730745856.68701
152,r/forwardsfromgrandma,369032,Funny/Humor,t5_2t776,1730745856.704431
153,r/overemployed,368845,Careers,t5_4forqa,1730745856.7224178
154,r/GenZ,368767,Internet Culture and Memes,t5_2tz25,1730745856.741965
155,r/wtfstockphotos,367910,Internet Culture and Memes,t5_2thci,1730745856.761232
156,r/PhotoshopTutorials,367613,Technology,t5_2tiuf,1730745856.7803352
157,r/motogp,367441,Sports,t5_2r7pg,1730745856.7978082
158,r/cryptocurrencymemes,367375,Internet Culture and Memes,t5_3psfm,1730745856.815072
159,r/LMDShow,367300,Podcasts and Streamers,t5_11rkix,1730745856.832295
160,r/MandelaEffect,367296,Internet Culture and Memes,t5_2zejk,1730745856.849612
161,r/Notion,366270,Technology,t5_hds7r,1730745856.866965
162,r/German,365411,Learning and Education,t5_2qq51,1730745856.884354
163,r/croatia,365046,Place,t5_2qyps,1730745856.903136
164,r/emulation,364668,Gaming,t5_2qh6d,1730745856.922336
165,r/HermitCraft,364601,Gaming,t5_2twma,1730745856.941887
166,r/teefies,363826,Animals and Pets,t5_37h6s,1730745856.961117
167,r/DeepThoughts,363665,Ethics and Philosophy,t5_2qwm7,1730745856.9784892
168,r/FreeGameFindings,363487,Gaming,t5_30mv3,1730745856.998641
169,r/nothingeverhappens,363295,Internet Culture and Memes,t5_31tp1,1730745857.017351
170,r/sales,362313,Careers,t5_2qib3,1730745857.0348082
171,r/puppy101,362245,Animals and Pets,t5_2rw7o,1730745857.052279
172,r/paris,362119,Place,t5_2qkoi,1730745857.069862
173,r/Ripple,362024,Crypto,t5_2r9sg,1730745857.087114
174,r/serbia,361991,Place,t5_2ql0k,1730745857.104589
175,r/CHIBears,361641,Sports,t5_2s0u3,1730745857.122689
176,r/tylerthecreator,361583,Music,t5_2vez1,1730745857.142486
177,r/frankfurt,361450,Place,t5_2s8n1,1730745857.1621819
178,r/ubius,361124,Internet Culture and Memes,t5_24tlbv,1730745857.1820412
179,r/LoveLive,360234,Anime,t5_31qlw,1730745857.1999629
180,r/Flipping,359734,Marketplace and Deals,t5_2y9q6,1730745857.21715
181,r/traderjoes,359710,Food and Drink,t5_2sc81,1730745857.2343218
182,r/Humanoidencounters,359294,Internet Culture and Memes,t5_31wuv,1730745857.251588
183,r/SaintSeiya,358988,Anime,t5_2sye6,1730745857.268758
184,r/muglife,358732,Hobbies,t5_2w4zr,1730745857.285951
185,r/runescape,358631,Gaming,t5_2qwxl,1730745857.303233
186,r/PartyParrot,358628,Animals and Pets,t5_3eyx3,1730745857.322539
187,r/RoastMyCar,358596,Cars and Motor Vehicles,t5_3bsmw,1730745857.339778
188,r/Ghoststories,357832,Internet Culture and Memes,t5_2r2a0,1730745857.357179
189,r/FoundPaper,356812,Internet Culture and Memes,t5_31ksb,1730745857.37452
190,r/televisionsuggestions,356002,Television,t5_9unfb,1730745857.3919601
191,r/IndieGaming,355631,Gaming,t5_2r0e3,1730745857.409405
192,r/devops,355444,Programming,t5_2rzmn,1730745857.426666
193,r/MakeUpAddictionUK,354958,Beauty and Makeup,t5_319vn,1730745857.444372
194,r/networking,354802,Technology,t5_2qkaf,1730745857.461632
195,r/radiohead,354594,Music,t5_2r3p6,1730745857.4789498
196,r/Netherlands,354421,Place,t5_2r0ol,1730745857.49632
197,r/whatismycookiecutter,354384,Food and Drink,t5_7j5zwe,1730745857.513684
198,r/Incorgnito,353863,Animals and Pets,t5_3o2iq,1730745857.5310552
199,r/DnDGreentext,353450,Tabletop Games,t5_3128p,1730745857.548435
200,r/acturnips,353437,Gaming,t5_2vpf3,1730745857.565505
201,r/OverwatchUniversity,353347,Gaming,t5_3ejpe,1730745857.5839622
202,r/PizzaCrimes,352959,Funny/Humor,t5_to643,1730745857.6015859
203,r/bindingofisaac,352774,Gaming,t5_2sxpk,1730745857.6188211
204,r/Spanish,352163,Learning and Education,t5_2qtt1,1730745857.636116
205,r/leafs,352141,Sports,t5_2r8hf,1730745857.6534002
206,r/learnmath,351703,Learning and Education,t5_2rdi4,1730745857.6706681
207,r/programminghorror,351607,Programming,t5_2tq3t,1730745857.688213
208,r/bi_irl,351401,Funny/Humor,t5_3nhfo,1730745857.705567
209,r/classiccars,351393,Cars and Motor Vehicles,t5_2t1di,1730745857.722943
210,r/Aww_Espanol,349952,Animals and Pets,t5_4ltwx4,1730745857.740056
211,r/flyfishing,349767,Hobbies,t5_2qoeg,1730745857.757303
212,r/DragonballLegends,349328,Gaming,t5_h1zup,1730745857.774497
213,r/guitarlessons,348940,Music,t5_2r8ca,1730745857.791632
214,r/NewParents,348330,Family and Relationships,t5_2snqi,1730745857.808976
215,r/pinoygamer,348314,Gaming,t5_kjwxn,1730745857.826099
216,r/tipofmyjoystick,347653,Gaming,t5_2vkzr,1730745857.843454
217,r/kindle,347377,"Reading, Writing, and Literature",t5_2qudz,1730745857.860627
218,r/slavelabour,347285,Marketplace and Deals,t5_2w1an,1730745857.878125
219,r/EliteDangerous,347171,Gaming,t5_2vi60,1730745857.895948
220,r/splatoon,346981,Gaming,t5_324q4,1730745857.913388
221,r/puppies,346796,Animals and Pets,t5_2qm5g,1730745857.930709
222,r/dontstarve,346626,Gaming,t5_2v1jr,1730745857.94808
223,r/alberta,346600,Place,t5_2qxon,1730745857.9653518
224,r/java,346383,Programming,t5_2qhd7,1730745857.982649
225,r/Competitiveoverwatch,346113,Gaming,t5_34fcy,1730745858.000115
226,r/F1Technical,345682,Cars and Motor Vehicles,t5_2ugxa,1730745858.019302
227,r/PlantedTank,345583,Hobbies,t5_2szbf,1730745858.0378041
228,r/dontflinch,345533,Internet Culture and Memes,t5_320u5,1730745858.057177
229,r/law,345409,Law,t5_2qh9k,1730745858.0764558
230,r/linguistics,344153,Learning and Education,t5_2qhos,1730745858.094201
231,r/Paintings,343820,Art,t5_2qyxo,1730745858.1116412
232,r/wowthissubexists,343761,Meta/Reddit,t5_2y9sy,1730745858.129225
233,r/SubwayCreatures,343241,Internet Culture and Memes,t5_ljj82,1730745858.146572
234,r/SatisfactoryGame,343188,Gaming,t5_gs464,1730745858.164591
235,r/greebles,343120,Animals and Pets,t5_27a6cd,1730745858.182764
236,r/sololeveling,343086,Anime,t5_r7x8p,1730745858.200495
237,r/hardcoreaww,342692,Animals and Pets,t5_2uhb6,1730745858.217925
238,r/homeassistant,342688,Technology,t5_3bekp,1730745858.2356648
239,r/osugame,342239,Gaming,t5_2s3lm,1730745858.252933
240,r/Portland,342224,Place,t5_2qi2i,1730745858.270533
241,r/indiansports,341875,Sports,t5_2uzik,1730745858.287852
242,r/danganronpa,341766,Anime,t5_2wcd0,1730745858.305063
243,r/Crunchyroll,341639,Anime,t5_2sgc7,1730745858.322349
244,r/SeattleWA,341183,Place,t5_2vbli,1730745858.3396301
245,r/videogames,340670,Gaming,t5_2qhzy,1730745858.356975
246,r/PetTheDamnDog,340361,Animals and Pets,t5_fbrwd,1730745858.374113
247,r/minecraftseeds,340171,Gaming,t5_2sc8m,1730745858.391669
248,r/MushroomGrowers,339998,Mature Themes and Adult Content,t5_37713,1730745858.409021
249,r/RomanceBooks,339896,"Reading, Writing, and Literature",t5_2sxjx,1730745858.426285
