,subreddit,subscribers,topic,subreddit_id,scraped_utc
0,r/PasswordManagers,14956,Technology,t5_3461c,1730747076.504464
1,r/firealarms,14955,Careers,t5_2w2hx,1730747076.52578
2,r/stop_motion,14955,Art,t5_2sol2,1730747076.545454
3,r/AddamsFamily,14953,Television,t5_33njg,1730747076.5645912
4,r/diytubes,14951,Crafts and DIY,t5_3ebxj,1730747076.585692
5,r/Earth199999,14951,Movies,t5_39ckb,1730747076.6191008
6,r/workplace_bullying,14950,Careers,t5_23xisu,1730747076.63884
7,r/RecordThisForFree,14949,Marketplace and Deals,t5_3fao5,1730747076.6580758
8,r/PVZmemes,14948,Gaming,t5_qt0km,1730747076.677087
9,r/Cyclopswasright,14946,"Reading, Writing, and Literature",t5_32u55,1730747076.695991
10,r/hacks,14944,Crafts and DIY,t5_2qhky,1730747076.764456
11,r/AtarashiiGakko,14943,Music,t5_3i65fy,1730747076.783254
12,r/DubFrostSnark,14943,Celebrity,t5_6j7oxq,1730747076.818495
13,r/DCULeaks,14941,Movies,t5_79qj3y,1730747076.837377
14,r/drivingsg,14939,Cars and Motor Vehicles,t5_66pfae,1730747076.856152
15,r/unionsolidarity,14939,Activism,t5_5r8iqm,1730747076.8749352
16,r/gofundme4everyone,14937,"Business, Economics, and Finance",t5_6jrnge,1730747076.894787
17,r/HeroesofNewerth,14934,Gaming,t5_2r497,1730747076.914627
18,r/Immunology,14931,Science,t5_2qlnp,1730747076.933936
19,r/HitchHikersGuide,14930,"Reading, Writing, and Literature",t5_2vgdb,1730747076.95396
20,r/AsianBeautyAdvice,14928,Beauty and Makeup,t5_3kgjf,1730747076.973006
21,r/publicdefenders,14928,Law,t5_2vfk1,1730747076.991741
22,r/RWBYcritics,14927,Anime,t5_wuw08,1730747077.010488
23,r/animeexpo,14926,Anime,t5_30jab,1730747077.029622
24,r/sjr4r,14925,Mature Themes and Adult Content,t5_2wih4,1730747077.048404
25,r/FarCry5,14924,Gaming,t5_4x0vhs,1730747077.067307
26,r/HPMagicAwakened,14923,Gaming,t5_pegl7,1730747077.08687
27,r/expectedcommunism,14922,Internet Culture and Memes,t5_s9c5y,1730747077.105645
28,r/DanmachiMemoriaFreese,14921,Gaming,t5_hi3q8,1730747077.1250958
29,r/ReefDeFi,14921,Crypto,t5_2zwx0t,1730747077.144465
30,r/apachespark,14919,Programming,t5_32fy8,1730747077.163896
31,r/Blackpink_Hotties,14917,Music,t5_ajfu05,1730747077.1843781
32,r/10yearsatleast,14915,Anime,t5_5t8kon,1730747077.2031841
33,r/LuigisMansion,14915,Gaming,t5_2ua4k,1730747077.221944
34,r/hindumemes,14914,Ethics and Philosophy,t5_292bvv,1730747077.24083
35,r/Oppo,14913,Technology,t5_2w5wo,1730747077.259777
36,r/CypherMains,14912,Gaming,t5_2grt4n,1730747077.2788649
37,r/techjobs,14912,Careers,t5_2repw,1730747077.2979221
38,r/InsulinResistance,14911,Medical and Mental Health,t5_2xirgz,1730747077.3168252
39,r/ColorizedStatues,14910,Art,t5_p5gya,1730747077.3356092
40,r/ausenviro,14901,Activism,t5_2sw20,1730747077.354293
41,r/HotWheelsTr,14901,Hobbies,t5_4y763m,1730747077.3729012
42,r/knittinghelp,14901,Crafts and DIY,t5_6t9xoo,1730747077.391677
43,r/parkrun,14899,Sports,t5_2syir,1730747077.4103239
44,r/SWN,14898,Tabletop Games,t5_34j2j,1730747077.429396
45,r/UHRSwork,14898,Careers,t5_32r36,1730747077.4482
46,r/CelebrityDresses,14897,Celebrity,t5_7nmcfk,1730747077.466769
47,r/Frugal_Ind,14897,"Business, Economics, and Finance",t5_bwuq7a,1730747077.485557
48,r/blockbustervideo,14896,History,t5_3gcjb,1730747077.5042582
49,r/Annapolis,14895,Place,t5_2qyl5,1730747077.523157
50,r/Scriptable,14895,Technology,t5_ntiup,1730747077.54192
51,r/uichicago,14895,Learning and Education,t5_2shzc,1730747077.560558
52,r/NatureofPredators,14893,"Reading, Writing, and Literature",t5_6sz7xl,1730747077.579125
53,r/TTSWarhammer40k,14892,Tabletop Games,t5_374a9,1730747077.5979168
54,r/TwoDots,14892,Gaming,t5_322gx,1730747077.616885
55,r/accountsharing,14891,Marketplace and Deals,t5_2wkbl,1730747077.6363468
56,r/storyandstyle,14890,"Reading, Writing, and Literature",t5_i5d0u,1730747077.6571698
57,r/StellarisOnConsole,14889,Gaming,t5_wxdds,1730747077.6760042
58,r/AndrewGosden,14887,Law,t5_jpdnh,1730747077.695596
59,r/TheKonsey,14885,Internet Culture and Memes,t5_82lwu5,1730747077.714908
60,r/WhatIfMarvel,14885,Television,t5_25j23m,1730747077.733702
61,r/MarvelCrisisProtocol,14884,Tabletop Games,t5_22d08i,1730747077.752426
62,r/RunescapeBotting,14884,Gaming,t5_2sh8s,1730747077.771455
63,r/WAGuns,14882,Mature Themes and Adult Content,t5_354m3,1730747077.790167
64,r/avowed,14881,Gaming,t5_2wdfei,1730747077.8088572
65,r/PiracyArchive,14877,Technology,t5_8lqm7e,1730747077.827592
66,r/ComfortLevelPod,14876,Podcasts and Streamers,t5_7l71ng,1730747077.846418
67,r/Marvel_Movies,14876,Movies,t5_39fjj,1730747077.8651059
68,r/Magium,14873,Tabletop Games,t5_3b4q4,1730747077.883849
69,r/ConanGray,14871,Celebrity,t5_hbx7v,1730747077.902836
70,r/estimation,14869,Science,t5_2uh0h,1730747077.921587
71,r/Anne,14868,Television,t5_2qla7,1730747077.940257
72,r/DNDNL,14868,Tabletop Games,t5_3ceu7,1730747077.958861
73,r/ATAK,14866,Technology,t5_115m5h,1730747077.9775019
74,r/boywithuke,14866,Music,t5_4c9z7h,1730747077.9963908
75,r/InteractiveCYOA,14866,Tabletop Games,t5_42cdy5,1730747078.0150988
76,r/BobsBurgersCreations,14865,Food and Drink,t5_3hsp1,1730747078.033772
77,r/EgyptianFreelancers,14861,Careers,t5_ahusr8,1730747078.0524201
78,r/CricketWireless,14857,Technology,t5_31v5m,1730747078.070942
79,r/Diverticulitis,14855,Medical and Mental Health,t5_309ql,1730747078.089638
80,r/relatable_memes_,14853,Internet Culture and Memes,t5_z7k7t,1730747078.109313
81,r/Progressbar95,14851,Gaming,t5_28ti9x,1730747078.1281338
82,r/SFWGoneMild,14847,Mature Themes and Adult Content,t5_8iy6eu,1730747078.147539
83,r/Ender3S1,14845,Technology,t5_5fbfn5,1730747078.16665
84,r/AniMixPlay,14842,Movies,t5_2va3tb,1730747078.185782
85,r/APUSH,14842,Learning and Education,t5_2swvs,1730747078.204938
86,r/DrakeandJosh,14842,Television,t5_2u868,1730747078.224413
87,r/HivemindTV,14842,Podcasts and Streamers,t5_3aj6ex,1730747078.243596
88,r/ps4piracy,14841,Gaming,t5_3g43q,1730747078.263328
89,r/datingadvice,14840,Family and Relationships,t5_2qst1,1730747078.282073
90,r/taskfailsuccessfully,14839,Internet Culture and Memes,t5_22vzpo,1730747078.301839
91,r/MusicProductionTuts,14836,Music,t5_2x92g,1730747078.320878
92,r/BinanceSmartChain,14832,Crypto,t5_33yq30,1730747078.34093
93,r/GushingOverMagicGirls,14831,Anime,t5_74hqh0,1730747078.3602402
94,r/pokimaneEverything,14828,"Everything to do for pokimane, No Deep Fakes, No Discord Links, other links not aloud also.",t5_ayb84h,1730747078.380219
95,r/AliveNamedCats,14827,Animals and Pets,t5_5frzii,1730747078.3988118
96,r/polyphasic,14827,Medical and Mental Health,t5_2qlwv,1730747078.417424
97,r/GBA4iOS,14826,Gaming,t5_302pi,1730747078.436467
98,r/MazdaCX30,14826,Cars and Motor Vehicles,t5_22nvfp,1730747078.455141
99,r/GameArt,14825,Art,t5_2sk9b,1730747078.474408
100,r/TheBigPicture,14824,Movies,t5_5a8gye,1730747078.493404
101,r/vegancheesemaking,14824,Food and Drink,t5_3pjww,1730747078.513182
102,r/BidenIsNotMyPresident,14822,Politics,t5_3nf1h9,1730747078.5333061
103,r/woodworkingtools,14822,Crafts and DIY,t5_362md,1730747078.55346
104,r/grief,14819,Trauma Support,t5_2s369,1730747078.572279
105,r/starfox,14818,Gaming,t5_2stwp,1730747078.593361
106,r/pga2k23,14817,Gaming,t5_6azzw1,1730747078.858052
107,r/characterdesigns,14814,Art,t5_2yrc8,1730747078.8797948
108,r/catradora,14812,Television,t5_rkhxo,1730747078.898582
109,r/ChicagoFireNBC,14812,Television,t5_2usdz,1730747078.917699
110,r/wabbajack,14810,Gaming,t5_2thow,1730747078.9366772
111,r/P365xl,14808,Mature Themes and Adult Content,t5_2iq45v,1730747078.965193
112,r/theregulationpod,14807,Podcasts and Streamers,t5_b0e0ah,1730747078.98459
113,r/FactorioBlueprints,14806,Gaming,t5_3keg7,1730747079.00494
114,r/MementoUnusAnnus,14805,Internet Culture and Memes,t5_3dw6sr,1730747079.024519
115,r/Gloucestershire,14804,Place,t5_2t39a,1730747079.044449
116,r/Epiphone,14803,Music,t5_2xe6g,1730747079.1300638
117,r/iPhone13Mini,14799,Technology,t5_36wgwm,1730747079.150408
118,r/AutoGPT,14795,Technology,t5_85qwwe,1730747079.177706
119,r/Clarksville,14795,Place,t5_2s5xv,1730747079.197113
120,r/KetoDining,14793,Food and Drink,t5_2v8pd,1730747079.2162619
121,r/QuantifiedSelf,14786,Science,t5_2sivw,1730747079.237011
122,r/CarolNotKaren,14782,"• a subreddit to appreciate ""Carols"", Not ""Karens"".",t5_4pmv73,1730747079.259438
123,r/galaxyphotography,14781,Art,t5_37y5p,1730747079.280169
124,r/candycrush,14780,Gaming,t5_2wv1o,1730747079.3017159
125,r/pencilmusic,14779,Tunes made by putting pencil to paper. I felt compelled to create this sub after seeing this [post](https://www.reddit.com/r/StarWars/comments/7pkjqr/it_started_with_x4_and_i_couldnt_unhear_it/?utm_source=reddit-android),t5_ax2az,1730747079.3221881
126,r/bootcamp,14778,Technology,t5_2t55n,1730747079.3426602
127,r/MosquitoHating,14778,Internet Culture and Memes,t5_m3qch,1730747079.363018
128,r/WatchExchangeFeedback,14778,Marketplace and Deals,t5_3a6ys,1730747079.3832488
129,r/BlackMetalCringe,14777,Internet Culture and Memes,t5_7ryymg,1730747079.404171
130,r/happyvalley,14775,Television,t5_2uuit,1730747079.425098
131,r/Rural_Internet,14771,Technology,t5_3h7k3,1730747079.445555
132,r/dndcommissions,14767,Tabletop Games,t5_qi1g2,1730747079.466285
133,r/UkraineWarRoom,14766,Military,t5_602o3f,1730747079.487031
134,r/lilvinicinho,14765,Podcasts and Streamers,t5_5khuml,1730747079.5069351
135,r/iPhone13ProMax,14764,Technology,t5_2eodkd,1730747079.52703
136,r/RHOP,14763,Television,t5_2it601,1730747079.5641549
137,r/TWRP,14763,Music,t5_3csz9,1730747079.584426
138,r/Whatisthisplane,14762,Hobbies,t5_zqoj7,1730747079.6042602
139,r/Katanas,14760,Mature Themes and Adult Content,t5_2vp2o,1730747079.6248
140,r/ratemysinging,14759,Music,t5_4biks,1730747079.645235
141,r/2XKO,14755,Gaming,t5_7sr7q4,1730747079.666049
142,r/rachelweaversnark,14754,Celebrity,t5_7rhbz4,1730747079.686796
143,r/TheMakingOf,14754,Movies,t5_2s71g,1730747079.707318
144,r/SarahSilverman,14753,Celebrity,t5_2vl8t,1730747079.7279649
145,r/theplanetcrafter,14753,Gaming,t5_4qoj4j,1730747079.748411
146,r/StreetOutlaws,14749,Television,t5_32yg4,1730747079.768867
147,r/PaladinsAcademy,14747,Gaming,t5_3mlrr,1730747079.789488
148,r/CasualMTG,14746,Tabletop Games,t5_2uo3g,1730747079.8097348
149,r/EliteOne,14745,Gaming,t5_38pmu,1730747079.828919
150,r/Sonographers,14744,Careers,t5_vfwvq,1730747079.850088
151,r/taylorfrankiepaul,14744,Celebrity,t5_6f13c6,1730747079.870431
152,r/abriebaby18,14743,Mature Themes and Adult Content,t5_4lhzao,1730747079.891098
153,r/Cursed,14742,Internet Culture and Memes,t5_32rg6,1730747079.909673
154,r/lazarbeamsubmissions,14739,Podcasts and Streamers,t5_3pdi0,1730747079.930443
155,r/JonasBrothers,14738,Music,t5_2sjbu,1730747079.9503949
156,r/StarfieldAlliance,14738,Gaming,t5_2wzkyd,1730747079.970092
157,r/ToothpasteBoys,14738,Art,t5_srqiu,1730747079.989383
158,r/WKHS,14735,"Business, Economics, and Finance",t5_2fohre,1730747080.008289
159,r/ChumbaCasino,14732,Mature Themes and Adult Content,t5_3ns26k,1730747080.027616
160,r/insaneparentsmemes,14730,Internet Culture and Memes,t5_24c834,1730747080.046562
161,r/EducativeVideos,14726,Learning and Education,t5_2y57g,1730747080.0651488
162,r/PCOSRECIPES,14726,Women's Health,t5_34e94,1730747080.084037
163,r/HCMC,14725,"Business, Economics, and Finance",t5_35e2i,1730747080.103082
164,r/SoloStove,14725,Outdoors and Nature,t5_2q5mui,1730747080.12222
165,r/WatchItForThePlo60fps,14725,Mature Themes and Adult Content,t5_8krqmg,1730747080.1418722
166,r/datascienceproject,14724,Science,t5_23jxjr,1730747080.16114
167,r/PlantParenthood,14723,Home and Garden,t5_11mmnu,1730747080.1815429
168,r/Dororo,14721,Anime,t5_l3ynv,1730747080.200495
169,r/miniaussie,14721,Animals and Pets,t5_2u6s5,1730747080.2192278
170,r/BlockedByJax,14719,Celebrity,t5_6t68g7,1730747080.2384
171,r/ArmoredWarfare,14717,Gaming,t5_310l5,1730747080.258239
172,r/nofx,14715,Music,t5_2snoa,1730747080.277664
173,r/Descenders,14714,Gaming,t5_3n4nr,1730747080.297636
174,r/postpartumprogress,14714,Women's Health,t5_3bkgt,1730747080.3170938
175,r/SundayMainsHSR,14714,Gaming,t5_9el9gx,1730747080.3371131
176,r/PhilosophyofMath,14713,Science,t5_2stg2,1730747080.356698
177,r/shmups,14713,Gaming,t5_2r4cd,1730747080.377012
178,r/GalaxyS20FE,14711,Technology,t5_35ydlj,1730747080.397161
179,r/compoundedtirzepatide,14710,Medical and Mental Health,t5_a0npvh,1730747080.4168131
180,r/RedditDads,14708,Gaming,t5_2yul2,1730747080.437008
181,r/campinas,14707,Place,t5_2t3o6,1730747080.458551
182,r/SarahShahi,14702,Celebrity,t5_2v4dv,1730747080.480768
183,r/PokemonGoRaidInvites,14701,Gaming,t5_2vb0vi,1730747080.503256
184,r/FCCincinnati,14699,Sports,t5_3994g,1730747080.5260859
185,r/AnimalsBeingSmart,14696,Animals and Pets,t5_2wkue,1730747080.550245
186,r/bell,14694,Technology,t5_2tm1s,1730747080.573195
187,r/flatbushzombies,14690,Music,t5_2vhq8,1730747080.595666
188,r/HondaOdyssey,14690,Cars and Motor Vehicles,t5_3ilug,1730747080.6170611
189,r/StockTradingIdeas,14690,"Business, Economics, and Finance",t5_76pr26,1730747080.637384
190,r/roughcollies,14688,Animals and Pets,t5_2tl6v,1730747080.657611
191,r/nzgardening,14683,Home and Garden,t5_3aniq,1730747080.678394
192,r/Tribes,14683,Gaming,t5_2rdsl,1730747080.698692
193,r/Heilung,14681,Music,t5_9klgj,1730747080.718434
194,r/happiness,14680,Ethics and Philosophy,t5_2qm71,1730747080.738708
195,r/Coconaad,14679,Place,t5_awcegx,1730747080.7586
196,r/nodered,14679,Programming,t5_32q7z,1730747080.77844
197,r/BNGO,14677,"Business, Economics, and Finance",t5_3n7stm,1730747080.798623
198,r/worldflipper,14677,Gaming,t5_28r1fe,1730747080.818262
199,r/CopyCatRecipes,14676,Food and Drink,t5_2rwuq,1730747080.838333
200,r/mutt,14676,Animals and Pets,t5_2sknb,1730747080.857889
201,r/BeachBodyWorkouts,14674,Fitness and Nutrition,t5_3edhy,1730747080.877933
202,r/letstradepedals,14665,Music,t5_39hvx,1730747080.898103
203,r/ImaginaryMutants,14664,Art,t5_32aq1,1730747080.919011
204,r/MiniMetro,14664,Gaming,t5_30pcy,1730747080.939004
205,r/mwo,14663,Gaming,t5_2t1w0,1730747080.959968
206,r/draw,14662,Art,t5_2rf0j,1730747080.9806342
207,r/SteamPlay,14659,Gaming,t5_nj134,1730747081.0009549
208,r/mikaylamdemaiter,14652,Celebrity,t5_8zf37d,1730747081.021129
209,r/ReptilianClubBoyz,14652,Music,t5_17lcue,1730747081.041547
210,r/wordplay,14652,"Reading, Writing, and Literature",t5_2qinz,1730747081.063126
211,r/BIRDTEAMS,14651,Sports,t5_2vc6z,1730747081.083633
212,r/discordroleplay,14651,Mature Themes and Adult Content,t5_3lo5l,1730747081.103832
213,r/wicked,14651,Music,t5_2rdf5,1730747081.124212
214,r/CollegeFootball25,14649,Gaming,t5_atsdoo,1730747081.145238
215,r/octolism,14649,Gaming,t5_39tbd,1730747081.166272
216,r/libertadores,14648,Sports,t5_3j8n2,1730747081.185533
217,r/CriterionChannel,14647,Movies,t5_rkdh7,1730747081.205755
218,r/StreamersCheating,14647,Gaming,t5_397jph,1730747081.225
219,r/Maltipoo,14646,Animals and Pets,t5_36mis,1730747081.244761
220,r/selfpublishing,14645,"Business, Economics, and Finance",t5_2sr55,1730747081.2634969
221,r/VivillonCollectors,14641,Gaming,t5_7l95yp,1730747081.2823858
222,r/AcrossTheSpider_Verse,14640,Movies,t5_5hal9b,1730747081.301415
223,r/BoxerDogs,14638,Animals and Pets,t5_3jobz,1730747081.322699
224,r/coybig,14636,Sports,t5_3fqr1,1730747081.3430452
225,r/KremersFroon,14634,Law,t5_26a5my,1730747081.3637812
226,r/AdultMeme,14631,Internet Culture and Memes,t5_244mty,1730747081.38341
227,r/Gunlance,14631,Gaming,t5_12qb23,1730747081.40323
228,r/CommercialPrinting,14630,Technology,t5_2vg80,1730747081.422709
229,r/FBI,14629,Careers,t5_2shit,1730747081.4424489
230,r/pacmanfrog,14629,Animals and Pets,t5_3l5j5,1730747081.460307
231,r/iosdev,14627,Programming,t5_2s57z,1730747081.477961
232,r/malayalam,14626,Learning and Education,t5_2qmj8,1730747081.4964411
233,r/magictricksrevealed,14625,Hobbies,t5_32bw3,1730747081.5154939
234,r/insane,14624,Internet Culture and Memes,t5_2qmh9,1730747081.534376
235,r/TPLink_Omada,14624,Technology,t5_45ae4t,1730747081.5546188
236,r/XXS,14621,Fashion,t5_2zikg,1730747081.5733151
237,r/swatch,14620,Hobbies,t5_2wg9e,1730747081.591988
238,r/TheGreatHulu,14620,Television,t5_zc0ne,1730747081.61065
239,r/Allotment,14619,Home and Garden,t5_2r04z,1730747081.6297212
240,r/DuskNetwork,14619,Crypto,t5_kuc2f,1730747081.649011
241,r/bicla,14617,Outdoors and Nature,t5_31nir,1730747081.6674979
242,r/Quest2,14616,Technology,t5_34hzv9,1730747081.685875
243,r/CasualMath,14615,Learning and Education,t5_2rvax,1730747081.704062
244,r/lafayette,14614,Place,t5_2s96k,1730747081.7217228
245,r/LifeisStrange2,14613,Gaming,t5_3bw37,1730747081.7393122
246,r/ClimbingPartners,14612,Sports,t5_2sbho,1730747081.75684
247,r/JavaProjectHelpForPay,14611,"Welcome to JavaProjectHelpForPay. Pay verified developers to handle all your java projects and tasks. We handle all Java editions tasks. Java Standard Edition (Java SE), Java Enterprise Edition (Java EE), Java Micro Edition (Java ME), and JavaFX.",t5_apjni1,1730747081.774345
248,r/zyramains,14609,Gaming,t5_35la7,1730747081.791955
249,r/unexpectedute,14608,Cars and Motor Vehicles,t5_29f3ts,1730747081.809673
