,subreddit,subscribers,topic,subreddit_id,scraped_utc
0,r/ProductHunters,13277,Technology,t5_3ego4,1730747176.9490151
1,r/DaniAustin,13274,Celebrity,t5_4rlbp4,1730747176.976019
2,r/centerleftpolitics,13273,Politics,t5_3oilk,1730747176.999323
3,r/ferret,13273,Animals and Pets,t5_2qwwb,1730747177.0249789
4,r/tamiya,13272,Hobbies,t5_2s03s,1730747177.0534148
5,r/percussion,13271,Music,t5_2rejv,1730747177.092005
6,r/NonCredibleOffense,13270,Internet Culture and Memes,t5_5os6zt,1730747177.119165
7,r/TheRestIsPolitics,13270,Politics,t5_6lhl5j,1730747177.152431
8,r/cscareers,13269,Careers,t5_3bg15,1730747177.184407
9,r/millwrights,13269,Careers,t5_32q36,1730747177.2170281
10,r/professionalwrestling,13269,Sports,t5_2sfco,1730747177.331496
11,r/lucario,13268,Gaming,t5_3025g,1730747177.372874
12,r/SpaceDandy,13267,Anime,t5_2ydkm,1730747177.43654
13,r/FullBucket,13266,Welcome to FullBucket,t5_kf4na,1730747177.4870121
14,r/TheNaughtyDungeon,13266,Mature Themes and Adult Content,t5_763gjg,1730747177.583864
15,r/plantmemes,13265,Home and Garden,t5_3ej1r,1730747177.640547
16,r/TopMemesUsers,13265,Internet Culture and Memes,t5_2jflm0,1730747177.682245
17,r/ForzaOpenTunes,13264,Gaming,t5_5ckh50,1730747177.72159
18,r/lesbiangang,13264,Sexual Orientation,t5_3mwc7q,1730747177.759477
19,r/Midessa,13264,Place,t5_2she3,1730747177.7931268
20,r/PaytonRamolla,13264,Celebrity,t5_3ifc84,1730747177.829854
21,r/Biophysics,13263,Science,t5_2sgzp,1730747177.861002
22,r/ViewAskewniverse,13263,Celebrity,t5_2szu7,1730747177.8932512
23,r/badpsychology,13259,Science,t5_2yukq,1730747177.920444
24,r/ChurchOfEmma,13257,Celebrity,t5_3mnen,1730747177.9487932
25,r/katamari,13257,Gaming,t5_2rzxa,1730747177.975927
26,r/lustiwood,13257,Mature Themes and Adult Content,t5_adqryj,1730747178.0036569
27,r/blowback,13256,Podcasts and Streamers,t5_42sxzt,1730747178.030412
28,r/deadliestcatch,13256,Television,t5_2sj2t,1730747178.05718
29,r/TyrannyGame,13256,Gaming,t5_3d622,1730747178.0856361
30,r/wildermyth,13253,Gaming,t5_lynia,1730747178.1145432
31,r/WaltenFiles,13252,Podcasts and Streamers,t5_2ryw3u,1730747178.1427321
32,r/FayettevilleAr,13251,Place,t5_2yyv2,1730747178.1721869
33,r/AmITheKaren,13248,Ethics and Philosophy,t5_11umuf,1730747178.202645
34,r/programmer,13248,Programming,t5_2qnoo,1730747178.232615
35,r/WilmingtonDE,13247,Place,t5_2s2p4,1730747178.262868
36,r/AandachtsMevrouwen,13246,Mature Themes and Adult Content,t5_2pjh20,1730747178.2939048
37,r/SportingKC,13246,Sports,t5_2secp,1730747178.3289511
38,r/JazzCupAesthetics,13243,Art,t5_3juq8,1730747178.3656828
39,r/MRE,13243,Food and Drink,t5_2qsta,1730747178.4007092
40,r/redditores,13243,Meta/Reddit,t5_2rxnt,1730747178.4352498
41,r/marblehornets,13239,Television,t5_2s77o,1730747178.469773
42,r/moemateapp,13239,Technology,t5_8ufojt,1730747178.509082
43,r/BlackSwanMains_HSR,13238,Gaming,t5_96nc9h,1730747178.548171
44,r/HotWheelsunleashed,13238,Gaming,t5_40scnq,1730747178.5863261
45,r/rebus,13238,Hobbies,t5_2u2n2,1730747178.628536
46,r/BabyDogeCoin,13237,Crypto,t5_4iplq8,1730747178.663648
47,r/Obamium,13237,Internet Culture and Memes,t5_24si4u,1730747178.700063
48,r/Shipbreaker,13237,Gaming,t5_2frmqu,1730747178.733658
49,r/tories,13237,Politics,t5_2sh7k,1730747178.76721
50,r/MAKEaBraThatFits,13235,Crafts and DIY,t5_32wn7,1730747178.799635
51,r/RepSneakerFans,13235,Fashion,t5_4ru39x,1730747178.8349419
52,r/wroteabook,13234,"Reading, Writing, and Literature",t5_2xr1j,1730747178.867197
53,r/signalidentification,13232,Science,t5_310zc,1730747178.898751
54,r/ryzen,13231,Technology,t5_3hzwa,1730747178.930181
55,r/wigglyears,13229,Animals and Pets,t5_4an67q,1730747178.956853
56,r/CPTSD_NSCommunity,13228,Trauma Support,t5_4qdiih,1730747178.9834611
57,r/HPC,13226,Technology,t5_2qn63,1730747179.0095959
58,r/Tengwar,13226,"Reading, Writing, and Literature",t5_2wvc1,1730747179.035702
59,r/Essays,13223,"Reading, Writing, and Literature",t5_2qoai,1730747179.061023
60,r/kac,13223,Mature Themes and Adult Content,t5_2qrzf,1730747179.0844202
61,r/aliexpressfinds,13222,Marketplace and Deals,t5_3a5ng,1730747179.1077409
62,r/IS300,13221,Cars and Motor Vehicles,t5_2u0j6,1730747179.131453
63,r/CelebrityTongues3,13219,Celebrity,t5_4zctjf,1730747179.155295
64,r/KamenRiderMemes,13219,Television,t5_21o6xu,1730747179.17988
65,r/ClotSurvivors,13216,Medical and Mental Health,t5_2zgpn,1730747179.203561
66,r/idolmaster,13216,Gaming,t5_2t4t4,1730747179.2279968
67,r/WholesalingHouses,13216,"Business, Economics, and Finance",t5_2xq4q,1730747179.2520819
68,r/onofffood,13214,Food and Drink,t5_3ijih,1730747179.2763321
69,r/SprocketTankDesign,13211,Gaming,t5_4yrmzi,1730747179.300509
70,r/UNLV,13211,Learning and Education,t5_2s7rh,1730747179.324682
71,r/SuperBowlBetting,13209,Mature Themes and Adult Content,t5_4rfkt7,1730747179.3491359
72,r/Pamela_Reif,13207,Celebrity,t5_j49bq,1730747179.373353
73,r/iceclimbing,13205,Outdoors and Nature,t5_2t83t,1730747179.397743
74,r/julkkisjuorut,13204,Celebrity,t5_41c6y3,1730747179.42297
75,r/swaywm,13203,Programming,t5_39q1c,1730747179.4487722
76,r/WordPressThemes,13202,Programming,t5_2s070,1730747179.475141
77,r/3dPrintedWarhammer,13201,Tabletop Games,t5_41bkt0,1730747179.50074
78,r/NuDisco,13201,Music,t5_2sb0y,1730747179.526263
79,r/rockmuzik,13199,Music,t5_7n2lp2,1730747179.552021
80,r/spiritbox,13199,Music,t5_2xz32,1730747179.576938
81,r/beeper,13197,Technology,t5_3rew1u,1730747179.601703
82,r/Gliding,13194,Hobbies,t5_2rfef,1730747179.625408
83,r/Gujarat_Titans,13193,Sports,t5_5uyk78,1730747179.651953
84,r/veg,13191,Food and Drink,t5_2qhat,1730747179.6776152
85,r/CelebBrailleNipples,13190,Mature Themes and Adult Content,t5_ag3eod,1730747179.703318
86,r/topstoney,13190,Fashion,t5_fc2pa,1730747179.7316759
87,r/Rav4,13188,Cars and Motor Vehicles,t5_38jqg,1730747179.7600482
88,r/algonquinpark,13184,Outdoors and Nature,t5_2sqx8,1730747179.78992
89,r/FordExplorer,13182,Cars and Motor Vehicles,t5_2vvuy,1730747179.818932
90,r/callofdragons,13180,Gaming,t5_6coaqy,1730747179.847859
91,r/undercoverunderage,13180,Television,t5_5cwwi5,1730747179.876608
92,r/labyrinth,13176,Television,t5_2sg98,1730747179.911676
93,r/JuryDutyFreevee,13172,Television,t5_86nvsd,1730747179.94801
94,r/RedFloodMod,13171,Gaming,t5_grs52,1730747179.982261
95,r/CumRocket,13168,Crypto,t5_48blhx,1730747180.0173929
96,r/UpcycledFashion,13166,Fashion,t5_xzb1m,1730747180.052612
97,r/WanderingInn,13166,"Reading, Writing, and Literature",t5_3m0fx,1730747180.085121
98,r/GuiltyGearStrive,13165,Gaming,t5_2ahju5,1730747180.117831
99,r/brighteyes,13163,Music,t5_2sehm,1730747180.158571
100,r/FullStack,13163,Programming,t5_2yf6f,1730747180.193984
101,r/iamkimcashian,13163,Mature Themes and Adult Content,t5_4h1ec8,1730747180.2275178
102,r/kaiju,13162,Movies,t5_2rmmo,1730747180.2621398
103,r/SNDL_Stock,13161,"Business, Economics, and Finance",t5_3uufqk,1730747180.297686
104,r/OttawaMusic,13160,Music,t5_3iwlg,1730747180.3344
105,r/ClubhouseApp,13158,Technology,t5_2ofjou,1730747180.740879
106,r/dewrim,13158,Internet Culture and Memes,t5_718psx,1730747180.7708108
107,r/kep1er,13156,Music,t5_57yy4o,1730747180.794671
108,r/AbyssRium,13154,Gaming,t5_3fngo,1730747180.820415
109,r/catsofukraine,13153,Animals and Pets,t5_5ycbzm,1730747180.844791
110,r/twilightprincess,13150,Gaming,t5_2z6da,1730747180.8802109
111,r/OrvillePeck,13148,Music,t5_vvltc,1730747180.9047732
112,r/foraginguk,13147,Outdoors and Nature,t5_3hswo,1730747180.9272141
113,r/xposed,13147,Technology,t5_2xgaj,1730747180.9491541
114,r/smiskis,13146,Hobbies,t5_7ucmxu,1730747180.96961
115,r/PetsWithButtons,13145,Animals and Pets,t5_3dvb29,1730747180.990195
116,r/Posters,13144,Art,t5_2qkml,1730747181.060916
117,r/IndoEuropean,13143,"Culture, Race, and Ethnicity",t5_2ws4n,1730747181.0820968
118,r/gencon,13142,Tabletop Games,t5_2s0fr,1730747181.110164
119,r/H2O_Official,13139,Crypto,t5_60abc9,1730747181.132252
120,r/skywardsword,13138,Gaming,t5_2swdt,1730747181.152935
121,r/youngstown,13138,Place,t5_2r0va,1730747181.173745
122,r/fordescape,13137,Cars and Motor Vehicles,t5_38arr,1730747181.194321
123,r/KaguyaShinomiya,13137,Anime,t5_xtvhj,1730747181.215352
124,r/majonotabitabi,13136,Anime,t5_3kc3w,1730747181.2360508
125,r/Delco,13133,Place,t5_2sb5n,1730747181.25685
126,r/CallOfWar,13132,Gaming,t5_2zq1r,1730747181.2784388
127,r/CardanoDevelopers,13132,Crypto,t5_2yot2u,1730747181.300237
128,r/dirtysportshistory,13132,Sports,t5_6qjfoz,1730747181.321333
129,r/Customsneakers,13131,Fashion,t5_2wl34,1730747181.343471
130,r/miniverse_makeitmini,13130,Hobbies,t5_8u7x1q,1730747181.363843
131,r/savewizard,13130,Gaming,t5_3lazd,1730747181.383311
132,r/adoptareddit,13129,Meta/Reddit,t5_2sbw0,1730747181.403282
133,r/lotrlcg,13128,Tabletop Games,t5_2w7hi,1730747181.422668
134,r/Sketching,13128,Art,t5_2tpt0,1730747181.443478
135,r/EmperorsNewMemes,13127,Movies,t5_j13uq,1730747181.466036
136,r/MsFreeBooks,13127,"Reading, Writing, and Literature",t5_a5nk3x,1730747181.485535
137,r/SelenaQuintanilla,13127,Music,t5_31hxm,1730747181.505273
138,r/Evony_TKR,13126,Gaming,t5_3i9ug,1730747181.524365
139,r/fridaynightlights,13126,Television,t5_2u18l,1730747181.543732
140,r/JDM_WAAAT,13122,Technology,t5_3n926,1730747181.5634649
141,r/BostonDynamics,13121,Technology,t5_2zkbv,1730747181.5834339
142,r/MemesinDeutsch,13120,Internet Culture and Memes,t5_22dq53,1730747181.60373
143,r/Ashnikko,13119,Music,t5_11zu9j,1730747181.623286
144,r/fightcade,13118,Gaming,t5_35g8h,1730747181.6436448
145,r/WhiteGirlBlackGuyLOVE,13118,Family and Relationships,t5_33pt0h,1730747181.663191
146,r/AnimeOutOfContext,13117,Anime,t5_3jan7,1730747181.6826408
147,r/7LittleJohnstons,13116,Television,t5_3m4qm,1730747181.7021172
148,r/RoversMorningGlory,13116,Internet Culture and Memes,t5_31h09,1730747181.721576
149,r/UniversalHollywood,13116,Travel,t5_3d1is,1730747181.741216
150,r/GeorgiaOrGeorgia,13115,Place,t5_3bka7,1730747181.760619
151,r/WraithMainsAL,13114,Gaming,t5_wf7d2,1730747181.78001
152,r/elementary,13113,Television,t5_2sn2r,1730747181.799371
153,r/BrighterThanCoruscant,13112,Movies,t5_2dtgv1,1730747181.819952
154,r/CelticPaganism,13111,Religion and Spirituality,t5_32qal,1730747181.840894
155,r/fashiondogma,13107,Gaming,t5_abjw1i,1730747181.8617458
156,r/That90sShowTV,13107,Television,t5_55g6g7,1730747181.881134
157,r/lululemonhotties,13105,Mature Themes and Adult Content,t5_4skbqh,1730747181.9012558
158,r/DamnThatsGottaHurt,13101,Funny/Humor,t5_40c9g5,1730747181.919564
159,r/DailyDoseOfReddit,13100,Meta/Reddit,t5_k8hq0,1730747181.9406998
160,r/SolCoins,13099,Crypto,t5_aemtl7,1730747181.96008
161,r/DSLR,13098,Technology,t5_2sbkc,1730747181.978915
162,r/JeffWittek,13095,Celebrity,t5_v7slt,1730747181.99844
163,r/WaifuPolls,13095,Anime,t5_62s0za,1730747182.0176058
164,r/Hounds,13093,Animals and Pets,t5_2udkt,1730747182.036885
165,r/GirlsCuteSelfies,13092,Mature Themes and Adult Content,t5_7t07ax,1730747182.05642
166,r/BIFLNL,13091,Marketplace and Deals,t5_aj2fd7,1730747182.075525
167,r/DotHack,13091,Gaming,t5_2sgry,1730747182.094468
168,r/HollyWilloughby,13089,Celebrity,t5_2u6ir,1730747182.1121018
169,r/ToasterRights,13089,Funny/Humor,t5_2uny9,1730747182.129791
170,r/upbadging,13088,Cars and Motor Vehicles,t5_2atixx,1730747182.1474938
171,r/dmdivulge,13085,Tabletop Games,t5_2xuifv,1730747182.165291
172,r/Jeongyeon,13085,Celebrity,t5_3cqb7,1730747182.184791
173,r/CEI_stock,13084,"Business, Economics, and Finance",t5_46g4qw,1730747182.202899
174,r/WinterHouse,13084,Television,t5_4b3kat,1730747182.221901
175,r/3BeansAndABeerCap,13081,Have people guess what country you are describing with four objects!,t5_22apok,1730747182.240855
176,r/CartalkHungary,13081,Cars and Motor Vehicles,t5_71wew9,1730747182.260256
177,r/Thrustmaster,13081,Gaming,t5_udxlq,1730747182.279692
178,r/InteriorDesignHacks,13080,Home and Garden,t5_4zz2jx,1730747182.299406
179,r/rem,13079,Music,t5_2s98s,1730747182.319694
180,r/Shindo_Life,13079,Gaming,t5_3gt5e1,1730747182.33807
181,r/hats,13077,Fashion,t5_2qm2k,1730747182.3571048
182,r/kutautos,13076,Activism,t5_68mcfu,1730747182.375526
183,r/notfunny,13072,Funny/Humor,t5_2qrpx,1730747182.3944829
184,r/MusicCritique,13071,Music,t5_2w8ze,1730747182.414221
185,r/satoshibet,13070,"SatoshiBet is a community for gambling online using cryptocurrency. If you or someone you know is struggling with a gambling problem, please visit /r/problemgambling.",t5_2z7oo,1730747182.435928
186,r/althistory,13069,History,t5_2suwu,1730747182.4543161
187,r/CentaurWorld,13069,Television,t5_248bbs,1730747182.472161
188,r/SocialMediaManagers,13068,Careers,t5_2uu31,1730747182.490252
189,r/businessanalyst,13067,Careers,t5_2qta2,1730747182.509251
190,r/goodworldbuilding,13066,"Reading, Writing, and Literature",t5_36lezf,1730747182.5279229
191,r/MrRipper,13062,Podcasts and Streamers,t5_2ke4xt,1730747182.546745
192,r/SevenDeadlyins,13062,Anime,t5_2h1kjz,1730747182.5656939
193,r/libreoffice,13061,Technology,t5_2s4nt,1730747182.5841558
194,r/postmetal,13060,Music,t5_2rain,1730747182.603251
195,r/VeganNL,13059,Ethics and Philosophy,t5_39ocx,1730747182.6219652
196,r/VirginiaPolitics,13058,Politics,t5_2tekq,1730747182.6406431
197,r/numberstations,13057,Hobbies,t5_2tkgj,1730747182.660117
198,r/ArmpitCommunity,13055,Mature Themes and Adult Content,t5_81vipx,1730747182.6790621
199,r/ATERstock,13054,"Business, Economics, and Finance",t5_4ygoxd,1730747182.698255
200,r/LesPaul,13054,Music,t5_2s1rf,1730747182.718101
201,r/Slowdive,13054,Music,t5_2xu2u,1730747182.737628
202,r/uboatgame,13054,Gaming,t5_i4yd3,1730747182.756716
203,r/codehs,13053,Programming,t5_2vnmm,1730747182.7759202
204,r/SeeleMains,13053,Gaming,t5_49vpym,1730747182.796109
205,r/AltJ,13052,Music,t5_2vl5y,1730747182.8166761
206,r/DNFDuel,13052,Gaming,t5_3mef4z,1730747182.838458
207,r/Sierra,13052,Gaming,t5_2r12o,1730747182.862124
208,r/SquirrelsEatingPizza,13052,Animals and Pets,t5_2wrle,1730747182.884108
209,r/Kubuntu,13050,Technology,t5_2qui2,1730747182.908447
210,r/Mold,13049,Home and Garden,t5_2qppn,1730747182.930845
211,r/FPVFreestyle,13048,Hobbies,t5_39smu,1730747182.95342
212,r/SafetyProfessionals,13048,Careers,t5_398cb,1730747182.976533
213,r/ImmersiveSim,13046,Gaming,t5_3k97s,1730747182.9988549
214,r/Phanteks,13046,Technology,t5_32l2t,1730747183.0238888
215,r/CryptoReleasesDaily,13044,Crypto,t5_4qxku2,1730747183.048933
216,r/ForUnitedStates,13042,World News,t5_2i3wxn,1730747183.070585
217,r/CoronavirusSCOTLAND,13040,Place,t5_2gmarh,1730747183.093058
218,r/LearnToDrawTogether,13040,Art,t5_amq84k,1730747183.114681
219,r/DubbedGIFS,13039,Internet Culture and Memes,t5_31ubd,1730747183.136755
220,r/foundationgame,13038,Gaming,t5_iigvh,1730747183.1591969
221,r/ReplicaShoes,13038,Fashion,t5_gm04c,1730747183.17941
222,r/wroclaw,13038,Place,t5_2ri85,1730747183.198999
223,r/GifsofOtters,13036,Animals and Pets,t5_36z0a,1730747183.218633
224,r/MemeMan,13036,Internet Culture and Memes,t5_3gcm7,1730747183.2380018
225,r/CampEDC,13032,Music,t5_mk4qr,1730747183.2574809
226,r/EcoGlobalSurvival,13031,Gaming,t5_39ncj,1730747183.276841
227,r/aliceinwonderland,13030,"Reading, Writing, and Literature",t5_2t53w,1730747183.29615
228,r/olivegarden,13030,Food and Drink,t5_2sfcn,1730747183.3154078
229,r/jordanabrewster,13028,Celebrity,t5_2uo9k,1730747183.3351119
230,r/halodripfinite,13027,Gaming,t5_5kt5o5,1730747183.35433
231,r/tonalgym,13027,Fitness and Nutrition,t5_28rxu8,1730747183.3733099
232,r/Lifeguards,13025,Careers,t5_2sjy6,1730747183.392473
233,r/BadOmens,13024,Music,t5_3ewyt,1730747183.411766
234,r/AnimalsBeingDemons,13021,Animals and Pets,t5_4qaakb,1730747183.433046
235,r/JewsOfConscience,13018,"Culture, Race, and Ethnicity",t5_4hknn4,1730747183.452411
236,r/find,13016,Internet Culture and Memes,t5_2qk3f,1730747183.471453
237,r/FootLicking,13015,Mature Themes and Adult Content,t5_3j45nq,1730747183.4908428
238,r/starbase,13015,Gaming,t5_3eukc,1730747183.509899
239,r/CainsJawbone,13013,"Reading, Writing, and Literature",t5_3gp0sf,1730747183.529357
240,r/CovenFinder,13012,Religion and Spirituality,t5_2lt10l,1730747183.548505
241,r/MiBox,13012,Technology,t5_3etph,1730747183.567688
242,r/Starlink_Support,13008,Technology,t5_2v8ya7,1730747183.586922
243,r/Coraline,13007,Television,t5_4u4po1,1730747183.60698
244,r/IsekaiMemories,13007,Gaming,t5_50d0pc,1730747183.6282501
245,r/JamesMarriott,13005,Podcasts and Streamers,t5_vtic0,1730747183.648969
246,r/Ishockey,13004,Sports,t5_iuxl0,1730747183.66888
247,r/TheSopranos_Memes,13004,Internet Culture and Memes,t5_31w0jv,1730747183.691494
248,r/legoideas,13003,Hobbies,t5_31hql,1730747183.714905
249,r/specialeducation,13003,Learning and Education,t5_2tkk6,1730747183.738728
