,subreddit,subscribers,topic,subreddit_id,scraped_utc
0,r/pedals,10710,Music,t5_2ta8s,1730747388.58407
1,r/Gangstanimals,10708,Welcome to Gangstanimals,t5_2w3nl,1730747388.609699
2,r/Crossdresser_Fashion,10706,Fashion,t5_aeqoww,1730747388.6326451
3,r/SchizoidAdjacent,10706,Internet Culture and Memes,t5_719bw5,1730747388.65609
4,r/CantWatchScottsTots,10705,Television,t5_3e7h0,1730747388.6786308
5,r/bathrooms,10703,Home and Garden,t5_2qlpf,1730747388.7095659
6,r/SoundsVintage,10703,Music,t5_2s5wa,1730747388.730187
7,r/sproing,10703,Animals and Pets,t5_3omu8,1730747388.752595
8,r/iagreewithmyhusband,10701,Internet Culture and Memes,t5_n0xqf,1730747388.7723851
9,r/TrueSkate,10701,Gaming,t5_2wk6a,1730747388.7954528
10,r/culture,10700,"Culture, Race, and Ethnicity",t5_2qhq2,1730747388.8787231
11,r/mounjarouk,10700,Medical and Mental Health,t5_aqyjxy,1730747388.90022
12,r/russellbrand,10700,Celebrity,t5_2x676,1730747388.933472
13,r/Wooloo,10700,Gaming,t5_12l1t5,1730747388.9538088
14,r/PMTraders,10699,"Business, Economics, and Finance",t5_3xzzhi,1730747388.974554
15,r/HydrogenSocieties,10698,Technology,t5_fpz23,1730747388.996444
16,r/kenslifelessons,10698,Celebrity,t5_cgi4wo,1730747389.016872
17,r/OfficeDrummer,10698,Music,t5_3qp222,1730747389.037319
18,r/Comma_ai,10697,Cars and Motor Vehicles,t5_3e5ur,1730747389.0581498
19,r/DairyQueen,10695,Careers,t5_2uwl3,1730747389.079239
20,r/DHgateFINDS,10695,Fashion,t5_5beej7,1730747389.100739
21,r/TapTitans,10695,Gaming,t5_35ibf,1730747389.121283
22,r/RFKJrForPresident,10694,Politics,t5_88v6cr,1730747389.1417458
23,r/SwitchSpines,10693,Gaming,t5_2lthwa,1730747389.16243
24,r/DarkMatter,10691,Television,t5_2tbuh,1730747389.1832461
25,r/JoyTaylor,10691,Celebrity,t5_2a0rtk,1730747389.203166
26,r/legoharrypotter,10691,Hobbies,t5_32dcc,1730747389.2248561
27,r/WeeklyShonenJump,10691,Anime,t5_3gyrh,1730747389.244873
28,r/quandle,10689,Internet Culture and Memes,t5_62yb5n,1730747389.265864
29,r/PartyAnimalsGame,10688,Gaming,t5_2rpcup,1730747389.2863731
30,r/EsmeeDream1,10687,Mature Themes and Adult Content,t5_3j88s0,1730747389.3097951
31,r/genesysrpg,10687,Tabletop Games,t5_3mag4,1730747389.33282
32,r/KiCad,10687,Technology,t5_2uzc5,1730747389.354851
33,r/kerbalspaceprogram_2,10686,Gaming,t5_23egsq,1730747389.377016
34,r/Geotech,10685,Careers,t5_2w14e,1730747389.397776
35,r/gradschoolmemes,10685,Internet Culture and Memes,t5_2yx01,1730747389.4339688
36,r/lostarkcustomization,10684,Gaming,t5_5uyabk,1730747389.465274
37,r/kingschoice,10682,Gaming,t5_4o1wc0,1730747389.4872682
38,r/randonneuring,10681,Sports,t5_2scm2,1730747389.509033
39,r/stupidfoodbutgimme,10681,Food and Drink,t5_aq61ef,1730747389.53108
40,r/TheRussell,10681,Celebrity,t5_22splx,1730747389.5531049
41,r/digital_art,10680,Art,t5_31f5s,1730747389.574616
42,r/MiSTerFPGA,10680,Technology,t5_plal3,1730747389.596645
43,r/fo4vr,10679,Gaming,t5_4bprr,1730747389.61829
44,r/PansexualTeens,10679,Sexual Orientation,t5_2y9wc,1730747389.640424
45,r/Reactgirls1,10679,Mature Themes and Adult Content,t5_31lqvq,1730747389.66346
46,r/TiffanyStratton,10679,Mature Themes and Adult Content,t5_531hku,1730747389.686715
47,r/AllHayganeen,10678,Family and Relationships,t5_bcx52w,1730747389.710399
48,r/AilinPerezUFC,10677,Celebrity,t5_95ukxd,1730747389.733797
49,r/littlebuddies,10675,Animals and Pets,t5_397gd,1730747389.75732
50,r/SaaSSales,10675,"Business, Economics, and Finance",t5_ponfq,1730747389.780494
51,r/Akinator,10674,Gaming,t5_2wrcp,1730747389.8017962
52,r/hondaprelude,10673,Cars and Motor Vehicles,t5_2xjxg,1730747389.824702
53,r/portugaltheman,10672,Music,t5_2sttq,1730747389.84404
54,r/fictosexual,10671,Sexual Orientation,t5_18snpj,1730747389.865338
55,r/ArtEd,10670,Careers,t5_2v0z3,1730747389.8850932
56,r/AzurPromilia,10670,Gaming,t5_aapoo4,1730747389.9059572
57,r/Culvers,10669,Food and Drink,t5_2u712,1730747389.928981
58,r/ImaginaryScience,10668,"Imaginary Science - Artwork of scientists, their experiments, discoveries and other scientific environments [](/imtrackinglink)",t5_2yj46,1730747389.949621
59,r/Indigenous,10667,"Culture, Race, and Ethnicity",t5_2rjlh,1730747389.970186
60,r/XPpen,10667,Technology,t5_wkoud,1730747389.991053
61,r/DevelopingStory,10664,World News,t5_bhr3r6,1730747390.01337
62,r/ConservativeKiwi,10663,Politics,t5_zxhx5,1730747390.0348768
63,r/dallemini,10663,Art,t5_6f6tvl,1730747390.055454
64,r/iPhoneSE,10662,Technology,t5_3d9cj,1730747390.0802088
65,r/canadadeals,10661,Marketplace and Deals,t5_2rh6y,1730747390.103404
66,r/Flightkickz,10661,Marketplace and Deals,t5_3okqb,1730747390.1244612
67,r/RFID,10661,Technology,t5_2sh1g,1730747390.144897
68,r/AllyBank,10660,"Business, Economics, and Finance",t5_9opjs,1730747390.165662
69,r/mouf,10660,Animals and Pets,t5_2v4puv,1730747390.1864471
70,r/RG350,10660,Gaming,t5_26yp0n,1730747390.2070248
71,r/JoJoWallpapers,10659,Anime,t5_2779w9,1730747390.228419
72,r/BlueGhost,10658,Podcasts and Streamers,t5_2ob4jk,1730747390.2506099
73,r/Ghostofyotei,10658,Gaming,t5_cj66j1,1730747390.272862
74,r/HaikyuuMemes,10658,Internet Culture and Memes,t5_2nm274,1730747390.295583
75,r/ChristianSerratos,10657,Celebrity,t5_2ve4f,1730747390.317327
76,r/DisneyVillainous,10656,Tabletop Games,t5_2f3khd,1730747390.33837
77,r/Asia_irl,10655,Internet Culture and Memes,t5_7224q6,1730747390.3594198
78,r/XenoGears,10655,Gaming,t5_2t2ty,1730747390.380249
79,r/GreekLife,10652,Learning and Education,t5_2s7y5,1730747390.401056
80,r/AI_Application,10651,"Welcome to the AI Tools community! our community is dedicated to discussing and learning about the various tools, frameworks, and libraries that are used to build and deploy AI systems. We welcome members of all skill levels and backgrounds to join us in exploring the latest advancements and developments in AI technology. We encourage you to share your knowledge, Let's build a community where we can share resources and shape the future of AI together.",t5_7tekco,1730747390.421886
81,r/ConjureRootworkHoodoo,10648,Religion and Spirituality,t5_2vce0,1730747390.442772
82,r/nationalwomensstrike,10646,Activism,t5_86r3sn,1730747390.464229
83,r/SnootGame,10646,Gaming,t5_5hs1yh,1730747390.484169
84,r/plantwatch,10645,Home and Garden,t5_2vbon3,1730747390.5025752
85,r/ChinaPics,10642,Place,t5_345ew,1730747390.523317
86,r/CopyPastas,10642,Internet Culture and Memes,t5_32pew,1730747390.544123
87,r/Alexithymia,10640,Medical and Mental Health,t5_2u1d8,1730747390.5666912
88,r/staking,10638,Crypto,t5_3kfve,1730747390.587818
89,r/PnP,10636,Tabletop Games,t5_2r9p2,1730747390.6089642
90,r/Bergamo,10635,Place,t5_3018t,1730747390.6277812
91,r/capm,10633,Learning and Education,t5_2rzzs,1730747390.64835
92,r/melissabarrera,10633,Mature Themes and Adult Content,t5_12amp5,1730747390.669178
93,r/OpenCoreLegacyPatcher,10633,Technology,t5_7rr8b3,1730747390.689193
94,r/PartyNextDoor,10632,Music,t5_2y3n5,1730747390.7101882
95,r/HARVESTELLA,10631,Gaming,t5_6lz2qc,1730747390.731039
96,r/thething,10631,Movies,t5_2revc,1730747390.75183
97,r/OliviaCooke,10629,Celebrity,t5_30ea5,1730747390.771347
98,r/portraitphotography,10629,Art,t5_32bsu,1730747390.792041
99,r/ShutUpNapoleon,10629,Internet Culture and Memes,t5_2yu70u,1730747390.81505
100,r/uxwriting,10628,Careers,t5_o90n7,1730747390.83678
101,r/mazdacx5,10626,Cars and Motor Vehicles,t5_3hhff,1730747390.857291
102,r/OnePunchMan_RtH2,10626,Gaming,t5_2n0qb6,1730747390.877155
103,r/Hershey,10625,Place,t5_2uvc8,1730747390.898124
104,r/top_mains,10625,Gaming,t5_3ihvx,1730747390.917612
105,r/OmenMains,10624,Gaming,t5_3fdlg,1730747390.9383821
106,r/KingGodCastle,10623,Gaming,t5_4bn5os,1730747390.95792
107,r/TickleAddicts,10622,Mature Themes and Adult Content,t5_brwsx9,1730747390.9793851
108,r/AnastasiaMartorana,10621,Mature Themes and Adult Content,t5_853q31,1730747391.2643032
109,r/Evanescence,10620,Music,t5_2stw2,1730747391.2924101
110,r/UnsentLettersRaw,10620,"Reading, Writing, and Literature",t5_6h0awu,1730747391.317313
111,r/scaryvideos,10617,Internet Culture and Memes,t5_32bf6,1730747391.340686
112,r/switchmodders,10616,Technology,t5_2bpebz,1730747391.365828
113,r/Komi_memes,10614,Anime,t5_6myknu,1730747391.402831
114,r/southwales,10612,Place,t5_2rq3t,1730747391.424912
115,r/CarlJung,10611,Ethics and Philosophy,t5_2va1e,1730747391.446731
116,r/DownSouth,10610,Politics,t5_ab8isc,1730747391.468256
117,r/emiliekisersnark1,10610,Celebrity,t5_6ygchh,1730747391.490355
118,r/Runner5,10609,Gaming,t5_2tn3u,1730747391.594732
119,r/Folliculitis,10607,Medical and Mental Health,t5_2ztwm,1730747391.6167738
120,r/jobboardsearch,10606,Careers,t5_75flg6,1730747391.6464498
121,r/agentsofshield,10604,Television,t5_2x7t1,1730747391.66817
122,r/ChristianUniversalism,10604,Religion and Spirituality,t5_2spxl,1730747391.6901782
123,r/galiomains,10602,Gaming,t5_37bmq,1730747391.7120361
124,r/wimhof,10600,Fitness and Nutrition,t5_3ak1t,1730747391.7337291
125,r/GMR_Finance,10599,Crypto,t5_4b6zor,1730747391.754758
126,r/ThePatternApp,10599,Technology,t5_221q6w,1730747391.774164
127,r/ParentingThruTrauma,10596,Family and Relationships,t5_4p499u,1730747391.7938318
128,r/StrangerofParadiseFFO,10592,Gaming,t5_4llrrw,1730747391.8132422
129,r/GuitarMemes,10591,Music,t5_2zp2o,1730747391.8328152
130,r/SuperMarioGalaxy,10591,Gaming,t5_318by,1730747391.852293
131,r/Upperwestside,10591,Place,t5_2unc1,1730747391.871862
132,r/lastchanceU,10587,Television,t5_3fdmk,1730747391.891497
133,r/gregmat,10585,Learning and Education,t5_vrtef,1730747391.910806
134,r/Narrowboats,10585,Cars and Motor Vehicles,t5_2zl2x,1730747391.9305441
135,r/sinjindrowning,10585,Podcasts and Streamers,t5_24vc6e,1730747391.950612
136,r/dissidia,10584,Gaming,t5_2tq3o,1730747391.971872
137,r/ketodietapp,10584,Food and Drink,t5_jnpct,1730747391.9950342
138,r/schadenfreude,10584,Internet Culture and Memes,t5_2qnb4,1730747392.018923
139,r/SanFranciscoAnalog,10582,Hobbies,t5_28wfj2,1730747392.038643
140,r/HinduArt,10581,Art,t5_12tvru,1730747392.058012
141,r/longtermTRE,10579,Medical and Mental Health,t5_5r22nx,1730747392.077492
142,r/windows98,10579,Technology,t5_2vm0c,1730747392.0970109
143,r/cardboard,10578,Crafts and DIY,t5_2u50d,1730747392.11736
144,r/retrocgi,10578,Art,t5_3bvha,1730747392.139601
145,r/smitetraining,10578,Gaming,t5_2z88k,1730747392.1632068
146,r/ActressNewAndOld,10577,Celebrity,t5_6jnuii,1730747392.186837
147,r/goodwill,10577,Marketplace and Deals,t5_2scz5,1730747392.2096498
148,r/logitechharmony,10576,Technology,t5_2ymy3,1730747392.231616
149,r/machikax,10576,Mature Themes and Adult Content,t5_7gr7uk,1730747392.253879
150,r/SoccerCoachResources,10575,Sports,t5_2zfl2,1730747392.2760599
151,r/Drizzt,10573,Tabletop Games,t5_2sklw,1730747392.298562
152,r/AntsAdvice,10572,Animals and Pets,t5_aluwnw,1730747392.3259
153,r/KingPush,10572,Music,t5_o1syr,1730747392.349793
154,r/ridethecyclone,10572,Art,t5_68qix5,1730747392.373002
155,r/adhd_college,10571,Learning and Education,t5_3d7cg8,1730747392.3959901
156,r/dbcooper,10571,Celebrity,t5_378bu,1730747392.41792
157,r/Slime,10571,Hobbies,t5_2tz69,1730747392.4821792
158,r/fullcartoonsonyoutube,10569,Television,t5_2yz2g,1730747392.509244
159,r/StumbleGuys,10569,Gaming,t5_3hwud8,1730747392.539305
160,r/DecaturGA,10568,Place,t5_2sunp,1730747392.570216
161,r/iotchain,10568,"The official home of IoT Chain: a secure, lite OS for the Internet of Things.",t5_9bpl9,1730747392.601175
162,r/SPRT,10568,"Business, Economics, and Finance",t5_4552j7,1730747392.631279
163,r/AcademicQuran,10567,Religion and Spirituality,t5_4dshlf,1730747392.661818
164,r/blackmaleass,10563,Mature Themes and Adult Content,t5_7yjrpn,1730747392.6921449
165,r/Roselinllanes,10563,Mature Themes and Adult Content,t5_4u857g,1730747392.7203178
166,r/TaskRabbit,10563,Careers,t5_2ttm0,1730747392.7463958
167,r/Turkophobia,10563,Activism,t5_30j8fr,1730747392.772515
168,r/AirQuality,10562,Science,t5_2rft0,1730747392.7999501
169,r/ConsistentlyVerbose,10562,Meta/Reddit,t5_rq87p,1730747392.826514
170,r/inSHAPEapp,10562,inSHAPE is a unique app tht uses blockchain technology to reward crypto enthusiasts who workout,t5_5ddj6s,1730747392.8515499
171,r/ElizabethOlsensLegs,10559,Celebrity,t5_3zf4bk,1730747392.875221
172,r/yes,10559,Internet Culture and Memes,t5_2qq10,1730747392.8984919
173,r/AnaMontana,10558,Mature Themes and Adult Content,t5_3jh0w,1730747392.921675
174,r/pancakes,10556,Food and Drink,t5_2rkdz,1730747392.9447381
175,r/siliconerolling,10556,Crafts and DIY,t5_54muky,1730747392.968273
176,r/bookmemes,10555,Internet Culture and Memes,t5_2xwxx,1730747392.991677
177,r/comic_crits,10555,"Reading, Writing, and Literature",t5_2s3lj,1730747393.0149791
178,r/algobetting,10554,Sports,t5_2ldpd1,1730747393.038371
179,r/BoyScouts,10554,Outdoors and Nature,t5_2rdd4,1730747393.061323
180,r/electro,10553,Music,t5_2qhaz,1730747393.0847821
181,r/CanadaPS5,10552,Gaming,t5_3cu3k3,1730747393.10801
182,r/harp,10552,Music,t5_2t0pz,1730747393.131256
183,r/KatrinaBowden,10552,Subreddit dedicated to Katrina Bowden,t5_2soqy,1730747393.201589
184,r/konyv,10552,"Reading, Writing, and Literature",t5_46w24m,1730747393.230916
185,r/RightStufAnime,10552,Anime,t5_kqcz0,1730747393.2617111
186,r/pentest,10551,Programming,t5_2s930,1730747393.291392
187,r/splitsvillaMTV,10551,Television,t5_7eyrdr,1730747393.3195388
188,r/ShahsOfSunset,10550,Television,t5_379ft,1730747393.346356
189,r/AlyMichalka,10549,Celebrity,t5_2tq87,1730747393.373017
190,r/knapping,10549,Crafts and DIY,t5_2tj4y,1730747393.399787
191,r/Morel_Hunting,10548,Outdoors and Nature,t5_2x3pa,1730747393.4256918
192,r/NanashiMumei,10548,Anime,t5_4wtnxa,1730747393.452228
193,r/perfectonpointe,10548,Art,t5_6qeblw,1730747393.478045
194,r/SanDiegoClassifieds,10548,Marketplace and Deals,t5_2ssgg,1730747393.505065
195,r/NFC,10546,Technology,t5_2sc6j,1730747393.52862
196,r/StamfordCT,10546,Place,t5_2x33a,1730747393.551785
197,r/Amusing,10545,Funny/Humor,t5_2qru8,1730747393.575438
198,r/Will_Do_Your_Homework,10545,DoMyHomework Do My Homework Statistics homework Calculus homework hwforcash Statistics assignment STAT Homework HW assignment PSYCH Homework HW assignment MAT Homework HW assignment MATH Homework HW assignment Post your homework or assignment related questions & we'll discuss to help you out! Statistics Thesis Dissertations Math Do My Homework Reddit Comp Sci SPSS STATA R Studio SQL Python English Essays etc!,t5_7zjk7d,1730747393.598664
199,r/NukeVFX,10543,Technology,t5_2ycs2,1730747393.62171
200,r/transmasc_irl,10543,Gender,t5_278gr0,1730747393.645
201,r/100pushups,10542,Sports,t5_2rrg3,1730747393.668571
202,r/actual_detrans,10542,Gender,t5_2lm45i,1730747393.692493
203,r/deeptown,10542,Gaming,t5_3hzoe,1730747393.716755
204,r/Random_Acts_of_Etsy,10542,Marketplace and Deals,t5_2uyv0,1730747393.740395
205,r/DailyGolfSteals,10539,Marketplace and Deals,t5_9uck05,1730747393.76448
206,r/ender5plus,10537,Technology,t5_23kd97,1730747393.7896
207,r/Purah34,10536,Mature Themes and Adult Content,t5_3z7vof,1730747393.8161762
208,r/GetComputerHelp,10535,Technology,t5_76n996,1730747393.841103
209,r/ChurchOfFeMC,10534,Gaming,t5_9tbeq,1730747393.8660312
210,r/Cura,10533,Technology,t5_2zvf2,1730747393.890868
211,r/lawofassumption,10533,Religion and Spirituality,t5_4u3qs2,1730747393.916621
212,r/PlayfulAnimals,10533,"A place to share videos, gifs, and pictures of playful animals.",t5_x4f8w,1730747393.941191
213,r/stylesavvy,10533,Gaming,t5_39er0,1730747393.9656131
214,r/DestinyClanFinder,10532,Gaming,t5_3bnyw,1730747393.9950678
215,r/stashinvest,10532,"Business, Economics, and Finance",t5_3opvm,1730747394.0242682
216,r/StickerStakker,10528,Funny/Humor,t5_536fur,1730747394.055368
217,r/MyLittleMemes,10525,Television,t5_2vght,1730747394.09183
218,r/Blooddonors,10524,Medical and Mental Health,t5_2rfbj,1730747394.125591
219,r/minimeals,10524,Food and Drink,t5_2spmb,1730747394.1622279
220,r/PokemonVioletScarlet,10524,Gaming,t5_5x8t4i,1730747394.199104
221,r/discordian,10523,Religion and Spirituality,t5_2rob4,1730747394.236428
222,r/Bacolod,10522,Place,t5_2vrwz,1730747394.273867
223,r/Watsky,10522,Music,t5_2t4tj,1730747394.307691
224,r/naturalwine,10521,Food and Drink,t5_3i3ge,1730747394.3423018
225,r/KobeniHigashiyama,10520,Anime,t5_3dkmzb,1730747394.376883
226,r/RedshiftRenderer,10518,Technology,t5_3fwda,1730747394.408968
227,r/koreantiktokbabes,10517,Mature Themes and Adult Content,t5_6wyo8b,1730747394.442107
228,r/bodybuildingpics,10516,Fitness and Nutrition,t5_2v0e4,1730747394.473849
229,r/JayZDoingThings,10516,Celebrity,t5_3fazp,1730747394.509718
230,r/assasinscreed,10513,Gaming,t5_2vg59,1730747394.572512
231,r/MyInstaFollow,10512,Welcome to MyInstaFollow,t5_9mxyxp,1730747394.610734
232,r/xinfin,10512,Crypto,t5_3lt7k,1730747394.6482382
233,r/strategy,10510,"Business, Economics, and Finance",t5_2qlav,1730747394.686293
234,r/cryptombc,10509,We provide valuable insights and data-driven strategies. We analyze trends and make research to empower our members to navigate the dynamic crypto market landscape with confidence. We have our token Mad Bears Club (MBC) with yield farming stable return and NFT collections.,t5_9qzmes,1730747394.7248151
235,r/BangladeshMedia,10508,World News,t5_13oyii,1730747394.759984
236,r/iPogo,10507,Gaming,t5_28j8qg,1730747394.7963572
237,r/militarymemes,10507,Military,t5_2wzcq,1730747394.831009
238,r/pidgeypower,10506,Animals and Pets,t5_2m4brh,1730747394.8635478
239,r/AlenaUshkova,10504,Mature Themes and Adult Content,t5_3mnsd,1730747394.8948638
240,r/AIGeneratedArt,10503,Art,t5_4l6x77,1730747394.923842
241,r/DigitalPlanner,10503,Technology,t5_qxkq6,1730747394.9509509
242,r/FetchReward,10502,Marketplace and Deals,t5_2s7lt8,1730747394.9778829
243,r/ParksandRecMemes,10502,Television,t5_28jnqx,1730747395.0042958
244,r/GoogleAppsScript,10497,Programming,t5_37h5q,1730747395.028616
245,r/motorizedbicycles,10496,Cars and Motor Vehicles,t5_2sdck,1730747395.049935
246,r/SF4,10494,Gaming,t5_2r4cj,1730747395.071449
247,r/Nr2003,10493,Gaming,t5_2u2sv,1730747395.093602
248,r/Parisinlove,10493,Television,t5_4ek97m,1730747395.1161711
